sedalea,image_path
100013,/Users/aspen/PycharmProjects/CMPU-395-Project/data/streetview_images/100013.0_0.jpg
100013,/Users/aspen/PycharmProjects/CMPU-395-Project/data/streetview_images/100013.0_1.jpg
100013,/Users/aspen/PycharmProjects/CMPU-395-Project/data/streetview_images/100013.0_10.jpg
100013,/Users/aspen/PycharmProjects/CMPU-395-Project/data/streetview_images/100013.0_11.jpg
100013,/Users/aspen/PycharmProjects/CMPU-395-Project/data/streetview_images/100013.0_12.jpg
100013,/Users/aspen/PycharmProjects/CMPU-395-Project/data/streetview_images/100013.0_13.jpg
100013,/Users/aspen/PycharmProjects/CMPU-395-Project/data/streetview_images/100013.0_14.jpg
100013,/Users/aspen/PycharmProjects/CMPU-395-Project/data/streetview_images/100013.0_15.jpg
100013,/Users/aspen/PycharmProjects/CMPU-395-Project/data/streetview_images/100013.0_16.jpg
100013,/Users/aspen/PycharmProjects/CMPU-395-Project/data/streetview_images/100013.0_17.jpg
100013,/Users/aspen/PycharmProjects/CMPU-395-Project/data/streetview_images/100013.0_18.jpg
100013,/Users/aspen/PycharmProjects/CMPU-395-Project/data/streetview_images/100013.0_19.jpg
100013,/Users/aspen/PycharmProjects/CMPU-395-Project/data/streetview_images/100013.0_2.jpg
100013,/Users/aspen/PycharmProjects/CMPU-395-Project/data/streetview_images/100013.0_20.jpg
100013,/Users/aspen/PycharmProjects/CMPU-395-Project/data/streetview_images/100013.0_21.jpg
100013,/Users/aspen/PycharmProjects/CMPU-395-Project/data/streetview_images/100013.0_22.jpg
100013,/Users/aspen/PycharmProjects/CMPU-395-Project/data/streetview_images/100013.0_23.jpg
100013,/Users/aspen/PycharmProjects/CMPU-395-Project/data/streetview_images/100013.0_24.jpg
100013,/Users/aspen/PycharmProjects/CMPU-395-Project/data/streetview_images/100013.0_25.jpg
100013,/Users/aspen/PycharmProjects/CMPU-395-Project/data/streetview_images/100013.0_26.jpg
100013,/Users/aspen/PycharmProjects/CMPU-395-Project/data/streetview_images/100013.0_27.jpg
100013,/Users/aspen/PycharmProjects/CMPU-395-Project/data/streetview_images/100013.0_28.jpg
100013,/Users/aspen/PycharmProjects/CMPU-395-Project/data/streetview_images/100013.0_3.jpg
100013,/Users/aspen/PycharmProjects/CMPU-395-Project/data/streetview_images/100013.0_4.jpg
100013,/Users/aspen/PycharmProjects/CMPU-395-Project/data/streetview_images/100013.0_5.jpg
100013,/Users/aspen/PycharmProjects/CMPU-395-Project/data/streetview_images/100013.0_6.jpg
100013,/Users/aspen/PycharmProjects/CMPU-395-Project/data/streetview_images/100013.0_7.jpg
100013,/Users/aspen/PycharmProjects/CMPU-395-Project/data/streetview_images/100013.0_8.jpg
100013,/Users/aspen/PycharmProjects/CMPU-395-Project/data/streetview_images/100013.0_9.jpg
100100,/Users/aspen/PycharmProjects/CMPU-395-Project/data/streetview_images/100100.0_29.jpg
100100,/Users/aspen/PycharmProjects/CMPU-395-Project/data/streetview_images/100100.0_30.jpg
100100,/Users/aspen/PycharmProjects/CMPU-395-Project/data/streetview_images/100100.0_31.jpg
100100,/Users/aspen/PycharmProjects/CMPU-395-Project/data/streetview_images/100100.0_32.jpg
100100,/Users/aspen/PycharmProjects/CMPU-395-Project/data/streetview_images/100100.0_33.jpg
100100,/Users/aspen/PycharmProjects/CMPU-395-Project/data/streetview_images/100100.0_34.jpg
100100,/Users/aspen/PycharmProjects/CMPU-395-Project/data/streetview_images/100100.0_35.jpg
100100,/Users/aspen/PycharmProjects/CMPU-395-Project/data/streetview_images/100100.0_36.jpg
100100,/Users/aspen/PycharmProjects/CMPU-395-Project/data/streetview_images/100100.0_37.jpg
100100,/Users/aspen/PycharmProjects/CMPU-395-Project/data/streetview_images/100100.0_38.jpg
100100,/Users/aspen/PycharmProjects/CMPU-395-Project/data/streetview_images/100100.0_39.jpg
100100,/Users/aspen/PycharmProjects/CMPU-395-Project/data/streetview_images/100100.0_40.jpg
100100,/Users/aspen/PycharmProjects/CMPU-395-Project/data/streetview_images/100100.0_41.jpg
100100,/Users/aspen/PycharmProjects/CMPU-395-Project/data/streetview_images/100100.0_42.jpg
100100,/Users/aspen/PycharmProjects/CMPU-395-Project/data/streetview_images/100100.0_43.jpg
100100,/Users/aspen/PycharmProjects/CMPU-395-Project/data/streetview_images/100100.0_44.jpg
100100,/Users/aspen/PycharmProjects/CMPU-395-Project/data/streetview_images/100100.0_45.jpg
100100,/Users/aspen/PycharmProjects/CMPU-395-Project/data/streetview_images/100100.0_46.jpg
100100,/Users/aspen/PycharmProjects/CMPU-395-Project/data/streetview_images/100100.0_47.jpg
100100,/Users/aspen/PycharmProjects/CMPU-395-Project/data/streetview_images/100100.0_48.jpg
100100,/Users/aspen/PycharmProjects/CMPU-395-Project/data/streetview_images/100100.0_49.jpg
100100,/Users/aspen/PycharmProjects/CMPU-395-Project/data/streetview_images/100100.0_50.jpg
100100,/Users/aspen/PycharmProjects/CMPU-395-Project/data/streetview_images/100100.0_51.jpg
100100,/Users/aspen/PycharmProjects/CMPU-395-Project/data/streetview_images/100100.0_52.jpg
100100,/Users/aspen/PycharmProjects/CMPU-395-Project/data/streetview_images/100100.0_53.jpg
100100,/Users/aspen/PycharmProjects/CMPU-395-Project/data/streetview_images/100100.0_54.jpg
100100,/Users/aspen/PycharmProjects/CMPU-395-Project/data/streetview_images/100100.0_55.jpg
100100,/Users/aspen/PycharmProjects/CMPU-395-Project/data/streetview_images/100100.0_56.jpg
100100,/Users/aspen/PycharmProjects/CMPU-395-Project/data/streetview_images/100100.0_57.jpg
100100,/Users/aspen/PycharmProjects/CMPU-395-Project/data/streetview_images/100100.0_58.jpg
100100,/Users/aspen/PycharmProjects/CMPU-395-Project/data/streetview_images/100100.0_59.jpg
100100,/Users/aspen/PycharmProjects/CMPU-395-Project/data/streetview_images/100100.0_60.jpg
100100,/Users/aspen/PycharmProjects/CMPU-395-Project/data/streetview_images/100100.0_61.jpg
100100,/Users/aspen/PycharmProjects/CMPU-395-Project/data/streetview_images/100100.0_62.jpg
100100,/Users/aspen/PycharmProjects/CMPU-395-Project/data/streetview_images/100100.0_63.jpg
100100,/Users/aspen/PycharmProjects/CMPU-395-Project/data/streetview_images/100100.0_64.jpg
100100,/Users/aspen/PycharmProjects/CMPU-395-Project/data/streetview_images/100100.0_65.jpg
100100,/Users/aspen/PycharmProjects/CMPU-395-Project/data/streetview_images/100100.0_66.jpg
100100,/Users/aspen/PycharmProjects/CMPU-395-Project/data/streetview_images/100100.0_67.jpg
100100,/Users/aspen/PycharmProjects/CMPU-395-Project/data/streetview_images/100100.0_68.jpg
100120,/Users/aspen/PycharmProjects/CMPU-395-Project/data/streetview_images/100120.0_100.jpg
100120,/Users/aspen/PycharmProjects/CMPU-395-Project/data/streetview_images/100120.0_101.jpg
100120,/Users/aspen/PycharmProjects/CMPU-395-Project/data/streetview_images/100120.0_102.jpg
100120,/Users/aspen/PycharmProjects/CMPU-395-Project/data/streetview_images/100120.0_69.jpg
100120,/Users/aspen/PycharmProjects/CMPU-395-Project/data/streetview_images/100120.0_70.jpg
100120,/Users/aspen/PycharmProjects/CMPU-395-Project/data/streetview_images/100120.0_71.jpg
100120,/Users/aspen/PycharmProjects/CMPU-395-Project/data/streetview_images/100120.0_72.jpg
100120,/Users/aspen/PycharmProjects/CMPU-395-Project/data/streetview_images/100120.0_73.jpg
100120,/Users/aspen/PycharmProjects/CMPU-395-Project/data/streetview_images/100120.0_74.jpg
100120,/Users/aspen/PycharmProjects/CMPU-395-Project/data/streetview_images/100120.0_75.jpg
100120,/Users/aspen/PycharmProjects/CMPU-395-Project/data/streetview_images/100120.0_76.jpg
100120,/Users/aspen/PycharmProjects/CMPU-395-Project/data/streetview_images/100120.0_77.jpg
100120,/Users/aspen/PycharmProjects/CMPU-395-Project/data/streetview_images/100120.0_78.jpg
100120,/Users/aspen/PycharmProjects/CMPU-395-Project/data/streetview_images/100120.0_79.jpg
100120,/Users/aspen/PycharmProjects/CMPU-395-Project/data/streetview_images/100120.0_80.jpg
100120,/Users/aspen/PycharmProjects/CMPU-395-Project/data/streetview_images/100120.0_81.jpg
100120,/Users/aspen/PycharmProjects/CMPU-395-Project/data/streetview_images/100120.0_82.jpg
100120,/Users/aspen/PycharmProjects/CMPU-395-Project/data/streetview_images/100120.0_83.jpg
100120,/Users/aspen/PycharmProjects/CMPU-395-Project/data/streetview_images/100120.0_84.jpg
100120,/Users/aspen/PycharmProjects/CMPU-395-Project/data/streetview_images/100120.0_85.jpg
100120,/Users/aspen/PycharmProjects/CMPU-395-Project/data/streetview_images/100120.0_86.jpg
100120,/Users/aspen/PycharmProjects/CMPU-395-Project/data/streetview_images/100120.0_87.jpg
100120,/Users/aspen/PycharmProjects/CMPU-395-Project/data/streetview_images/100120.0_88.jpg
100120,/Users/aspen/PycharmProjects/CMPU-395-Project/data/streetview_images/100120.0_89.jpg
100120,/Users/aspen/PycharmProjects/CMPU-395-Project/data/streetview_images/100120.0_90.jpg
100120,/Users/aspen/PycharmProjects/CMPU-395-Project/data/streetview_images/100120.0_91.jpg
100120,/Users/aspen/PycharmProjects/CMPU-395-Project/data/streetview_images/100120.0_92.jpg
100120,/Users/aspen/PycharmProjects/CMPU-395-Project/data/streetview_images/100120.0_93.jpg
100120,/Users/aspen/PycharmProjects/CMPU-395-Project/data/streetview_images/100120.0_94.jpg
100120,/Users/aspen/PycharmProjects/CMPU-395-Project/data/streetview_images/100120.0_95.jpg
100120,/Users/aspen/PycharmProjects/CMPU-395-Project/data/streetview_images/100120.0_96.jpg
100120,/Users/aspen/PycharmProjects/CMPU-395-Project/data/streetview_images/100120.0_97.jpg
100120,/Users/aspen/PycharmProjects/CMPU-395-Project/data/streetview_images/100120.0_98.jpg
100120,/Users/aspen/PycharmProjects/CMPU-395-Project/data/streetview_images/100120.0_99.jpg
100900,/Users/aspen/PycharmProjects/CMPU-395-Project/data/streetview_images/100900.0_103.jpg
100900,/Users/aspen/PycharmProjects/CMPU-395-Project/data/streetview_images/100900.0_104.jpg
100900,/Users/aspen/PycharmProjects/CMPU-395-Project/data/streetview_images/100900.0_105.jpg
100900,/Users/aspen/PycharmProjects/CMPU-395-Project/data/streetview_images/100900.0_106.jpg
100900,/Users/aspen/PycharmProjects/CMPU-395-Project/data/streetview_images/100900.0_107.jpg
102850,/Users/aspen/PycharmProjects/CMPU-395-Project/data/streetview_images/102850.0_108.jpg
102850,/Users/aspen/PycharmProjects/CMPU-395-Project/data/streetview_images/102850.0_109.jpg
102850,/Users/aspen/PycharmProjects/CMPU-395-Project/data/streetview_images/102850.0_110.jpg
102850,/Users/aspen/PycharmProjects/CMPU-395-Project/data/streetview_images/102850.0_111.jpg
102850,/Users/aspen/PycharmProjects/CMPU-395-Project/data/streetview_images/102850.0_112.jpg
102850,/Users/aspen/PycharmProjects/CMPU-395-Project/data/streetview_images/102850.0_113.jpg
102850,/Users/aspen/PycharmProjects/CMPU-395-Project/data/streetview_images/102850.0_114.jpg
102850,/Users/aspen/PycharmProjects/CMPU-395-Project/data/streetview_images/102850.0_115.jpg
102850,/Users/aspen/PycharmProjects/CMPU-395-Project/data/streetview_images/102850.0_116.jpg
102850,/Users/aspen/PycharmProjects/CMPU-395-Project/data/streetview_images/102850.0_117.jpg
102850,/Users/aspen/PycharmProjects/CMPU-395-Project/data/streetview_images/102850.0_118.jpg
102850,/Users/aspen/PycharmProjects/CMPU-395-Project/data/streetview_images/102850.0_119.jpg
102850,/Users/aspen/PycharmProjects/CMPU-395-Project/data/streetview_images/102850.0_120.jpg
102850,/Users/aspen/PycharmProjects/CMPU-395-Project/data/streetview_images/102850.0_121.jpg
102850,/Users/aspen/PycharmProjects/CMPU-395-Project/data/streetview_images/102850.0_122.jpg
102850,/Users/aspen/PycharmProjects/CMPU-395-Project/data/streetview_images/102850.0_123.jpg
102850,/Users/aspen/PycharmProjects/CMPU-395-Project/data/streetview_images/102850.0_124.jpg
102850,/Users/aspen/PycharmProjects/CMPU-395-Project/data/streetview_images/102850.0_125.jpg
102850,/Users/aspen/PycharmProjects/CMPU-395-Project/data/streetview_images/102850.0_126.jpg
102850,/Users/aspen/PycharmProjects/CMPU-395-Project/data/streetview_images/102850.0_127.jpg
102850,/Users/aspen/PycharmProjects/CMPU-395-Project/data/streetview_images/102850.0_128.jpg
1200330,/Users/aspen/PycharmProjects/CMPU-395-Project/data/streetview_images/1200330.0_749.jpg
1200330,/Users/aspen/PycharmProjects/CMPU-395-Project/data/streetview_images/1200330.0_750.jpg
1200330,/Users/aspen/PycharmProjects/CMPU-395-Project/data/streetview_images/1200330.0_751.jpg
1201410,/Users/aspen/PycharmProjects/CMPU-395-Project/data/streetview_images/1201410.0_752.jpg
1201410,/Users/aspen/PycharmProjects/CMPU-395-Project/data/streetview_images/1201410.0_753.jpg
1301140,/Users/aspen/PycharmProjects/CMPU-395-Project/data/streetview_images/1301140.0_754.jpg
1301140,/Users/aspen/PycharmProjects/CMPU-395-Project/data/streetview_images/1301140.0_755.jpg
1301140,/Users/aspen/PycharmProjects/CMPU-395-Project/data/streetview_images/1301140.0_756.jpg
1301140,/Users/aspen/PycharmProjects/CMPU-395-Project/data/streetview_images/1301140.0_757.jpg
1301140,/Users/aspen/PycharmProjects/CMPU-395-Project/data/streetview_images/1301140.0_758.jpg
1301140,/Users/aspen/PycharmProjects/CMPU-395-Project/data/streetview_images/1301140.0_759.jpg
1301140,/Users/aspen/PycharmProjects/CMPU-395-Project/data/streetview_images/1301140.0_760.jpg
1301140,/Users/aspen/PycharmProjects/CMPU-395-Project/data/streetview_images/1301140.0_761.jpg
1301140,/Users/aspen/PycharmProjects/CMPU-395-Project/data/streetview_images/1301140.0_762.jpg
1301140,/Users/aspen/PycharmProjects/CMPU-395-Project/data/streetview_images/1301140.0_763.jpg
1301140,/Users/aspen/PycharmProjects/CMPU-395-Project/data/streetview_images/1301140.0_764.jpg
1301140,/Users/aspen/PycharmProjects/CMPU-395-Project/data/streetview_images/1301140.0_765.jpg
1301140,/Users/aspen/PycharmProjects/CMPU-395-Project/data/streetview_images/1301140.0_766.jpg
1301140,/Users/aspen/PycharmProjects/CMPU-395-Project/data/streetview_images/1301140.0_767.jpg
1301140,/Users/aspen/PycharmProjects/CMPU-395-Project/data/streetview_images/1301140.0_768.jpg
1301140,/Users/aspen/PycharmProjects/CMPU-395-Project/data/streetview_images/1301140.0_769.jpg
1301140,/Users/aspen/PycharmProjects/CMPU-395-Project/data/streetview_images/1301140.0_770.jpg
1301140,/Users/aspen/PycharmProjects/CMPU-395-Project/data/streetview_images/1301140.0_771.jpg
1301140,/Users/aspen/PycharmProjects/CMPU-395-Project/data/streetview_images/1301140.0_772.jpg
1301140,/Users/aspen/PycharmProjects/CMPU-395-Project/data/streetview_images/1301140.0_773.jpg
1301140,/Users/aspen/PycharmProjects/CMPU-395-Project/data/streetview_images/1301140.0_774.jpg
1301140,/Users/aspen/PycharmProjects/CMPU-395-Project/data/streetview_images/1301140.0_775.jpg
1301140,/Users/aspen/PycharmProjects/CMPU-395-Project/data/streetview_images/1301140.0_776.jpg
1301140,/Users/aspen/PycharmProjects/CMPU-395-Project/data/streetview_images/1301140.0_777.jpg
1301140,/Users/aspen/PycharmProjects/CMPU-395-Project/data/streetview_images/1301140.0_778.jpg
1301140,/Users/aspen/PycharmProjects/CMPU-395-Project/data/streetview_images/1301140.0_779.jpg
1301140,/Users/aspen/PycharmProjects/CMPU-395-Project/data/streetview_images/1301140.0_780.jpg
1301140,/Users/aspen/PycharmProjects/CMPU-395-Project/data/streetview_images/1301140.0_781.jpg
1301140,/Users/aspen/PycharmProjects/CMPU-395-Project/data/streetview_images/1301140.0_782.jpg
1301140,/Users/aspen/PycharmProjects/CMPU-395-Project/data/streetview_images/1301140.0_783.jpg
1301140,/Users/aspen/PycharmProjects/CMPU-395-Project/data/streetview_images/1301140.0_784.jpg
1301140,/Users/aspen/PycharmProjects/CMPU-395-Project/data/streetview_images/1301140.0_785.jpg
1301140,/Users/aspen/PycharmProjects/CMPU-395-Project/data/streetview_images/1301140.0_786.jpg
1301140,/Users/aspen/PycharmProjects/CMPU-395-Project/data/streetview_images/1301140.0_787.jpg
1301140,/Users/aspen/PycharmProjects/CMPU-395-Project/data/streetview_images/1301140.0_788.jpg
1301140,/Users/aspen/PycharmProjects/CMPU-395-Project/data/streetview_images/1301140.0_789.jpg
1301470,/Users/aspen/PycharmProjects/CMPU-395-Project/data/streetview_images/1301470.0_790.jpg
1301470,/Users/aspen/PycharmProjects/CMPU-395-Project/data/streetview_images/1301470.0_791.jpg
1301470,/Users/aspen/PycharmProjects/CMPU-395-Project/data/streetview_images/1301470.0_792.jpg
1301470,/Users/aspen/PycharmProjects/CMPU-395-Project/data/streetview_images/1301470.0_793.jpg
1301470,/Users/aspen/PycharmProjects/CMPU-395-Project/data/streetview_images/1301470.0_794.jpg
1303150,/Users/aspen/PycharmProjects/CMPU-395-Project/data/streetview_images/1303150.0_795.jpg
1303150,/Users/aspen/PycharmProjects/CMPU-395-Project/data/streetview_images/1303150.0_796.jpg
1303150,/Users/aspen/PycharmProjects/CMPU-395-Project/data/streetview_images/1303150.0_797.jpg
1303150,/Users/aspen/PycharmProjects/CMPU-395-Project/data/streetview_images/1303150.0_798.jpg
1303150,/Users/aspen/PycharmProjects/CMPU-395-Project/data/streetview_images/1303150.0_799.jpg
1303150,/Users/aspen/PycharmProjects/CMPU-395-Project/data/streetview_images/1303150.0_800.jpg
1303150,/Users/aspen/PycharmProjects/CMPU-395-Project/data/streetview_images/1303150.0_801.jpg
1303150,/Users/aspen/PycharmProjects/CMPU-395-Project/data/streetview_images/1303150.0_802.jpg
1303150,/Users/aspen/PycharmProjects/CMPU-395-Project/data/streetview_images/1303150.0_803.jpg
1303150,/Users/aspen/PycharmProjects/CMPU-395-Project/data/streetview_images/1303150.0_804.jpg
1303150,/Users/aspen/PycharmProjects/CMPU-395-Project/data/streetview_images/1303150.0_805.jpg
1303150,/Users/aspen/PycharmProjects/CMPU-395-Project/data/streetview_images/1303150.0_806.jpg
1303150,/Users/aspen/PycharmProjects/CMPU-395-Project/data/streetview_images/1303150.0_807.jpg
1303150,/Users/aspen/PycharmProjects/CMPU-395-Project/data/streetview_images/1303150.0_808.jpg
1601140,/Users/aspen/PycharmProjects/CMPU-395-Project/data/streetview_images/1601140.0_809.jpg
1601140,/Users/aspen/PycharmProjects/CMPU-395-Project/data/streetview_images/1601140.0_810.jpg
1601140,/Users/aspen/PycharmProjects/CMPU-395-Project/data/streetview_images/1601140.0_811.jpg
1601140,/Users/aspen/PycharmProjects/CMPU-395-Project/data/streetview_images/1601140.0_812.jpg
1601140,/Users/aspen/PycharmProjects/CMPU-395-Project/data/streetview_images/1601140.0_813.jpg
1602550,/Users/aspen/PycharmProjects/CMPU-395-Project/data/streetview_images/1602550.0_814.jpg
1602550,/Users/aspen/PycharmProjects/CMPU-395-Project/data/streetview_images/1602550.0_815.jpg
1602550,/Users/aspen/PycharmProjects/CMPU-395-Project/data/streetview_images/1602550.0_816.jpg
1602550,/Users/aspen/PycharmProjects/CMPU-395-Project/data/streetview_images/1602550.0_817.jpg
1602550,/Users/aspen/PycharmProjects/CMPU-395-Project/data/streetview_images/1602550.0_818.jpg
1602550,/Users/aspen/PycharmProjects/CMPU-395-Project/data/streetview_images/1602550.0_819.jpg
1602550,/Users/aspen/PycharmProjects/CMPU-395-Project/data/streetview_images/1602550.0_820.jpg
1602550,/Users/aspen/PycharmProjects/CMPU-395-Project/data/streetview_images/1602550.0_821.jpg
1602550,/Users/aspen/PycharmProjects/CMPU-395-Project/data/streetview_images/1602550.0_822.jpg
1602550,/Users/aspen/PycharmProjects/CMPU-395-Project/data/streetview_images/1602550.0_823.jpg
1700065,/Users/aspen/PycharmProjects/CMPU-395-Project/data/streetview_images/1700065.0_824.jpg
1700065,/Users/aspen/PycharmProjects/CMPU-395-Project/data/streetview_images/1700065.0_825.jpg
1700065,/Users/aspen/PycharmProjects/CMPU-395-Project/data/streetview_images/1700065.0_826.jpg
1700065,/Users/aspen/PycharmProjects/CMPU-395-Project/data/streetview_images/1700065.0_827.jpg
1700065,/Users/aspen/PycharmProjects/CMPU-395-Project/data/streetview_images/1700065.0_828.jpg
1700065,/Users/aspen/PycharmProjects/CMPU-395-Project/data/streetview_images/1700065.0_829.jpg
1700065,/Users/aspen/PycharmProjects/CMPU-395-Project/data/streetview_images/1700065.0_830.jpg
1700065,/Users/aspen/PycharmProjects/CMPU-395-Project/data/streetview_images/1700065.0_831.jpg
1700065,/Users/aspen/PycharmProjects/CMPU-395-Project/data/streetview_images/1700065.0_832.jpg
1700065,/Users/aspen/PycharmProjects/CMPU-395-Project/data/streetview_images/1700065.0_833.jpg
1700102,/Users/aspen/PycharmProjects/CMPU-395-Project/data/streetview_images/1700102.0_834.jpg
1700102,/Users/aspen/PycharmProjects/CMPU-395-Project/data/streetview_images/1700102.0_835.jpg
1700102,/Users/aspen/PycharmProjects/CMPU-395-Project/data/streetview_images/1700102.0_836.jpg
1700102,/Users/aspen/PycharmProjects/CMPU-395-Project/data/streetview_images/1700102.0_837.jpg
1700102,/Users/aspen/PycharmProjects/CMPU-395-Project/data/streetview_images/1700102.0_838.jpg
1700102,/Users/aspen/PycharmProjects/CMPU-395-Project/data/streetview_images/1700102.0_839.jpg
1703990,/Users/aspen/PycharmProjects/CMPU-395-Project/data/streetview_images/1703990.0_840.jpg
1703990,/Users/aspen/PycharmProjects/CMPU-395-Project/data/streetview_images/1703990.0_841.jpg
1703990,/Users/aspen/PycharmProjects/CMPU-395-Project/data/streetview_images/1703990.0_842.jpg
1703990,/Users/aspen/PycharmProjects/CMPU-395-Project/data/streetview_images/1703990.0_843.jpg
1703990,/Users/aspen/PycharmProjects/CMPU-395-Project/data/streetview_images/1703990.0_844.jpg
1703990,/Users/aspen/PycharmProjects/CMPU-395-Project/data/streetview_images/1703990.0_845.jpg
1712060,/Users/aspen/PycharmProjects/CMPU-395-Project/data/streetview_images/1712060.0_846.jpg
1712060,/Users/aspen/PycharmProjects/CMPU-395-Project/data/streetview_images/1712060.0_847.jpg
1712060,/Users/aspen/PycharmProjects/CMPU-395-Project/data/streetview_images/1712060.0_848.jpg
1712060,/Users/aspen/PycharmProjects/CMPU-395-Project/data/streetview_images/1712060.0_849.jpg
1712060,/Users/aspen/PycharmProjects/CMPU-395-Project/data/streetview_images/1712060.0_850.jpg
1712060,/Users/aspen/PycharmProjects/CMPU-395-Project/data/streetview_images/1712060.0_851.jpg
1712060,/Users/aspen/PycharmProjects/CMPU-395-Project/data/streetview_images/1712060.0_852.jpg
1712060,/Users/aspen/PycharmProjects/CMPU-395-Project/data/streetview_images/1712060.0_853.jpg
1713240,/Users/aspen/PycharmProjects/CMPU-395-Project/data/streetview_images/1713240.0_854.jpg
1713240,/Users/aspen/PycharmProjects/CMPU-395-Project/data/streetview_images/1713240.0_855.jpg
1713240,/Users/aspen/PycharmProjects/CMPU-395-Project/data/streetview_images/1713240.0_856.jpg
1713240,/Users/aspen/PycharmProjects/CMPU-395-Project/data/streetview_images/1713240.0_857.jpg
1713240,/Users/aspen/PycharmProjects/CMPU-395-Project/data/streetview_images/1713240.0_858.jpg
1713240,/Users/aspen/PycharmProjects/CMPU-395-Project/data/streetview_images/1713240.0_859.jpg
1713240,/Users/aspen/PycharmProjects/CMPU-395-Project/data/streetview_images/1713240.0_860.jpg
1713240,/Users/aspen/PycharmProjects/CMPU-395-Project/data/streetview_images/1713240.0_861.jpg
1713240,/Users/aspen/PycharmProjects/CMPU-395-Project/data/streetview_images/1713240.0_862.jpg
1713240,/Users/aspen/PycharmProjects/CMPU-395-Project/data/streetview_images/1713240.0_863.jpg
1713240,/Users/aspen/PycharmProjects/CMPU-395-Project/data/streetview_images/1713240.0_864.jpg
1713240,/Users/aspen/PycharmProjects/CMPU-395-Project/data/streetview_images/1713240.0_865.jpg
1713240,/Users/aspen/PycharmProjects/CMPU-395-Project/data/streetview_images/1713240.0_866.jpg
1713240,/Users/aspen/PycharmProjects/CMPU-395-Project/data/streetview_images/1713240.0_867.jpg
1713240,/Users/aspen/PycharmProjects/CMPU-395-Project/data/streetview_images/1713240.0_868.jpg
1713240,/Users/aspen/PycharmProjects/CMPU-395-Project/data/streetview_images/1713240.0_869.jpg
1713240,/Users/aspen/PycharmProjects/CMPU-395-Project/data/streetview_images/1713240.0_870.jpg
1713240,/Users/aspen/PycharmProjects/CMPU-395-Project/data/streetview_images/1713240.0_871.jpg
1713240,/Users/aspen/PycharmProjects/CMPU-395-Project/data/streetview_images/1713240.0_872.jpg
1713240,/Users/aspen/PycharmProjects/CMPU-395-Project/data/streetview_images/1713240.0_873.jpg
1713240,/Users/aspen/PycharmProjects/CMPU-395-Project/data/streetview_images/1713240.0_874.jpg
1713240,/Users/aspen/PycharmProjects/CMPU-395-Project/data/streetview_images/1713240.0_875.jpg
1713240,/Users/aspen/PycharmProjects/CMPU-395-Project/data/streetview_images/1713240.0_876.jpg
1713500,/Users/aspen/PycharmProjects/CMPU-395-Project/data/streetview_images/1713500.0_877.jpg
1715780,/Users/aspen/PycharmProjects/CMPU-395-Project/data/streetview_images/1715780.0_878.jpg
1715780,/Users/aspen/PycharmProjects/CMPU-395-Project/data/streetview_images/1715780.0_879.jpg
1715780,/Users/aspen/PycharmProjects/CMPU-395-Project/data/streetview_images/1715780.0_880.jpg
1715780,/Users/aspen/PycharmProjects/CMPU-395-Project/data/streetview_images/1715780.0_881.jpg
1715780,/Users/aspen/PycharmProjects/CMPU-395-Project/data/streetview_images/1715780.0_882.jpg
1715780,/Users/aspen/PycharmProjects/CMPU-395-Project/data/streetview_images/1715780.0_883.jpg
1715780,/Users/aspen/PycharmProjects/CMPU-395-Project/data/streetview_images/1715780.0_884.jpg
1715780,/Users/aspen/PycharmProjects/CMPU-395-Project/data/streetview_images/1715780.0_885.jpg
1715780,/Users/aspen/PycharmProjects/CMPU-395-Project/data/streetview_images/1715780.0_886.jpg
1715780,/Users/aspen/PycharmProjects/CMPU-395-Project/data/streetview_images/1715780.0_887.jpg
1715780,/Users/aspen/PycharmProjects/CMPU-395-Project/data/streetview_images/1715780.0_888.jpg
1715780,/Users/aspen/PycharmProjects/CMPU-395-Project/data/streetview_images/1715780.0_889.jpg
1715780,/Users/aspen/PycharmProjects/CMPU-395-Project/data/streetview_images/1715780.0_890.jpg
1715780,/Users/aspen/PycharmProjects/CMPU-395-Project/data/streetview_images/1715780.0_891.jpg
1715780,/Users/aspen/PycharmProjects/CMPU-395-Project/data/streetview_images/1715780.0_892.jpg
1715780,/Users/aspen/PycharmProjects/CMPU-395-Project/data/streetview_images/1715780.0_893.jpg
1715780,/Users/aspen/PycharmProjects/CMPU-395-Project/data/streetview_images/1715780.0_894.jpg
1715780,/Users/aspen/PycharmProjects/CMPU-395-Project/data/streetview_images/1715780.0_895.jpg
1715780,/Users/aspen/PycharmProjects/CMPU-395-Project/data/streetview_images/1715780.0_896.jpg
1715780,/Users/aspen/PycharmProjects/CMPU-395-Project/data/streetview_images/1715780.0_897.jpg
1715780,/Users/aspen/PycharmProjects/CMPU-395-Project/data/streetview_images/1715780.0_898.jpg
1715780,/Users/aspen/PycharmProjects/CMPU-395-Project/data/streetview_images/1715780.0_899.jpg
1715780,/Users/aspen/PycharmProjects/CMPU-395-Project/data/streetview_images/1715780.0_900.jpg
1715780,/Users/aspen/PycharmProjects/CMPU-395-Project/data/streetview_images/1715780.0_901.jpg
1715780,/Users/aspen/PycharmProjects/CMPU-395-Project/data/streetview_images/1715780.0_902.jpg
1715780,/Users/aspen/PycharmProjects/CMPU-395-Project/data/streetview_images/1715780.0_903.jpg
1715780,/Users/aspen/PycharmProjects/CMPU-395-Project/data/streetview_images/1715780.0_904.jpg
1715780,/Users/aspen/PycharmProjects/CMPU-395-Project/data/streetview_images/1715780.0_905.jpg
1715780,/Users/aspen/PycharmProjects/CMPU-395-Project/data/streetview_images/1715780.0_906.jpg
1715780,/Users/aspen/PycharmProjects/CMPU-395-Project/data/streetview_images/1715780.0_907.jpg
1715780,/Users/aspen/PycharmProjects/CMPU-395-Project/data/streetview_images/1715780.0_908.jpg
1715780,/Users/aspen/PycharmProjects/CMPU-395-Project/data/streetview_images/1715780.0_909.jpg
1715780,/Users/aspen/PycharmProjects/CMPU-395-Project/data/streetview_images/1715780.0_910.jpg
1715780,/Users/aspen/PycharmProjects/CMPU-395-Project/data/streetview_images/1715780.0_911.jpg
1715780,/Users/aspen/PycharmProjects/CMPU-395-Project/data/streetview_images/1715780.0_912.jpg
1715780,/Users/aspen/PycharmProjects/CMPU-395-Project/data/streetview_images/1715780.0_913.jpg
1715780,/Users/aspen/PycharmProjects/CMPU-395-Project/data/streetview_images/1715780.0_914.jpg
1715780,/Users/aspen/PycharmProjects/CMPU-395-Project/data/streetview_images/1715780.0_915.jpg
1715780,/Users/aspen/PycharmProjects/CMPU-395-Project/data/streetview_images/1715780.0_916.jpg
1715780,/Users/aspen/PycharmProjects/CMPU-395-Project/data/streetview_images/1715780.0_917.jpg
1718510,/Users/aspen/PycharmProjects/CMPU-395-Project/data/streetview_images/1718510.0_918.jpg
1718510,/Users/aspen/PycharmProjects/CMPU-395-Project/data/streetview_images/1718510.0_919.jpg
1718510,/Users/aspen/PycharmProjects/CMPU-395-Project/data/streetview_images/1718510.0_920.jpg
1718510,/Users/aspen/PycharmProjects/CMPU-395-Project/data/streetview_images/1718510.0_921.jpg
1718510,/Users/aspen/PycharmProjects/CMPU-395-Project/data/streetview_images/1718510.0_922.jpg
1718510,/Users/aspen/PycharmProjects/CMPU-395-Project/data/streetview_images/1718510.0_923.jpg
1718510,/Users/aspen/PycharmProjects/CMPU-395-Project/data/streetview_images/1718510.0_924.jpg
1721750,/Users/aspen/PycharmProjects/CMPU-395-Project/data/streetview_images/1721750.0_925.jpg
1721750,/Users/aspen/PycharmProjects/CMPU-395-Project/data/streetview_images/1721750.0_926.jpg
1721750,/Users/aspen/PycharmProjects/CMPU-395-Project/data/streetview_images/1721750.0_927.jpg
1721750,/Users/aspen/PycharmProjects/CMPU-395-Project/data/streetview_images/1721750.0_928.jpg
1721750,/Users/aspen/PycharmProjects/CMPU-395-Project/data/streetview_images/1721750.0_929.jpg
1721750,/Users/aspen/PycharmProjects/CMPU-395-Project/data/streetview_images/1721750.0_930.jpg
1721750,/Users/aspen/PycharmProjects/CMPU-395-Project/data/streetview_images/1721750.0_931.jpg
1721750,/Users/aspen/PycharmProjects/CMPU-395-Project/data/streetview_images/1721750.0_932.jpg
1721750,/Users/aspen/PycharmProjects/CMPU-395-Project/data/streetview_images/1721750.0_933.jpg
1721750,/Users/aspen/PycharmProjects/CMPU-395-Project/data/streetview_images/1721750.0_934.jpg
1721750,/Users/aspen/PycharmProjects/CMPU-395-Project/data/streetview_images/1721750.0_935.jpg
1721750,/Users/aspen/PycharmProjects/CMPU-395-Project/data/streetview_images/1721750.0_936.jpg
1721750,/Users/aspen/PycharmProjects/CMPU-395-Project/data/streetview_images/1721750.0_937.jpg
1721750,/Users/aspen/PycharmProjects/CMPU-395-Project/data/streetview_images/1721750.0_938.jpg
1721750,/Users/aspen/PycharmProjects/CMPU-395-Project/data/streetview_images/1721750.0_939.jpg
1721750,/Users/aspen/PycharmProjects/CMPU-395-Project/data/streetview_images/1721750.0_940.jpg
1721750,/Users/aspen/PycharmProjects/CMPU-395-Project/data/streetview_images/1721750.0_941.jpg
1721750,/Users/aspen/PycharmProjects/CMPU-395-Project/data/streetview_images/1721750.0_942.jpg
1721750,/Users/aspen/PycharmProjects/CMPU-395-Project/data/streetview_images/1721750.0_943.jpg
1721750,/Users/aspen/PycharmProjects/CMPU-395-Project/data/streetview_images/1721750.0_944.jpg
1721750,/Users/aspen/PycharmProjects/CMPU-395-Project/data/streetview_images/1721750.0_945.jpg
1721750,/Users/aspen/PycharmProjects/CMPU-395-Project/data/streetview_images/1721750.0_946.jpg
1721750,/Users/aspen/PycharmProjects/CMPU-395-Project/data/streetview_images/1721750.0_947.jpg
1721750,/Users/aspen/PycharmProjects/CMPU-395-Project/data/streetview_images/1721750.0_948.jpg
1721750,/Users/aspen/PycharmProjects/CMPU-395-Project/data/streetview_images/1721750.0_949.jpg
1721750,/Users/aspen/PycharmProjects/CMPU-395-Project/data/streetview_images/1721750.0_950.jpg
1721750,/Users/aspen/PycharmProjects/CMPU-395-Project/data/streetview_images/1721750.0_951.jpg
1721750,/Users/aspen/PycharmProjects/CMPU-395-Project/data/streetview_images/1721750.0_952.jpg
1721750,/Users/aspen/PycharmProjects/CMPU-395-Project/data/streetview_images/1721750.0_953.jpg
1721750,/Users/aspen/PycharmProjects/CMPU-395-Project/data/streetview_images/1721750.0_954.jpg
1721750,/Users/aspen/PycharmProjects/CMPU-395-Project/data/streetview_images/1721750.0_955.jpg
1721750,/Users/aspen/PycharmProjects/CMPU-395-Project/data/streetview_images/1721750.0_956.jpg
1721750,/Users/aspen/PycharmProjects/CMPU-395-Project/data/streetview_images/1721750.0_957.jpg
1721750,/Users/aspen/PycharmProjects/CMPU-395-Project/data/streetview_images/1721750.0_958.jpg
1721750,/Users/aspen/PycharmProjects/CMPU-395-Project/data/streetview_images/1721750.0_959.jpg
1721750,/Users/aspen/PycharmProjects/CMPU-395-Project/data/streetview_images/1721750.0_960.jpg
1721750,/Users/aspen/PycharmProjects/CMPU-395-Project/data/streetview_images/1721750.0_961.jpg
1721750,/Users/aspen/PycharmProjects/CMPU-395-Project/data/streetview_images/1721750.0_962.jpg
1721750,/Users/aspen/PycharmProjects/CMPU-395-Project/data/streetview_images/1721750.0_963.jpg
1721750,/Users/aspen/PycharmProjects/CMPU-395-Project/data/streetview_images/1721750.0_964.jpg
1724480,/Users/aspen/PycharmProjects/CMPU-395-Project/data/streetview_images/1724480.0_965.jpg
1724480,/Users/aspen/PycharmProjects/CMPU-395-Project/data/streetview_images/1724480.0_966.jpg
1724480,/Users/aspen/PycharmProjects/CMPU-395-Project/data/streetview_images/1724480.0_967.jpg
1724480,/Users/aspen/PycharmProjects/CMPU-395-Project/data/streetview_images/1724480.0_968.jpg
1724480,/Users/aspen/PycharmProjects/CMPU-395-Project/data/streetview_images/1724480.0_969.jpg
1724480,/Users/aspen/PycharmProjects/CMPU-395-Project/data/streetview_images/1724480.0_970.jpg
1724480,/Users/aspen/PycharmProjects/CMPU-395-Project/data/streetview_images/1724480.0_971.jpg
1724480,/Users/aspen/PycharmProjects/CMPU-395-Project/data/streetview_images/1724480.0_972.jpg
1724480,/Users/aspen/PycharmProjects/CMPU-395-Project/data/streetview_images/1724480.0_973.jpg
1724480,/Users/aspen/PycharmProjects/CMPU-395-Project/data/streetview_images/1724480.0_974.jpg
1724480,/Users/aspen/PycharmProjects/CMPU-395-Project/data/streetview_images/1724480.0_975.jpg
1726250,/Users/aspen/PycharmProjects/CMPU-395-Project/data/streetview_images/1726250.0_976.jpg
1726250,/Users/aspen/PycharmProjects/CMPU-395-Project/data/streetview_images/1726250.0_977.jpg
1726250,/Users/aspen/PycharmProjects/CMPU-395-Project/data/streetview_images/1726250.0_978.jpg
1726250,/Users/aspen/PycharmProjects/CMPU-395-Project/data/streetview_images/1726250.0_979.jpg
1726250,/Users/aspen/PycharmProjects/CMPU-395-Project/data/streetview_images/1726250.0_980.jpg
1726250,/Users/aspen/PycharmProjects/CMPU-395-Project/data/streetview_images/1726250.0_981.jpg
1726250,/Users/aspen/PycharmProjects/CMPU-395-Project/data/streetview_images/1726250.0_982.jpg
1726250,/Users/aspen/PycharmProjects/CMPU-395-Project/data/streetview_images/1726250.0_983.jpg
1726250,/Users/aspen/PycharmProjects/CMPU-395-Project/data/streetview_images/1726250.0_984.jpg
1727610,/Users/aspen/PycharmProjects/CMPU-395-Project/data/streetview_images/1727610.0_985.jpg
1727610,/Users/aspen/PycharmProjects/CMPU-395-Project/data/streetview_images/1727610.0_986.jpg
1727610,/Users/aspen/PycharmProjects/CMPU-395-Project/data/streetview_images/1727610.0_987.jpg
1727610,/Users/aspen/PycharmProjects/CMPU-395-Project/data/streetview_images/1727610.0_988.jpg
1727610,/Users/aspen/PycharmProjects/CMPU-395-Project/data/streetview_images/1727610.0_989.jpg
1727610,/Users/aspen/PycharmProjects/CMPU-395-Project/data/streetview_images/1727610.0_990.jpg
1727610,/Users/aspen/PycharmProjects/CMPU-395-Project/data/streetview_images/1727610.0_991.jpg
1736750,/Users/aspen/PycharmProjects/CMPU-395-Project/data/streetview_images/1736750.0_1000.jpg
1736750,/Users/aspen/PycharmProjects/CMPU-395-Project/data/streetview_images/1736750.0_1001.jpg
1736750,/Users/aspen/PycharmProjects/CMPU-395-Project/data/streetview_images/1736750.0_1002.jpg
1736750,/Users/aspen/PycharmProjects/CMPU-395-Project/data/streetview_images/1736750.0_1003.jpg
1736750,/Users/aspen/PycharmProjects/CMPU-395-Project/data/streetview_images/1736750.0_1004.jpg
1736750,/Users/aspen/PycharmProjects/CMPU-395-Project/data/streetview_images/1736750.0_1005.jpg
1736750,/Users/aspen/PycharmProjects/CMPU-395-Project/data/streetview_images/1736750.0_1006.jpg
1736750,/Users/aspen/PycharmProjects/CMPU-395-Project/data/streetview_images/1736750.0_1007.jpg
1736750,/Users/aspen/PycharmProjects/CMPU-395-Project/data/streetview_images/1736750.0_1008.jpg
1736750,/Users/aspen/PycharmProjects/CMPU-395-Project/data/streetview_images/1736750.0_1009.jpg
1736750,/Users/aspen/PycharmProjects/CMPU-395-Project/data/streetview_images/1736750.0_1010.jpg
1736750,/Users/aspen/PycharmProjects/CMPU-395-Project/data/streetview_images/1736750.0_1011.jpg
1736750,/Users/aspen/PycharmProjects/CMPU-395-Project/data/streetview_images/1736750.0_1012.jpg
1736750,/Users/aspen/PycharmProjects/CMPU-395-Project/data/streetview_images/1736750.0_1013.jpg
1736750,/Users/aspen/PycharmProjects/CMPU-395-Project/data/streetview_images/1736750.0_1014.jpg
1736750,/Users/aspen/PycharmProjects/CMPU-395-Project/data/streetview_images/1736750.0_1015.jpg
1736750,/Users/aspen/PycharmProjects/CMPU-395-Project/data/streetview_images/1736750.0_1016.jpg
1736750,/Users/aspen/PycharmProjects/CMPU-395-Project/data/streetview_images/1736750.0_1017.jpg
1736750,/Users/aspen/PycharmProjects/CMPU-395-Project/data/streetview_images/1736750.0_1018.jpg
1736750,/Users/aspen/PycharmProjects/CMPU-395-Project/data/streetview_images/1736750.0_1019.jpg
1736750,/Users/aspen/PycharmProjects/CMPU-395-Project/data/streetview_images/1736750.0_1020.jpg
1736750,/Users/aspen/PycharmProjects/CMPU-395-Project/data/streetview_images/1736750.0_1021.jpg
1736750,/Users/aspen/PycharmProjects/CMPU-395-Project/data/streetview_images/1736750.0_1022.jpg
1736750,/Users/aspen/PycharmProjects/CMPU-395-Project/data/streetview_images/1736750.0_1023.jpg
1736750,/Users/aspen/PycharmProjects/CMPU-395-Project/data/streetview_images/1736750.0_1024.jpg
1736750,/Users/aspen/PycharmProjects/CMPU-395-Project/data/streetview_images/1736750.0_1025.jpg
1736750,/Users/aspen/PycharmProjects/CMPU-395-Project/data/streetview_images/1736750.0_1026.jpg
1736750,/Users/aspen/PycharmProjects/CMPU-395-Project/data/streetview_images/1736750.0_1027.jpg
1736750,/Users/aspen/PycharmProjects/CMPU-395-Project/data/streetview_images/1736750.0_1028.jpg
1736750,/Users/aspen/PycharmProjects/CMPU-395-Project/data/streetview_images/1736750.0_1029.jpg
1736750,/Users/aspen/PycharmProjects/CMPU-395-Project/data/streetview_images/1736750.0_1030.jpg
1736750,/Users/aspen/PycharmProjects/CMPU-395-Project/data/streetview_images/1736750.0_1031.jpg
1736750,/Users/aspen/PycharmProjects/CMPU-395-Project/data/streetview_images/1736750.0_992.jpg
1736750,/Users/aspen/PycharmProjects/CMPU-395-Project/data/streetview_images/1736750.0_993.jpg
1736750,/Users/aspen/PycharmProjects/CMPU-395-Project/data/streetview_images/1736750.0_994.jpg
1736750,/Users/aspen/PycharmProjects/CMPU-395-Project/data/streetview_images/1736750.0_995.jpg
1736750,/Users/aspen/PycharmProjects/CMPU-395-Project/data/streetview_images/1736750.0_996.jpg
1736750,/Users/aspen/PycharmProjects/CMPU-395-Project/data/streetview_images/1736750.0_997.jpg
1736750,/Users/aspen/PycharmProjects/CMPU-395-Project/data/streetview_images/1736750.0_998.jpg
1736750,/Users/aspen/PycharmProjects/CMPU-395-Project/data/streetview_images/1736750.0_999.jpg
1739600,/Users/aspen/PycharmProjects/CMPU-395-Project/data/streetview_images/1739600.0_1032.jpg
1739600,/Users/aspen/PycharmProjects/CMPU-395-Project/data/streetview_images/1739600.0_1033.jpg
1739600,/Users/aspen/PycharmProjects/CMPU-395-Project/data/streetview_images/1739600.0_1034.jpg
1739600,/Users/aspen/PycharmProjects/CMPU-395-Project/data/streetview_images/1739600.0_1035.jpg
1739600,/Users/aspen/PycharmProjects/CMPU-395-Project/data/streetview_images/1739600.0_1036.jpg
1739600,/Users/aspen/PycharmProjects/CMPU-395-Project/data/streetview_images/1739600.0_1037.jpg
1739600,/Users/aspen/PycharmProjects/CMPU-395-Project/data/streetview_images/1739600.0_1038.jpg
1739600,/Users/aspen/PycharmProjects/CMPU-395-Project/data/streetview_images/1739600.0_1039.jpg
1739600,/Users/aspen/PycharmProjects/CMPU-395-Project/data/streetview_images/1739600.0_1040.jpg
1739600,/Users/aspen/PycharmProjects/CMPU-395-Project/data/streetview_images/1739600.0_1041.jpg
1739600,/Users/aspen/PycharmProjects/CMPU-395-Project/data/streetview_images/1739600.0_1042.jpg
1739600,/Users/aspen/PycharmProjects/CMPU-395-Project/data/streetview_images/1739600.0_1043.jpg
1739600,/Users/aspen/PycharmProjects/CMPU-395-Project/data/streetview_images/1739600.0_1044.jpg
1739600,/Users/aspen/PycharmProjects/CMPU-395-Project/data/streetview_images/1739600.0_1045.jpg
1739600,/Users/aspen/PycharmProjects/CMPU-395-Project/data/streetview_images/1739600.0_1046.jpg
1739600,/Users/aspen/PycharmProjects/CMPU-395-Project/data/streetview_images/1739600.0_1047.jpg
1739600,/Users/aspen/PycharmProjects/CMPU-395-Project/data/streetview_images/1739600.0_1048.jpg
1739600,/Users/aspen/PycharmProjects/CMPU-395-Project/data/streetview_images/1739600.0_1049.jpg
1739600,/Users/aspen/PycharmProjects/CMPU-395-Project/data/streetview_images/1739600.0_1050.jpg
1740680,/Users/aspen/PycharmProjects/CMPU-395-Project/data/streetview_images/1740680.0_1051.jpg
1740680,/Users/aspen/PycharmProjects/CMPU-395-Project/data/streetview_images/1740680.0_1052.jpg
1740680,/Users/aspen/PycharmProjects/CMPU-395-Project/data/streetview_images/1740680.0_1053.jpg
1740680,/Users/aspen/PycharmProjects/CMPU-395-Project/data/streetview_images/1740680.0_1054.jpg
1740680,/Users/aspen/PycharmProjects/CMPU-395-Project/data/streetview_images/1740680.0_1055.jpg
1740680,/Users/aspen/PycharmProjects/CMPU-395-Project/data/streetview_images/1740680.0_1056.jpg
1740680,/Users/aspen/PycharmProjects/CMPU-395-Project/data/streetview_images/1740680.0_1057.jpg
1740680,/Users/aspen/PycharmProjects/CMPU-395-Project/data/streetview_images/1740680.0_1058.jpg
1740680,/Users/aspen/PycharmProjects/CMPU-395-Project/data/streetview_images/1740680.0_1059.jpg
1740680,/Users/aspen/PycharmProjects/CMPU-395-Project/data/streetview_images/1740680.0_1060.jpg
1740680,/Users/aspen/PycharmProjects/CMPU-395-Project/data/streetview_images/1740680.0_1061.jpg
1741550,/Users/aspen/PycharmProjects/CMPU-395-Project/data/streetview_images/1741550.0_1062.jpg
1741550,/Users/aspen/PycharmProjects/CMPU-395-Project/data/streetview_images/1741550.0_1063.jpg
1741550,/Users/aspen/PycharmProjects/CMPU-395-Project/data/streetview_images/1741550.0_1064.jpg
1741550,/Users/aspen/PycharmProjects/CMPU-395-Project/data/streetview_images/1741550.0_1065.jpg
1741550,/Users/aspen/PycharmProjects/CMPU-395-Project/data/streetview_images/1741550.0_1066.jpg
1741550,/Users/aspen/PycharmProjects/CMPU-395-Project/data/streetview_images/1741550.0_1067.jpg
1741550,/Users/aspen/PycharmProjects/CMPU-395-Project/data/streetview_images/1741550.0_1068.jpg
1741550,/Users/aspen/PycharmProjects/CMPU-395-Project/data/streetview_images/1741550.0_1069.jpg
1741550,/Users/aspen/PycharmProjects/CMPU-395-Project/data/streetview_images/1741550.0_1070.jpg
1741550,/Users/aspen/PycharmProjects/CMPU-395-Project/data/streetview_images/1741550.0_1071.jpg
1741550,/Users/aspen/PycharmProjects/CMPU-395-Project/data/streetview_images/1741550.0_1072.jpg
1741550,/Users/aspen/PycharmProjects/CMPU-395-Project/data/streetview_images/1741550.0_1073.jpg
1741550,/Users/aspen/PycharmProjects/CMPU-395-Project/data/streetview_images/1741550.0_1074.jpg
1741550,/Users/aspen/PycharmProjects/CMPU-395-Project/data/streetview_images/1741550.0_1075.jpg
1741550,/Users/aspen/PycharmProjects/CMPU-395-Project/data/streetview_images/1741550.0_1076.jpg
1741550,/Users/aspen/PycharmProjects/CMPU-395-Project/data/streetview_images/1741550.0_1077.jpg
1741550,/Users/aspen/PycharmProjects/CMPU-395-Project/data/streetview_images/1741550.0_1078.jpg
1741550,/Users/aspen/PycharmProjects/CMPU-395-Project/data/streetview_images/1741550.0_1079.jpg
1741550,/Users/aspen/PycharmProjects/CMPU-395-Project/data/streetview_images/1741550.0_1080.jpg
1741550,/Users/aspen/PycharmProjects/CMPU-395-Project/data/streetview_images/1741550.0_1081.jpg
1741550,/Users/aspen/PycharmProjects/CMPU-395-Project/data/streetview_images/1741550.0_1082.jpg
1741550,/Users/aspen/PycharmProjects/CMPU-395-Project/data/streetview_images/1741550.0_1083.jpg
1741550,/Users/aspen/PycharmProjects/CMPU-395-Project/data/streetview_images/1741550.0_1084.jpg
1741550,/Users/aspen/PycharmProjects/CMPU-395-Project/data/streetview_images/1741550.0_1085.jpg
1741550,/Users/aspen/PycharmProjects/CMPU-395-Project/data/streetview_images/1741550.0_1086.jpg
1741550,/Users/aspen/PycharmProjects/CMPU-395-Project/data/streetview_images/1741550.0_1087.jpg
1741550,/Users/aspen/PycharmProjects/CMPU-395-Project/data/streetview_images/1741550.0_1088.jpg
1741550,/Users/aspen/PycharmProjects/CMPU-395-Project/data/streetview_images/1741550.0_1089.jpg
1741550,/Users/aspen/PycharmProjects/CMPU-395-Project/data/streetview_images/1741550.0_1090.jpg
1741550,/Users/aspen/PycharmProjects/CMPU-395-Project/data/streetview_images/1741550.0_1091.jpg
1741550,/Users/aspen/PycharmProjects/CMPU-395-Project/data/streetview_images/1741550.0_1092.jpg
1741550,/Users/aspen/PycharmProjects/CMPU-395-Project/data/streetview_images/1741550.0_1093.jpg
1741550,/Users/aspen/PycharmProjects/CMPU-395-Project/data/streetview_images/1741550.0_1094.jpg
1741550,/Users/aspen/PycharmProjects/CMPU-395-Project/data/streetview_images/1741550.0_1095.jpg
1741550,/Users/aspen/PycharmProjects/CMPU-395-Project/data/streetview_images/1741550.0_1096.jpg
1742210,/Users/aspen/PycharmProjects/CMPU-395-Project/data/streetview_images/1742210.0_1097.jpg
1742210,/Users/aspen/PycharmProjects/CMPU-395-Project/data/streetview_images/1742210.0_1098.jpg
1742210,/Users/aspen/PycharmProjects/CMPU-395-Project/data/streetview_images/1742210.0_1099.jpg
1742210,/Users/aspen/PycharmProjects/CMPU-395-Project/data/streetview_images/1742210.0_1100.jpg
1742210,/Users/aspen/PycharmProjects/CMPU-395-Project/data/streetview_images/1742210.0_1101.jpg
1742210,/Users/aspen/PycharmProjects/CMPU-395-Project/data/streetview_images/1742210.0_1102.jpg
1742210,/Users/aspen/PycharmProjects/CMPU-395-Project/data/streetview_images/1742210.0_1103.jpg
1742210,/Users/aspen/PycharmProjects/CMPU-395-Project/data/streetview_images/1742210.0_1104.jpg
1742210,/Users/aspen/PycharmProjects/CMPU-395-Project/data/streetview_images/1742210.0_1105.jpg
1742210,/Users/aspen/PycharmProjects/CMPU-395-Project/data/streetview_images/1742210.0_1106.jpg
1742210,/Users/aspen/PycharmProjects/CMPU-395-Project/data/streetview_images/1742210.0_1107.jpg
1742210,/Users/aspen/PycharmProjects/CMPU-395-Project/data/streetview_images/1742210.0_1108.jpg
1742210,/Users/aspen/PycharmProjects/CMPU-395-Project/data/streetview_images/1742210.0_1109.jpg
1742210,/Users/aspen/PycharmProjects/CMPU-395-Project/data/streetview_images/1742210.0_1110.jpg
1742210,/Users/aspen/PycharmProjects/CMPU-395-Project/data/streetview_images/1742210.0_1111.jpg
1742210,/Users/aspen/PycharmProjects/CMPU-395-Project/data/streetview_images/1742210.0_1112.jpg
1742210,/Users/aspen/PycharmProjects/CMPU-395-Project/data/streetview_images/1742210.0_1113.jpg
1742210,/Users/aspen/PycharmProjects/CMPU-395-Project/data/streetview_images/1742210.0_1114.jpg
1742210,/Users/aspen/PycharmProjects/CMPU-395-Project/data/streetview_images/1742210.0_1115.jpg
1742210,/Users/aspen/PycharmProjects/CMPU-395-Project/data/streetview_images/1742210.0_1116.jpg
1742210,/Users/aspen/PycharmProjects/CMPU-395-Project/data/streetview_images/1742210.0_1117.jpg
1742210,/Users/aspen/PycharmProjects/CMPU-395-Project/data/streetview_images/1742210.0_1118.jpg
1742210,/Users/aspen/PycharmProjects/CMPU-395-Project/data/streetview_images/1742210.0_1119.jpg
1742210,/Users/aspen/PycharmProjects/CMPU-395-Project/data/streetview_images/1742210.0_1120.jpg
1742210,/Users/aspen/PycharmProjects/CMPU-395-Project/data/streetview_images/1742210.0_1121.jpg
1742210,/Users/aspen/PycharmProjects/CMPU-395-Project/data/streetview_images/1742210.0_1122.jpg
1742210,/Users/aspen/PycharmProjects/CMPU-395-Project/data/streetview_images/1742210.0_1123.jpg
1742210,/Users/aspen/PycharmProjects/CMPU-395-Project/data/streetview_images/1742210.0_1124.jpg
1742210,/Users/aspen/PycharmProjects/CMPU-395-Project/data/streetview_images/1742210.0_1125.jpg
1742210,/Users/aspen/PycharmProjects/CMPU-395-Project/data/streetview_images/1742210.0_1126.jpg
1742210,/Users/aspen/PycharmProjects/CMPU-395-Project/data/streetview_images/1742210.0_1127.jpg
1742210,/Users/aspen/PycharmProjects/CMPU-395-Project/data/streetview_images/1742210.0_1128.jpg
1742210,/Users/aspen/PycharmProjects/CMPU-395-Project/data/streetview_images/1742210.0_1129.jpg
1742210,/Users/aspen/PycharmProjects/CMPU-395-Project/data/streetview_images/1742210.0_1130.jpg
1742210,/Users/aspen/PycharmProjects/CMPU-395-Project/data/streetview_images/1742210.0_1131.jpg
1742210,/Users/aspen/PycharmProjects/CMPU-395-Project/data/streetview_images/1742210.0_1132.jpg
1742210,/Users/aspen/PycharmProjects/CMPU-395-Project/data/streetview_images/1742210.0_1133.jpg
1742210,/Users/aspen/PycharmProjects/CMPU-395-Project/data/streetview_images/1742210.0_1134.jpg
1742210,/Users/aspen/PycharmProjects/CMPU-395-Project/data/streetview_images/1742210.0_1135.jpg
1742210,/Users/aspen/PycharmProjects/CMPU-395-Project/data/streetview_images/1742210.0_1136.jpg
1800900,/Users/aspen/PycharmProjects/CMPU-395-Project/data/streetview_images/1800900.0_1137.jpg
1800900,/Users/aspen/PycharmProjects/CMPU-395-Project/data/streetview_images/1800900.0_1138.jpg
1800900,/Users/aspen/PycharmProjects/CMPU-395-Project/data/streetview_images/1800900.0_1139.jpg
1800900,/Users/aspen/PycharmProjects/CMPU-395-Project/data/streetview_images/1800900.0_1140.jpg
1800900,/Users/aspen/PycharmProjects/CMPU-395-Project/data/streetview_images/1800900.0_1141.jpg
1800900,/Users/aspen/PycharmProjects/CMPU-395-Project/data/streetview_images/1800900.0_1142.jpg
1800900,/Users/aspen/PycharmProjects/CMPU-395-Project/data/streetview_images/1800900.0_1143.jpg
1800900,/Users/aspen/PycharmProjects/CMPU-395-Project/data/streetview_images/1800900.0_1144.jpg
1800900,/Users/aspen/PycharmProjects/CMPU-395-Project/data/streetview_images/1800900.0_1145.jpg
1800900,/Users/aspen/PycharmProjects/CMPU-395-Project/data/streetview_images/1800900.0_1146.jpg
1800900,/Users/aspen/PycharmProjects/CMPU-395-Project/data/streetview_images/1800900.0_1147.jpg
1806570,/Users/aspen/PycharmProjects/CMPU-395-Project/data/streetview_images/1806570.0_1148.jpg
1806570,/Users/aspen/PycharmProjects/CMPU-395-Project/data/streetview_images/1806570.0_1149.jpg
1806570,/Users/aspen/PycharmProjects/CMPU-395-Project/data/streetview_images/1806570.0_1150.jpg
1806570,/Users/aspen/PycharmProjects/CMPU-395-Project/data/streetview_images/1806570.0_1151.jpg
1806570,/Users/aspen/PycharmProjects/CMPU-395-Project/data/streetview_images/1806570.0_1152.jpg
1806570,/Users/aspen/PycharmProjects/CMPU-395-Project/data/streetview_images/1806570.0_1153.jpg
1806570,/Users/aspen/PycharmProjects/CMPU-395-Project/data/streetview_images/1806570.0_1154.jpg
1806570,/Users/aspen/PycharmProjects/CMPU-395-Project/data/streetview_images/1806570.0_1155.jpg
1806570,/Users/aspen/PycharmProjects/CMPU-395-Project/data/streetview_images/1806570.0_1156.jpg
1806570,/Users/aspen/PycharmProjects/CMPU-395-Project/data/streetview_images/1806570.0_1157.jpg
1806570,/Users/aspen/PycharmProjects/CMPU-395-Project/data/streetview_images/1806570.0_1158.jpg
1806570,/Users/aspen/PycharmProjects/CMPU-395-Project/data/streetview_images/1806570.0_1159.jpg
1806570,/Users/aspen/PycharmProjects/CMPU-395-Project/data/streetview_images/1806570.0_1160.jpg
1806570,/Users/aspen/PycharmProjects/CMPU-395-Project/data/streetview_images/1806570.0_1161.jpg
1806570,/Users/aspen/PycharmProjects/CMPU-395-Project/data/streetview_images/1806570.0_1162.jpg
1806570,/Users/aspen/PycharmProjects/CMPU-395-Project/data/streetview_images/1806570.0_1163.jpg
1806570,/Users/aspen/PycharmProjects/CMPU-395-Project/data/streetview_images/1806570.0_1164.jpg
1806570,/Users/aspen/PycharmProjects/CMPU-395-Project/data/streetview_images/1806570.0_1165.jpg
1806570,/Users/aspen/PycharmProjects/CMPU-395-Project/data/streetview_images/1806570.0_1166.jpg
1806570,/Users/aspen/PycharmProjects/CMPU-395-Project/data/streetview_images/1806570.0_1167.jpg
1806570,/Users/aspen/PycharmProjects/CMPU-395-Project/data/streetview_images/1806570.0_1168.jpg
1806570,/Users/aspen/PycharmProjects/CMPU-395-Project/data/streetview_images/1806570.0_1169.jpg
1806570,/Users/aspen/PycharmProjects/CMPU-395-Project/data/streetview_images/1806570.0_1170.jpg
1806570,/Users/aspen/PycharmProjects/CMPU-395-Project/data/streetview_images/1806570.0_1171.jpg
1806570,/Users/aspen/PycharmProjects/CMPU-395-Project/data/streetview_images/1806570.0_1172.jpg
1806570,/Users/aspen/PycharmProjects/CMPU-395-Project/data/streetview_images/1806570.0_1173.jpg
1806570,/Users/aspen/PycharmProjects/CMPU-395-Project/data/streetview_images/1806570.0_1174.jpg
1806570,/Users/aspen/PycharmProjects/CMPU-395-Project/data/streetview_images/1806570.0_1175.jpg
1806570,/Users/aspen/PycharmProjects/CMPU-395-Project/data/streetview_images/1806570.0_1176.jpg
1806570,/Users/aspen/PycharmProjects/CMPU-395-Project/data/streetview_images/1806570.0_1177.jpg
1806570,/Users/aspen/PycharmProjects/CMPU-395-Project/data/streetview_images/1806570.0_1178.jpg
1806570,/Users/aspen/PycharmProjects/CMPU-395-Project/data/streetview_images/1806570.0_1179.jpg
1806570,/Users/aspen/PycharmProjects/CMPU-395-Project/data/streetview_images/1806570.0_1180.jpg
1806570,/Users/aspen/PycharmProjects/CMPU-395-Project/data/streetview_images/1806570.0_1181.jpg
1806570,/Users/aspen/PycharmProjects/CMPU-395-Project/data/streetview_images/1806570.0_1182.jpg
1809060,/Users/aspen/PycharmProjects/CMPU-395-Project/data/streetview_images/1809060.0_1183.jpg
1809060,/Users/aspen/PycharmProjects/CMPU-395-Project/data/streetview_images/1809060.0_1184.jpg
1809060,/Users/aspen/PycharmProjects/CMPU-395-Project/data/streetview_images/1809060.0_1185.jpg
1809060,/Users/aspen/PycharmProjects/CMPU-395-Project/data/streetview_images/1809060.0_1186.jpg
1809060,/Users/aspen/PycharmProjects/CMPU-395-Project/data/streetview_images/1809060.0_1187.jpg
1809060,/Users/aspen/PycharmProjects/CMPU-395-Project/data/streetview_images/1809060.0_1188.jpg
1809060,/Users/aspen/PycharmProjects/CMPU-395-Project/data/streetview_images/1809060.0_1189.jpg
1809060,/Users/aspen/PycharmProjects/CMPU-395-Project/data/streetview_images/1809060.0_1190.jpg
1809180,/Users/aspen/PycharmProjects/CMPU-395-Project/data/streetview_images/1809180.0_1191.jpg
1809180,/Users/aspen/PycharmProjects/CMPU-395-Project/data/streetview_images/1809180.0_1192.jpg
1809180,/Users/aspen/PycharmProjects/CMPU-395-Project/data/streetview_images/1809180.0_1193.jpg
1809180,/Users/aspen/PycharmProjects/CMPU-395-Project/data/streetview_images/1809180.0_1194.jpg
1809180,/Users/aspen/PycharmProjects/CMPU-395-Project/data/streetview_images/1809180.0_1195.jpg
1809180,/Users/aspen/PycharmProjects/CMPU-395-Project/data/streetview_images/1809180.0_1196.jpg
1809180,/Users/aspen/PycharmProjects/CMPU-395-Project/data/streetview_images/1809180.0_1197.jpg
1809180,/Users/aspen/PycharmProjects/CMPU-395-Project/data/streetview_images/1809180.0_1198.jpg
1809180,/Users/aspen/PycharmProjects/CMPU-395-Project/data/streetview_images/1809180.0_1199.jpg
1809180,/Users/aspen/PycharmProjects/CMPU-395-Project/data/streetview_images/1809180.0_1200.jpg
1809180,/Users/aspen/PycharmProjects/CMPU-395-Project/data/streetview_images/1809180.0_1201.jpg
1809180,/Users/aspen/PycharmProjects/CMPU-395-Project/data/streetview_images/1809180.0_1202.jpg
1809180,/Users/aspen/PycharmProjects/CMPU-395-Project/data/streetview_images/1809180.0_1203.jpg
1809720,/Users/aspen/PycharmProjects/CMPU-395-Project/data/streetview_images/1809720.0_1204.jpg
1809720,/Users/aspen/PycharmProjects/CMPU-395-Project/data/streetview_images/1809720.0_1205.jpg
1809720,/Users/aspen/PycharmProjects/CMPU-395-Project/data/streetview_images/1809720.0_1206.jpg
1809720,/Users/aspen/PycharmProjects/CMPU-395-Project/data/streetview_images/1809720.0_1207.jpg
1809720,/Users/aspen/PycharmProjects/CMPU-395-Project/data/streetview_images/1809720.0_1208.jpg
1809720,/Users/aspen/PycharmProjects/CMPU-395-Project/data/streetview_images/1809720.0_1209.jpg
1809720,/Users/aspen/PycharmProjects/CMPU-395-Project/data/streetview_images/1809720.0_1210.jpg
1809720,/Users/aspen/PycharmProjects/CMPU-395-Project/data/streetview_images/1809720.0_1211.jpg
1809720,/Users/aspen/PycharmProjects/CMPU-395-Project/data/streetview_images/1809720.0_1212.jpg
1809720,/Users/aspen/PycharmProjects/CMPU-395-Project/data/streetview_images/1809720.0_1213.jpg
1810450,/Users/aspen/PycharmProjects/CMPU-395-Project/data/streetview_images/1810450.0_1214.jpg
1811580,/Users/aspen/PycharmProjects/CMPU-395-Project/data/streetview_images/1811580.0_1215.jpg
1811580,/Users/aspen/PycharmProjects/CMPU-395-Project/data/streetview_images/1811580.0_1216.jpg
1811580,/Users/aspen/PycharmProjects/CMPU-395-Project/data/streetview_images/1811580.0_1217.jpg
1811580,/Users/aspen/PycharmProjects/CMPU-395-Project/data/streetview_images/1811580.0_1218.jpg
1903270,/Users/aspen/PycharmProjects/CMPU-395-Project/data/streetview_images/1903270.0_1219.jpg
1903270,/Users/aspen/PycharmProjects/CMPU-395-Project/data/streetview_images/1903270.0_1220.jpg
1903270,/Users/aspen/PycharmProjects/CMPU-395-Project/data/streetview_images/1903270.0_1221.jpg
1906660,/Users/aspen/PycharmProjects/CMPU-395-Project/data/streetview_images/1906660.0_1222.jpg
1906660,/Users/aspen/PycharmProjects/CMPU-395-Project/data/streetview_images/1906660.0_1223.jpg
1906660,/Users/aspen/PycharmProjects/CMPU-395-Project/data/streetview_images/1906660.0_1224.jpg
1906660,/Users/aspen/PycharmProjects/CMPU-395-Project/data/streetview_images/1906660.0_1225.jpg
1906660,/Users/aspen/PycharmProjects/CMPU-395-Project/data/streetview_images/1906660.0_1226.jpg
1906660,/Users/aspen/PycharmProjects/CMPU-395-Project/data/streetview_images/1906660.0_1227.jpg
1906660,/Users/aspen/PycharmProjects/CMPU-395-Project/data/streetview_images/1906660.0_1228.jpg
1906660,/Users/aspen/PycharmProjects/CMPU-395-Project/data/streetview_images/1906660.0_1229.jpg
1906660,/Users/aspen/PycharmProjects/CMPU-395-Project/data/streetview_images/1906660.0_1230.jpg
1906660,/Users/aspen/PycharmProjects/CMPU-395-Project/data/streetview_images/1906660.0_1231.jpg
1906660,/Users/aspen/PycharmProjects/CMPU-395-Project/data/streetview_images/1906660.0_1232.jpg
1907410,/Users/aspen/PycharmProjects/CMPU-395-Project/data/streetview_images/1907410.0_1233.jpg
1907410,/Users/aspen/PycharmProjects/CMPU-395-Project/data/streetview_images/1907410.0_1234.jpg
1907410,/Users/aspen/PycharmProjects/CMPU-395-Project/data/streetview_images/1907410.0_1235.jpg
1909480,/Users/aspen/PycharmProjects/CMPU-395-Project/data/streetview_images/1909480.0_1236.jpg
1909480,/Users/aspen/PycharmProjects/CMPU-395-Project/data/streetview_images/1909480.0_1237.jpg
1909480,/Users/aspen/PycharmProjects/CMPU-395-Project/data/streetview_images/1909480.0_1238.jpg
1909480,/Users/aspen/PycharmProjects/CMPU-395-Project/data/streetview_images/1909480.0_1239.jpg
1909480,/Users/aspen/PycharmProjects/CMPU-395-Project/data/streetview_images/1909480.0_1240.jpg
1909480,/Users/aspen/PycharmProjects/CMPU-395-Project/data/streetview_images/1909480.0_1241.jpg
1909480,/Users/aspen/PycharmProjects/CMPU-395-Project/data/streetview_images/1909480.0_1242.jpg
1909480,/Users/aspen/PycharmProjects/CMPU-395-Project/data/streetview_images/1909480.0_1243.jpg
1909480,/Users/aspen/PycharmProjects/CMPU-395-Project/data/streetview_images/1909480.0_1244.jpg
1909480,/Users/aspen/PycharmProjects/CMPU-395-Project/data/streetview_images/1909480.0_1245.jpg
1909480,/Users/aspen/PycharmProjects/CMPU-395-Project/data/streetview_images/1909480.0_1246.jpg
1918720,/Users/aspen/PycharmProjects/CMPU-395-Project/data/streetview_images/1918720.0_1247.jpg
1918720,/Users/aspen/PycharmProjects/CMPU-395-Project/data/streetview_images/1918720.0_1248.jpg
1918720,/Users/aspen/PycharmProjects/CMPU-395-Project/data/streetview_images/1918720.0_1249.jpg
1918720,/Users/aspen/PycharmProjects/CMPU-395-Project/data/streetview_images/1918720.0_1250.jpg
1921840,/Users/aspen/PycharmProjects/CMPU-395-Project/data/streetview_images/1921840.0_1251.jpg
1921840,/Users/aspen/PycharmProjects/CMPU-395-Project/data/streetview_images/1921840.0_1252.jpg
1921840,/Users/aspen/PycharmProjects/CMPU-395-Project/data/streetview_images/1921840.0_1253.jpg
1921840,/Users/aspen/PycharmProjects/CMPU-395-Project/data/streetview_images/1921840.0_1254.jpg
1921840,/Users/aspen/PycharmProjects/CMPU-395-Project/data/streetview_images/1921840.0_1255.jpg
1921840,/Users/aspen/PycharmProjects/CMPU-395-Project/data/streetview_images/1921840.0_1256.jpg
1930720,/Users/aspen/PycharmProjects/CMPU-395-Project/data/streetview_images/1930720.0_1257.jpg
1930720,/Users/aspen/PycharmProjects/CMPU-395-Project/data/streetview_images/1930720.0_1258.jpg
1930720,/Users/aspen/PycharmProjects/CMPU-395-Project/data/streetview_images/1930720.0_1259.jpg
1930720,/Users/aspen/PycharmProjects/CMPU-395-Project/data/streetview_images/1930720.0_1260.jpg
1930720,/Users/aspen/PycharmProjects/CMPU-395-Project/data/streetview_images/1930720.0_1261.jpg
1930720,/Users/aspen/PycharmProjects/CMPU-395-Project/data/streetview_images/1930720.0_1262.jpg
1930720,/Users/aspen/PycharmProjects/CMPU-395-Project/data/streetview_images/1930720.0_1263.jpg
2000016,/Users/aspen/PycharmProjects/CMPU-395-Project/data/streetview_images/2000016.0_1264.jpg
2000016,/Users/aspen/PycharmProjects/CMPU-395-Project/data/streetview_images/2000016.0_1265.jpg
2000016,/Users/aspen/PycharmProjects/CMPU-395-Project/data/streetview_images/2000016.0_1266.jpg
2000016,/Users/aspen/PycharmProjects/CMPU-395-Project/data/streetview_images/2000016.0_1267.jpg
2005820,/Users/aspen/PycharmProjects/CMPU-395-Project/data/streetview_images/2005820.0_1268.jpg
2005820,/Users/aspen/PycharmProjects/CMPU-395-Project/data/streetview_images/2005820.0_1269.jpg
2005820,/Users/aspen/PycharmProjects/CMPU-395-Project/data/streetview_images/2005820.0_1270.jpg
2006180,/Users/aspen/PycharmProjects/CMPU-395-Project/data/streetview_images/2006180.0_1271.jpg
2006180,/Users/aspen/PycharmProjects/CMPU-395-Project/data/streetview_images/2006180.0_1272.jpg
2006180,/Users/aspen/PycharmProjects/CMPU-395-Project/data/streetview_images/2006180.0_1273.jpg
2006180,/Users/aspen/PycharmProjects/CMPU-395-Project/data/streetview_images/2006180.0_1274.jpg
2006180,/Users/aspen/PycharmProjects/CMPU-395-Project/data/streetview_images/2006180.0_1275.jpg
2006180,/Users/aspen/PycharmProjects/CMPU-395-Project/data/streetview_images/2006180.0_1276.jpg
2007020,/Users/aspen/PycharmProjects/CMPU-395-Project/data/streetview_images/2007020.0_1277.jpg
2007020,/Users/aspen/PycharmProjects/CMPU-395-Project/data/streetview_images/2007020.0_1278.jpg
2007020,/Users/aspen/PycharmProjects/CMPU-395-Project/data/streetview_images/2007020.0_1279.jpg
2007020,/Users/aspen/PycharmProjects/CMPU-395-Project/data/streetview_images/2007020.0_1280.jpg
2007020,/Users/aspen/PycharmProjects/CMPU-395-Project/data/streetview_images/2007020.0_1281.jpg
2009390,/Users/aspen/PycharmProjects/CMPU-395-Project/data/streetview_images/2009390.0_1282.jpg
2009390,/Users/aspen/PycharmProjects/CMPU-395-Project/data/streetview_images/2009390.0_1283.jpg
2009390,/Users/aspen/PycharmProjects/CMPU-395-Project/data/streetview_images/2009390.0_1284.jpg
2009390,/Users/aspen/PycharmProjects/CMPU-395-Project/data/streetview_images/2009390.0_1285.jpg
2009390,/Users/aspen/PycharmProjects/CMPU-395-Project/data/streetview_images/2009390.0_1286.jpg
2009390,/Users/aspen/PycharmProjects/CMPU-395-Project/data/streetview_images/2009390.0_1287.jpg
2009390,/Users/aspen/PycharmProjects/CMPU-395-Project/data/streetview_images/2009390.0_1288.jpg
2009390,/Users/aspen/PycharmProjects/CMPU-395-Project/data/streetview_images/2009390.0_1289.jpg
2009780,/Users/aspen/PycharmProjects/CMPU-395-Project/data/streetview_images/2009780.0_1290.jpg
2009780,/Users/aspen/PycharmProjects/CMPU-395-Project/data/streetview_images/2009780.0_1291.jpg
2009780,/Users/aspen/PycharmProjects/CMPU-395-Project/data/streetview_images/2009780.0_1292.jpg
2009780,/Users/aspen/PycharmProjects/CMPU-395-Project/data/streetview_images/2009780.0_1293.jpg
2009780,/Users/aspen/PycharmProjects/CMPU-395-Project/data/streetview_images/2009780.0_1294.jpg
2009780,/Users/aspen/PycharmProjects/CMPU-395-Project/data/streetview_images/2009780.0_1295.jpg
2009780,/Users/aspen/PycharmProjects/CMPU-395-Project/data/streetview_images/2009780.0_1296.jpg
2009780,/Users/aspen/PycharmProjects/CMPU-395-Project/data/streetview_images/2009780.0_1297.jpg
2009780,/Users/aspen/PycharmProjects/CMPU-395-Project/data/streetview_images/2009780.0_1298.jpg
2009780,/Users/aspen/PycharmProjects/CMPU-395-Project/data/streetview_images/2009780.0_1299.jpg
2009840,/Users/aspen/PycharmProjects/CMPU-395-Project/data/streetview_images/2009840.0_1300.jpg
2009840,/Users/aspen/PycharmProjects/CMPU-395-Project/data/streetview_images/2009840.0_1301.jpg
2009840,/Users/aspen/PycharmProjects/CMPU-395-Project/data/streetview_images/2009840.0_1302.jpg
2009840,/Users/aspen/PycharmProjects/CMPU-395-Project/data/streetview_images/2009840.0_1303.jpg
2009840,/Users/aspen/PycharmProjects/CMPU-395-Project/data/streetview_images/2009840.0_1304.jpg
2009840,/Users/aspen/PycharmProjects/CMPU-395-Project/data/streetview_images/2009840.0_1305.jpg
2009840,/Users/aspen/PycharmProjects/CMPU-395-Project/data/streetview_images/2009840.0_1306.jpg
2009840,/Users/aspen/PycharmProjects/CMPU-395-Project/data/streetview_images/2009840.0_1307.jpg
2009840,/Users/aspen/PycharmProjects/CMPU-395-Project/data/streetview_images/2009840.0_1308.jpg
2009840,/Users/aspen/PycharmProjects/CMPU-395-Project/data/streetview_images/2009840.0_1309.jpg
2009840,/Users/aspen/PycharmProjects/CMPU-395-Project/data/streetview_images/2009840.0_1310.jpg
2009840,/Users/aspen/PycharmProjects/CMPU-395-Project/data/streetview_images/2009840.0_1311.jpg
2009840,/Users/aspen/PycharmProjects/CMPU-395-Project/data/streetview_images/2009840.0_1312.jpg
2009840,/Users/aspen/PycharmProjects/CMPU-395-Project/data/streetview_images/2009840.0_1313.jpg
2009900,/Users/aspen/PycharmProjects/CMPU-395-Project/data/streetview_images/2009900.0_1314.jpg
2009900,/Users/aspen/PycharmProjects/CMPU-395-Project/data/streetview_images/2009900.0_1315.jpg
2011640,/Users/aspen/PycharmProjects/CMPU-395-Project/data/streetview_images/2011640.0_1316.jpg
2011640,/Users/aspen/PycharmProjects/CMPU-395-Project/data/streetview_images/2011640.0_1317.jpg
2011640,/Users/aspen/PycharmProjects/CMPU-395-Project/data/streetview_images/2011640.0_1318.jpg
2011640,/Users/aspen/PycharmProjects/CMPU-395-Project/data/streetview_images/2011640.0_1319.jpg
2011640,/Users/aspen/PycharmProjects/CMPU-395-Project/data/streetview_images/2011640.0_1320.jpg
2011640,/Users/aspen/PycharmProjects/CMPU-395-Project/data/streetview_images/2011640.0_1321.jpg
2011640,/Users/aspen/PycharmProjects/CMPU-395-Project/data/streetview_images/2011640.0_1322.jpg
2011640,/Users/aspen/PycharmProjects/CMPU-395-Project/data/streetview_images/2011640.0_1323.jpg
2011640,/Users/aspen/PycharmProjects/CMPU-395-Project/data/streetview_images/2011640.0_1324.jpg
2011640,/Users/aspen/PycharmProjects/CMPU-395-Project/data/streetview_images/2011640.0_1325.jpg
2011640,/Users/aspen/PycharmProjects/CMPU-395-Project/data/streetview_images/2011640.0_1326.jpg
2011640,/Users/aspen/PycharmProjects/CMPU-395-Project/data/streetview_images/2011640.0_1327.jpg
2011640,/Users/aspen/PycharmProjects/CMPU-395-Project/data/streetview_images/2011640.0_1328.jpg
2011640,/Users/aspen/PycharmProjects/CMPU-395-Project/data/streetview_images/2011640.0_1329.jpg
2011640,/Users/aspen/PycharmProjects/CMPU-395-Project/data/streetview_images/2011640.0_1330.jpg
2011640,/Users/aspen/PycharmProjects/CMPU-395-Project/data/streetview_images/2011640.0_1331.jpg
2011640,/Users/aspen/PycharmProjects/CMPU-395-Project/data/streetview_images/2011640.0_1332.jpg
2011640,/Users/aspen/PycharmProjects/CMPU-395-Project/data/streetview_images/2011640.0_1333.jpg
2011640,/Users/aspen/PycharmProjects/CMPU-395-Project/data/streetview_images/2011640.0_1334.jpg
2011640,/Users/aspen/PycharmProjects/CMPU-395-Project/data/streetview_images/2011640.0_1335.jpg
2011640,/Users/aspen/PycharmProjects/CMPU-395-Project/data/streetview_images/2011640.0_1336.jpg
2011640,/Users/aspen/PycharmProjects/CMPU-395-Project/data/streetview_images/2011640.0_1337.jpg
2011640,/Users/aspen/PycharmProjects/CMPU-395-Project/data/streetview_images/2011640.0_1338.jpg
2011640,/Users/aspen/PycharmProjects/CMPU-395-Project/data/streetview_images/2011640.0_1339.jpg
2011640,/Users/aspen/PycharmProjects/CMPU-395-Project/data/streetview_images/2011640.0_1340.jpg
2011640,/Users/aspen/PycharmProjects/CMPU-395-Project/data/streetview_images/2011640.0_1341.jpg
2011640,/Users/aspen/PycharmProjects/CMPU-395-Project/data/streetview_images/2011640.0_1342.jpg
2011640,/Users/aspen/PycharmProjects/CMPU-395-Project/data/streetview_images/2011640.0_1343.jpg
2011640,/Users/aspen/PycharmProjects/CMPU-395-Project/data/streetview_images/2011640.0_1344.jpg
2011640,/Users/aspen/PycharmProjects/CMPU-395-Project/data/streetview_images/2011640.0_1345.jpg
2011640,/Users/aspen/PycharmProjects/CMPU-395-Project/data/streetview_images/2011640.0_1346.jpg
2011640,/Users/aspen/PycharmProjects/CMPU-395-Project/data/streetview_images/2011640.0_1347.jpg
2011640,/Users/aspen/PycharmProjects/CMPU-395-Project/data/streetview_images/2011640.0_1348.jpg
2011640,/Users/aspen/PycharmProjects/CMPU-395-Project/data/streetview_images/2011640.0_1349.jpg
2011640,/Users/aspen/PycharmProjects/CMPU-395-Project/data/streetview_images/2011640.0_1350.jpg
2011640,/Users/aspen/PycharmProjects/CMPU-395-Project/data/streetview_images/2011640.0_1351.jpg
2011640,/Users/aspen/PycharmProjects/CMPU-395-Project/data/streetview_images/2011640.0_1352.jpg
2011640,/Users/aspen/PycharmProjects/CMPU-395-Project/data/streetview_images/2011640.0_1353.jpg
2011640,/Users/aspen/PycharmProjects/CMPU-395-Project/data/streetview_images/2011640.0_1354.jpg
2011640,/Users/aspen/PycharmProjects/CMPU-395-Project/data/streetview_images/2011640.0_1355.jpg
2011880,/Users/aspen/PycharmProjects/CMPU-395-Project/data/streetview_images/2011880.0_1356.jpg
2011880,/Users/aspen/PycharmProjects/CMPU-395-Project/data/streetview_images/2011880.0_1357.jpg
2012180,/Users/aspen/PycharmProjects/CMPU-395-Project/data/streetview_images/2012180.0_1358.jpg
2012180,/Users/aspen/PycharmProjects/CMPU-395-Project/data/streetview_images/2012180.0_1359.jpg
2012180,/Users/aspen/PycharmProjects/CMPU-395-Project/data/streetview_images/2012180.0_1360.jpg
2012180,/Users/aspen/PycharmProjects/CMPU-395-Project/data/streetview_images/2012180.0_1361.jpg
2012180,/Users/aspen/PycharmProjects/CMPU-395-Project/data/streetview_images/2012180.0_1362.jpg
2012180,/Users/aspen/PycharmProjects/CMPU-395-Project/data/streetview_images/2012180.0_1363.jpg
2012180,/Users/aspen/PycharmProjects/CMPU-395-Project/data/streetview_images/2012180.0_1364.jpg
2012180,/Users/aspen/PycharmProjects/CMPU-395-Project/data/streetview_images/2012180.0_1365.jpg
2012180,/Users/aspen/PycharmProjects/CMPU-395-Project/data/streetview_images/2012180.0_1366.jpg
2012180,/Users/aspen/PycharmProjects/CMPU-395-Project/data/streetview_images/2012180.0_1367.jpg
2012180,/Users/aspen/PycharmProjects/CMPU-395-Project/data/streetview_images/2012180.0_1368.jpg
2012180,/Users/aspen/PycharmProjects/CMPU-395-Project/data/streetview_images/2012180.0_1369.jpg
2012180,/Users/aspen/PycharmProjects/CMPU-395-Project/data/streetview_images/2012180.0_1370.jpg
2012180,/Users/aspen/PycharmProjects/CMPU-395-Project/data/streetview_images/2012180.0_1371.jpg
2012180,/Users/aspen/PycharmProjects/CMPU-395-Project/data/streetview_images/2012180.0_1372.jpg
2012180,/Users/aspen/PycharmProjects/CMPU-395-Project/data/streetview_images/2012180.0_1373.jpg
2100300,/Users/aspen/PycharmProjects/CMPU-395-Project/data/streetview_images/2100300.0_1374.jpg
2100300,/Users/aspen/PycharmProjects/CMPU-395-Project/data/streetview_images/2100300.0_1375.jpg
2100300,/Users/aspen/PycharmProjects/CMPU-395-Project/data/streetview_images/2100300.0_1376.jpg
2100300,/Users/aspen/PycharmProjects/CMPU-395-Project/data/streetview_images/2100300.0_1377.jpg
2100300,/Users/aspen/PycharmProjects/CMPU-395-Project/data/streetview_images/2100300.0_1378.jpg
2100300,/Users/aspen/PycharmProjects/CMPU-395-Project/data/streetview_images/2100300.0_1379.jpg
2100300,/Users/aspen/PycharmProjects/CMPU-395-Project/data/streetview_images/2100300.0_1380.jpg
2100300,/Users/aspen/PycharmProjects/CMPU-395-Project/data/streetview_images/2100300.0_1381.jpg
2100300,/Users/aspen/PycharmProjects/CMPU-395-Project/data/streetview_images/2100300.0_1382.jpg
2100300,/Users/aspen/PycharmProjects/CMPU-395-Project/data/streetview_images/2100300.0_1383.jpg
2100300,/Users/aspen/PycharmProjects/CMPU-395-Project/data/streetview_images/2100300.0_1384.jpg
2100300,/Users/aspen/PycharmProjects/CMPU-395-Project/data/streetview_images/2100300.0_1385.jpg
2100300,/Users/aspen/PycharmProjects/CMPU-395-Project/data/streetview_images/2100300.0_1386.jpg
2100300,/Users/aspen/PycharmProjects/CMPU-395-Project/data/streetview_images/2100300.0_1387.jpg
2100300,/Users/aspen/PycharmProjects/CMPU-395-Project/data/streetview_images/2100300.0_1388.jpg
2100300,/Users/aspen/PycharmProjects/CMPU-395-Project/data/streetview_images/2100300.0_1389.jpg
2100300,/Users/aspen/PycharmProjects/CMPU-395-Project/data/streetview_images/2100300.0_1390.jpg
2100300,/Users/aspen/PycharmProjects/CMPU-395-Project/data/streetview_images/2100300.0_1391.jpg
2101050,/Users/aspen/PycharmProjects/CMPU-395-Project/data/streetview_images/2101050.0_1392.jpg
2101050,/Users/aspen/PycharmProjects/CMPU-395-Project/data/streetview_images/2101050.0_1393.jpg
2101050,/Users/aspen/PycharmProjects/CMPU-395-Project/data/streetview_images/2101050.0_1394.jpg
2101050,/Users/aspen/PycharmProjects/CMPU-395-Project/data/streetview_images/2101050.0_1395.jpg
2101050,/Users/aspen/PycharmProjects/CMPU-395-Project/data/streetview_images/2101050.0_1396.jpg
2101050,/Users/aspen/PycharmProjects/CMPU-395-Project/data/streetview_images/2101050.0_1397.jpg
2101050,/Users/aspen/PycharmProjects/CMPU-395-Project/data/streetview_images/2101050.0_1398.jpg
2101050,/Users/aspen/PycharmProjects/CMPU-395-Project/data/streetview_images/2101050.0_1399.jpg
2101050,/Users/aspen/PycharmProjects/CMPU-395-Project/data/streetview_images/2101050.0_1400.jpg
2101230,/Users/aspen/PycharmProjects/CMPU-395-Project/data/streetview_images/2101230.0_1401.jpg
2101230,/Users/aspen/PycharmProjects/CMPU-395-Project/data/streetview_images/2101230.0_1402.jpg
2101230,/Users/aspen/PycharmProjects/CMPU-395-Project/data/streetview_images/2101230.0_1403.jpg
2101230,/Users/aspen/PycharmProjects/CMPU-395-Project/data/streetview_images/2101230.0_1404.jpg
2101800,/Users/aspen/PycharmProjects/CMPU-395-Project/data/streetview_images/2101800.0_1405.jpg
2101800,/Users/aspen/PycharmProjects/CMPU-395-Project/data/streetview_images/2101800.0_1406.jpg
2101800,/Users/aspen/PycharmProjects/CMPU-395-Project/data/streetview_images/2101800.0_1407.jpg
2101800,/Users/aspen/PycharmProjects/CMPU-395-Project/data/streetview_images/2101800.0_1408.jpg
2101800,/Users/aspen/PycharmProjects/CMPU-395-Project/data/streetview_images/2101800.0_1409.jpg
2101800,/Users/aspen/PycharmProjects/CMPU-395-Project/data/streetview_images/2101800.0_1410.jpg
2101800,/Users/aspen/PycharmProjects/CMPU-395-Project/data/streetview_images/2101800.0_1411.jpg
2101800,/Users/aspen/PycharmProjects/CMPU-395-Project/data/streetview_images/2101800.0_1412.jpg
2101800,/Users/aspen/PycharmProjects/CMPU-395-Project/data/streetview_images/2101800.0_1413.jpg
2101800,/Users/aspen/PycharmProjects/CMPU-395-Project/data/streetview_images/2101800.0_1414.jpg
2101800,/Users/aspen/PycharmProjects/CMPU-395-Project/data/streetview_images/2101800.0_1415.jpg
2101800,/Users/aspen/PycharmProjects/CMPU-395-Project/data/streetview_images/2101800.0_1416.jpg
2101800,/Users/aspen/PycharmProjects/CMPU-395-Project/data/streetview_images/2101800.0_1417.jpg
2101800,/Users/aspen/PycharmProjects/CMPU-395-Project/data/streetview_images/2101800.0_1418.jpg
2101800,/Users/aspen/PycharmProjects/CMPU-395-Project/data/streetview_images/2101800.0_1419.jpg
2101800,/Users/aspen/PycharmProjects/CMPU-395-Project/data/streetview_images/2101800.0_1420.jpg
2101800,/Users/aspen/PycharmProjects/CMPU-395-Project/data/streetview_images/2101800.0_1421.jpg
2101800,/Users/aspen/PycharmProjects/CMPU-395-Project/data/streetview_images/2101800.0_1422.jpg
2101800,/Users/aspen/PycharmProjects/CMPU-395-Project/data/streetview_images/2101800.0_1423.jpg
2101800,/Users/aspen/PycharmProjects/CMPU-395-Project/data/streetview_images/2101800.0_1424.jpg
2101800,/Users/aspen/PycharmProjects/CMPU-395-Project/data/streetview_images/2101800.0_1425.jpg
2101800,/Users/aspen/PycharmProjects/CMPU-395-Project/data/streetview_images/2101800.0_1426.jpg
2101800,/Users/aspen/PycharmProjects/CMPU-395-Project/data/streetview_images/2101800.0_1427.jpg
2101800,/Users/aspen/PycharmProjects/CMPU-395-Project/data/streetview_images/2101800.0_1428.jpg
2101800,/Users/aspen/PycharmProjects/CMPU-395-Project/data/streetview_images/2101800.0_1429.jpg
2101800,/Users/aspen/PycharmProjects/CMPU-395-Project/data/streetview_images/2101800.0_1430.jpg
2101800,/Users/aspen/PycharmProjects/CMPU-395-Project/data/streetview_images/2101800.0_1431.jpg
2101800,/Users/aspen/PycharmProjects/CMPU-395-Project/data/streetview_images/2101800.0_1432.jpg
2101800,/Users/aspen/PycharmProjects/CMPU-395-Project/data/streetview_images/2101800.0_1433.jpg
2101800,/Users/aspen/PycharmProjects/CMPU-395-Project/data/streetview_images/2101800.0_1434.jpg
2101800,/Users/aspen/PycharmProjects/CMPU-395-Project/data/streetview_images/2101800.0_1435.jpg
2101800,/Users/aspen/PycharmProjects/CMPU-395-Project/data/streetview_images/2101800.0_1436.jpg
2101800,/Users/aspen/PycharmProjects/CMPU-395-Project/data/streetview_images/2101800.0_1437.jpg
2101800,/Users/aspen/PycharmProjects/CMPU-395-Project/data/streetview_images/2101800.0_1438.jpg
2101800,/Users/aspen/PycharmProjects/CMPU-395-Project/data/streetview_images/2101800.0_1439.jpg
2101800,/Users/aspen/PycharmProjects/CMPU-395-Project/data/streetview_images/2101800.0_1440.jpg
2101800,/Users/aspen/PycharmProjects/CMPU-395-Project/data/streetview_images/2101800.0_1441.jpg
2101800,/Users/aspen/PycharmProjects/CMPU-395-Project/data/streetview_images/2101800.0_1442.jpg
2101800,/Users/aspen/PycharmProjects/CMPU-395-Project/data/streetview_images/2101800.0_1443.jpg
2101800,/Users/aspen/PycharmProjects/CMPU-395-Project/data/streetview_images/2101800.0_1444.jpg
2104380,/Users/aspen/PycharmProjects/CMPU-395-Project/data/streetview_images/2104380.0_1445.jpg
2104380,/Users/aspen/PycharmProjects/CMPU-395-Project/data/streetview_images/2104380.0_1446.jpg
2104380,/Users/aspen/PycharmProjects/CMPU-395-Project/data/streetview_images/2104380.0_1447.jpg
2104380,/Users/aspen/PycharmProjects/CMPU-395-Project/data/streetview_images/2104380.0_1448.jpg
2104380,/Users/aspen/PycharmProjects/CMPU-395-Project/data/streetview_images/2104380.0_1449.jpg
2104380,/Users/aspen/PycharmProjects/CMPU-395-Project/data/streetview_images/2104380.0_1450.jpg
2104380,/Users/aspen/PycharmProjects/CMPU-395-Project/data/streetview_images/2104380.0_1451.jpg
2104380,/Users/aspen/PycharmProjects/CMPU-395-Project/data/streetview_images/2104380.0_1452.jpg
2104380,/Users/aspen/PycharmProjects/CMPU-395-Project/data/streetview_images/2104380.0_1453.jpg
2104380,/Users/aspen/PycharmProjects/CMPU-395-Project/data/streetview_images/2104380.0_1454.jpg
2104380,/Users/aspen/PycharmProjects/CMPU-395-Project/data/streetview_images/2104380.0_1455.jpg
2104380,/Users/aspen/PycharmProjects/CMPU-395-Project/data/streetview_images/2104380.0_1456.jpg
2104380,/Users/aspen/PycharmProjects/CMPU-395-Project/data/streetview_images/2104380.0_1457.jpg
2104380,/Users/aspen/PycharmProjects/CMPU-395-Project/data/streetview_images/2104380.0_1458.jpg
2104380,/Users/aspen/PycharmProjects/CMPU-395-Project/data/streetview_images/2104380.0_1459.jpg
2104380,/Users/aspen/PycharmProjects/CMPU-395-Project/data/streetview_images/2104380.0_1460.jpg
2104380,/Users/aspen/PycharmProjects/CMPU-395-Project/data/streetview_images/2104380.0_1461.jpg
2104380,/Users/aspen/PycharmProjects/CMPU-395-Project/data/streetview_images/2104380.0_1462.jpg
2104380,/Users/aspen/PycharmProjects/CMPU-395-Project/data/streetview_images/2104380.0_1463.jpg
2104380,/Users/aspen/PycharmProjects/CMPU-395-Project/data/streetview_images/2104380.0_1464.jpg
2104380,/Users/aspen/PycharmProjects/CMPU-395-Project/data/streetview_images/2104380.0_1465.jpg
2104380,/Users/aspen/PycharmProjects/CMPU-395-Project/data/streetview_images/2104380.0_1466.jpg
2104380,/Users/aspen/PycharmProjects/CMPU-395-Project/data/streetview_images/2104380.0_1467.jpg
2104380,/Users/aspen/PycharmProjects/CMPU-395-Project/data/streetview_images/2104380.0_1468.jpg
2104380,/Users/aspen/PycharmProjects/CMPU-395-Project/data/streetview_images/2104380.0_1469.jpg
2104380,/Users/aspen/PycharmProjects/CMPU-395-Project/data/streetview_images/2104380.0_1470.jpg
2104380,/Users/aspen/PycharmProjects/CMPU-395-Project/data/streetview_images/2104380.0_1471.jpg
2104380,/Users/aspen/PycharmProjects/CMPU-395-Project/data/streetview_images/2104380.0_1472.jpg
2104380,/Users/aspen/PycharmProjects/CMPU-395-Project/data/streetview_images/2104380.0_1473.jpg
2104380,/Users/aspen/PycharmProjects/CMPU-395-Project/data/streetview_images/2104380.0_1474.jpg
2104380,/Users/aspen/PycharmProjects/CMPU-395-Project/data/streetview_images/2104380.0_1475.jpg
2104380,/Users/aspen/PycharmProjects/CMPU-395-Project/data/streetview_images/2104380.0_1476.jpg
2104380,/Users/aspen/PycharmProjects/CMPU-395-Project/data/streetview_images/2104380.0_1477.jpg
2104380,/Users/aspen/PycharmProjects/CMPU-395-Project/data/streetview_images/2104380.0_1478.jpg
2104380,/Users/aspen/PycharmProjects/CMPU-395-Project/data/streetview_images/2104380.0_1479.jpg
2104380,/Users/aspen/PycharmProjects/CMPU-395-Project/data/streetview_images/2104380.0_1480.jpg
2104380,/Users/aspen/PycharmProjects/CMPU-395-Project/data/streetview_images/2104380.0_1481.jpg
2104380,/Users/aspen/PycharmProjects/CMPU-395-Project/data/streetview_images/2104380.0_1482.jpg
2104380,/Users/aspen/PycharmProjects/CMPU-395-Project/data/streetview_images/2104380.0_1483.jpg
2104380,/Users/aspen/PycharmProjects/CMPU-395-Project/data/streetview_images/2104380.0_1484.jpg
2105460,/Users/aspen/PycharmProjects/CMPU-395-Project/data/streetview_images/2105460.0_1485.jpg
2105460,/Users/aspen/PycharmProjects/CMPU-395-Project/data/streetview_images/2105460.0_1486.jpg
2105460,/Users/aspen/PycharmProjects/CMPU-395-Project/data/streetview_images/2105460.0_1487.jpg
2105460,/Users/aspen/PycharmProjects/CMPU-395-Project/data/streetview_images/2105460.0_1488.jpg
2105460,/Users/aspen/PycharmProjects/CMPU-395-Project/data/streetview_images/2105460.0_1489.jpg
2105460,/Users/aspen/PycharmProjects/CMPU-395-Project/data/streetview_images/2105460.0_1490.jpg
2105460,/Users/aspen/PycharmProjects/CMPU-395-Project/data/streetview_images/2105460.0_1491.jpg
2105460,/Users/aspen/PycharmProjects/CMPU-395-Project/data/streetview_images/2105460.0_1492.jpg
2105460,/Users/aspen/PycharmProjects/CMPU-395-Project/data/streetview_images/2105460.0_1493.jpg
2105460,/Users/aspen/PycharmProjects/CMPU-395-Project/data/streetview_images/2105460.0_1494.jpg
2105460,/Users/aspen/PycharmProjects/CMPU-395-Project/data/streetview_images/2105460.0_1495.jpg
2105460,/Users/aspen/PycharmProjects/CMPU-395-Project/data/streetview_images/2105460.0_1496.jpg
2105460,/Users/aspen/PycharmProjects/CMPU-395-Project/data/streetview_images/2105460.0_1497.jpg
2105460,/Users/aspen/PycharmProjects/CMPU-395-Project/data/streetview_images/2105460.0_1498.jpg
2105460,/Users/aspen/PycharmProjects/CMPU-395-Project/data/streetview_images/2105460.0_1499.jpg
2105460,/Users/aspen/PycharmProjects/CMPU-395-Project/data/streetview_images/2105460.0_1500.jpg
2105460,/Users/aspen/PycharmProjects/CMPU-395-Project/data/streetview_images/2105460.0_1501.jpg
2105460,/Users/aspen/PycharmProjects/CMPU-395-Project/data/streetview_images/2105460.0_1502.jpg
2105460,/Users/aspen/PycharmProjects/CMPU-395-Project/data/streetview_images/2105460.0_1503.jpg
2105460,/Users/aspen/PycharmProjects/CMPU-395-Project/data/streetview_images/2105460.0_1504.jpg
2105460,/Users/aspen/PycharmProjects/CMPU-395-Project/data/streetview_images/2105460.0_1505.jpg
2105460,/Users/aspen/PycharmProjects/CMPU-395-Project/data/streetview_images/2105460.0_1506.jpg
2105460,/Users/aspen/PycharmProjects/CMPU-395-Project/data/streetview_images/2105460.0_1507.jpg
2105460,/Users/aspen/PycharmProjects/CMPU-395-Project/data/streetview_images/2105460.0_1508.jpg
2105460,/Users/aspen/PycharmProjects/CMPU-395-Project/data/streetview_images/2105460.0_1509.jpg
2105460,/Users/aspen/PycharmProjects/CMPU-395-Project/data/streetview_images/2105460.0_1510.jpg
2105460,/Users/aspen/PycharmProjects/CMPU-395-Project/data/streetview_images/2105460.0_1511.jpg
2105460,/Users/aspen/PycharmProjects/CMPU-395-Project/data/streetview_images/2105460.0_1512.jpg
2105460,/Users/aspen/PycharmProjects/CMPU-395-Project/data/streetview_images/2105460.0_1513.jpg
2105460,/Users/aspen/PycharmProjects/CMPU-395-Project/data/streetview_images/2105460.0_1514.jpg
2105460,/Users/aspen/PycharmProjects/CMPU-395-Project/data/streetview_images/2105460.0_1515.jpg
2105460,/Users/aspen/PycharmProjects/CMPU-395-Project/data/streetview_images/2105460.0_1516.jpg
2105460,/Users/aspen/PycharmProjects/CMPU-395-Project/data/streetview_images/2105460.0_1517.jpg
2105460,/Users/aspen/PycharmProjects/CMPU-395-Project/data/streetview_images/2105460.0_1518.jpg
2105460,/Users/aspen/PycharmProjects/CMPU-395-Project/data/streetview_images/2105460.0_1519.jpg
2105460,/Users/aspen/PycharmProjects/CMPU-395-Project/data/streetview_images/2105460.0_1520.jpg
2105460,/Users/aspen/PycharmProjects/CMPU-395-Project/data/streetview_images/2105460.0_1521.jpg
2105460,/Users/aspen/PycharmProjects/CMPU-395-Project/data/streetview_images/2105460.0_1522.jpg
2105460,/Users/aspen/PycharmProjects/CMPU-395-Project/data/streetview_images/2105460.0_1523.jpg
2105460,/Users/aspen/PycharmProjects/CMPU-395-Project/data/streetview_images/2105460.0_1524.jpg
2200240,/Users/aspen/PycharmProjects/CMPU-395-Project/data/streetview_images/2200240.0_1525.jpg
2200240,/Users/aspen/PycharmProjects/CMPU-395-Project/data/streetview_images/2200240.0_1526.jpg
2200240,/Users/aspen/PycharmProjects/CMPU-395-Project/data/streetview_images/2200240.0_1527.jpg
2200240,/Users/aspen/PycharmProjects/CMPU-395-Project/data/streetview_images/2200240.0_1528.jpg
2200240,/Users/aspen/PycharmProjects/CMPU-395-Project/data/streetview_images/2200240.0_1529.jpg
2200240,/Users/aspen/PycharmProjects/CMPU-395-Project/data/streetview_images/2200240.0_1530.jpg
2200240,/Users/aspen/PycharmProjects/CMPU-395-Project/data/streetview_images/2200240.0_1531.jpg
2200240,/Users/aspen/PycharmProjects/CMPU-395-Project/data/streetview_images/2200240.0_1532.jpg
2200240,/Users/aspen/PycharmProjects/CMPU-395-Project/data/streetview_images/2200240.0_1533.jpg
2200240,/Users/aspen/PycharmProjects/CMPU-395-Project/data/streetview_images/2200240.0_1534.jpg
2200240,/Users/aspen/PycharmProjects/CMPU-395-Project/data/streetview_images/2200240.0_1535.jpg
2200240,/Users/aspen/PycharmProjects/CMPU-395-Project/data/streetview_images/2200240.0_1536.jpg
2200240,/Users/aspen/PycharmProjects/CMPU-395-Project/data/streetview_images/2200240.0_1537.jpg
2200240,/Users/aspen/PycharmProjects/CMPU-395-Project/data/streetview_images/2200240.0_1538.jpg
2200240,/Users/aspen/PycharmProjects/CMPU-395-Project/data/streetview_images/2200240.0_1539.jpg
2200240,/Users/aspen/PycharmProjects/CMPU-395-Project/data/streetview_images/2200240.0_1540.jpg
2200240,/Users/aspen/PycharmProjects/CMPU-395-Project/data/streetview_images/2200240.0_1541.jpg
2200240,/Users/aspen/PycharmProjects/CMPU-395-Project/data/streetview_images/2200240.0_1542.jpg
2200240,/Users/aspen/PycharmProjects/CMPU-395-Project/data/streetview_images/2200240.0_1543.jpg
2200780,/Users/aspen/PycharmProjects/CMPU-395-Project/data/streetview_images/2200780.0_1544.jpg
2200780,/Users/aspen/PycharmProjects/CMPU-395-Project/data/streetview_images/2200780.0_1545.jpg
2200780,/Users/aspen/PycharmProjects/CMPU-395-Project/data/streetview_images/2200780.0_1546.jpg
2200780,/Users/aspen/PycharmProjects/CMPU-395-Project/data/streetview_images/2200780.0_1547.jpg
2300062,/Users/aspen/PycharmProjects/CMPU-395-Project/data/streetview_images/2300062.0_1548.jpg
2300062,/Users/aspen/PycharmProjects/CMPU-395-Project/data/streetview_images/2300062.0_1549.jpg
2307140,/Users/aspen/PycharmProjects/CMPU-395-Project/data/streetview_images/2307140.0_1550.jpg
2307140,/Users/aspen/PycharmProjects/CMPU-395-Project/data/streetview_images/2307140.0_1551.jpg
2307140,/Users/aspen/PycharmProjects/CMPU-395-Project/data/streetview_images/2307140.0_1552.jpg
2307140,/Users/aspen/PycharmProjects/CMPU-395-Project/data/streetview_images/2307140.0_1553.jpg
2307140,/Users/aspen/PycharmProjects/CMPU-395-Project/data/streetview_images/2307140.0_1554.jpg
2307140,/Users/aspen/PycharmProjects/CMPU-395-Project/data/streetview_images/2307140.0_1555.jpg
2307140,/Users/aspen/PycharmProjects/CMPU-395-Project/data/streetview_images/2307140.0_1556.jpg
2307140,/Users/aspen/PycharmProjects/CMPU-395-Project/data/streetview_images/2307140.0_1557.jpg
2307140,/Users/aspen/PycharmProjects/CMPU-395-Project/data/streetview_images/2307140.0_1558.jpg
2307140,/Users/aspen/PycharmProjects/CMPU-395-Project/data/streetview_images/2307140.0_1559.jpg
2307140,/Users/aspen/PycharmProjects/CMPU-395-Project/data/streetview_images/2307140.0_1560.jpg
2307140,/Users/aspen/PycharmProjects/CMPU-395-Project/data/streetview_images/2307140.0_1561.jpg
2307140,/Users/aspen/PycharmProjects/CMPU-395-Project/data/streetview_images/2307140.0_1562.jpg
2307140,/Users/aspen/PycharmProjects/CMPU-395-Project/data/streetview_images/2307140.0_1563.jpg
2307140,/Users/aspen/PycharmProjects/CMPU-395-Project/data/streetview_images/2307140.0_1564.jpg
2307140,/Users/aspen/PycharmProjects/CMPU-395-Project/data/streetview_images/2307140.0_1565.jpg
2307140,/Users/aspen/PycharmProjects/CMPU-395-Project/data/streetview_images/2307140.0_1566.jpg
2307140,/Users/aspen/PycharmProjects/CMPU-395-Project/data/streetview_images/2307140.0_1567.jpg
2307140,/Users/aspen/PycharmProjects/CMPU-395-Project/data/streetview_images/2307140.0_1568.jpg
2307140,/Users/aspen/PycharmProjects/CMPU-395-Project/data/streetview_images/2307140.0_1569.jpg
2307140,/Users/aspen/PycharmProjects/CMPU-395-Project/data/streetview_images/2307140.0_1570.jpg
2307140,/Users/aspen/PycharmProjects/CMPU-395-Project/data/streetview_images/2307140.0_1571.jpg
2307140,/Users/aspen/PycharmProjects/CMPU-395-Project/data/streetview_images/2307140.0_1572.jpg
2307140,/Users/aspen/PycharmProjects/CMPU-395-Project/data/streetview_images/2307140.0_1573.jpg
2311370,/Users/aspen/PycharmProjects/CMPU-395-Project/data/streetview_images/2311370.0_1574.jpg
2311370,/Users/aspen/PycharmProjects/CMPU-395-Project/data/streetview_images/2311370.0_1575.jpg
2311370,/Users/aspen/PycharmProjects/CMPU-395-Project/data/streetview_images/2311370.0_1576.jpg
2311370,/Users/aspen/PycharmProjects/CMPU-395-Project/data/streetview_images/2311370.0_1577.jpg
2311370,/Users/aspen/PycharmProjects/CMPU-395-Project/data/streetview_images/2311370.0_1578.jpg
2311370,/Users/aspen/PycharmProjects/CMPU-395-Project/data/streetview_images/2311370.0_1579.jpg
2311370,/Users/aspen/PycharmProjects/CMPU-395-Project/data/streetview_images/2311370.0_1580.jpg
2311370,/Users/aspen/PycharmProjects/CMPU-395-Project/data/streetview_images/2311370.0_1581.jpg
2311370,/Users/aspen/PycharmProjects/CMPU-395-Project/data/streetview_images/2311370.0_1582.jpg
2311370,/Users/aspen/PycharmProjects/CMPU-395-Project/data/streetview_images/2311370.0_1583.jpg
2312960,/Users/aspen/PycharmProjects/CMPU-395-Project/data/streetview_images/2312960.0_1584.jpg
2312960,/Users/aspen/PycharmProjects/CMPU-395-Project/data/streetview_images/2312960.0_1585.jpg
2312960,/Users/aspen/PycharmProjects/CMPU-395-Project/data/streetview_images/2312960.0_1586.jpg
2314761,/Users/aspen/PycharmProjects/CMPU-395-Project/data/streetview_images/2314761.0_1587.jpg
2314761,/Users/aspen/PycharmProjects/CMPU-395-Project/data/streetview_images/2314761.0_1588.jpg
2314761,/Users/aspen/PycharmProjects/CMPU-395-Project/data/streetview_images/2314761.0_1589.jpg
2314761,/Users/aspen/PycharmProjects/CMPU-395-Project/data/streetview_images/2314761.0_1590.jpg
2314761,/Users/aspen/PycharmProjects/CMPU-395-Project/data/streetview_images/2314761.0_1591.jpg
2314761,/Users/aspen/PycharmProjects/CMPU-395-Project/data/streetview_images/2314761.0_1592.jpg
2314761,/Users/aspen/PycharmProjects/CMPU-395-Project/data/streetview_images/2314761.0_1593.jpg
2314761,/Users/aspen/PycharmProjects/CMPU-395-Project/data/streetview_images/2314761.0_1594.jpg
2508730,/Users/aspen/PycharmProjects/CMPU-395-Project/data/streetview_images/2508730.0_1595.jpg
2508730,/Users/aspen/PycharmProjects/CMPU-395-Project/data/streetview_images/2508730.0_1596.jpg
2508730,/Users/aspen/PycharmProjects/CMPU-395-Project/data/streetview_images/2508730.0_1597.jpg
2508730,/Users/aspen/PycharmProjects/CMPU-395-Project/data/streetview_images/2508730.0_1598.jpg
2508730,/Users/aspen/PycharmProjects/CMPU-395-Project/data/streetview_images/2508730.0_1599.jpg
2508730,/Users/aspen/PycharmProjects/CMPU-395-Project/data/streetview_images/2508730.0_1600.jpg
2508730,/Users/aspen/PycharmProjects/CMPU-395-Project/data/streetview_images/2508730.0_1601.jpg
2508730,/Users/aspen/PycharmProjects/CMPU-395-Project/data/streetview_images/2508730.0_1602.jpg
2508730,/Users/aspen/PycharmProjects/CMPU-395-Project/data/streetview_images/2508730.0_1603.jpg
2508730,/Users/aspen/PycharmProjects/CMPU-395-Project/data/streetview_images/2508730.0_1604.jpg
2508730,/Users/aspen/PycharmProjects/CMPU-395-Project/data/streetview_images/2508730.0_1605.jpg
2508730,/Users/aspen/PycharmProjects/CMPU-395-Project/data/streetview_images/2508730.0_1606.jpg
2508730,/Users/aspen/PycharmProjects/CMPU-395-Project/data/streetview_images/2508730.0_1607.jpg
2508730,/Users/aspen/PycharmProjects/CMPU-395-Project/data/streetview_images/2508730.0_1608.jpg
2508730,/Users/aspen/PycharmProjects/CMPU-395-Project/data/streetview_images/2508730.0_1609.jpg
2508730,/Users/aspen/PycharmProjects/CMPU-395-Project/data/streetview_images/2508730.0_1610.jpg
2508730,/Users/aspen/PycharmProjects/CMPU-395-Project/data/streetview_images/2508730.0_1611.jpg
2508730,/Users/aspen/PycharmProjects/CMPU-395-Project/data/streetview_images/2508730.0_1612.jpg
2508730,/Users/aspen/PycharmProjects/CMPU-395-Project/data/streetview_images/2508730.0_1613.jpg
2508730,/Users/aspen/PycharmProjects/CMPU-395-Project/data/streetview_images/2508730.0_1614.jpg
2508730,/Users/aspen/PycharmProjects/CMPU-395-Project/data/streetview_images/2508730.0_1615.jpg
2508730,/Users/aspen/PycharmProjects/CMPU-395-Project/data/streetview_images/2508730.0_1616.jpg
2508730,/Users/aspen/PycharmProjects/CMPU-395-Project/data/streetview_images/2508730.0_1617.jpg
2508730,/Users/aspen/PycharmProjects/CMPU-395-Project/data/streetview_images/2508730.0_1618.jpg
2508730,/Users/aspen/PycharmProjects/CMPU-395-Project/data/streetview_images/2508730.0_1619.jpg
2508730,/Users/aspen/PycharmProjects/CMPU-395-Project/data/streetview_images/2508730.0_1620.jpg
2508730,/Users/aspen/PycharmProjects/CMPU-395-Project/data/streetview_images/2508730.0_1621.jpg
2508730,/Users/aspen/PycharmProjects/CMPU-395-Project/data/streetview_images/2508730.0_1622.jpg
2508730,/Users/aspen/PycharmProjects/CMPU-395-Project/data/streetview_images/2508730.0_1623.jpg
2508730,/Users/aspen/PycharmProjects/CMPU-395-Project/data/streetview_images/2508730.0_1624.jpg
2508730,/Users/aspen/PycharmProjects/CMPU-395-Project/data/streetview_images/2508730.0_1625.jpg
2508730,/Users/aspen/PycharmProjects/CMPU-395-Project/data/streetview_images/2508730.0_1626.jpg
2508730,/Users/aspen/PycharmProjects/CMPU-395-Project/data/streetview_images/2508730.0_1627.jpg
2508730,/Users/aspen/PycharmProjects/CMPU-395-Project/data/streetview_images/2508730.0_1628.jpg
2508730,/Users/aspen/PycharmProjects/CMPU-395-Project/data/streetview_images/2508730.0_1629.jpg
2508730,/Users/aspen/PycharmProjects/CMPU-395-Project/data/streetview_images/2508730.0_1630.jpg
2508730,/Users/aspen/PycharmProjects/CMPU-395-Project/data/streetview_images/2508730.0_1631.jpg
2508730,/Users/aspen/PycharmProjects/CMPU-395-Project/data/streetview_images/2508730.0_1632.jpg
2508730,/Users/aspen/PycharmProjects/CMPU-395-Project/data/streetview_images/2508730.0_1633.jpg
2508730,/Users/aspen/PycharmProjects/CMPU-395-Project/data/streetview_images/2508730.0_1634.jpg
2508940,/Users/aspen/PycharmProjects/CMPU-395-Project/data/streetview_images/2508940.0_1635.jpg
2508940,/Users/aspen/PycharmProjects/CMPU-395-Project/data/streetview_images/2508940.0_1636.jpg
2508940,/Users/aspen/PycharmProjects/CMPU-395-Project/data/streetview_images/2508940.0_1637.jpg
2508940,/Users/aspen/PycharmProjects/CMPU-395-Project/data/streetview_images/2508940.0_1638.jpg
2508940,/Users/aspen/PycharmProjects/CMPU-395-Project/data/streetview_images/2508940.0_1639.jpg
2508940,/Users/aspen/PycharmProjects/CMPU-395-Project/data/streetview_images/2508940.0_1640.jpg
2508940,/Users/aspen/PycharmProjects/CMPU-395-Project/data/streetview_images/2508940.0_1641.jpg
2508940,/Users/aspen/PycharmProjects/CMPU-395-Project/data/streetview_images/2508940.0_1642.jpg
2508940,/Users/aspen/PycharmProjects/CMPU-395-Project/data/streetview_images/2508940.0_1643.jpg
2508940,/Users/aspen/PycharmProjects/CMPU-395-Project/data/streetview_images/2508940.0_1644.jpg
2508940,/Users/aspen/PycharmProjects/CMPU-395-Project/data/streetview_images/2508940.0_1645.jpg
2508940,/Users/aspen/PycharmProjects/CMPU-395-Project/data/streetview_images/2508940.0_1646.jpg
2508940,/Users/aspen/PycharmProjects/CMPU-395-Project/data/streetview_images/2508940.0_1647.jpg
2508940,/Users/aspen/PycharmProjects/CMPU-395-Project/data/streetview_images/2508940.0_1648.jpg
2508940,/Users/aspen/PycharmProjects/CMPU-395-Project/data/streetview_images/2508940.0_1649.jpg
2508940,/Users/aspen/PycharmProjects/CMPU-395-Project/data/streetview_images/2508940.0_1650.jpg
2508940,/Users/aspen/PycharmProjects/CMPU-395-Project/data/streetview_images/2508940.0_1651.jpg
2508940,/Users/aspen/PycharmProjects/CMPU-395-Project/data/streetview_images/2508940.0_1652.jpg
2508940,/Users/aspen/PycharmProjects/CMPU-395-Project/data/streetview_images/2508940.0_1653.jpg
2508940,/Users/aspen/PycharmProjects/CMPU-395-Project/data/streetview_images/2508940.0_1654.jpg
2508940,/Users/aspen/PycharmProjects/CMPU-395-Project/data/streetview_images/2508940.0_1655.jpg
2508940,/Users/aspen/PycharmProjects/CMPU-395-Project/data/streetview_images/2508940.0_1656.jpg
2508940,/Users/aspen/PycharmProjects/CMPU-395-Project/data/streetview_images/2508940.0_1657.jpg
2508940,/Users/aspen/PycharmProjects/CMPU-395-Project/data/streetview_images/2508940.0_1658.jpg
2508940,/Users/aspen/PycharmProjects/CMPU-395-Project/data/streetview_images/2508940.0_1659.jpg
2509090,/Users/aspen/PycharmProjects/CMPU-395-Project/data/streetview_images/2509090.0_1660.jpg
2509090,/Users/aspen/PycharmProjects/CMPU-395-Project/data/streetview_images/2509090.0_1661.jpg
2509090,/Users/aspen/PycharmProjects/CMPU-395-Project/data/streetview_images/2509090.0_1662.jpg
2509090,/Users/aspen/PycharmProjects/CMPU-395-Project/data/streetview_images/2509090.0_1663.jpg
2509090,/Users/aspen/PycharmProjects/CMPU-395-Project/data/streetview_images/2509090.0_1664.jpg
2511970,/Users/aspen/PycharmProjects/CMPU-395-Project/data/streetview_images/2511970.0_1665.jpg
2511970,/Users/aspen/PycharmProjects/CMPU-395-Project/data/streetview_images/2511970.0_1666.jpg
2511970,/Users/aspen/PycharmProjects/CMPU-395-Project/data/streetview_images/2511970.0_1667.jpg
2511970,/Users/aspen/PycharmProjects/CMPU-395-Project/data/streetview_images/2511970.0_1668.jpg
2511970,/Users/aspen/PycharmProjects/CMPU-395-Project/data/streetview_images/2511970.0_1669.jpg
2511970,/Users/aspen/PycharmProjects/CMPU-395-Project/data/streetview_images/2511970.0_1670.jpg
2511970,/Users/aspen/PycharmProjects/CMPU-395-Project/data/streetview_images/2511970.0_1671.jpg
2511970,/Users/aspen/PycharmProjects/CMPU-395-Project/data/streetview_images/2511970.0_1672.jpg
2511970,/Users/aspen/PycharmProjects/CMPU-395-Project/data/streetview_images/2511970.0_1673.jpg
2511970,/Users/aspen/PycharmProjects/CMPU-395-Project/data/streetview_images/2511970.0_1674.jpg
2511970,/Users/aspen/PycharmProjects/CMPU-395-Project/data/streetview_images/2511970.0_1675.jpg
2511970,/Users/aspen/PycharmProjects/CMPU-395-Project/data/streetview_images/2511970.0_1676.jpg
2511970,/Users/aspen/PycharmProjects/CMPU-395-Project/data/streetview_images/2511970.0_1677.jpg
2511970,/Users/aspen/PycharmProjects/CMPU-395-Project/data/streetview_images/2511970.0_1678.jpg
2511970,/Users/aspen/PycharmProjects/CMPU-395-Project/data/streetview_images/2511970.0_1679.jpg
2511970,/Users/aspen/PycharmProjects/CMPU-395-Project/data/streetview_images/2511970.0_1680.jpg
2511970,/Users/aspen/PycharmProjects/CMPU-395-Project/data/streetview_images/2511970.0_1681.jpg
2511970,/Users/aspen/PycharmProjects/CMPU-395-Project/data/streetview_images/2511970.0_1682.jpg
2511970,/Users/aspen/PycharmProjects/CMPU-395-Project/data/streetview_images/2511970.0_1683.jpg
2511970,/Users/aspen/PycharmProjects/CMPU-395-Project/data/streetview_images/2511970.0_1684.jpg
2511970,/Users/aspen/PycharmProjects/CMPU-395-Project/data/streetview_images/2511970.0_1685.jpg
2511970,/Users/aspen/PycharmProjects/CMPU-395-Project/data/streetview_images/2511970.0_1686.jpg
2511970,/Users/aspen/PycharmProjects/CMPU-395-Project/data/streetview_images/2511970.0_1687.jpg
2511970,/Users/aspen/PycharmProjects/CMPU-395-Project/data/streetview_images/2511970.0_1688.jpg
2511970,/Users/aspen/PycharmProjects/CMPU-395-Project/data/streetview_images/2511970.0_1689.jpg
2511970,/Users/aspen/PycharmProjects/CMPU-395-Project/data/streetview_images/2511970.0_1690.jpg
2511970,/Users/aspen/PycharmProjects/CMPU-395-Project/data/streetview_images/2511970.0_1691.jpg
2511970,/Users/aspen/PycharmProjects/CMPU-395-Project/data/streetview_images/2511970.0_1692.jpg
2604620,/Users/aspen/PycharmProjects/CMPU-395-Project/data/streetview_images/2604620.0_1693.jpg
2604620,/Users/aspen/PycharmProjects/CMPU-395-Project/data/streetview_images/2604620.0_1694.jpg
2604620,/Users/aspen/PycharmProjects/CMPU-395-Project/data/streetview_images/2604620.0_1695.jpg
2604620,/Users/aspen/PycharmProjects/CMPU-395-Project/data/streetview_images/2604620.0_1696.jpg
2604620,/Users/aspen/PycharmProjects/CMPU-395-Project/data/streetview_images/2604620.0_1697.jpg
2604620,/Users/aspen/PycharmProjects/CMPU-395-Project/data/streetview_images/2604620.0_1698.jpg
2615060,/Users/aspen/PycharmProjects/CMPU-395-Project/data/streetview_images/2615060.0_1699.jpg
2615060,/Users/aspen/PycharmProjects/CMPU-395-Project/data/streetview_images/2615060.0_1700.jpg
2615060,/Users/aspen/PycharmProjects/CMPU-395-Project/data/streetview_images/2615060.0_1701.jpg
2615060,/Users/aspen/PycharmProjects/CMPU-395-Project/data/streetview_images/2615060.0_1702.jpg
2615060,/Users/aspen/PycharmProjects/CMPU-395-Project/data/streetview_images/2615060.0_1703.jpg
2615060,/Users/aspen/PycharmProjects/CMPU-395-Project/data/streetview_images/2615060.0_1704.jpg
2615060,/Users/aspen/PycharmProjects/CMPU-395-Project/data/streetview_images/2615060.0_1705.jpg
2615060,/Users/aspen/PycharmProjects/CMPU-395-Project/data/streetview_images/2615060.0_1706.jpg
2615060,/Users/aspen/PycharmProjects/CMPU-395-Project/data/streetview_images/2615060.0_1707.jpg
2615060,/Users/aspen/PycharmProjects/CMPU-395-Project/data/streetview_images/2615060.0_1708.jpg
2615060,/Users/aspen/PycharmProjects/CMPU-395-Project/data/streetview_images/2615060.0_1709.jpg
2617880,/Users/aspen/PycharmProjects/CMPU-395-Project/data/streetview_images/2617880.0_1710.jpg
2617880,/Users/aspen/PycharmProjects/CMPU-395-Project/data/streetview_images/2617880.0_1711.jpg
2617880,/Users/aspen/PycharmProjects/CMPU-395-Project/data/streetview_images/2617880.0_1712.jpg
2617880,/Users/aspen/PycharmProjects/CMPU-395-Project/data/streetview_images/2617880.0_1713.jpg
2617880,/Users/aspen/PycharmProjects/CMPU-395-Project/data/streetview_images/2617880.0_1714.jpg
2617880,/Users/aspen/PycharmProjects/CMPU-395-Project/data/streetview_images/2617880.0_1715.jpg
2620610,/Users/aspen/PycharmProjects/CMPU-395-Project/data/streetview_images/2620610.0_1716.jpg
2620610,/Users/aspen/PycharmProjects/CMPU-395-Project/data/streetview_images/2620610.0_1717.jpg
2620610,/Users/aspen/PycharmProjects/CMPU-395-Project/data/streetview_images/2620610.0_1718.jpg
2620610,/Users/aspen/PycharmProjects/CMPU-395-Project/data/streetview_images/2620610.0_1719.jpg
2627660,/Users/aspen/PycharmProjects/CMPU-395-Project/data/streetview_images/2627660.0_1720.jpg
2627660,/Users/aspen/PycharmProjects/CMPU-395-Project/data/streetview_images/2627660.0_1721.jpg
2627660,/Users/aspen/PycharmProjects/CMPU-395-Project/data/streetview_images/2627660.0_1722.jpg
2627660,/Users/aspen/PycharmProjects/CMPU-395-Project/data/streetview_images/2627660.0_1723.jpg
2627660,/Users/aspen/PycharmProjects/CMPU-395-Project/data/streetview_images/2627660.0_1724.jpg
2627660,/Users/aspen/PycharmProjects/CMPU-395-Project/data/streetview_images/2627660.0_1725.jpg
2627660,/Users/aspen/PycharmProjects/CMPU-395-Project/data/streetview_images/2627660.0_1726.jpg
2627660,/Users/aspen/PycharmProjects/CMPU-395-Project/data/streetview_images/2627660.0_1727.jpg
2627660,/Users/aspen/PycharmProjects/CMPU-395-Project/data/streetview_images/2627660.0_1728.jpg
2627660,/Users/aspen/PycharmProjects/CMPU-395-Project/data/streetview_images/2627660.0_1729.jpg
2627660,/Users/aspen/PycharmProjects/CMPU-395-Project/data/streetview_images/2627660.0_1730.jpg
2627660,/Users/aspen/PycharmProjects/CMPU-395-Project/data/streetview_images/2627660.0_1731.jpg
2636270,/Users/aspen/PycharmProjects/CMPU-395-Project/data/streetview_images/2636270.0_1732.jpg
2636270,/Users/aspen/PycharmProjects/CMPU-395-Project/data/streetview_images/2636270.0_1733.jpg
2636270,/Users/aspen/PycharmProjects/CMPU-395-Project/data/streetview_images/2636270.0_1734.jpg
2636270,/Users/aspen/PycharmProjects/CMPU-395-Project/data/streetview_images/2636270.0_1735.jpg
2636270,/Users/aspen/PycharmProjects/CMPU-395-Project/data/streetview_images/2636270.0_1736.jpg
2636270,/Users/aspen/PycharmProjects/CMPU-395-Project/data/streetview_images/2636270.0_1737.jpg
2636270,/Users/aspen/PycharmProjects/CMPU-395-Project/data/streetview_images/2636270.0_1738.jpg
2636270,/Users/aspen/PycharmProjects/CMPU-395-Project/data/streetview_images/2636270.0_1739.jpg
2636270,/Users/aspen/PycharmProjects/CMPU-395-Project/data/streetview_images/2636270.0_1740.jpg
2636270,/Users/aspen/PycharmProjects/CMPU-395-Project/data/streetview_images/2636270.0_1741.jpg
2636270,/Users/aspen/PycharmProjects/CMPU-395-Project/data/streetview_images/2636270.0_1742.jpg
2636270,/Users/aspen/PycharmProjects/CMPU-395-Project/data/streetview_images/2636270.0_1743.jpg
2636270,/Users/aspen/PycharmProjects/CMPU-395-Project/data/streetview_images/2636270.0_1744.jpg
2636270,/Users/aspen/PycharmProjects/CMPU-395-Project/data/streetview_images/2636270.0_1745.jpg
2636270,/Users/aspen/PycharmProjects/CMPU-395-Project/data/streetview_images/2636270.0_1746.jpg
2636270,/Users/aspen/PycharmProjects/CMPU-395-Project/data/streetview_images/2636270.0_1747.jpg
2636270,/Users/aspen/PycharmProjects/CMPU-395-Project/data/streetview_images/2636270.0_1748.jpg
2636270,/Users/aspen/PycharmProjects/CMPU-395-Project/data/streetview_images/2636270.0_1749.jpg
2636270,/Users/aspen/PycharmProjects/CMPU-395-Project/data/streetview_images/2636270.0_1750.jpg
2636270,/Users/aspen/PycharmProjects/CMPU-395-Project/data/streetview_images/2636270.0_1751.jpg
2636270,/Users/aspen/PycharmProjects/CMPU-395-Project/data/streetview_images/2636270.0_1752.jpg
2636270,/Users/aspen/PycharmProjects/CMPU-395-Project/data/streetview_images/2636270.0_1753.jpg
2636270,/Users/aspen/PycharmProjects/CMPU-395-Project/data/streetview_images/2636270.0_1754.jpg
2636270,/Users/aspen/PycharmProjects/CMPU-395-Project/data/streetview_images/2636270.0_1755.jpg
2636270,/Users/aspen/PycharmProjects/CMPU-395-Project/data/streetview_images/2636270.0_1756.jpg
2636270,/Users/aspen/PycharmProjects/CMPU-395-Project/data/streetview_images/2636270.0_1757.jpg
2702640,/Users/aspen/PycharmProjects/CMPU-395-Project/data/streetview_images/2702640.0_1758.jpg
2702640,/Users/aspen/PycharmProjects/CMPU-395-Project/data/streetview_images/2702640.0_1759.jpg
2702640,/Users/aspen/PycharmProjects/CMPU-395-Project/data/streetview_images/2702640.0_1760.jpg
2702640,/Users/aspen/PycharmProjects/CMPU-395-Project/data/streetview_images/2702640.0_1761.jpg
2702720,/Users/aspen/PycharmProjects/CMPU-395-Project/data/streetview_images/2702720.0_1762.jpg
2702720,/Users/aspen/PycharmProjects/CMPU-395-Project/data/streetview_images/2702720.0_1763.jpg
2702720,/Users/aspen/PycharmProjects/CMPU-395-Project/data/streetview_images/2702720.0_1764.jpg
2707470,/Users/aspen/PycharmProjects/CMPU-395-Project/data/streetview_images/2707470.0_1765.jpg
2707470,/Users/aspen/PycharmProjects/CMPU-395-Project/data/streetview_images/2707470.0_1766.jpg
2707470,/Users/aspen/PycharmProjects/CMPU-395-Project/data/streetview_images/2707470.0_1767.jpg
2707590,/Users/aspen/PycharmProjects/CMPU-395-Project/data/streetview_images/2707590.0_1768.jpg
2707590,/Users/aspen/PycharmProjects/CMPU-395-Project/data/streetview_images/2707590.0_1769.jpg
2707590,/Users/aspen/PycharmProjects/CMPU-395-Project/data/streetview_images/2707590.0_1770.jpg
2707590,/Users/aspen/PycharmProjects/CMPU-395-Project/data/streetview_images/2707590.0_1771.jpg
2707590,/Users/aspen/PycharmProjects/CMPU-395-Project/data/streetview_images/2707590.0_1772.jpg
2707590,/Users/aspen/PycharmProjects/CMPU-395-Project/data/streetview_images/2707590.0_1773.jpg
2707590,/Users/aspen/PycharmProjects/CMPU-395-Project/data/streetview_images/2707590.0_1774.jpg
2707590,/Users/aspen/PycharmProjects/CMPU-395-Project/data/streetview_images/2707590.0_1775.jpg
2709510,/Users/aspen/PycharmProjects/CMPU-395-Project/data/streetview_images/2709510.0_1776.jpg
2709510,/Users/aspen/PycharmProjects/CMPU-395-Project/data/streetview_images/2709510.0_1777.jpg
2709510,/Users/aspen/PycharmProjects/CMPU-395-Project/data/streetview_images/2709510.0_1778.jpg
2709510,/Users/aspen/PycharmProjects/CMPU-395-Project/data/streetview_images/2709510.0_1779.jpg
2709510,/Users/aspen/PycharmProjects/CMPU-395-Project/data/streetview_images/2709510.0_1780.jpg
2709510,/Users/aspen/PycharmProjects/CMPU-395-Project/data/streetview_images/2709510.0_1781.jpg
2709510,/Users/aspen/PycharmProjects/CMPU-395-Project/data/streetview_images/2709510.0_1782.jpg
2709510,/Users/aspen/PycharmProjects/CMPU-395-Project/data/streetview_images/2709510.0_1783.jpg
2709510,/Users/aspen/PycharmProjects/CMPU-395-Project/data/streetview_images/2709510.0_1784.jpg
2709510,/Users/aspen/PycharmProjects/CMPU-395-Project/data/streetview_images/2709510.0_1785.jpg
2709510,/Users/aspen/PycharmProjects/CMPU-395-Project/data/streetview_images/2709510.0_1786.jpg
2709510,/Users/aspen/PycharmProjects/CMPU-395-Project/data/streetview_images/2709510.0_1787.jpg
2709510,/Users/aspen/PycharmProjects/CMPU-395-Project/data/streetview_images/2709510.0_1788.jpg
2709510,/Users/aspen/PycharmProjects/CMPU-395-Project/data/streetview_images/2709510.0_1789.jpg
2709510,/Users/aspen/PycharmProjects/CMPU-395-Project/data/streetview_images/2709510.0_1790.jpg
2709510,/Users/aspen/PycharmProjects/CMPU-395-Project/data/streetview_images/2709510.0_1791.jpg
2709510,/Users/aspen/PycharmProjects/CMPU-395-Project/data/streetview_images/2709510.0_1792.jpg
2709510,/Users/aspen/PycharmProjects/CMPU-395-Project/data/streetview_images/2709510.0_1793.jpg
2709510,/Users/aspen/PycharmProjects/CMPU-395-Project/data/streetview_images/2709510.0_1794.jpg
2709510,/Users/aspen/PycharmProjects/CMPU-395-Project/data/streetview_images/2709510.0_1795.jpg
2709510,/Users/aspen/PycharmProjects/CMPU-395-Project/data/streetview_images/2709510.0_1796.jpg
2709510,/Users/aspen/PycharmProjects/CMPU-395-Project/data/streetview_images/2709510.0_1797.jpg
2709510,/Users/aspen/PycharmProjects/CMPU-395-Project/data/streetview_images/2709510.0_1798.jpg
2709510,/Users/aspen/PycharmProjects/CMPU-395-Project/data/streetview_images/2709510.0_1799.jpg
2709510,/Users/aspen/PycharmProjects/CMPU-395-Project/data/streetview_images/2709510.0_1800.jpg
2709510,/Users/aspen/PycharmProjects/CMPU-395-Project/data/streetview_images/2709510.0_1801.jpg
2709510,/Users/aspen/PycharmProjects/CMPU-395-Project/data/streetview_images/2709510.0_1802.jpg
2709510,/Users/aspen/PycharmProjects/CMPU-395-Project/data/streetview_images/2709510.0_1803.jpg
2709510,/Users/aspen/PycharmProjects/CMPU-395-Project/data/streetview_images/2709510.0_1804.jpg
2709510,/Users/aspen/PycharmProjects/CMPU-395-Project/data/streetview_images/2709510.0_1805.jpg
2709510,/Users/aspen/PycharmProjects/CMPU-395-Project/data/streetview_images/2709510.0_1806.jpg
2709510,/Users/aspen/PycharmProjects/CMPU-395-Project/data/streetview_images/2709510.0_1807.jpg
2709510,/Users/aspen/PycharmProjects/CMPU-395-Project/data/streetview_images/2709510.0_1808.jpg
2709510,/Users/aspen/PycharmProjects/CMPU-395-Project/data/streetview_images/2709510.0_1809.jpg
2709510,/Users/aspen/PycharmProjects/CMPU-395-Project/data/streetview_images/2709510.0_1810.jpg
2709510,/Users/aspen/PycharmProjects/CMPU-395-Project/data/streetview_images/2709510.0_1811.jpg
2709510,/Users/aspen/PycharmProjects/CMPU-395-Project/data/streetview_images/2709510.0_1812.jpg
2709510,/Users/aspen/PycharmProjects/CMPU-395-Project/data/streetview_images/2709510.0_1813.jpg
2709510,/Users/aspen/PycharmProjects/CMPU-395-Project/data/streetview_images/2709510.0_1814.jpg
2709510,/Users/aspen/PycharmProjects/CMPU-395-Project/data/streetview_images/2709510.0_1815.jpg
2709750,/Users/aspen/PycharmProjects/CMPU-395-Project/data/streetview_images/2709750.0_1816.jpg
2709750,/Users/aspen/PycharmProjects/CMPU-395-Project/data/streetview_images/2709750.0_1817.jpg
2718360,/Users/aspen/PycharmProjects/CMPU-395-Project/data/streetview_images/2718360.0_1818.jpg
2718360,/Users/aspen/PycharmProjects/CMPU-395-Project/data/streetview_images/2718360.0_1819.jpg
2718360,/Users/aspen/PycharmProjects/CMPU-395-Project/data/streetview_images/2718360.0_1820.jpg
2718360,/Users/aspen/PycharmProjects/CMPU-395-Project/data/streetview_images/2718360.0_1821.jpg
2718360,/Users/aspen/PycharmProjects/CMPU-395-Project/data/streetview_images/2718360.0_1822.jpg
2718360,/Users/aspen/PycharmProjects/CMPU-395-Project/data/streetview_images/2718360.0_1823.jpg
2718360,/Users/aspen/PycharmProjects/CMPU-395-Project/data/streetview_images/2718360.0_1824.jpg
2718360,/Users/aspen/PycharmProjects/CMPU-395-Project/data/streetview_images/2718360.0_1825.jpg
2718960,/Users/aspen/PycharmProjects/CMPU-395-Project/data/streetview_images/2718960.0_1826.jpg
2718960,/Users/aspen/PycharmProjects/CMPU-395-Project/data/streetview_images/2718960.0_1827.jpg
2725050,/Users/aspen/PycharmProjects/CMPU-395-Project/data/streetview_images/2725050.0_1828.jpg
2725050,/Users/aspen/PycharmProjects/CMPU-395-Project/data/streetview_images/2725050.0_1829.jpg
2728380,/Users/aspen/PycharmProjects/CMPU-395-Project/data/streetview_images/2728380.0_1830.jpg
2728380,/Users/aspen/PycharmProjects/CMPU-395-Project/data/streetview_images/2728380.0_1831.jpg
2728380,/Users/aspen/PycharmProjects/CMPU-395-Project/data/streetview_images/2728380.0_1832.jpg
2728380,/Users/aspen/PycharmProjects/CMPU-395-Project/data/streetview_images/2728380.0_1833.jpg
2732550,/Users/aspen/PycharmProjects/CMPU-395-Project/data/streetview_images/2732550.0_1834.jpg
2732550,/Users/aspen/PycharmProjects/CMPU-395-Project/data/streetview_images/2732550.0_1835.jpg
2732550,/Users/aspen/PycharmProjects/CMPU-395-Project/data/streetview_images/2732550.0_1836.jpg
2732550,/Users/aspen/PycharmProjects/CMPU-395-Project/data/streetview_images/2732550.0_1837.jpg
2732550,/Users/aspen/PycharmProjects/CMPU-395-Project/data/streetview_images/2732550.0_1838.jpg
2732550,/Users/aspen/PycharmProjects/CMPU-395-Project/data/streetview_images/2732550.0_1839.jpg
2732550,/Users/aspen/PycharmProjects/CMPU-395-Project/data/streetview_images/2732550.0_1840.jpg
2800187,/Users/aspen/PycharmProjects/CMPU-395-Project/data/streetview_images/2800187.0_1841.jpg
2800187,/Users/aspen/PycharmProjects/CMPU-395-Project/data/streetview_images/2800187.0_1842.jpg
2802280,/Users/aspen/PycharmProjects/CMPU-395-Project/data/streetview_images/2802280.0_1843.jpg
2802280,/Users/aspen/PycharmProjects/CMPU-395-Project/data/streetview_images/2802280.0_1844.jpg
2802280,/Users/aspen/PycharmProjects/CMPU-395-Project/data/streetview_images/2802280.0_1845.jpg
2802280,/Users/aspen/PycharmProjects/CMPU-395-Project/data/streetview_images/2802280.0_1846.jpg
2802280,/Users/aspen/PycharmProjects/CMPU-395-Project/data/streetview_images/2802280.0_1847.jpg
2802280,/Users/aspen/PycharmProjects/CMPU-395-Project/data/streetview_images/2802280.0_1848.jpg
2802280,/Users/aspen/PycharmProjects/CMPU-395-Project/data/streetview_images/2802280.0_1849.jpg
2802280,/Users/aspen/PycharmProjects/CMPU-395-Project/data/streetview_images/2802280.0_1850.jpg
2802280,/Users/aspen/PycharmProjects/CMPU-395-Project/data/streetview_images/2802280.0_1851.jpg
2802280,/Users/aspen/PycharmProjects/CMPU-395-Project/data/streetview_images/2802280.0_1852.jpg
2802280,/Users/aspen/PycharmProjects/CMPU-395-Project/data/streetview_images/2802280.0_1853.jpg
2802280,/Users/aspen/PycharmProjects/CMPU-395-Project/data/streetview_images/2802280.0_1854.jpg
2802280,/Users/aspen/PycharmProjects/CMPU-395-Project/data/streetview_images/2802280.0_1855.jpg
2802280,/Users/aspen/PycharmProjects/CMPU-395-Project/data/streetview_images/2802280.0_1856.jpg
2802280,/Users/aspen/PycharmProjects/CMPU-395-Project/data/streetview_images/2802280.0_1857.jpg
2802280,/Users/aspen/PycharmProjects/CMPU-395-Project/data/streetview_images/2802280.0_1858.jpg
2802280,/Users/aspen/PycharmProjects/CMPU-395-Project/data/streetview_images/2802280.0_1859.jpg
2803090,/Users/aspen/PycharmProjects/CMPU-395-Project/data/streetview_images/2803090.0_1860.jpg
2803090,/Users/aspen/PycharmProjects/CMPU-395-Project/data/streetview_images/2803090.0_1861.jpg
2803090,/Users/aspen/PycharmProjects/CMPU-395-Project/data/streetview_images/2803090.0_1862.jpg
2803090,/Users/aspen/PycharmProjects/CMPU-395-Project/data/streetview_images/2803090.0_1863.jpg
2803090,/Users/aspen/PycharmProjects/CMPU-395-Project/data/streetview_images/2803090.0_1864.jpg
2803090,/Users/aspen/PycharmProjects/CMPU-395-Project/data/streetview_images/2803090.0_1865.jpg
2803090,/Users/aspen/PycharmProjects/CMPU-395-Project/data/streetview_images/2803090.0_1866.jpg
2803090,/Users/aspen/PycharmProjects/CMPU-395-Project/data/streetview_images/2803090.0_1867.jpg
2803090,/Users/aspen/PycharmProjects/CMPU-395-Project/data/streetview_images/2803090.0_1868.jpg
2803360,/Users/aspen/PycharmProjects/CMPU-395-Project/data/streetview_images/2803360.0_1869.jpg
2803360,/Users/aspen/PycharmProjects/CMPU-395-Project/data/streetview_images/2803360.0_1870.jpg
2803360,/Users/aspen/PycharmProjects/CMPU-395-Project/data/streetview_images/2803360.0_1871.jpg
2803360,/Users/aspen/PycharmProjects/CMPU-395-Project/data/streetview_images/2803360.0_1872.jpg
2803360,/Users/aspen/PycharmProjects/CMPU-395-Project/data/streetview_images/2803360.0_1873.jpg
2803360,/Users/aspen/PycharmProjects/CMPU-395-Project/data/streetview_images/2803360.0_1874.jpg
2803360,/Users/aspen/PycharmProjects/CMPU-395-Project/data/streetview_images/2803360.0_1875.jpg
2803360,/Users/aspen/PycharmProjects/CMPU-395-Project/data/streetview_images/2803360.0_1876.jpg
2803360,/Users/aspen/PycharmProjects/CMPU-395-Project/data/streetview_images/2803360.0_1877.jpg
2803360,/Users/aspen/PycharmProjects/CMPU-395-Project/data/streetview_images/2803360.0_1878.jpg
2803360,/Users/aspen/PycharmProjects/CMPU-395-Project/data/streetview_images/2803360.0_1879.jpg
2803360,/Users/aspen/PycharmProjects/CMPU-395-Project/data/streetview_images/2803360.0_1880.jpg
2803360,/Users/aspen/PycharmProjects/CMPU-395-Project/data/streetview_images/2803360.0_1881.jpg
2803360,/Users/aspen/PycharmProjects/CMPU-395-Project/data/streetview_images/2803360.0_1882.jpg
2803360,/Users/aspen/PycharmProjects/CMPU-395-Project/data/streetview_images/2803360.0_1883.jpg
2803360,/Users/aspen/PycharmProjects/CMPU-395-Project/data/streetview_images/2803360.0_1884.jpg
2803360,/Users/aspen/PycharmProjects/CMPU-395-Project/data/streetview_images/2803360.0_1885.jpg
2803360,/Users/aspen/PycharmProjects/CMPU-395-Project/data/streetview_images/2803360.0_1886.jpg
2803360,/Users/aspen/PycharmProjects/CMPU-395-Project/data/streetview_images/2803360.0_1887.jpg
2803360,/Users/aspen/PycharmProjects/CMPU-395-Project/data/streetview_images/2803360.0_1888.jpg
2803360,/Users/aspen/PycharmProjects/CMPU-395-Project/data/streetview_images/2803360.0_1889.jpg
2803360,/Users/aspen/PycharmProjects/CMPU-395-Project/data/streetview_images/2803360.0_1890.jpg
2803360,/Users/aspen/PycharmProjects/CMPU-395-Project/data/streetview_images/2803360.0_1891.jpg
2803360,/Users/aspen/PycharmProjects/CMPU-395-Project/data/streetview_images/2803360.0_1892.jpg
2803360,/Users/aspen/PycharmProjects/CMPU-395-Project/data/streetview_images/2803360.0_1893.jpg
2803360,/Users/aspen/PycharmProjects/CMPU-395-Project/data/streetview_images/2803360.0_1894.jpg
2803360,/Users/aspen/PycharmProjects/CMPU-395-Project/data/streetview_images/2803360.0_1895.jpg
2803360,/Users/aspen/PycharmProjects/CMPU-395-Project/data/streetview_images/2803360.0_1896.jpg
2803360,/Users/aspen/PycharmProjects/CMPU-395-Project/data/streetview_images/2803360.0_1897.jpg
2803360,/Users/aspen/PycharmProjects/CMPU-395-Project/data/streetview_images/2803360.0_1898.jpg
2803360,/Users/aspen/PycharmProjects/CMPU-395-Project/data/streetview_images/2803360.0_1899.jpg
2803360,/Users/aspen/PycharmProjects/CMPU-395-Project/data/streetview_images/2803360.0_1900.jpg
2803360,/Users/aspen/PycharmProjects/CMPU-395-Project/data/streetview_images/2803360.0_1901.jpg
2803360,/Users/aspen/PycharmProjects/CMPU-395-Project/data/streetview_images/2803360.0_1902.jpg
2803360,/Users/aspen/PycharmProjects/CMPU-395-Project/data/streetview_images/2803360.0_1903.jpg
2803360,/Users/aspen/PycharmProjects/CMPU-395-Project/data/streetview_images/2803360.0_1904.jpg
2803360,/Users/aspen/PycharmProjects/CMPU-395-Project/data/streetview_images/2803360.0_1905.jpg
2803360,/Users/aspen/PycharmProjects/CMPU-395-Project/data/streetview_images/2803360.0_1906.jpg
2803360,/Users/aspen/PycharmProjects/CMPU-395-Project/data/streetview_images/2803360.0_1907.jpg
2905250,/Users/aspen/PycharmProjects/CMPU-395-Project/data/streetview_images/2905250.0_1908.jpg
2905250,/Users/aspen/PycharmProjects/CMPU-395-Project/data/streetview_images/2905250.0_1909.jpg
2905250,/Users/aspen/PycharmProjects/CMPU-395-Project/data/streetview_images/2905250.0_1910.jpg
2908250,/Users/aspen/PycharmProjects/CMPU-395-Project/data/streetview_images/2908250.0_1911.jpg
2908250,/Users/aspen/PycharmProjects/CMPU-395-Project/data/streetview_images/2908250.0_1912.jpg
2908250,/Users/aspen/PycharmProjects/CMPU-395-Project/data/streetview_images/2908250.0_1913.jpg
2908250,/Users/aspen/PycharmProjects/CMPU-395-Project/data/streetview_images/2908250.0_1914.jpg
2908250,/Users/aspen/PycharmProjects/CMPU-395-Project/data/streetview_images/2908250.0_1915.jpg
2908250,/Users/aspen/PycharmProjects/CMPU-395-Project/data/streetview_images/2908250.0_1916.jpg
2908250,/Users/aspen/PycharmProjects/CMPU-395-Project/data/streetview_images/2908250.0_1917.jpg
2908250,/Users/aspen/PycharmProjects/CMPU-395-Project/data/streetview_images/2908250.0_1918.jpg
2908250,/Users/aspen/PycharmProjects/CMPU-395-Project/data/streetview_images/2908250.0_1919.jpg
2908250,/Users/aspen/PycharmProjects/CMPU-395-Project/data/streetview_images/2908250.0_1920.jpg
2908250,/Users/aspen/PycharmProjects/CMPU-395-Project/data/streetview_images/2908250.0_1921.jpg
2908250,/Users/aspen/PycharmProjects/CMPU-395-Project/data/streetview_images/2908250.0_1922.jpg
2908250,/Users/aspen/PycharmProjects/CMPU-395-Project/data/streetview_images/2908250.0_1923.jpg
2908250,/Users/aspen/PycharmProjects/CMPU-395-Project/data/streetview_images/2908250.0_1924.jpg
2908250,/Users/aspen/PycharmProjects/CMPU-395-Project/data/streetview_images/2908250.0_1925.jpg
2908250,/Users/aspen/PycharmProjects/CMPU-395-Project/data/streetview_images/2908250.0_1926.jpg
2908250,/Users/aspen/PycharmProjects/CMPU-395-Project/data/streetview_images/2908250.0_1927.jpg
2908250,/Users/aspen/PycharmProjects/CMPU-395-Project/data/streetview_images/2908250.0_1928.jpg
2908250,/Users/aspen/PycharmProjects/CMPU-395-Project/data/streetview_images/2908250.0_1929.jpg
2908250,/Users/aspen/PycharmProjects/CMPU-395-Project/data/streetview_images/2908250.0_1930.jpg
2908250,/Users/aspen/PycharmProjects/CMPU-395-Project/data/streetview_images/2908250.0_1931.jpg
2908250,/Users/aspen/PycharmProjects/CMPU-395-Project/data/streetview_images/2908250.0_1932.jpg
2908250,/Users/aspen/PycharmProjects/CMPU-395-Project/data/streetview_images/2908250.0_1933.jpg
2908250,/Users/aspen/PycharmProjects/CMPU-395-Project/data/streetview_images/2908250.0_1934.jpg
2908250,/Users/aspen/PycharmProjects/CMPU-395-Project/data/streetview_images/2908250.0_1935.jpg
2908250,/Users/aspen/PycharmProjects/CMPU-395-Project/data/streetview_images/2908250.0_1936.jpg
2908250,/Users/aspen/PycharmProjects/CMPU-395-Project/data/streetview_images/2908250.0_1937.jpg
2908250,/Users/aspen/PycharmProjects/CMPU-395-Project/data/streetview_images/2908250.0_1938.jpg
2908250,/Users/aspen/PycharmProjects/CMPU-395-Project/data/streetview_images/2908250.0_1939.jpg
2908250,/Users/aspen/PycharmProjects/CMPU-395-Project/data/streetview_images/2908250.0_1940.jpg
2908250,/Users/aspen/PycharmProjects/CMPU-395-Project/data/streetview_images/2908250.0_1941.jpg
2908250,/Users/aspen/PycharmProjects/CMPU-395-Project/data/streetview_images/2908250.0_1942.jpg
2908250,/Users/aspen/PycharmProjects/CMPU-395-Project/data/streetview_images/2908250.0_1943.jpg
2908250,/Users/aspen/PycharmProjects/CMPU-395-Project/data/streetview_images/2908250.0_1944.jpg
2908250,/Users/aspen/PycharmProjects/CMPU-395-Project/data/streetview_images/2908250.0_1945.jpg
2908250,/Users/aspen/PycharmProjects/CMPU-395-Project/data/streetview_images/2908250.0_1946.jpg
2908250,/Users/aspen/PycharmProjects/CMPU-395-Project/data/streetview_images/2908250.0_1947.jpg
2908250,/Users/aspen/PycharmProjects/CMPU-395-Project/data/streetview_images/2908250.0_1948.jpg
2908250,/Users/aspen/PycharmProjects/CMPU-395-Project/data/streetview_images/2908250.0_1949.jpg
2908250,/Users/aspen/PycharmProjects/CMPU-395-Project/data/streetview_images/2908250.0_1950.jpg
2908320,/Users/aspen/PycharmProjects/CMPU-395-Project/data/streetview_images/2908320.0_1951.jpg
2908320,/Users/aspen/PycharmProjects/CMPU-395-Project/data/streetview_images/2908320.0_1952.jpg
2908320,/Users/aspen/PycharmProjects/CMPU-395-Project/data/streetview_images/2908320.0_1953.jpg
2908320,/Users/aspen/PycharmProjects/CMPU-395-Project/data/streetview_images/2908320.0_1954.jpg
2908320,/Users/aspen/PycharmProjects/CMPU-395-Project/data/streetview_images/2908320.0_1955.jpg
2908320,/Users/aspen/PycharmProjects/CMPU-395-Project/data/streetview_images/2908320.0_1956.jpg
2908320,/Users/aspen/PycharmProjects/CMPU-395-Project/data/streetview_images/2908320.0_1957.jpg
2912600,/Users/aspen/PycharmProjects/CMPU-395-Project/data/streetview_images/2912600.0_1958.jpg
2912600,/Users/aspen/PycharmProjects/CMPU-395-Project/data/streetview_images/2912600.0_1959.jpg
2912600,/Users/aspen/PycharmProjects/CMPU-395-Project/data/streetview_images/2912600.0_1960.jpg
2918330,/Users/aspen/PycharmProjects/CMPU-395-Project/data/streetview_images/2918330.0_1961.jpg
2918330,/Users/aspen/PycharmProjects/CMPU-395-Project/data/streetview_images/2918330.0_1962.jpg
2918330,/Users/aspen/PycharmProjects/CMPU-395-Project/data/streetview_images/2918330.0_1963.jpg
2919380,/Users/aspen/PycharmProjects/CMPU-395-Project/data/streetview_images/2919380.0_1964.jpg
2919380,/Users/aspen/PycharmProjects/CMPU-395-Project/data/streetview_images/2919380.0_1965.jpg
2919380,/Users/aspen/PycharmProjects/CMPU-395-Project/data/streetview_images/2919380.0_1966.jpg
2919380,/Users/aspen/PycharmProjects/CMPU-395-Project/data/streetview_images/2919380.0_1967.jpg
2923430,/Users/aspen/PycharmProjects/CMPU-395-Project/data/streetview_images/2923430.0_1968.jpg
2923430,/Users/aspen/PycharmProjects/CMPU-395-Project/data/streetview_images/2923430.0_1969.jpg
2923430,/Users/aspen/PycharmProjects/CMPU-395-Project/data/streetview_images/2923430.0_1970.jpg
2923430,/Users/aspen/PycharmProjects/CMPU-395-Project/data/streetview_images/2923430.0_1971.jpg
2923430,/Users/aspen/PycharmProjects/CMPU-395-Project/data/streetview_images/2923430.0_1972.jpg
2923430,/Users/aspen/PycharmProjects/CMPU-395-Project/data/streetview_images/2923430.0_1973.jpg
2923430,/Users/aspen/PycharmProjects/CMPU-395-Project/data/streetview_images/2923430.0_1974.jpg
2923430,/Users/aspen/PycharmProjects/CMPU-395-Project/data/streetview_images/2923430.0_1975.jpg
2923430,/Users/aspen/PycharmProjects/CMPU-395-Project/data/streetview_images/2923430.0_1976.jpg
2923430,/Users/aspen/PycharmProjects/CMPU-395-Project/data/streetview_images/2923430.0_1977.jpg
2923430,/Users/aspen/PycharmProjects/CMPU-395-Project/data/streetview_images/2923430.0_1978.jpg
2923430,/Users/aspen/PycharmProjects/CMPU-395-Project/data/streetview_images/2923430.0_1979.jpg
2923430,/Users/aspen/PycharmProjects/CMPU-395-Project/data/streetview_images/2923430.0_1980.jpg
2923430,/Users/aspen/PycharmProjects/CMPU-395-Project/data/streetview_images/2923430.0_1981.jpg
2923430,/Users/aspen/PycharmProjects/CMPU-395-Project/data/streetview_images/2923430.0_1982.jpg
2923430,/Users/aspen/PycharmProjects/CMPU-395-Project/data/streetview_images/2923430.0_1983.jpg
2923430,/Users/aspen/PycharmProjects/CMPU-395-Project/data/streetview_images/2923430.0_1984.jpg
2923430,/Users/aspen/PycharmProjects/CMPU-395-Project/data/streetview_images/2923430.0_1985.jpg
2923430,/Users/aspen/PycharmProjects/CMPU-395-Project/data/streetview_images/2923430.0_1986.jpg
2923430,/Users/aspen/PycharmProjects/CMPU-395-Project/data/streetview_images/2923430.0_1987.jpg
2923430,/Users/aspen/PycharmProjects/CMPU-395-Project/data/streetview_images/2923430.0_1988.jpg
2925410,/Users/aspen/PycharmProjects/CMPU-395-Project/data/streetview_images/2925410.0_1989.jpg
2925410,/Users/aspen/PycharmProjects/CMPU-395-Project/data/streetview_images/2925410.0_1990.jpg
2926970,/Users/aspen/PycharmProjects/CMPU-395-Project/data/streetview_images/2926970.0_1991.jpg
2926970,/Users/aspen/PycharmProjects/CMPU-395-Project/data/streetview_images/2926970.0_1992.jpg
2926970,/Users/aspen/PycharmProjects/CMPU-395-Project/data/streetview_images/2926970.0_1993.jpg
2926970,/Users/aspen/PycharmProjects/CMPU-395-Project/data/streetview_images/2926970.0_1994.jpg
2926970,/Users/aspen/PycharmProjects/CMPU-395-Project/data/streetview_images/2926970.0_1995.jpg
2926970,/Users/aspen/PycharmProjects/CMPU-395-Project/data/streetview_images/2926970.0_1996.jpg
2926970,/Users/aspen/PycharmProjects/CMPU-395-Project/data/streetview_images/2926970.0_1997.jpg
2926970,/Users/aspen/PycharmProjects/CMPU-395-Project/data/streetview_images/2926970.0_1998.jpg
2927570,/Users/aspen/PycharmProjects/CMPU-395-Project/data/streetview_images/2927570.0_1999.jpg
2927570,/Users/aspen/PycharmProjects/CMPU-395-Project/data/streetview_images/2927570.0_2000.jpg
2927570,/Users/aspen/PycharmProjects/CMPU-395-Project/data/streetview_images/2927570.0_2001.jpg
2927570,/Users/aspen/PycharmProjects/CMPU-395-Project/data/streetview_images/2927570.0_2002.jpg
2927570,/Users/aspen/PycharmProjects/CMPU-395-Project/data/streetview_images/2927570.0_2003.jpg
2927570,/Users/aspen/PycharmProjects/CMPU-395-Project/data/streetview_images/2927570.0_2004.jpg
2927570,/Users/aspen/PycharmProjects/CMPU-395-Project/data/streetview_images/2927570.0_2005.jpg
3000003,/Users/aspen/PycharmProjects/CMPU-395-Project/data/streetview_images/3000003.0_2006.jpg
3000003,/Users/aspen/PycharmProjects/CMPU-395-Project/data/streetview_images/3000003.0_2007.jpg
3000003,/Users/aspen/PycharmProjects/CMPU-395-Project/data/streetview_images/3000003.0_2008.jpg
3020670,/Users/aspen/PycharmProjects/CMPU-395-Project/data/streetview_images/3020670.0_2009.jpg
3020670,/Users/aspen/PycharmProjects/CMPU-395-Project/data/streetview_images/3020670.0_2010.jpg
3020790,/Users/aspen/PycharmProjects/CMPU-395-Project/data/streetview_images/3020790.0_2011.jpg
3020790,/Users/aspen/PycharmProjects/CMPU-395-Project/data/streetview_images/3020790.0_2012.jpg
3020790,/Users/aspen/PycharmProjects/CMPU-395-Project/data/streetview_images/3020790.0_2013.jpg
3020790,/Users/aspen/PycharmProjects/CMPU-395-Project/data/streetview_images/3020790.0_2014.jpg
3020790,/Users/aspen/PycharmProjects/CMPU-395-Project/data/streetview_images/3020790.0_2015.jpg
3020790,/Users/aspen/PycharmProjects/CMPU-395-Project/data/streetview_images/3020790.0_2016.jpg
3020790,/Users/aspen/PycharmProjects/CMPU-395-Project/data/streetview_images/3020790.0_2017.jpg
3020790,/Users/aspen/PycharmProjects/CMPU-395-Project/data/streetview_images/3020790.0_2018.jpg
3020790,/Users/aspen/PycharmProjects/CMPU-395-Project/data/streetview_images/3020790.0_2019.jpg
3020790,/Users/aspen/PycharmProjects/CMPU-395-Project/data/streetview_images/3020790.0_2020.jpg
3020790,/Users/aspen/PycharmProjects/CMPU-395-Project/data/streetview_images/3020790.0_2021.jpg
3020790,/Users/aspen/PycharmProjects/CMPU-395-Project/data/streetview_images/3020790.0_2022.jpg
3020790,/Users/aspen/PycharmProjects/CMPU-395-Project/data/streetview_images/3020790.0_2023.jpg
3100097,/Users/aspen/PycharmProjects/CMPU-395-Project/data/streetview_images/3100097.0_2024.jpg
3100097,/Users/aspen/PycharmProjects/CMPU-395-Project/data/streetview_images/3100097.0_2025.jpg
3100097,/Users/aspen/PycharmProjects/CMPU-395-Project/data/streetview_images/3100097.0_2026.jpg
3100097,/Users/aspen/PycharmProjects/CMPU-395-Project/data/streetview_images/3100097.0_2027.jpg
3100097,/Users/aspen/PycharmProjects/CMPU-395-Project/data/streetview_images/3100097.0_2028.jpg
3103060,/Users/aspen/PycharmProjects/CMPU-395-Project/data/streetview_images/3103060.0_2029.jpg
3103060,/Users/aspen/PycharmProjects/CMPU-395-Project/data/streetview_images/3103060.0_2030.jpg
3103060,/Users/aspen/PycharmProjects/CMPU-395-Project/data/streetview_images/3103060.0_2031.jpg
3171520,/Users/aspen/PycharmProjects/CMPU-395-Project/data/streetview_images/3171520.0_2032.jpg
3173740,/Users/aspen/PycharmProjects/CMPU-395-Project/data/streetview_images/3173740.0_2033.jpg
3173740,/Users/aspen/PycharmProjects/CMPU-395-Project/data/streetview_images/3173740.0_2034.jpg
3173740,/Users/aspen/PycharmProjects/CMPU-395-Project/data/streetview_images/3173740.0_2035.jpg
3173740,/Users/aspen/PycharmProjects/CMPU-395-Project/data/streetview_images/3173740.0_2036.jpg
3173740,/Users/aspen/PycharmProjects/CMPU-395-Project/data/streetview_images/3173740.0_2037.jpg
3173740,/Users/aspen/PycharmProjects/CMPU-395-Project/data/streetview_images/3173740.0_2038.jpg
3173740,/Users/aspen/PycharmProjects/CMPU-395-Project/data/streetview_images/3173740.0_2039.jpg
3173740,/Users/aspen/PycharmProjects/CMPU-395-Project/data/streetview_images/3173740.0_2040.jpg
3173740,/Users/aspen/PycharmProjects/CMPU-395-Project/data/streetview_images/3173740.0_2041.jpg
3173740,/Users/aspen/PycharmProjects/CMPU-395-Project/data/streetview_images/3173740.0_2042.jpg
3173740,/Users/aspen/PycharmProjects/CMPU-395-Project/data/streetview_images/3173740.0_2043.jpg
3173740,/Users/aspen/PycharmProjects/CMPU-395-Project/data/streetview_images/3173740.0_2044.jpg
3173740,/Users/aspen/PycharmProjects/CMPU-395-Project/data/streetview_images/3173740.0_2045.jpg
3173740,/Users/aspen/PycharmProjects/CMPU-395-Project/data/streetview_images/3173740.0_2046.jpg
3173740,/Users/aspen/PycharmProjects/CMPU-395-Project/data/streetview_images/3173740.0_2047.jpg
3173740,/Users/aspen/PycharmProjects/CMPU-395-Project/data/streetview_images/3173740.0_2048.jpg
3173740,/Users/aspen/PycharmProjects/CMPU-395-Project/data/streetview_images/3173740.0_2049.jpg
3173740,/Users/aspen/PycharmProjects/CMPU-395-Project/data/streetview_images/3173740.0_2050.jpg
3173740,/Users/aspen/PycharmProjects/CMPU-395-Project/data/streetview_images/3173740.0_2051.jpg
3173740,/Users/aspen/PycharmProjects/CMPU-395-Project/data/streetview_images/3173740.0_2052.jpg
3173740,/Users/aspen/PycharmProjects/CMPU-395-Project/data/streetview_images/3173740.0_2053.jpg
3173740,/Users/aspen/PycharmProjects/CMPU-395-Project/data/streetview_images/3173740.0_2054.jpg
3173740,/Users/aspen/PycharmProjects/CMPU-395-Project/data/streetview_images/3173740.0_2055.jpg
3173740,/Users/aspen/PycharmProjects/CMPU-395-Project/data/streetview_images/3173740.0_2056.jpg
3173740,/Users/aspen/PycharmProjects/CMPU-395-Project/data/streetview_images/3173740.0_2057.jpg
3173740,/Users/aspen/PycharmProjects/CMPU-395-Project/data/streetview_images/3173740.0_2058.jpg
3173740,/Users/aspen/PycharmProjects/CMPU-395-Project/data/streetview_images/3173740.0_2059.jpg
3173740,/Users/aspen/PycharmProjects/CMPU-395-Project/data/streetview_images/3173740.0_2060.jpg
3173740,/Users/aspen/PycharmProjects/CMPU-395-Project/data/streetview_images/3173740.0_2061.jpg
3173740,/Users/aspen/PycharmProjects/CMPU-395-Project/data/streetview_images/3173740.0_2062.jpg
3173740,/Users/aspen/PycharmProjects/CMPU-395-Project/data/streetview_images/3173740.0_2063.jpg
3173740,/Users/aspen/PycharmProjects/CMPU-395-Project/data/streetview_images/3173740.0_2064.jpg
3173740,/Users/aspen/PycharmProjects/CMPU-395-Project/data/streetview_images/3173740.0_2065.jpg
3173740,/Users/aspen/PycharmProjects/CMPU-395-Project/data/streetview_images/3173740.0_2066.jpg
3173740,/Users/aspen/PycharmProjects/CMPU-395-Project/data/streetview_images/3173740.0_2067.jpg
3173740,/Users/aspen/PycharmProjects/CMPU-395-Project/data/streetview_images/3173740.0_2068.jpg
3173740,/Users/aspen/PycharmProjects/CMPU-395-Project/data/streetview_images/3173740.0_2069.jpg
3173740,/Users/aspen/PycharmProjects/CMPU-395-Project/data/streetview_images/3173740.0_2070.jpg
3173740,/Users/aspen/PycharmProjects/CMPU-395-Project/data/streetview_images/3173740.0_2071.jpg
3173740,/Users/aspen/PycharmProjects/CMPU-395-Project/data/streetview_images/3173740.0_2072.jpg
3175510,/Users/aspen/PycharmProjects/CMPU-395-Project/data/streetview_images/3175510.0_2073.jpg
3175510,/Users/aspen/PycharmProjects/CMPU-395-Project/data/streetview_images/3175510.0_2074.jpg
3175510,/Users/aspen/PycharmProjects/CMPU-395-Project/data/streetview_images/3175510.0_2075.jpg
3175510,/Users/aspen/PycharmProjects/CMPU-395-Project/data/streetview_images/3175510.0_2076.jpg
3175510,/Users/aspen/PycharmProjects/CMPU-395-Project/data/streetview_images/3175510.0_2077.jpg
3175510,/Users/aspen/PycharmProjects/CMPU-395-Project/data/streetview_images/3175510.0_2078.jpg
3175510,/Users/aspen/PycharmProjects/CMPU-395-Project/data/streetview_images/3175510.0_2079.jpg
3200060,/Users/aspen/PycharmProjects/CMPU-395-Project/data/streetview_images/3200060.0_2080.jpg
3200060,/Users/aspen/PycharmProjects/CMPU-395-Project/data/streetview_images/3200060.0_2081.jpg
3200060,/Users/aspen/PycharmProjects/CMPU-395-Project/data/streetview_images/3200060.0_2082.jpg
3303540,/Users/aspen/PycharmProjects/CMPU-395-Project/data/streetview_images/3303540.0_2083.jpg
3303540,/Users/aspen/PycharmProjects/CMPU-395-Project/data/streetview_images/3303540.0_2084.jpg
3303540,/Users/aspen/PycharmProjects/CMPU-395-Project/data/streetview_images/3303540.0_2085.jpg
3303540,/Users/aspen/PycharmProjects/CMPU-395-Project/data/streetview_images/3303540.0_2086.jpg
3303540,/Users/aspen/PycharmProjects/CMPU-395-Project/data/streetview_images/3303540.0_2087.jpg
3303540,/Users/aspen/PycharmProjects/CMPU-395-Project/data/streetview_images/3303540.0_2088.jpg
3303540,/Users/aspen/PycharmProjects/CMPU-395-Project/data/streetview_images/3303540.0_2089.jpg
3303540,/Users/aspen/PycharmProjects/CMPU-395-Project/data/streetview_images/3303540.0_2090.jpg
3303540,/Users/aspen/PycharmProjects/CMPU-395-Project/data/streetview_images/3303540.0_2091.jpg
3303540,/Users/aspen/PycharmProjects/CMPU-395-Project/data/streetview_images/3303540.0_2092.jpg
3303540,/Users/aspen/PycharmProjects/CMPU-395-Project/data/streetview_images/3303540.0_2093.jpg
3303540,/Users/aspen/PycharmProjects/CMPU-395-Project/data/streetview_images/3303540.0_2094.jpg
3303540,/Users/aspen/PycharmProjects/CMPU-395-Project/data/streetview_images/3303540.0_2095.jpg
3303540,/Users/aspen/PycharmProjects/CMPU-395-Project/data/streetview_images/3303540.0_2096.jpg
3303540,/Users/aspen/PycharmProjects/CMPU-395-Project/data/streetview_images/3303540.0_2097.jpg
3303540,/Users/aspen/PycharmProjects/CMPU-395-Project/data/streetview_images/3303540.0_2098.jpg
3303540,/Users/aspen/PycharmProjects/CMPU-395-Project/data/streetview_images/3303540.0_2099.jpg
3303540,/Users/aspen/PycharmProjects/CMPU-395-Project/data/streetview_images/3303540.0_2100.jpg
3303540,/Users/aspen/PycharmProjects/CMPU-395-Project/data/streetview_images/3303540.0_2101.jpg
3303540,/Users/aspen/PycharmProjects/CMPU-395-Project/data/streetview_images/3303540.0_2102.jpg
3303540,/Users/aspen/PycharmProjects/CMPU-395-Project/data/streetview_images/3303540.0_2103.jpg
3303540,/Users/aspen/PycharmProjects/CMPU-395-Project/data/streetview_images/3303540.0_2104.jpg
3303540,/Users/aspen/PycharmProjects/CMPU-395-Project/data/streetview_images/3303540.0_2105.jpg
3303540,/Users/aspen/PycharmProjects/CMPU-395-Project/data/streetview_images/3303540.0_2106.jpg
3304030,/Users/aspen/PycharmProjects/CMPU-395-Project/data/streetview_images/3304030.0_0.jpg
3304030,/Users/aspen/PycharmProjects/CMPU-395-Project/data/streetview_images/3304030.0_1.jpg
3304030,/Users/aspen/PycharmProjects/CMPU-395-Project/data/streetview_images/3304030.0_10.jpg
3304030,/Users/aspen/PycharmProjects/CMPU-395-Project/data/streetview_images/3304030.0_11.jpg
3304030,/Users/aspen/PycharmProjects/CMPU-395-Project/data/streetview_images/3304030.0_12.jpg
3304030,/Users/aspen/PycharmProjects/CMPU-395-Project/data/streetview_images/3304030.0_13.jpg
3304030,/Users/aspen/PycharmProjects/CMPU-395-Project/data/streetview_images/3304030.0_14.jpg
3304030,/Users/aspen/PycharmProjects/CMPU-395-Project/data/streetview_images/3304030.0_2.jpg
3304030,/Users/aspen/PycharmProjects/CMPU-395-Project/data/streetview_images/3304030.0_2107.jpg
3304030,/Users/aspen/PycharmProjects/CMPU-395-Project/data/streetview_images/3304030.0_2108.jpg
3304030,/Users/aspen/PycharmProjects/CMPU-395-Project/data/streetview_images/3304030.0_2109.jpg
3304030,/Users/aspen/PycharmProjects/CMPU-395-Project/data/streetview_images/3304030.0_2110.jpg
3304030,/Users/aspen/PycharmProjects/CMPU-395-Project/data/streetview_images/3304030.0_2111.jpg
3304030,/Users/aspen/PycharmProjects/CMPU-395-Project/data/streetview_images/3304030.0_2112.jpg
3304030,/Users/aspen/PycharmProjects/CMPU-395-Project/data/streetview_images/3304030.0_2113.jpg
3304030,/Users/aspen/PycharmProjects/CMPU-395-Project/data/streetview_images/3304030.0_2114.jpg
3304030,/Users/aspen/PycharmProjects/CMPU-395-Project/data/streetview_images/3304030.0_2115.jpg
3304030,/Users/aspen/PycharmProjects/CMPU-395-Project/data/streetview_images/3304030.0_2116.jpg
3304030,/Users/aspen/PycharmProjects/CMPU-395-Project/data/streetview_images/3304030.0_2117.jpg
3304030,/Users/aspen/PycharmProjects/CMPU-395-Project/data/streetview_images/3304030.0_2118.jpg
3304030,/Users/aspen/PycharmProjects/CMPU-395-Project/data/streetview_images/3304030.0_2119.jpg
3304030,/Users/aspen/PycharmProjects/CMPU-395-Project/data/streetview_images/3304030.0_2120.jpg
3304030,/Users/aspen/PycharmProjects/CMPU-395-Project/data/streetview_images/3304030.0_2121.jpg
3304030,/Users/aspen/PycharmProjects/CMPU-395-Project/data/streetview_images/3304030.0_3.jpg
3304030,/Users/aspen/PycharmProjects/CMPU-395-Project/data/streetview_images/3304030.0_4.jpg
3304030,/Users/aspen/PycharmProjects/CMPU-395-Project/data/streetview_images/3304030.0_5.jpg
3304030,/Users/aspen/PycharmProjects/CMPU-395-Project/data/streetview_images/3304030.0_6.jpg
3304030,/Users/aspen/PycharmProjects/CMPU-395-Project/data/streetview_images/3304030.0_7.jpg
3304030,/Users/aspen/PycharmProjects/CMPU-395-Project/data/streetview_images/3304030.0_8.jpg
3304030,/Users/aspen/PycharmProjects/CMPU-395-Project/data/streetview_images/3304030.0_9.jpg
3304040,/Users/aspen/PycharmProjects/CMPU-395-Project/data/streetview_images/3304040.0_2122.jpg
3304040,/Users/aspen/PycharmProjects/CMPU-395-Project/data/streetview_images/3304040.0_2123.jpg
3304040,/Users/aspen/PycharmProjects/CMPU-395-Project/data/streetview_images/3304040.0_2124.jpg
3304040,/Users/aspen/PycharmProjects/CMPU-395-Project/data/streetview_images/3304040.0_2125.jpg
3304040,/Users/aspen/PycharmProjects/CMPU-395-Project/data/streetview_images/3304040.0_2126.jpg
3304040,/Users/aspen/PycharmProjects/CMPU-395-Project/data/streetview_images/3304040.0_2127.jpg
3305940,/Users/aspen/PycharmProjects/CMPU-395-Project/data/streetview_images/3305940.0_2128.jpg
3305940,/Users/aspen/PycharmProjects/CMPU-395-Project/data/streetview_images/3305940.0_2129.jpg
3305940,/Users/aspen/PycharmProjects/CMPU-395-Project/data/streetview_images/3305940.0_2130.jpg
3305940,/Users/aspen/PycharmProjects/CMPU-395-Project/data/streetview_images/3305940.0_2131.jpg
3305940,/Users/aspen/PycharmProjects/CMPU-395-Project/data/streetview_images/3305940.0_2132.jpg
3305940,/Users/aspen/PycharmProjects/CMPU-395-Project/data/streetview_images/3305940.0_2133.jpg
3305940,/Users/aspen/PycharmProjects/CMPU-395-Project/data/streetview_images/3305940.0_2134.jpg
3305940,/Users/aspen/PycharmProjects/CMPU-395-Project/data/streetview_images/3305940.0_2135.jpg
3305940,/Users/aspen/PycharmProjects/CMPU-395-Project/data/streetview_images/3305940.0_2136.jpg
3305940,/Users/aspen/PycharmProjects/CMPU-395-Project/data/streetview_images/3305940.0_2137.jpg
3305940,/Users/aspen/PycharmProjects/CMPU-395-Project/data/streetview_images/3305940.0_2138.jpg
3305940,/Users/aspen/PycharmProjects/CMPU-395-Project/data/streetview_images/3305940.0_2139.jpg
3305940,/Users/aspen/PycharmProjects/CMPU-395-Project/data/streetview_images/3305940.0_2140.jpg
3305940,/Users/aspen/PycharmProjects/CMPU-395-Project/data/streetview_images/3305940.0_2141.jpg
3305940,/Users/aspen/PycharmProjects/CMPU-395-Project/data/streetview_images/3305940.0_2142.jpg
3305940,/Users/aspen/PycharmProjects/CMPU-395-Project/data/streetview_images/3305940.0_2143.jpg
3305940,/Users/aspen/PycharmProjects/CMPU-395-Project/data/streetview_images/3305940.0_2144.jpg
3305940,/Users/aspen/PycharmProjects/CMPU-395-Project/data/streetview_images/3305940.0_2145.jpg
3305940,/Users/aspen/PycharmProjects/CMPU-395-Project/data/streetview_images/3305940.0_2146.jpg
3305940,/Users/aspen/PycharmProjects/CMPU-395-Project/data/streetview_images/3305940.0_2147.jpg
3305940,/Users/aspen/PycharmProjects/CMPU-395-Project/data/streetview_images/3305940.0_2148.jpg
3305940,/Users/aspen/PycharmProjects/CMPU-395-Project/data/streetview_images/3305940.0_2149.jpg
3305940,/Users/aspen/PycharmProjects/CMPU-395-Project/data/streetview_images/3305940.0_2150.jpg
3305940,/Users/aspen/PycharmProjects/CMPU-395-Project/data/streetview_images/3305940.0_2151.jpg
3305940,/Users/aspen/PycharmProjects/CMPU-395-Project/data/streetview_images/3305940.0_2152.jpg
3305940,/Users/aspen/PycharmProjects/CMPU-395-Project/data/streetview_images/3305940.0_2153.jpg
3305940,/Users/aspen/PycharmProjects/CMPU-395-Project/data/streetview_images/3305940.0_2154.jpg
3305940,/Users/aspen/PycharmProjects/CMPU-395-Project/data/streetview_images/3305940.0_2155.jpg
3305940,/Users/aspen/PycharmProjects/CMPU-395-Project/data/streetview_images/3305940.0_2156.jpg
3305940,/Users/aspen/PycharmProjects/CMPU-395-Project/data/streetview_images/3305940.0_2157.jpg
3404200,/Users/aspen/PycharmProjects/CMPU-395-Project/data/streetview_images/3404200.0_2158.jpg
3404200,/Users/aspen/PycharmProjects/CMPU-395-Project/data/streetview_images/3404200.0_2159.jpg
3404200,/Users/aspen/PycharmProjects/CMPU-395-Project/data/streetview_images/3404200.0_2160.jpg
3404200,/Users/aspen/PycharmProjects/CMPU-395-Project/data/streetview_images/3404200.0_2161.jpg
3404200,/Users/aspen/PycharmProjects/CMPU-395-Project/data/streetview_images/3404200.0_2162.jpg
3404200,/Users/aspen/PycharmProjects/CMPU-395-Project/data/streetview_images/3404200.0_2163.jpg
3404200,/Users/aspen/PycharmProjects/CMPU-395-Project/data/streetview_images/3404200.0_2164.jpg
3404200,/Users/aspen/PycharmProjects/CMPU-395-Project/data/streetview_images/3404200.0_2165.jpg
3404200,/Users/aspen/PycharmProjects/CMPU-395-Project/data/streetview_images/3404200.0_2166.jpg
3404200,/Users/aspen/PycharmProjects/CMPU-395-Project/data/streetview_images/3404200.0_2167.jpg
3404200,/Users/aspen/PycharmProjects/CMPU-395-Project/data/streetview_images/3404200.0_2168.jpg
3404200,/Users/aspen/PycharmProjects/CMPU-395-Project/data/streetview_images/3404200.0_2169.jpg
3404200,/Users/aspen/PycharmProjects/CMPU-395-Project/data/streetview_images/3404200.0_2170.jpg
3404200,/Users/aspen/PycharmProjects/CMPU-395-Project/data/streetview_images/3404200.0_2171.jpg
3404200,/Users/aspen/PycharmProjects/CMPU-395-Project/data/streetview_images/3404200.0_2172.jpg
3404200,/Users/aspen/PycharmProjects/CMPU-395-Project/data/streetview_images/3404200.0_2173.jpg
3404200,/Users/aspen/PycharmProjects/CMPU-395-Project/data/streetview_images/3404200.0_2174.jpg
3404200,/Users/aspen/PycharmProjects/CMPU-395-Project/data/streetview_images/3404200.0_2175.jpg
3404200,/Users/aspen/PycharmProjects/CMPU-395-Project/data/streetview_images/3404200.0_2176.jpg
3404200,/Users/aspen/PycharmProjects/CMPU-395-Project/data/streetview_images/3404200.0_2177.jpg
3404200,/Users/aspen/PycharmProjects/CMPU-395-Project/data/streetview_images/3404200.0_2178.jpg
3404200,/Users/aspen/PycharmProjects/CMPU-395-Project/data/streetview_images/3404200.0_2179.jpg
3404200,/Users/aspen/PycharmProjects/CMPU-395-Project/data/streetview_images/3404200.0_2180.jpg
3404200,/Users/aspen/PycharmProjects/CMPU-395-Project/data/streetview_images/3404200.0_2181.jpg
3404200,/Users/aspen/PycharmProjects/CMPU-395-Project/data/streetview_images/3404200.0_2182.jpg
3404200,/Users/aspen/PycharmProjects/CMPU-395-Project/data/streetview_images/3404200.0_2183.jpg
3404200,/Users/aspen/PycharmProjects/CMPU-395-Project/data/streetview_images/3404200.0_2184.jpg
3404200,/Users/aspen/PycharmProjects/CMPU-395-Project/data/streetview_images/3404200.0_2185.jpg
3404200,/Users/aspen/PycharmProjects/CMPU-395-Project/data/streetview_images/3404200.0_2186.jpg
3404200,/Users/aspen/PycharmProjects/CMPU-395-Project/data/streetview_images/3404200.0_2187.jpg
3404200,/Users/aspen/PycharmProjects/CMPU-395-Project/data/streetview_images/3404200.0_2188.jpg
3404200,/Users/aspen/PycharmProjects/CMPU-395-Project/data/streetview_images/3404200.0_2189.jpg
3404200,/Users/aspen/PycharmProjects/CMPU-395-Project/data/streetview_images/3404200.0_2190.jpg
3404200,/Users/aspen/PycharmProjects/CMPU-395-Project/data/streetview_images/3404200.0_2191.jpg
3404200,/Users/aspen/PycharmProjects/CMPU-395-Project/data/streetview_images/3404200.0_2192.jpg
3404200,/Users/aspen/PycharmProjects/CMPU-395-Project/data/streetview_images/3404200.0_2193.jpg
3404200,/Users/aspen/PycharmProjects/CMPU-395-Project/data/streetview_images/3404200.0_2194.jpg
3404200,/Users/aspen/PycharmProjects/CMPU-395-Project/data/streetview_images/3404200.0_2195.jpg
3404200,/Users/aspen/PycharmProjects/CMPU-395-Project/data/streetview_images/3404200.0_2196.jpg
3404200,/Users/aspen/PycharmProjects/CMPU-395-Project/data/streetview_images/3404200.0_2197.jpg
3404410,/Users/aspen/PycharmProjects/CMPU-395-Project/data/streetview_images/3404410.0_2198.jpg
3404410,/Users/aspen/PycharmProjects/CMPU-395-Project/data/streetview_images/3404410.0_2199.jpg
3404410,/Users/aspen/PycharmProjects/CMPU-395-Project/data/streetview_images/3404410.0_2200.jpg
3404410,/Users/aspen/PycharmProjects/CMPU-395-Project/data/streetview_images/3404410.0_2201.jpg
3404410,/Users/aspen/PycharmProjects/CMPU-395-Project/data/streetview_images/3404410.0_2202.jpg
3404410,/Users/aspen/PycharmProjects/CMPU-395-Project/data/streetview_images/3404410.0_2203.jpg
3404410,/Users/aspen/PycharmProjects/CMPU-395-Project/data/streetview_images/3404410.0_2204.jpg
3404410,/Users/aspen/PycharmProjects/CMPU-395-Project/data/streetview_images/3404410.0_2205.jpg
3404410,/Users/aspen/PycharmProjects/CMPU-395-Project/data/streetview_images/3404410.0_2206.jpg
3404410,/Users/aspen/PycharmProjects/CMPU-395-Project/data/streetview_images/3404410.0_2207.jpg
3404410,/Users/aspen/PycharmProjects/CMPU-395-Project/data/streetview_images/3404410.0_2208.jpg
3404410,/Users/aspen/PycharmProjects/CMPU-395-Project/data/streetview_images/3404410.0_2209.jpg
3404410,/Users/aspen/PycharmProjects/CMPU-395-Project/data/streetview_images/3404410.0_2210.jpg
3404410,/Users/aspen/PycharmProjects/CMPU-395-Project/data/streetview_images/3404410.0_2211.jpg
3404410,/Users/aspen/PycharmProjects/CMPU-395-Project/data/streetview_images/3404410.0_2212.jpg
3404410,/Users/aspen/PycharmProjects/CMPU-395-Project/data/streetview_images/3404410.0_2213.jpg
3404410,/Users/aspen/PycharmProjects/CMPU-395-Project/data/streetview_images/3404410.0_2214.jpg
3404410,/Users/aspen/PycharmProjects/CMPU-395-Project/data/streetview_images/3404410.0_2215.jpg
3404410,/Users/aspen/PycharmProjects/CMPU-395-Project/data/streetview_images/3404410.0_2216.jpg
3404410,/Users/aspen/PycharmProjects/CMPU-395-Project/data/streetview_images/3404410.0_2217.jpg
3404410,/Users/aspen/PycharmProjects/CMPU-395-Project/data/streetview_images/3404410.0_2218.jpg
3404410,/Users/aspen/PycharmProjects/CMPU-395-Project/data/streetview_images/3404410.0_2219.jpg
3404410,/Users/aspen/PycharmProjects/CMPU-395-Project/data/streetview_images/3404410.0_2220.jpg
3404410,/Users/aspen/PycharmProjects/CMPU-395-Project/data/streetview_images/3404410.0_2221.jpg
3404410,/Users/aspen/PycharmProjects/CMPU-395-Project/data/streetview_images/3404410.0_2222.jpg
3404410,/Users/aspen/PycharmProjects/CMPU-395-Project/data/streetview_images/3404410.0_2223.jpg
3404410,/Users/aspen/PycharmProjects/CMPU-395-Project/data/streetview_images/3404410.0_2224.jpg
3404410,/Users/aspen/PycharmProjects/CMPU-395-Project/data/streetview_images/3404410.0_2225.jpg
3404410,/Users/aspen/PycharmProjects/CMPU-395-Project/data/streetview_images/3404410.0_2226.jpg
3404410,/Users/aspen/PycharmProjects/CMPU-395-Project/data/streetview_images/3404410.0_2227.jpg
3404410,/Users/aspen/PycharmProjects/CMPU-395-Project/data/streetview_images/3404410.0_2228.jpg
3404410,/Users/aspen/PycharmProjects/CMPU-395-Project/data/streetview_images/3404410.0_2229.jpg
3404410,/Users/aspen/PycharmProjects/CMPU-395-Project/data/streetview_images/3404410.0_2230.jpg
3404410,/Users/aspen/PycharmProjects/CMPU-395-Project/data/streetview_images/3404410.0_2231.jpg
3404410,/Users/aspen/PycharmProjects/CMPU-395-Project/data/streetview_images/3404410.0_2232.jpg
3404410,/Users/aspen/PycharmProjects/CMPU-395-Project/data/streetview_images/3404410.0_2233.jpg
3404410,/Users/aspen/PycharmProjects/CMPU-395-Project/data/streetview_images/3404410.0_2234.jpg
3404410,/Users/aspen/PycharmProjects/CMPU-395-Project/data/streetview_images/3404410.0_2235.jpg
3404410,/Users/aspen/PycharmProjects/CMPU-395-Project/data/streetview_images/3404410.0_2236.jpg
3404410,/Users/aspen/PycharmProjects/CMPU-395-Project/data/streetview_images/3404410.0_2237.jpg
3404660,/Users/aspen/PycharmProjects/CMPU-395-Project/data/streetview_images/3404660.0_2238.jpg
3404660,/Users/aspen/PycharmProjects/CMPU-395-Project/data/streetview_images/3404660.0_2239.jpg
3404660,/Users/aspen/PycharmProjects/CMPU-395-Project/data/streetview_images/3404660.0_2240.jpg
3404660,/Users/aspen/PycharmProjects/CMPU-395-Project/data/streetview_images/3404660.0_2241.jpg
3404660,/Users/aspen/PycharmProjects/CMPU-395-Project/data/streetview_images/3404660.0_2242.jpg
3404660,/Users/aspen/PycharmProjects/CMPU-395-Project/data/streetview_images/3404660.0_2243.jpg
3404660,/Users/aspen/PycharmProjects/CMPU-395-Project/data/streetview_images/3404660.0_2244.jpg
3404660,/Users/aspen/PycharmProjects/CMPU-395-Project/data/streetview_images/3404660.0_2245.jpg
3404660,/Users/aspen/PycharmProjects/CMPU-395-Project/data/streetview_images/3404660.0_2246.jpg
3404660,/Users/aspen/PycharmProjects/CMPU-395-Project/data/streetview_images/3404660.0_2247.jpg
3404660,/Users/aspen/PycharmProjects/CMPU-395-Project/data/streetview_images/3404660.0_2248.jpg
3404660,/Users/aspen/PycharmProjects/CMPU-395-Project/data/streetview_images/3404660.0_2249.jpg
3404660,/Users/aspen/PycharmProjects/CMPU-395-Project/data/streetview_images/3404660.0_2250.jpg
3404660,/Users/aspen/PycharmProjects/CMPU-395-Project/data/streetview_images/3404660.0_2251.jpg
3404660,/Users/aspen/PycharmProjects/CMPU-395-Project/data/streetview_images/3404660.0_2252.jpg
3404660,/Users/aspen/PycharmProjects/CMPU-395-Project/data/streetview_images/3404660.0_2253.jpg
3404660,/Users/aspen/PycharmProjects/CMPU-395-Project/data/streetview_images/3404660.0_2254.jpg
3404660,/Users/aspen/PycharmProjects/CMPU-395-Project/data/streetview_images/3404660.0_2255.jpg
3404660,/Users/aspen/PycharmProjects/CMPU-395-Project/data/streetview_images/3404660.0_2256.jpg
3404660,/Users/aspen/PycharmProjects/CMPU-395-Project/data/streetview_images/3404660.0_2257.jpg
3404660,/Users/aspen/PycharmProjects/CMPU-395-Project/data/streetview_images/3404660.0_2258.jpg
3404660,/Users/aspen/PycharmProjects/CMPU-395-Project/data/streetview_images/3404660.0_2259.jpg
3404660,/Users/aspen/PycharmProjects/CMPU-395-Project/data/streetview_images/3404660.0_2260.jpg
3404660,/Users/aspen/PycharmProjects/CMPU-395-Project/data/streetview_images/3404660.0_2261.jpg
3404660,/Users/aspen/PycharmProjects/CMPU-395-Project/data/streetview_images/3404660.0_2262.jpg
3404660,/Users/aspen/PycharmProjects/CMPU-395-Project/data/streetview_images/3404660.0_2263.jpg
3404660,/Users/aspen/PycharmProjects/CMPU-395-Project/data/streetview_images/3404660.0_2264.jpg
3404660,/Users/aspen/PycharmProjects/CMPU-395-Project/data/streetview_images/3404660.0_2265.jpg
3404660,/Users/aspen/PycharmProjects/CMPU-395-Project/data/streetview_images/3404660.0_2266.jpg
3404660,/Users/aspen/PycharmProjects/CMPU-395-Project/data/streetview_images/3404660.0_2267.jpg
3404660,/Users/aspen/PycharmProjects/CMPU-395-Project/data/streetview_images/3404660.0_2268.jpg
3404660,/Users/aspen/PycharmProjects/CMPU-395-Project/data/streetview_images/3404660.0_2269.jpg
3404660,/Users/aspen/PycharmProjects/CMPU-395-Project/data/streetview_images/3404660.0_2270.jpg
3404660,/Users/aspen/PycharmProjects/CMPU-395-Project/data/streetview_images/3404660.0_2271.jpg
3404660,/Users/aspen/PycharmProjects/CMPU-395-Project/data/streetview_images/3404660.0_2272.jpg
3404660,/Users/aspen/PycharmProjects/CMPU-395-Project/data/streetview_images/3404660.0_2273.jpg
3404660,/Users/aspen/PycharmProjects/CMPU-395-Project/data/streetview_images/3404660.0_2274.jpg
3404660,/Users/aspen/PycharmProjects/CMPU-395-Project/data/streetview_images/3404660.0_2275.jpg
3404660,/Users/aspen/PycharmProjects/CMPU-395-Project/data/streetview_images/3404660.0_2276.jpg
3404660,/Users/aspen/PycharmProjects/CMPU-395-Project/data/streetview_images/3404660.0_2277.jpg
3404710,/Users/aspen/PycharmProjects/CMPU-395-Project/data/streetview_images/3404710.0_2278.jpg
3404710,/Users/aspen/PycharmProjects/CMPU-395-Project/data/streetview_images/3404710.0_2279.jpg
3404710,/Users/aspen/PycharmProjects/CMPU-395-Project/data/streetview_images/3404710.0_2280.jpg
3404710,/Users/aspen/PycharmProjects/CMPU-395-Project/data/streetview_images/3404710.0_2281.jpg
3404710,/Users/aspen/PycharmProjects/CMPU-395-Project/data/streetview_images/3404710.0_2282.jpg
3404710,/Users/aspen/PycharmProjects/CMPU-395-Project/data/streetview_images/3404710.0_2283.jpg
3404710,/Users/aspen/PycharmProjects/CMPU-395-Project/data/streetview_images/3404710.0_2284.jpg
3404710,/Users/aspen/PycharmProjects/CMPU-395-Project/data/streetview_images/3404710.0_2285.jpg
3404710,/Users/aspen/PycharmProjects/CMPU-395-Project/data/streetview_images/3404710.0_2286.jpg
3404710,/Users/aspen/PycharmProjects/CMPU-395-Project/data/streetview_images/3404710.0_2287.jpg
3404710,/Users/aspen/PycharmProjects/CMPU-395-Project/data/streetview_images/3404710.0_2288.jpg
3404710,/Users/aspen/PycharmProjects/CMPU-395-Project/data/streetview_images/3404710.0_2289.jpg
3404710,/Users/aspen/PycharmProjects/CMPU-395-Project/data/streetview_images/3404710.0_2290.jpg
3404710,/Users/aspen/PycharmProjects/CMPU-395-Project/data/streetview_images/3404710.0_2291.jpg
3404710,/Users/aspen/PycharmProjects/CMPU-395-Project/data/streetview_images/3404710.0_2292.jpg
3404710,/Users/aspen/PycharmProjects/CMPU-395-Project/data/streetview_images/3404710.0_2293.jpg
3404710,/Users/aspen/PycharmProjects/CMPU-395-Project/data/streetview_images/3404710.0_2294.jpg
3404710,/Users/aspen/PycharmProjects/CMPU-395-Project/data/streetview_images/3404710.0_2295.jpg
3404710,/Users/aspen/PycharmProjects/CMPU-395-Project/data/streetview_images/3404710.0_2296.jpg
3404710,/Users/aspen/PycharmProjects/CMPU-395-Project/data/streetview_images/3404710.0_2297.jpg
3404710,/Users/aspen/PycharmProjects/CMPU-395-Project/data/streetview_images/3404710.0_2298.jpg
3404710,/Users/aspen/PycharmProjects/CMPU-395-Project/data/streetview_images/3404710.0_2299.jpg
3404710,/Users/aspen/PycharmProjects/CMPU-395-Project/data/streetview_images/3404710.0_2300.jpg
3404710,/Users/aspen/PycharmProjects/CMPU-395-Project/data/streetview_images/3404710.0_2301.jpg
3404710,/Users/aspen/PycharmProjects/CMPU-395-Project/data/streetview_images/3404710.0_2302.jpg
3404710,/Users/aspen/PycharmProjects/CMPU-395-Project/data/streetview_images/3404710.0_2303.jpg
3404710,/Users/aspen/PycharmProjects/CMPU-395-Project/data/streetview_images/3404710.0_2304.jpg
3404710,/Users/aspen/PycharmProjects/CMPU-395-Project/data/streetview_images/3404710.0_2305.jpg
3404710,/Users/aspen/PycharmProjects/CMPU-395-Project/data/streetview_images/3404710.0_2306.jpg
3404710,/Users/aspen/PycharmProjects/CMPU-395-Project/data/streetview_images/3404710.0_2307.jpg
3404710,/Users/aspen/PycharmProjects/CMPU-395-Project/data/streetview_images/3404710.0_2308.jpg
3404710,/Users/aspen/PycharmProjects/CMPU-395-Project/data/streetview_images/3404710.0_2309.jpg
3404710,/Users/aspen/PycharmProjects/CMPU-395-Project/data/streetview_images/3404710.0_2310.jpg
3404710,/Users/aspen/PycharmProjects/CMPU-395-Project/data/streetview_images/3404710.0_2311.jpg
3404710,/Users/aspen/PycharmProjects/CMPU-395-Project/data/streetview_images/3404710.0_2312.jpg
3404710,/Users/aspen/PycharmProjects/CMPU-395-Project/data/streetview_images/3404710.0_2313.jpg
3404710,/Users/aspen/PycharmProjects/CMPU-395-Project/data/streetview_images/3404710.0_2314.jpg
3404710,/Users/aspen/PycharmProjects/CMPU-395-Project/data/streetview_images/3404710.0_2315.jpg
3404710,/Users/aspen/PycharmProjects/CMPU-395-Project/data/streetview_images/3404710.0_2316.jpg
3404710,/Users/aspen/PycharmProjects/CMPU-395-Project/data/streetview_images/3404710.0_2317.jpg
3405520,/Users/aspen/PycharmProjects/CMPU-395-Project/data/streetview_images/3405520.0_2318.jpg
3405520,/Users/aspen/PycharmProjects/CMPU-395-Project/data/streetview_images/3405520.0_2319.jpg
3405520,/Users/aspen/PycharmProjects/CMPU-395-Project/data/streetview_images/3405520.0_2320.jpg
3405520,/Users/aspen/PycharmProjects/CMPU-395-Project/data/streetview_images/3405520.0_2321.jpg
3405520,/Users/aspen/PycharmProjects/CMPU-395-Project/data/streetview_images/3405520.0_2322.jpg
3405520,/Users/aspen/PycharmProjects/CMPU-395-Project/data/streetview_images/3405520.0_2323.jpg
3405520,/Users/aspen/PycharmProjects/CMPU-395-Project/data/streetview_images/3405520.0_2324.jpg
3405520,/Users/aspen/PycharmProjects/CMPU-395-Project/data/streetview_images/3405520.0_2325.jpg
3405520,/Users/aspen/PycharmProjects/CMPU-395-Project/data/streetview_images/3405520.0_2326.jpg
3405520,/Users/aspen/PycharmProjects/CMPU-395-Project/data/streetview_images/3405520.0_2327.jpg
3405520,/Users/aspen/PycharmProjects/CMPU-395-Project/data/streetview_images/3405520.0_2328.jpg
3405520,/Users/aspen/PycharmProjects/CMPU-395-Project/data/streetview_images/3405520.0_2329.jpg
3405520,/Users/aspen/PycharmProjects/CMPU-395-Project/data/streetview_images/3405520.0_2330.jpg
3405520,/Users/aspen/PycharmProjects/CMPU-395-Project/data/streetview_images/3405520.0_2331.jpg
3405520,/Users/aspen/PycharmProjects/CMPU-395-Project/data/streetview_images/3405520.0_2332.jpg
3405520,/Users/aspen/PycharmProjects/CMPU-395-Project/data/streetview_images/3405520.0_2333.jpg
3405880,/Users/aspen/PycharmProjects/CMPU-395-Project/data/streetview_images/3405880.0_2334.jpg
3405880,/Users/aspen/PycharmProjects/CMPU-395-Project/data/streetview_images/3405880.0_2335.jpg
3405880,/Users/aspen/PycharmProjects/CMPU-395-Project/data/streetview_images/3405880.0_2336.jpg
3405880,/Users/aspen/PycharmProjects/CMPU-395-Project/data/streetview_images/3405880.0_2337.jpg
3405880,/Users/aspen/PycharmProjects/CMPU-395-Project/data/streetview_images/3405880.0_2338.jpg
3405880,/Users/aspen/PycharmProjects/CMPU-395-Project/data/streetview_images/3405880.0_2339.jpg
3405880,/Users/aspen/PycharmProjects/CMPU-395-Project/data/streetview_images/3405880.0_2340.jpg
3405880,/Users/aspen/PycharmProjects/CMPU-395-Project/data/streetview_images/3405880.0_2341.jpg
3405880,/Users/aspen/PycharmProjects/CMPU-395-Project/data/streetview_images/3405880.0_2342.jpg
3405880,/Users/aspen/PycharmProjects/CMPU-395-Project/data/streetview_images/3405880.0_2343.jpg
3405880,/Users/aspen/PycharmProjects/CMPU-395-Project/data/streetview_images/3405880.0_2344.jpg
3405880,/Users/aspen/PycharmProjects/CMPU-395-Project/data/streetview_images/3405880.0_2345.jpg
3405880,/Users/aspen/PycharmProjects/CMPU-395-Project/data/streetview_images/3405880.0_2346.jpg
3405880,/Users/aspen/PycharmProjects/CMPU-395-Project/data/streetview_images/3405880.0_2347.jpg
3405880,/Users/aspen/PycharmProjects/CMPU-395-Project/data/streetview_images/3405880.0_2348.jpg
3405880,/Users/aspen/PycharmProjects/CMPU-395-Project/data/streetview_images/3405880.0_2349.jpg
3405880,/Users/aspen/PycharmProjects/CMPU-395-Project/data/streetview_images/3405880.0_2350.jpg
3405880,/Users/aspen/PycharmProjects/CMPU-395-Project/data/streetview_images/3405880.0_2351.jpg
3405880,/Users/aspen/PycharmProjects/CMPU-395-Project/data/streetview_images/3405880.0_2352.jpg
3405880,/Users/aspen/PycharmProjects/CMPU-395-Project/data/streetview_images/3405880.0_2353.jpg
3405880,/Users/aspen/PycharmProjects/CMPU-395-Project/data/streetview_images/3405880.0_2354.jpg
3405880,/Users/aspen/PycharmProjects/CMPU-395-Project/data/streetview_images/3405880.0_2355.jpg
3405880,/Users/aspen/PycharmProjects/CMPU-395-Project/data/streetview_images/3405880.0_2356.jpg
3405880,/Users/aspen/PycharmProjects/CMPU-395-Project/data/streetview_images/3405880.0_2357.jpg
3405880,/Users/aspen/PycharmProjects/CMPU-395-Project/data/streetview_images/3405880.0_2358.jpg
3405880,/Users/aspen/PycharmProjects/CMPU-395-Project/data/streetview_images/3405880.0_2359.jpg
3405880,/Users/aspen/PycharmProjects/CMPU-395-Project/data/streetview_images/3405880.0_2360.jpg
3405880,/Users/aspen/PycharmProjects/CMPU-395-Project/data/streetview_images/3405880.0_2361.jpg
3405880,/Users/aspen/PycharmProjects/CMPU-395-Project/data/streetview_images/3405880.0_2362.jpg
3405880,/Users/aspen/PycharmProjects/CMPU-395-Project/data/streetview_images/3405880.0_2363.jpg
3405880,/Users/aspen/PycharmProjects/CMPU-395-Project/data/streetview_images/3405880.0_2364.jpg
3405880,/Users/aspen/PycharmProjects/CMPU-395-Project/data/streetview_images/3405880.0_2365.jpg
3405880,/Users/aspen/PycharmProjects/CMPU-395-Project/data/streetview_images/3405880.0_2366.jpg
3405880,/Users/aspen/PycharmProjects/CMPU-395-Project/data/streetview_images/3405880.0_2367.jpg
3405880,/Users/aspen/PycharmProjects/CMPU-395-Project/data/streetview_images/3405880.0_2368.jpg
3405880,/Users/aspen/PycharmProjects/CMPU-395-Project/data/streetview_images/3405880.0_2369.jpg
3405880,/Users/aspen/PycharmProjects/CMPU-395-Project/data/streetview_images/3405880.0_2370.jpg
3405880,/Users/aspen/PycharmProjects/CMPU-395-Project/data/streetview_images/3405880.0_2371.jpg
3405880,/Users/aspen/PycharmProjects/CMPU-395-Project/data/streetview_images/3405880.0_2372.jpg
3407830,/Users/aspen/PycharmProjects/CMPU-395-Project/data/streetview_images/3407830.0_2373.jpg
3407830,/Users/aspen/PycharmProjects/CMPU-395-Project/data/streetview_images/3407830.0_2374.jpg
3407830,/Users/aspen/PycharmProjects/CMPU-395-Project/data/streetview_images/3407830.0_2375.jpg
3407830,/Users/aspen/PycharmProjects/CMPU-395-Project/data/streetview_images/3407830.0_2376.jpg
3407830,/Users/aspen/PycharmProjects/CMPU-395-Project/data/streetview_images/3407830.0_2377.jpg
3407830,/Users/aspen/PycharmProjects/CMPU-395-Project/data/streetview_images/3407830.0_2378.jpg
3407830,/Users/aspen/PycharmProjects/CMPU-395-Project/data/streetview_images/3407830.0_2379.jpg
3407830,/Users/aspen/PycharmProjects/CMPU-395-Project/data/streetview_images/3407830.0_2380.jpg
3407830,/Users/aspen/PycharmProjects/CMPU-395-Project/data/streetview_images/3407830.0_2381.jpg
3407830,/Users/aspen/PycharmProjects/CMPU-395-Project/data/streetview_images/3407830.0_2382.jpg
3407830,/Users/aspen/PycharmProjects/CMPU-395-Project/data/streetview_images/3407830.0_2383.jpg
3407830,/Users/aspen/PycharmProjects/CMPU-395-Project/data/streetview_images/3407830.0_2384.jpg
3407830,/Users/aspen/PycharmProjects/CMPU-395-Project/data/streetview_images/3407830.0_2385.jpg
3407830,/Users/aspen/PycharmProjects/CMPU-395-Project/data/streetview_images/3407830.0_2386.jpg
3407830,/Users/aspen/PycharmProjects/CMPU-395-Project/data/streetview_images/3407830.0_2387.jpg
3407830,/Users/aspen/PycharmProjects/CMPU-395-Project/data/streetview_images/3407830.0_2388.jpg
3407830,/Users/aspen/PycharmProjects/CMPU-395-Project/data/streetview_images/3407830.0_2389.jpg
3407830,/Users/aspen/PycharmProjects/CMPU-395-Project/data/streetview_images/3407830.0_2390.jpg
3407830,/Users/aspen/PycharmProjects/CMPU-395-Project/data/streetview_images/3407830.0_2391.jpg
3407830,/Users/aspen/PycharmProjects/CMPU-395-Project/data/streetview_images/3407830.0_2392.jpg
3407830,/Users/aspen/PycharmProjects/CMPU-395-Project/data/streetview_images/3407830.0_2393.jpg
3407830,/Users/aspen/PycharmProjects/CMPU-395-Project/data/streetview_images/3407830.0_2394.jpg
3407830,/Users/aspen/PycharmProjects/CMPU-395-Project/data/streetview_images/3407830.0_2395.jpg
3407830,/Users/aspen/PycharmProjects/CMPU-395-Project/data/streetview_images/3407830.0_2396.jpg
3407830,/Users/aspen/PycharmProjects/CMPU-395-Project/data/streetview_images/3407830.0_2397.jpg
3407830,/Users/aspen/PycharmProjects/CMPU-395-Project/data/streetview_images/3407830.0_2398.jpg
3407830,/Users/aspen/PycharmProjects/CMPU-395-Project/data/streetview_images/3407830.0_2399.jpg
3407830,/Users/aspen/PycharmProjects/CMPU-395-Project/data/streetview_images/3407830.0_2400.jpg
3407830,/Users/aspen/PycharmProjects/CMPU-395-Project/data/streetview_images/3407830.0_2401.jpg
3407830,/Users/aspen/PycharmProjects/CMPU-395-Project/data/streetview_images/3407830.0_2402.jpg
3407830,/Users/aspen/PycharmProjects/CMPU-395-Project/data/streetview_images/3407830.0_2403.jpg
3407830,/Users/aspen/PycharmProjects/CMPU-395-Project/data/streetview_images/3407830.0_2404.jpg
3407830,/Users/aspen/PycharmProjects/CMPU-395-Project/data/streetview_images/3407830.0_2405.jpg
3407830,/Users/aspen/PycharmProjects/CMPU-395-Project/data/streetview_images/3407830.0_2406.jpg
3407830,/Users/aspen/PycharmProjects/CMPU-395-Project/data/streetview_images/3407830.0_2407.jpg
3407830,/Users/aspen/PycharmProjects/CMPU-395-Project/data/streetview_images/3407830.0_2408.jpg
3407830,/Users/aspen/PycharmProjects/CMPU-395-Project/data/streetview_images/3407830.0_2409.jpg
3407830,/Users/aspen/PycharmProjects/CMPU-395-Project/data/streetview_images/3407830.0_2410.jpg
3407830,/Users/aspen/PycharmProjects/CMPU-395-Project/data/streetview_images/3407830.0_2411.jpg
3407830,/Users/aspen/PycharmProjects/CMPU-395-Project/data/streetview_images/3407830.0_2412.jpg
3407920,/Users/aspen/PycharmProjects/CMPU-395-Project/data/streetview_images/3407920.0_2413.jpg
3407920,/Users/aspen/PycharmProjects/CMPU-395-Project/data/streetview_images/3407920.0_2414.jpg
3407920,/Users/aspen/PycharmProjects/CMPU-395-Project/data/streetview_images/3407920.0_2415.jpg
3407920,/Users/aspen/PycharmProjects/CMPU-395-Project/data/streetview_images/3407920.0_2416.jpg
3407920,/Users/aspen/PycharmProjects/CMPU-395-Project/data/streetview_images/3407920.0_2417.jpg
3407920,/Users/aspen/PycharmProjects/CMPU-395-Project/data/streetview_images/3407920.0_2418.jpg
3407920,/Users/aspen/PycharmProjects/CMPU-395-Project/data/streetview_images/3407920.0_2419.jpg
3407920,/Users/aspen/PycharmProjects/CMPU-395-Project/data/streetview_images/3407920.0_2420.jpg
3407920,/Users/aspen/PycharmProjects/CMPU-395-Project/data/streetview_images/3407920.0_2421.jpg
3407920,/Users/aspen/PycharmProjects/CMPU-395-Project/data/streetview_images/3407920.0_2422.jpg
3407920,/Users/aspen/PycharmProjects/CMPU-395-Project/data/streetview_images/3407920.0_2423.jpg
3407920,/Users/aspen/PycharmProjects/CMPU-395-Project/data/streetview_images/3407920.0_2424.jpg
3407920,/Users/aspen/PycharmProjects/CMPU-395-Project/data/streetview_images/3407920.0_2425.jpg
3407920,/Users/aspen/PycharmProjects/CMPU-395-Project/data/streetview_images/3407920.0_2426.jpg
3407920,/Users/aspen/PycharmProjects/CMPU-395-Project/data/streetview_images/3407920.0_2427.jpg
3407920,/Users/aspen/PycharmProjects/CMPU-395-Project/data/streetview_images/3407920.0_2428.jpg
3407920,/Users/aspen/PycharmProjects/CMPU-395-Project/data/streetview_images/3407920.0_2429.jpg
3407920,/Users/aspen/PycharmProjects/CMPU-395-Project/data/streetview_images/3407920.0_2430.jpg
3407920,/Users/aspen/PycharmProjects/CMPU-395-Project/data/streetview_images/3407920.0_2431.jpg
3407920,/Users/aspen/PycharmProjects/CMPU-395-Project/data/streetview_images/3407920.0_2432.jpg
3407920,/Users/aspen/PycharmProjects/CMPU-395-Project/data/streetview_images/3407920.0_2433.jpg
3407920,/Users/aspen/PycharmProjects/CMPU-395-Project/data/streetview_images/3407920.0_2434.jpg
3407920,/Users/aspen/PycharmProjects/CMPU-395-Project/data/streetview_images/3407920.0_2435.jpg
3407920,/Users/aspen/PycharmProjects/CMPU-395-Project/data/streetview_images/3407920.0_2436.jpg
3407920,/Users/aspen/PycharmProjects/CMPU-395-Project/data/streetview_images/3407920.0_2437.jpg
3407920,/Users/aspen/PycharmProjects/CMPU-395-Project/data/streetview_images/3407920.0_2438.jpg
3407920,/Users/aspen/PycharmProjects/CMPU-395-Project/data/streetview_images/3407920.0_2439.jpg
3407920,/Users/aspen/PycharmProjects/CMPU-395-Project/data/streetview_images/3407920.0_2440.jpg
3407920,/Users/aspen/PycharmProjects/CMPU-395-Project/data/streetview_images/3407920.0_2441.jpg
3407920,/Users/aspen/PycharmProjects/CMPU-395-Project/data/streetview_images/3407920.0_2442.jpg
3407920,/Users/aspen/PycharmProjects/CMPU-395-Project/data/streetview_images/3407920.0_2443.jpg
3407920,/Users/aspen/PycharmProjects/CMPU-395-Project/data/streetview_images/3407920.0_2444.jpg
3407920,/Users/aspen/PycharmProjects/CMPU-395-Project/data/streetview_images/3407920.0_2445.jpg
3407920,/Users/aspen/PycharmProjects/CMPU-395-Project/data/streetview_images/3407920.0_2446.jpg
3407920,/Users/aspen/PycharmProjects/CMPU-395-Project/data/streetview_images/3407920.0_2447.jpg
3407920,/Users/aspen/PycharmProjects/CMPU-395-Project/data/streetview_images/3407920.0_2448.jpg
3407920,/Users/aspen/PycharmProjects/CMPU-395-Project/data/streetview_images/3407920.0_2449.jpg
3407920,/Users/aspen/PycharmProjects/CMPU-395-Project/data/streetview_images/3407920.0_2450.jpg
3407920,/Users/aspen/PycharmProjects/CMPU-395-Project/data/streetview_images/3407920.0_2451.jpg
3407920,/Users/aspen/PycharmProjects/CMPU-395-Project/data/streetview_images/3407920.0_2452.jpg
3409750,/Users/aspen/PycharmProjects/CMPU-395-Project/data/streetview_images/3409750.0_2453.jpg
3409750,/Users/aspen/PycharmProjects/CMPU-395-Project/data/streetview_images/3409750.0_2454.jpg
3409750,/Users/aspen/PycharmProjects/CMPU-395-Project/data/streetview_images/3409750.0_2455.jpg
3409750,/Users/aspen/PycharmProjects/CMPU-395-Project/data/streetview_images/3409750.0_2456.jpg
3409750,/Users/aspen/PycharmProjects/CMPU-395-Project/data/streetview_images/3409750.0_2457.jpg
3409750,/Users/aspen/PycharmProjects/CMPU-395-Project/data/streetview_images/3409750.0_2458.jpg
3409750,/Users/aspen/PycharmProjects/CMPU-395-Project/data/streetview_images/3409750.0_2459.jpg
3409750,/Users/aspen/PycharmProjects/CMPU-395-Project/data/streetview_images/3409750.0_2460.jpg
3409750,/Users/aspen/PycharmProjects/CMPU-395-Project/data/streetview_images/3409750.0_2461.jpg
3409750,/Users/aspen/PycharmProjects/CMPU-395-Project/data/streetview_images/3409750.0_2462.jpg
3409750,/Users/aspen/PycharmProjects/CMPU-395-Project/data/streetview_images/3409750.0_2463.jpg
3409750,/Users/aspen/PycharmProjects/CMPU-395-Project/data/streetview_images/3409750.0_2464.jpg
3409750,/Users/aspen/PycharmProjects/CMPU-395-Project/data/streetview_images/3409750.0_2465.jpg
3409750,/Users/aspen/PycharmProjects/CMPU-395-Project/data/streetview_images/3409750.0_2466.jpg
3409750,/Users/aspen/PycharmProjects/CMPU-395-Project/data/streetview_images/3409750.0_2467.jpg
3409750,/Users/aspen/PycharmProjects/CMPU-395-Project/data/streetview_images/3409750.0_2468.jpg
3409750,/Users/aspen/PycharmProjects/CMPU-395-Project/data/streetview_images/3409750.0_2469.jpg
3409750,/Users/aspen/PycharmProjects/CMPU-395-Project/data/streetview_images/3409750.0_2470.jpg
3409750,/Users/aspen/PycharmProjects/CMPU-395-Project/data/streetview_images/3409750.0_2471.jpg
3409750,/Users/aspen/PycharmProjects/CMPU-395-Project/data/streetview_images/3409750.0_2472.jpg
3409750,/Users/aspen/PycharmProjects/CMPU-395-Project/data/streetview_images/3409750.0_2473.jpg
3409750,/Users/aspen/PycharmProjects/CMPU-395-Project/data/streetview_images/3409750.0_2474.jpg
3409750,/Users/aspen/PycharmProjects/CMPU-395-Project/data/streetview_images/3409750.0_2475.jpg
3409750,/Users/aspen/PycharmProjects/CMPU-395-Project/data/streetview_images/3409750.0_2476.jpg
3409750,/Users/aspen/PycharmProjects/CMPU-395-Project/data/streetview_images/3409750.0_2477.jpg
3409750,/Users/aspen/PycharmProjects/CMPU-395-Project/data/streetview_images/3409750.0_2478.jpg
3409750,/Users/aspen/PycharmProjects/CMPU-395-Project/data/streetview_images/3409750.0_2479.jpg
3409750,/Users/aspen/PycharmProjects/CMPU-395-Project/data/streetview_images/3409750.0_2480.jpg
3409750,/Users/aspen/PycharmProjects/CMPU-395-Project/data/streetview_images/3409750.0_2481.jpg
3409750,/Users/aspen/PycharmProjects/CMPU-395-Project/data/streetview_images/3409750.0_2482.jpg
3409750,/Users/aspen/PycharmProjects/CMPU-395-Project/data/streetview_images/3409750.0_2483.jpg
3409750,/Users/aspen/PycharmProjects/CMPU-395-Project/data/streetview_images/3409750.0_2484.jpg
3409750,/Users/aspen/PycharmProjects/CMPU-395-Project/data/streetview_images/3409750.0_2485.jpg
3409750,/Users/aspen/PycharmProjects/CMPU-395-Project/data/streetview_images/3409750.0_2486.jpg
3409750,/Users/aspen/PycharmProjects/CMPU-395-Project/data/streetview_images/3409750.0_2487.jpg
3409750,/Users/aspen/PycharmProjects/CMPU-395-Project/data/streetview_images/3409750.0_2488.jpg
3409750,/Users/aspen/PycharmProjects/CMPU-395-Project/data/streetview_images/3409750.0_2489.jpg
3409750,/Users/aspen/PycharmProjects/CMPU-395-Project/data/streetview_images/3409750.0_2490.jpg
3409750,/Users/aspen/PycharmProjects/CMPU-395-Project/data/streetview_images/3409750.0_2491.jpg
3409750,/Users/aspen/PycharmProjects/CMPU-395-Project/data/streetview_images/3409750.0_2492.jpg
3411310,/Users/aspen/PycharmProjects/CMPU-395-Project/data/streetview_images/3411310.0_2493.jpg
3411310,/Users/aspen/PycharmProjects/CMPU-395-Project/data/streetview_images/3411310.0_2494.jpg
3411310,/Users/aspen/PycharmProjects/CMPU-395-Project/data/streetview_images/3411310.0_2495.jpg
3411310,/Users/aspen/PycharmProjects/CMPU-395-Project/data/streetview_images/3411310.0_2496.jpg
3411310,/Users/aspen/PycharmProjects/CMPU-395-Project/data/streetview_images/3411310.0_2497.jpg
3411310,/Users/aspen/PycharmProjects/CMPU-395-Project/data/streetview_images/3411310.0_2498.jpg
3411310,/Users/aspen/PycharmProjects/CMPU-395-Project/data/streetview_images/3411310.0_2499.jpg
3411310,/Users/aspen/PycharmProjects/CMPU-395-Project/data/streetview_images/3411310.0_2500.jpg
3411310,/Users/aspen/PycharmProjects/CMPU-395-Project/data/streetview_images/3411310.0_2501.jpg
3411310,/Users/aspen/PycharmProjects/CMPU-395-Project/data/streetview_images/3411310.0_2502.jpg
3411310,/Users/aspen/PycharmProjects/CMPU-395-Project/data/streetview_images/3411310.0_2503.jpg
3411310,/Users/aspen/PycharmProjects/CMPU-395-Project/data/streetview_images/3411310.0_2504.jpg
3411310,/Users/aspen/PycharmProjects/CMPU-395-Project/data/streetview_images/3411310.0_2505.jpg
3411310,/Users/aspen/PycharmProjects/CMPU-395-Project/data/streetview_images/3411310.0_2506.jpg
3411310,/Users/aspen/PycharmProjects/CMPU-395-Project/data/streetview_images/3411310.0_2507.jpg
3411310,/Users/aspen/PycharmProjects/CMPU-395-Project/data/streetview_images/3411310.0_2508.jpg
3411310,/Users/aspen/PycharmProjects/CMPU-395-Project/data/streetview_images/3411310.0_2509.jpg
3411310,/Users/aspen/PycharmProjects/CMPU-395-Project/data/streetview_images/3411310.0_2510.jpg
3411310,/Users/aspen/PycharmProjects/CMPU-395-Project/data/streetview_images/3411310.0_2511.jpg
3411310,/Users/aspen/PycharmProjects/CMPU-395-Project/data/streetview_images/3411310.0_2512.jpg
3411310,/Users/aspen/PycharmProjects/CMPU-395-Project/data/streetview_images/3411310.0_2513.jpg
3411310,/Users/aspen/PycharmProjects/CMPU-395-Project/data/streetview_images/3411310.0_2514.jpg
3411310,/Users/aspen/PycharmProjects/CMPU-395-Project/data/streetview_images/3411310.0_2515.jpg
3411310,/Users/aspen/PycharmProjects/CMPU-395-Project/data/streetview_images/3411310.0_2516.jpg
3411310,/Users/aspen/PycharmProjects/CMPU-395-Project/data/streetview_images/3411310.0_2517.jpg
3411310,/Users/aspen/PycharmProjects/CMPU-395-Project/data/streetview_images/3411310.0_2518.jpg
3411310,/Users/aspen/PycharmProjects/CMPU-395-Project/data/streetview_images/3411310.0_2519.jpg
3411310,/Users/aspen/PycharmProjects/CMPU-395-Project/data/streetview_images/3411310.0_2520.jpg
3411310,/Users/aspen/PycharmProjects/CMPU-395-Project/data/streetview_images/3411310.0_2521.jpg
3411310,/Users/aspen/PycharmProjects/CMPU-395-Project/data/streetview_images/3411310.0_2522.jpg
3411310,/Users/aspen/PycharmProjects/CMPU-395-Project/data/streetview_images/3411310.0_2523.jpg
3411310,/Users/aspen/PycharmProjects/CMPU-395-Project/data/streetview_images/3411310.0_2524.jpg
3411310,/Users/aspen/PycharmProjects/CMPU-395-Project/data/streetview_images/3411310.0_2525.jpg
3411310,/Users/aspen/PycharmProjects/CMPU-395-Project/data/streetview_images/3411310.0_2526.jpg
3411310,/Users/aspen/PycharmProjects/CMPU-395-Project/data/streetview_images/3411310.0_2527.jpg
3411310,/Users/aspen/PycharmProjects/CMPU-395-Project/data/streetview_images/3411310.0_2528.jpg
3411310,/Users/aspen/PycharmProjects/CMPU-395-Project/data/streetview_images/3411310.0_2529.jpg
3411310,/Users/aspen/PycharmProjects/CMPU-395-Project/data/streetview_images/3411310.0_2530.jpg
3411310,/Users/aspen/PycharmProjects/CMPU-395-Project/data/streetview_images/3411310.0_2531.jpg
3411310,/Users/aspen/PycharmProjects/CMPU-395-Project/data/streetview_images/3411310.0_2532.jpg
3413470,/Users/aspen/PycharmProjects/CMPU-395-Project/data/streetview_images/3413470.0_2533.jpg
3413470,/Users/aspen/PycharmProjects/CMPU-395-Project/data/streetview_images/3413470.0_2534.jpg
3413470,/Users/aspen/PycharmProjects/CMPU-395-Project/data/streetview_images/3413470.0_2535.jpg
3413470,/Users/aspen/PycharmProjects/CMPU-395-Project/data/streetview_images/3413470.0_2536.jpg
3413470,/Users/aspen/PycharmProjects/CMPU-395-Project/data/streetview_images/3413470.0_2537.jpg
3413470,/Users/aspen/PycharmProjects/CMPU-395-Project/data/streetview_images/3413470.0_2538.jpg
3413470,/Users/aspen/PycharmProjects/CMPU-395-Project/data/streetview_images/3413470.0_2539.jpg
3413470,/Users/aspen/PycharmProjects/CMPU-395-Project/data/streetview_images/3413470.0_2540.jpg
3413470,/Users/aspen/PycharmProjects/CMPU-395-Project/data/streetview_images/3413470.0_2541.jpg
3413470,/Users/aspen/PycharmProjects/CMPU-395-Project/data/streetview_images/3413470.0_2542.jpg
3413470,/Users/aspen/PycharmProjects/CMPU-395-Project/data/streetview_images/3413470.0_2543.jpg
3413470,/Users/aspen/PycharmProjects/CMPU-395-Project/data/streetview_images/3413470.0_2544.jpg
3413470,/Users/aspen/PycharmProjects/CMPU-395-Project/data/streetview_images/3413470.0_2545.jpg
3413470,/Users/aspen/PycharmProjects/CMPU-395-Project/data/streetview_images/3413470.0_2546.jpg
3413470,/Users/aspen/PycharmProjects/CMPU-395-Project/data/streetview_images/3413470.0_2547.jpg
3413470,/Users/aspen/PycharmProjects/CMPU-395-Project/data/streetview_images/3413470.0_2548.jpg
3413470,/Users/aspen/PycharmProjects/CMPU-395-Project/data/streetview_images/3413470.0_2549.jpg
3413470,/Users/aspen/PycharmProjects/CMPU-395-Project/data/streetview_images/3413470.0_2550.jpg
3413470,/Users/aspen/PycharmProjects/CMPU-395-Project/data/streetview_images/3413470.0_2551.jpg
3413470,/Users/aspen/PycharmProjects/CMPU-395-Project/data/streetview_images/3413470.0_2552.jpg
3413470,/Users/aspen/PycharmProjects/CMPU-395-Project/data/streetview_images/3413470.0_2553.jpg
3413470,/Users/aspen/PycharmProjects/CMPU-395-Project/data/streetview_images/3413470.0_2554.jpg
3413470,/Users/aspen/PycharmProjects/CMPU-395-Project/data/streetview_images/3413470.0_2555.jpg
3413470,/Users/aspen/PycharmProjects/CMPU-395-Project/data/streetview_images/3413470.0_2556.jpg
3413470,/Users/aspen/PycharmProjects/CMPU-395-Project/data/streetview_images/3413470.0_2557.jpg
3413470,/Users/aspen/PycharmProjects/CMPU-395-Project/data/streetview_images/3413470.0_2558.jpg
3413470,/Users/aspen/PycharmProjects/CMPU-395-Project/data/streetview_images/3413470.0_2559.jpg
3413470,/Users/aspen/PycharmProjects/CMPU-395-Project/data/streetview_images/3413470.0_2560.jpg
3413470,/Users/aspen/PycharmProjects/CMPU-395-Project/data/streetview_images/3413470.0_2561.jpg
3413470,/Users/aspen/PycharmProjects/CMPU-395-Project/data/streetview_images/3413470.0_2562.jpg
3413470,/Users/aspen/PycharmProjects/CMPU-395-Project/data/streetview_images/3413470.0_2563.jpg
3413470,/Users/aspen/PycharmProjects/CMPU-395-Project/data/streetview_images/3413470.0_2564.jpg
3413470,/Users/aspen/PycharmProjects/CMPU-395-Project/data/streetview_images/3413470.0_2565.jpg
3413470,/Users/aspen/PycharmProjects/CMPU-395-Project/data/streetview_images/3413470.0_2566.jpg
3413470,/Users/aspen/PycharmProjects/CMPU-395-Project/data/streetview_images/3413470.0_2567.jpg
3413470,/Users/aspen/PycharmProjects/CMPU-395-Project/data/streetview_images/3413470.0_2568.jpg
3413470,/Users/aspen/PycharmProjects/CMPU-395-Project/data/streetview_images/3413470.0_2569.jpg
3413470,/Users/aspen/PycharmProjects/CMPU-395-Project/data/streetview_images/3413470.0_2570.jpg
3413470,/Users/aspen/PycharmProjects/CMPU-395-Project/data/streetview_images/3413470.0_2571.jpg
3413470,/Users/aspen/PycharmProjects/CMPU-395-Project/data/streetview_images/3413470.0_2572.jpg
3414220,/Users/aspen/PycharmProjects/CMPU-395-Project/data/streetview_images/3414220.0_2573.jpg
3414220,/Users/aspen/PycharmProjects/CMPU-395-Project/data/streetview_images/3414220.0_2574.jpg
3414220,/Users/aspen/PycharmProjects/CMPU-395-Project/data/streetview_images/3414220.0_2575.jpg
3414220,/Users/aspen/PycharmProjects/CMPU-395-Project/data/streetview_images/3414220.0_2576.jpg
3414220,/Users/aspen/PycharmProjects/CMPU-395-Project/data/streetview_images/3414220.0_2577.jpg
3414220,/Users/aspen/PycharmProjects/CMPU-395-Project/data/streetview_images/3414220.0_2578.jpg
3414220,/Users/aspen/PycharmProjects/CMPU-395-Project/data/streetview_images/3414220.0_2579.jpg
3414220,/Users/aspen/PycharmProjects/CMPU-395-Project/data/streetview_images/3414220.0_2580.jpg
3414220,/Users/aspen/PycharmProjects/CMPU-395-Project/data/streetview_images/3414220.0_2581.jpg
3414220,/Users/aspen/PycharmProjects/CMPU-395-Project/data/streetview_images/3414220.0_2582.jpg
3414220,/Users/aspen/PycharmProjects/CMPU-395-Project/data/streetview_images/3414220.0_2583.jpg
3414220,/Users/aspen/PycharmProjects/CMPU-395-Project/data/streetview_images/3414220.0_2584.jpg
3414220,/Users/aspen/PycharmProjects/CMPU-395-Project/data/streetview_images/3414220.0_2585.jpg
3414220,/Users/aspen/PycharmProjects/CMPU-395-Project/data/streetview_images/3414220.0_2586.jpg
3414220,/Users/aspen/PycharmProjects/CMPU-395-Project/data/streetview_images/3414220.0_2587.jpg
3414220,/Users/aspen/PycharmProjects/CMPU-395-Project/data/streetview_images/3414220.0_2588.jpg
3414220,/Users/aspen/PycharmProjects/CMPU-395-Project/data/streetview_images/3414220.0_2589.jpg
3414220,/Users/aspen/PycharmProjects/CMPU-395-Project/data/streetview_images/3414220.0_2590.jpg
3415030,/Users/aspen/PycharmProjects/CMPU-395-Project/data/streetview_images/3415030.0_2591.jpg
3415030,/Users/aspen/PycharmProjects/CMPU-395-Project/data/streetview_images/3415030.0_2592.jpg
3415030,/Users/aspen/PycharmProjects/CMPU-395-Project/data/streetview_images/3415030.0_2593.jpg
3415030,/Users/aspen/PycharmProjects/CMPU-395-Project/data/streetview_images/3415030.0_2594.jpg
3415030,/Users/aspen/PycharmProjects/CMPU-395-Project/data/streetview_images/3415030.0_2595.jpg
3415030,/Users/aspen/PycharmProjects/CMPU-395-Project/data/streetview_images/3415030.0_2596.jpg
3415030,/Users/aspen/PycharmProjects/CMPU-395-Project/data/streetview_images/3415030.0_2597.jpg
3415030,/Users/aspen/PycharmProjects/CMPU-395-Project/data/streetview_images/3415030.0_2598.jpg
3415030,/Users/aspen/PycharmProjects/CMPU-395-Project/data/streetview_images/3415030.0_2599.jpg
3415030,/Users/aspen/PycharmProjects/CMPU-395-Project/data/streetview_images/3415030.0_2600.jpg
3415030,/Users/aspen/PycharmProjects/CMPU-395-Project/data/streetview_images/3415030.0_2601.jpg
3415030,/Users/aspen/PycharmProjects/CMPU-395-Project/data/streetview_images/3415030.0_2602.jpg
3415030,/Users/aspen/PycharmProjects/CMPU-395-Project/data/streetview_images/3415030.0_2603.jpg
3415030,/Users/aspen/PycharmProjects/CMPU-395-Project/data/streetview_images/3415030.0_2604.jpg
3415030,/Users/aspen/PycharmProjects/CMPU-395-Project/data/streetview_images/3415030.0_2605.jpg
3415030,/Users/aspen/PycharmProjects/CMPU-395-Project/data/streetview_images/3415030.0_2606.jpg
3415030,/Users/aspen/PycharmProjects/CMPU-395-Project/data/streetview_images/3415030.0_2607.jpg
3415030,/Users/aspen/PycharmProjects/CMPU-395-Project/data/streetview_images/3415030.0_2608.jpg
3415030,/Users/aspen/PycharmProjects/CMPU-395-Project/data/streetview_images/3415030.0_2609.jpg
3415030,/Users/aspen/PycharmProjects/CMPU-395-Project/data/streetview_images/3415030.0_2610.jpg
3415030,/Users/aspen/PycharmProjects/CMPU-395-Project/data/streetview_images/3415030.0_2611.jpg
3415030,/Users/aspen/PycharmProjects/CMPU-395-Project/data/streetview_images/3415030.0_2612.jpg
3415030,/Users/aspen/PycharmProjects/CMPU-395-Project/data/streetview_images/3415030.0_2613.jpg
3415030,/Users/aspen/PycharmProjects/CMPU-395-Project/data/streetview_images/3415030.0_2614.jpg
3415030,/Users/aspen/PycharmProjects/CMPU-395-Project/data/streetview_images/3415030.0_2615.jpg
3415030,/Users/aspen/PycharmProjects/CMPU-395-Project/data/streetview_images/3415030.0_2616.jpg
3415030,/Users/aspen/PycharmProjects/CMPU-395-Project/data/streetview_images/3415030.0_2617.jpg
3415030,/Users/aspen/PycharmProjects/CMPU-395-Project/data/streetview_images/3415030.0_2618.jpg
3415030,/Users/aspen/PycharmProjects/CMPU-395-Project/data/streetview_images/3415030.0_2619.jpg
3415030,/Users/aspen/PycharmProjects/CMPU-395-Project/data/streetview_images/3415030.0_2620.jpg
3415030,/Users/aspen/PycharmProjects/CMPU-395-Project/data/streetview_images/3415030.0_2621.jpg
3415030,/Users/aspen/PycharmProjects/CMPU-395-Project/data/streetview_images/3415030.0_2622.jpg
3415030,/Users/aspen/PycharmProjects/CMPU-395-Project/data/streetview_images/3415030.0_2623.jpg
3415030,/Users/aspen/PycharmProjects/CMPU-395-Project/data/streetview_images/3415030.0_2624.jpg
3415030,/Users/aspen/PycharmProjects/CMPU-395-Project/data/streetview_images/3415030.0_2625.jpg
3415030,/Users/aspen/PycharmProjects/CMPU-395-Project/data/streetview_images/3415030.0_2626.jpg
3415030,/Users/aspen/PycharmProjects/CMPU-395-Project/data/streetview_images/3415030.0_2627.jpg
3415030,/Users/aspen/PycharmProjects/CMPU-395-Project/data/streetview_images/3415030.0_2628.jpg
3415030,/Users/aspen/PycharmProjects/CMPU-395-Project/data/streetview_images/3415030.0_2629.jpg
3415030,/Users/aspen/PycharmProjects/CMPU-395-Project/data/streetview_images/3415030.0_2630.jpg
3416200,/Users/aspen/PycharmProjects/CMPU-395-Project/data/streetview_images/3416200.0_2631.jpg
3416200,/Users/aspen/PycharmProjects/CMPU-395-Project/data/streetview_images/3416200.0_2632.jpg
3416200,/Users/aspen/PycharmProjects/CMPU-395-Project/data/streetview_images/3416200.0_2633.jpg
3416200,/Users/aspen/PycharmProjects/CMPU-395-Project/data/streetview_images/3416200.0_2634.jpg
3416200,/Users/aspen/PycharmProjects/CMPU-395-Project/data/streetview_images/3416200.0_2635.jpg
3416200,/Users/aspen/PycharmProjects/CMPU-395-Project/data/streetview_images/3416200.0_2636.jpg
3416200,/Users/aspen/PycharmProjects/CMPU-395-Project/data/streetview_images/3416200.0_2637.jpg
3416200,/Users/aspen/PycharmProjects/CMPU-395-Project/data/streetview_images/3416200.0_2638.jpg
3416200,/Users/aspen/PycharmProjects/CMPU-395-Project/data/streetview_images/3416200.0_2639.jpg
3416200,/Users/aspen/PycharmProjects/CMPU-395-Project/data/streetview_images/3416200.0_2640.jpg
3416200,/Users/aspen/PycharmProjects/CMPU-395-Project/data/streetview_images/3416200.0_2641.jpg
3416200,/Users/aspen/PycharmProjects/CMPU-395-Project/data/streetview_images/3416200.0_2642.jpg
3416200,/Users/aspen/PycharmProjects/CMPU-395-Project/data/streetview_images/3416200.0_2643.jpg
3416200,/Users/aspen/PycharmProjects/CMPU-395-Project/data/streetview_images/3416200.0_2644.jpg
3416200,/Users/aspen/PycharmProjects/CMPU-395-Project/data/streetview_images/3416200.0_2645.jpg
3416200,/Users/aspen/PycharmProjects/CMPU-395-Project/data/streetview_images/3416200.0_2646.jpg
3416200,/Users/aspen/PycharmProjects/CMPU-395-Project/data/streetview_images/3416200.0_2647.jpg
3416200,/Users/aspen/PycharmProjects/CMPU-395-Project/data/streetview_images/3416200.0_2648.jpg
3416200,/Users/aspen/PycharmProjects/CMPU-395-Project/data/streetview_images/3416200.0_2649.jpg
3416200,/Users/aspen/PycharmProjects/CMPU-395-Project/data/streetview_images/3416200.0_2650.jpg
3416200,/Users/aspen/PycharmProjects/CMPU-395-Project/data/streetview_images/3416200.0_2651.jpg
3416200,/Users/aspen/PycharmProjects/CMPU-395-Project/data/streetview_images/3416200.0_2652.jpg
3416200,/Users/aspen/PycharmProjects/CMPU-395-Project/data/streetview_images/3416200.0_2653.jpg
3416200,/Users/aspen/PycharmProjects/CMPU-395-Project/data/streetview_images/3416200.0_2654.jpg
3416200,/Users/aspen/PycharmProjects/CMPU-395-Project/data/streetview_images/3416200.0_2655.jpg
3416200,/Users/aspen/PycharmProjects/CMPU-395-Project/data/streetview_images/3416200.0_2656.jpg
3416200,/Users/aspen/PycharmProjects/CMPU-395-Project/data/streetview_images/3416200.0_2657.jpg
3416200,/Users/aspen/PycharmProjects/CMPU-395-Project/data/streetview_images/3416200.0_2658.jpg
3416200,/Users/aspen/PycharmProjects/CMPU-395-Project/data/streetview_images/3416200.0_2659.jpg
3416200,/Users/aspen/PycharmProjects/CMPU-395-Project/data/streetview_images/3416200.0_2660.jpg
3416200,/Users/aspen/PycharmProjects/CMPU-395-Project/data/streetview_images/3416200.0_2661.jpg
3416200,/Users/aspen/PycharmProjects/CMPU-395-Project/data/streetview_images/3416200.0_2662.jpg
3416200,/Users/aspen/PycharmProjects/CMPU-395-Project/data/streetview_images/3416200.0_2663.jpg
3416200,/Users/aspen/PycharmProjects/CMPU-395-Project/data/streetview_images/3416200.0_2664.jpg
3416200,/Users/aspen/PycharmProjects/CMPU-395-Project/data/streetview_images/3416200.0_2665.jpg
3416200,/Users/aspen/PycharmProjects/CMPU-395-Project/data/streetview_images/3416200.0_2666.jpg
3416200,/Users/aspen/PycharmProjects/CMPU-395-Project/data/streetview_images/3416200.0_2667.jpg
3416200,/Users/aspen/PycharmProjects/CMPU-395-Project/data/streetview_images/3416200.0_2668.jpg
3416200,/Users/aspen/PycharmProjects/CMPU-395-Project/data/streetview_images/3416200.0_2669.jpg
3416200,/Users/aspen/PycharmProjects/CMPU-395-Project/data/streetview_images/3416200.0_2670.jpg
3417520,/Users/aspen/PycharmProjects/CMPU-395-Project/data/streetview_images/3417520.0_2671.jpg
3417520,/Users/aspen/PycharmProjects/CMPU-395-Project/data/streetview_images/3417520.0_2672.jpg
3417520,/Users/aspen/PycharmProjects/CMPU-395-Project/data/streetview_images/3417520.0_2673.jpg
3417520,/Users/aspen/PycharmProjects/CMPU-395-Project/data/streetview_images/3417520.0_2674.jpg
3417520,/Users/aspen/PycharmProjects/CMPU-395-Project/data/streetview_images/3417520.0_2675.jpg
3417520,/Users/aspen/PycharmProjects/CMPU-395-Project/data/streetview_images/3417520.0_2676.jpg
3417520,/Users/aspen/PycharmProjects/CMPU-395-Project/data/streetview_images/3417520.0_2677.jpg
3417520,/Users/aspen/PycharmProjects/CMPU-395-Project/data/streetview_images/3417520.0_2678.jpg
3417520,/Users/aspen/PycharmProjects/CMPU-395-Project/data/streetview_images/3417520.0_2679.jpg
3417520,/Users/aspen/PycharmProjects/CMPU-395-Project/data/streetview_images/3417520.0_2680.jpg
3417520,/Users/aspen/PycharmProjects/CMPU-395-Project/data/streetview_images/3417520.0_2681.jpg
3417520,/Users/aspen/PycharmProjects/CMPU-395-Project/data/streetview_images/3417520.0_2682.jpg
3417520,/Users/aspen/PycharmProjects/CMPU-395-Project/data/streetview_images/3417520.0_2683.jpg
3417520,/Users/aspen/PycharmProjects/CMPU-395-Project/data/streetview_images/3417520.0_2684.jpg
3418240,/Users/aspen/PycharmProjects/CMPU-395-Project/data/streetview_images/3418240.0_2685.jpg
3418240,/Users/aspen/PycharmProjects/CMPU-395-Project/data/streetview_images/3418240.0_2686.jpg
3418240,/Users/aspen/PycharmProjects/CMPU-395-Project/data/streetview_images/3418240.0_2687.jpg
3418240,/Users/aspen/PycharmProjects/CMPU-395-Project/data/streetview_images/3418240.0_2688.jpg
3418240,/Users/aspen/PycharmProjects/CMPU-395-Project/data/streetview_images/3418240.0_2689.jpg
3700530,/Users/aspen/PycharmProjects/CMPU-395-Project/data/streetview_images/3700530.0_2690.jpg
3700530,/Users/aspen/PycharmProjects/CMPU-395-Project/data/streetview_images/3700530.0_2691.jpg
3700530,/Users/aspen/PycharmProjects/CMPU-395-Project/data/streetview_images/3700530.0_2692.jpg
3700530,/Users/aspen/PycharmProjects/CMPU-395-Project/data/streetview_images/3700530.0_2693.jpg
3700530,/Users/aspen/PycharmProjects/CMPU-395-Project/data/streetview_images/3700530.0_2694.jpg
3700530,/Users/aspen/PycharmProjects/CMPU-395-Project/data/streetview_images/3700530.0_2695.jpg
3700530,/Users/aspen/PycharmProjects/CMPU-395-Project/data/streetview_images/3700530.0_2696.jpg
3700530,/Users/aspen/PycharmProjects/CMPU-395-Project/data/streetview_images/3700530.0_2697.jpg
3700530,/Users/aspen/PycharmProjects/CMPU-395-Project/data/streetview_images/3700530.0_2698.jpg
3700530,/Users/aspen/PycharmProjects/CMPU-395-Project/data/streetview_images/3700530.0_2699.jpg
3700530,/Users/aspen/PycharmProjects/CMPU-395-Project/data/streetview_images/3700530.0_2700.jpg
3700530,/Users/aspen/PycharmProjects/CMPU-395-Project/data/streetview_images/3700530.0_2701.jpg
3700530,/Users/aspen/PycharmProjects/CMPU-395-Project/data/streetview_images/3700530.0_2702.jpg
3700530,/Users/aspen/PycharmProjects/CMPU-395-Project/data/streetview_images/3700530.0_2703.jpg
3700530,/Users/aspen/PycharmProjects/CMPU-395-Project/data/streetview_images/3700530.0_2704.jpg
3700530,/Users/aspen/PycharmProjects/CMPU-395-Project/data/streetview_images/3700530.0_2705.jpg
3700530,/Users/aspen/PycharmProjects/CMPU-395-Project/data/streetview_images/3700530.0_2706.jpg
3700530,/Users/aspen/PycharmProjects/CMPU-395-Project/data/streetview_images/3700530.0_2707.jpg
3701140,/Users/aspen/PycharmProjects/CMPU-395-Project/data/streetview_images/3701140.0_2708.jpg
3701140,/Users/aspen/PycharmProjects/CMPU-395-Project/data/streetview_images/3701140.0_2709.jpg
3701140,/Users/aspen/PycharmProjects/CMPU-395-Project/data/streetview_images/3701140.0_2710.jpg
3701140,/Users/aspen/PycharmProjects/CMPU-395-Project/data/streetview_images/3701140.0_2711.jpg
3701140,/Users/aspen/PycharmProjects/CMPU-395-Project/data/streetview_images/3701140.0_2712.jpg
3701140,/Users/aspen/PycharmProjects/CMPU-395-Project/data/streetview_images/3701140.0_2713.jpg
3701140,/Users/aspen/PycharmProjects/CMPU-395-Project/data/streetview_images/3701140.0_2714.jpg
3701140,/Users/aspen/PycharmProjects/CMPU-395-Project/data/streetview_images/3701140.0_2715.jpg
3701140,/Users/aspen/PycharmProjects/CMPU-395-Project/data/streetview_images/3701140.0_2716.jpg
3701140,/Users/aspen/PycharmProjects/CMPU-395-Project/data/streetview_images/3701140.0_2717.jpg
3701140,/Users/aspen/PycharmProjects/CMPU-395-Project/data/streetview_images/3701140.0_2718.jpg
3701140,/Users/aspen/PycharmProjects/CMPU-395-Project/data/streetview_images/3701140.0_2719.jpg
3701140,/Users/aspen/PycharmProjects/CMPU-395-Project/data/streetview_images/3701140.0_2720.jpg
3701140,/Users/aspen/PycharmProjects/CMPU-395-Project/data/streetview_images/3701140.0_2721.jpg
3701140,/Users/aspen/PycharmProjects/CMPU-395-Project/data/streetview_images/3701140.0_2722.jpg
3701140,/Users/aspen/PycharmProjects/CMPU-395-Project/data/streetview_images/3701140.0_2723.jpg
3701140,/Users/aspen/PycharmProjects/CMPU-395-Project/data/streetview_images/3701140.0_2724.jpg
3701140,/Users/aspen/PycharmProjects/CMPU-395-Project/data/streetview_images/3701140.0_2725.jpg
3701140,/Users/aspen/PycharmProjects/CMPU-395-Project/data/streetview_images/3701140.0_2726.jpg
3701140,/Users/aspen/PycharmProjects/CMPU-395-Project/data/streetview_images/3701140.0_2727.jpg
3701140,/Users/aspen/PycharmProjects/CMPU-395-Project/data/streetview_images/3701140.0_2728.jpg
3701140,/Users/aspen/PycharmProjects/CMPU-395-Project/data/streetview_images/3701140.0_2729.jpg
3701140,/Users/aspen/PycharmProjects/CMPU-395-Project/data/streetview_images/3701140.0_2730.jpg
3701140,/Users/aspen/PycharmProjects/CMPU-395-Project/data/streetview_images/3701140.0_2731.jpg
3701140,/Users/aspen/PycharmProjects/CMPU-395-Project/data/streetview_images/3701140.0_2732.jpg
3701140,/Users/aspen/PycharmProjects/CMPU-395-Project/data/streetview_images/3701140.0_2733.jpg
3704320,/Users/aspen/PycharmProjects/CMPU-395-Project/data/streetview_images/3704320.0_2734.jpg
3704320,/Users/aspen/PycharmProjects/CMPU-395-Project/data/streetview_images/3704320.0_2735.jpg
3704320,/Users/aspen/PycharmProjects/CMPU-395-Project/data/streetview_images/3704320.0_2736.jpg
3704320,/Users/aspen/PycharmProjects/CMPU-395-Project/data/streetview_images/3704320.0_2737.jpg
3704320,/Users/aspen/PycharmProjects/CMPU-395-Project/data/streetview_images/3704320.0_2738.jpg
3704320,/Users/aspen/PycharmProjects/CMPU-395-Project/data/streetview_images/3704320.0_2739.jpg
3704320,/Users/aspen/PycharmProjects/CMPU-395-Project/data/streetview_images/3704320.0_2740.jpg
3704320,/Users/aspen/PycharmProjects/CMPU-395-Project/data/streetview_images/3704320.0_2741.jpg
3704320,/Users/aspen/PycharmProjects/CMPU-395-Project/data/streetview_images/3704320.0_2742.jpg
3704320,/Users/aspen/PycharmProjects/CMPU-395-Project/data/streetview_images/3704320.0_2743.jpg
3704320,/Users/aspen/PycharmProjects/CMPU-395-Project/data/streetview_images/3704320.0_2744.jpg
3704320,/Users/aspen/PycharmProjects/CMPU-395-Project/data/streetview_images/3704320.0_2745.jpg
3704320,/Users/aspen/PycharmProjects/CMPU-395-Project/data/streetview_images/3704320.0_2746.jpg
3704320,/Users/aspen/PycharmProjects/CMPU-395-Project/data/streetview_images/3704320.0_2747.jpg
3805340,/Users/aspen/PycharmProjects/CMPU-395-Project/data/streetview_images/3805340.0_2748.jpg
3805340,/Users/aspen/PycharmProjects/CMPU-395-Project/data/streetview_images/3805340.0_2749.jpg
3805340,/Users/aspen/PycharmProjects/CMPU-395-Project/data/streetview_images/3805340.0_2750.jpg
3805340,/Users/aspen/PycharmProjects/CMPU-395-Project/data/streetview_images/3805340.0_2751.jpg
3805340,/Users/aspen/PycharmProjects/CMPU-395-Project/data/streetview_images/3805340.0_2752.jpg
3806930,/Users/aspen/PycharmProjects/CMPU-395-Project/data/streetview_images/3806930.0_2753.jpg
3812720,/Users/aspen/PycharmProjects/CMPU-395-Project/data/streetview_images/3812720.0_2754.jpg
3812720,/Users/aspen/PycharmProjects/CMPU-395-Project/data/streetview_images/3812720.0_2755.jpg
3812720,/Users/aspen/PycharmProjects/CMPU-395-Project/data/streetview_images/3812720.0_2756.jpg
3820190,/Users/aspen/PycharmProjects/CMPU-395-Project/data/streetview_images/3820190.0_2757.jpg
3820190,/Users/aspen/PycharmProjects/CMPU-395-Project/data/streetview_images/3820190.0_2758.jpg
3904371,/Users/aspen/PycharmProjects/CMPU-395-Project/data/streetview_images/3904371.0_2759.jpg
3904371,/Users/aspen/PycharmProjects/CMPU-395-Project/data/streetview_images/3904371.0_2760.jpg
3904371,/Users/aspen/PycharmProjects/CMPU-395-Project/data/streetview_images/3904371.0_2761.jpg
3904371,/Users/aspen/PycharmProjects/CMPU-395-Project/data/streetview_images/3904371.0_2762.jpg
3904371,/Users/aspen/PycharmProjects/CMPU-395-Project/data/streetview_images/3904371.0_2763.jpg
3904371,/Users/aspen/PycharmProjects/CMPU-395-Project/data/streetview_images/3904371.0_2764.jpg
3904371,/Users/aspen/PycharmProjects/CMPU-395-Project/data/streetview_images/3904371.0_2765.jpg
3904371,/Users/aspen/PycharmProjects/CMPU-395-Project/data/streetview_images/3904371.0_2766.jpg
3904371,/Users/aspen/PycharmProjects/CMPU-395-Project/data/streetview_images/3904371.0_2767.jpg
3904371,/Users/aspen/PycharmProjects/CMPU-395-Project/data/streetview_images/3904371.0_2768.jpg
3904371,/Users/aspen/PycharmProjects/CMPU-395-Project/data/streetview_images/3904371.0_2769.jpg
3904371,/Users/aspen/PycharmProjects/CMPU-395-Project/data/streetview_images/3904371.0_2770.jpg
3904371,/Users/aspen/PycharmProjects/CMPU-395-Project/data/streetview_images/3904371.0_2771.jpg
3904371,/Users/aspen/PycharmProjects/CMPU-395-Project/data/streetview_images/3904371.0_2772.jpg
3904371,/Users/aspen/PycharmProjects/CMPU-395-Project/data/streetview_images/3904371.0_2773.jpg
3904371,/Users/aspen/PycharmProjects/CMPU-395-Project/data/streetview_images/3904371.0_2774.jpg
3904371,/Users/aspen/PycharmProjects/CMPU-395-Project/data/streetview_images/3904371.0_2775.jpg
3904371,/Users/aspen/PycharmProjects/CMPU-395-Project/data/streetview_images/3904371.0_2776.jpg
3904371,/Users/aspen/PycharmProjects/CMPU-395-Project/data/streetview_images/3904371.0_2777.jpg
3904371,/Users/aspen/PycharmProjects/CMPU-395-Project/data/streetview_images/3904371.0_2778.jpg
3904371,/Users/aspen/PycharmProjects/CMPU-395-Project/data/streetview_images/3904371.0_2779.jpg
3904371,/Users/aspen/PycharmProjects/CMPU-395-Project/data/streetview_images/3904371.0_2780.jpg
3904371,/Users/aspen/PycharmProjects/CMPU-395-Project/data/streetview_images/3904371.0_2781.jpg
3904371,/Users/aspen/PycharmProjects/CMPU-395-Project/data/streetview_images/3904371.0_2782.jpg
3904371,/Users/aspen/PycharmProjects/CMPU-395-Project/data/streetview_images/3904371.0_2783.jpg
3904371,/Users/aspen/PycharmProjects/CMPU-395-Project/data/streetview_images/3904371.0_2784.jpg
3904371,/Users/aspen/PycharmProjects/CMPU-395-Project/data/streetview_images/3904371.0_2785.jpg
3904371,/Users/aspen/PycharmProjects/CMPU-395-Project/data/streetview_images/3904371.0_2786.jpg
3904371,/Users/aspen/PycharmProjects/CMPU-395-Project/data/streetview_images/3904371.0_2787.jpg
3904371,/Users/aspen/PycharmProjects/CMPU-395-Project/data/streetview_images/3904371.0_2788.jpg
3904371,/Users/aspen/PycharmProjects/CMPU-395-Project/data/streetview_images/3904371.0_2789.jpg
3904371,/Users/aspen/PycharmProjects/CMPU-395-Project/data/streetview_images/3904371.0_2790.jpg
3904371,/Users/aspen/PycharmProjects/CMPU-395-Project/data/streetview_images/3904371.0_2791.jpg
3904371,/Users/aspen/PycharmProjects/CMPU-395-Project/data/streetview_images/3904371.0_2792.jpg
3904371,/Users/aspen/PycharmProjects/CMPU-395-Project/data/streetview_images/3904371.0_2793.jpg
3904371,/Users/aspen/PycharmProjects/CMPU-395-Project/data/streetview_images/3904371.0_2794.jpg
3904371,/Users/aspen/PycharmProjects/CMPU-395-Project/data/streetview_images/3904371.0_2795.jpg
3904371,/Users/aspen/PycharmProjects/CMPU-395-Project/data/streetview_images/3904371.0_2796.jpg
3904371,/Users/aspen/PycharmProjects/CMPU-395-Project/data/streetview_images/3904371.0_2797.jpg
3904371,/Users/aspen/PycharmProjects/CMPU-395-Project/data/streetview_images/3904371.0_2798.jpg
3904495,/Users/aspen/PycharmProjects/CMPU-395-Project/data/streetview_images/3904495.0_2799.jpg
3904495,/Users/aspen/PycharmProjects/CMPU-395-Project/data/streetview_images/3904495.0_2800.jpg
3904495,/Users/aspen/PycharmProjects/CMPU-395-Project/data/streetview_images/3904495.0_2801.jpg
3904495,/Users/aspen/PycharmProjects/CMPU-395-Project/data/streetview_images/3904495.0_2802.jpg
3904495,/Users/aspen/PycharmProjects/CMPU-395-Project/data/streetview_images/3904495.0_2803.jpg
3904495,/Users/aspen/PycharmProjects/CMPU-395-Project/data/streetview_images/3904495.0_2804.jpg
3904495,/Users/aspen/PycharmProjects/CMPU-395-Project/data/streetview_images/3904495.0_2805.jpg
3904495,/Users/aspen/PycharmProjects/CMPU-395-Project/data/streetview_images/3904495.0_2806.jpg
3904495,/Users/aspen/PycharmProjects/CMPU-395-Project/data/streetview_images/3904495.0_2807.jpg
3904495,/Users/aspen/PycharmProjects/CMPU-395-Project/data/streetview_images/3904495.0_2808.jpg
3904495,/Users/aspen/PycharmProjects/CMPU-395-Project/data/streetview_images/3904495.0_2809.jpg
3904495,/Users/aspen/PycharmProjects/CMPU-395-Project/data/streetview_images/3904495.0_2810.jpg
3904495,/Users/aspen/PycharmProjects/CMPU-395-Project/data/streetview_images/3904495.0_2811.jpg
3904495,/Users/aspen/PycharmProjects/CMPU-395-Project/data/streetview_images/3904495.0_2812.jpg
3904495,/Users/aspen/PycharmProjects/CMPU-395-Project/data/streetview_images/3904495.0_2813.jpg
3904495,/Users/aspen/PycharmProjects/CMPU-395-Project/data/streetview_images/3904495.0_2814.jpg
3904495,/Users/aspen/PycharmProjects/CMPU-395-Project/data/streetview_images/3904495.0_2815.jpg
3904495,/Users/aspen/PycharmProjects/CMPU-395-Project/data/streetview_images/3904495.0_2816.jpg
3904495,/Users/aspen/PycharmProjects/CMPU-395-Project/data/streetview_images/3904495.0_2817.jpg
3904495,/Users/aspen/PycharmProjects/CMPU-395-Project/data/streetview_images/3904495.0_2818.jpg
3904495,/Users/aspen/PycharmProjects/CMPU-395-Project/data/streetview_images/3904495.0_2819.jpg
3904495,/Users/aspen/PycharmProjects/CMPU-395-Project/data/streetview_images/3904495.0_2820.jpg
3904495,/Users/aspen/PycharmProjects/CMPU-395-Project/data/streetview_images/3904495.0_2821.jpg
3904495,/Users/aspen/PycharmProjects/CMPU-395-Project/data/streetview_images/3904495.0_2822.jpg
3904495,/Users/aspen/PycharmProjects/CMPU-395-Project/data/streetview_images/3904495.0_2823.jpg
3904495,/Users/aspen/PycharmProjects/CMPU-395-Project/data/streetview_images/3904495.0_2824.jpg
3904495,/Users/aspen/PycharmProjects/CMPU-395-Project/data/streetview_images/3904495.0_2825.jpg
3904495,/Users/aspen/PycharmProjects/CMPU-395-Project/data/streetview_images/3904495.0_2826.jpg
3904495,/Users/aspen/PycharmProjects/CMPU-395-Project/data/streetview_images/3904495.0_2827.jpg
3904500,/Users/aspen/PycharmProjects/CMPU-395-Project/data/streetview_images/3904500.0_2828.jpg
3904500,/Users/aspen/PycharmProjects/CMPU-395-Project/data/streetview_images/3904500.0_2829.jpg
3904500,/Users/aspen/PycharmProjects/CMPU-395-Project/data/streetview_images/3904500.0_2830.jpg
3904500,/Users/aspen/PycharmProjects/CMPU-395-Project/data/streetview_images/3904500.0_2831.jpg
3904500,/Users/aspen/PycharmProjects/CMPU-395-Project/data/streetview_images/3904500.0_2832.jpg
3904500,/Users/aspen/PycharmProjects/CMPU-395-Project/data/streetview_images/3904500.0_2833.jpg
3904500,/Users/aspen/PycharmProjects/CMPU-395-Project/data/streetview_images/3904500.0_2834.jpg
3904500,/Users/aspen/PycharmProjects/CMPU-395-Project/data/streetview_images/3904500.0_2835.jpg
3904500,/Users/aspen/PycharmProjects/CMPU-395-Project/data/streetview_images/3904500.0_2836.jpg
3904500,/Users/aspen/PycharmProjects/CMPU-395-Project/data/streetview_images/3904500.0_2837.jpg
3904500,/Users/aspen/PycharmProjects/CMPU-395-Project/data/streetview_images/3904500.0_2838.jpg
3904500,/Users/aspen/PycharmProjects/CMPU-395-Project/data/streetview_images/3904500.0_2839.jpg
3904500,/Users/aspen/PycharmProjects/CMPU-395-Project/data/streetview_images/3904500.0_2840.jpg
3904500,/Users/aspen/PycharmProjects/CMPU-395-Project/data/streetview_images/3904500.0_2841.jpg
3904500,/Users/aspen/PycharmProjects/CMPU-395-Project/data/streetview_images/3904500.0_2842.jpg
3904500,/Users/aspen/PycharmProjects/CMPU-395-Project/data/streetview_images/3904500.0_2843.jpg
3904500,/Users/aspen/PycharmProjects/CMPU-395-Project/data/streetview_images/3904500.0_2844.jpg
3904500,/Users/aspen/PycharmProjects/CMPU-395-Project/data/streetview_images/3904500.0_2845.jpg
3904500,/Users/aspen/PycharmProjects/CMPU-395-Project/data/streetview_images/3904500.0_2846.jpg
3904500,/Users/aspen/PycharmProjects/CMPU-395-Project/data/streetview_images/3904500.0_2847.jpg
3904500,/Users/aspen/PycharmProjects/CMPU-395-Project/data/streetview_images/3904500.0_2848.jpg
3904500,/Users/aspen/PycharmProjects/CMPU-395-Project/data/streetview_images/3904500.0_2849.jpg
3904500,/Users/aspen/PycharmProjects/CMPU-395-Project/data/streetview_images/3904500.0_2850.jpg
3904500,/Users/aspen/PycharmProjects/CMPU-395-Project/data/streetview_images/3904500.0_2851.jpg
3904500,/Users/aspen/PycharmProjects/CMPU-395-Project/data/streetview_images/3904500.0_2852.jpg
3904500,/Users/aspen/PycharmProjects/CMPU-395-Project/data/streetview_images/3904500.0_2853.jpg
3904500,/Users/aspen/PycharmProjects/CMPU-395-Project/data/streetview_images/3904500.0_2854.jpg
3904500,/Users/aspen/PycharmProjects/CMPU-395-Project/data/streetview_images/3904500.0_2855.jpg
3904500,/Users/aspen/PycharmProjects/CMPU-395-Project/data/streetview_images/3904500.0_2856.jpg
3904500,/Users/aspen/PycharmProjects/CMPU-395-Project/data/streetview_images/3904500.0_2857.jpg
3904500,/Users/aspen/PycharmProjects/CMPU-395-Project/data/streetview_images/3904500.0_2858.jpg
3904500,/Users/aspen/PycharmProjects/CMPU-395-Project/data/streetview_images/3904500.0_2859.jpg
3904500,/Users/aspen/PycharmProjects/CMPU-395-Project/data/streetview_images/3904500.0_2860.jpg
3904500,/Users/aspen/PycharmProjects/CMPU-395-Project/data/streetview_images/3904500.0_2861.jpg
3904500,/Users/aspen/PycharmProjects/CMPU-395-Project/data/streetview_images/3904500.0_2862.jpg
3904500,/Users/aspen/PycharmProjects/CMPU-395-Project/data/streetview_images/3904500.0_2863.jpg
3904500,/Users/aspen/PycharmProjects/CMPU-395-Project/data/streetview_images/3904500.0_2864.jpg
3904500,/Users/aspen/PycharmProjects/CMPU-395-Project/data/streetview_images/3904500.0_2865.jpg
3904500,/Users/aspen/PycharmProjects/CMPU-395-Project/data/streetview_images/3904500.0_2866.jpg
3904500,/Users/aspen/PycharmProjects/CMPU-395-Project/data/streetview_images/3904500.0_2867.jpg
3904505,/Users/aspen/PycharmProjects/CMPU-395-Project/data/streetview_images/3904505.0_2868.jpg
3904505,/Users/aspen/PycharmProjects/CMPU-395-Project/data/streetview_images/3904505.0_2869.jpg
3904505,/Users/aspen/PycharmProjects/CMPU-395-Project/data/streetview_images/3904505.0_2870.jpg
3904505,/Users/aspen/PycharmProjects/CMPU-395-Project/data/streetview_images/3904505.0_2871.jpg
3904505,/Users/aspen/PycharmProjects/CMPU-395-Project/data/streetview_images/3904505.0_2872.jpg
3904505,/Users/aspen/PycharmProjects/CMPU-395-Project/data/streetview_images/3904505.0_2873.jpg
3904505,/Users/aspen/PycharmProjects/CMPU-395-Project/data/streetview_images/3904505.0_2874.jpg
3904505,/Users/aspen/PycharmProjects/CMPU-395-Project/data/streetview_images/3904505.0_2875.jpg
3904505,/Users/aspen/PycharmProjects/CMPU-395-Project/data/streetview_images/3904505.0_2876.jpg
3904505,/Users/aspen/PycharmProjects/CMPU-395-Project/data/streetview_images/3904505.0_2877.jpg
3904505,/Users/aspen/PycharmProjects/CMPU-395-Project/data/streetview_images/3904505.0_2878.jpg
3904505,/Users/aspen/PycharmProjects/CMPU-395-Project/data/streetview_images/3904505.0_2879.jpg
3904505,/Users/aspen/PycharmProjects/CMPU-395-Project/data/streetview_images/3904505.0_2880.jpg
3904505,/Users/aspen/PycharmProjects/CMPU-395-Project/data/streetview_images/3904505.0_2881.jpg
3904505,/Users/aspen/PycharmProjects/CMPU-395-Project/data/streetview_images/3904505.0_2882.jpg
3904505,/Users/aspen/PycharmProjects/CMPU-395-Project/data/streetview_images/3904505.0_2883.jpg
3904505,/Users/aspen/PycharmProjects/CMPU-395-Project/data/streetview_images/3904505.0_2884.jpg
3904505,/Users/aspen/PycharmProjects/CMPU-395-Project/data/streetview_images/3904505.0_2885.jpg
3904505,/Users/aspen/PycharmProjects/CMPU-395-Project/data/streetview_images/3904505.0_2886.jpg
3904505,/Users/aspen/PycharmProjects/CMPU-395-Project/data/streetview_images/3904505.0_2887.jpg
3904505,/Users/aspen/PycharmProjects/CMPU-395-Project/data/streetview_images/3904505.0_2888.jpg
3904505,/Users/aspen/PycharmProjects/CMPU-395-Project/data/streetview_images/3904505.0_2889.jpg
3904505,/Users/aspen/PycharmProjects/CMPU-395-Project/data/streetview_images/3904505.0_2890.jpg
3904505,/Users/aspen/PycharmProjects/CMPU-395-Project/data/streetview_images/3904505.0_2891.jpg
3904505,/Users/aspen/PycharmProjects/CMPU-395-Project/data/streetview_images/3904505.0_2892.jpg
3904505,/Users/aspen/PycharmProjects/CMPU-395-Project/data/streetview_images/3904505.0_2893.jpg
3904505,/Users/aspen/PycharmProjects/CMPU-395-Project/data/streetview_images/3904505.0_2894.jpg
3904505,/Users/aspen/PycharmProjects/CMPU-395-Project/data/streetview_images/3904505.0_2895.jpg
3904505,/Users/aspen/PycharmProjects/CMPU-395-Project/data/streetview_images/3904505.0_2896.jpg
3904505,/Users/aspen/PycharmProjects/CMPU-395-Project/data/streetview_images/3904505.0_2897.jpg
3904505,/Users/aspen/PycharmProjects/CMPU-395-Project/data/streetview_images/3904505.0_2898.jpg
3904505,/Users/aspen/PycharmProjects/CMPU-395-Project/data/streetview_images/3904505.0_2899.jpg
3904505,/Users/aspen/PycharmProjects/CMPU-395-Project/data/streetview_images/3904505.0_2900.jpg
3904505,/Users/aspen/PycharmProjects/CMPU-395-Project/data/streetview_images/3904505.0_2901.jpg
3904505,/Users/aspen/PycharmProjects/CMPU-395-Project/data/streetview_images/3904505.0_2902.jpg
3904505,/Users/aspen/PycharmProjects/CMPU-395-Project/data/streetview_images/3904505.0_2903.jpg
3904505,/Users/aspen/PycharmProjects/CMPU-395-Project/data/streetview_images/3904505.0_2904.jpg
3904505,/Users/aspen/PycharmProjects/CMPU-395-Project/data/streetview_images/3904505.0_2905.jpg
3904505,/Users/aspen/PycharmProjects/CMPU-395-Project/data/streetview_images/3904505.0_2906.jpg
3904505,/Users/aspen/PycharmProjects/CMPU-395-Project/data/streetview_images/3904505.0_2907.jpg
3904583,/Users/aspen/PycharmProjects/CMPU-395-Project/data/streetview_images/3904583.0_2908.jpg
3904583,/Users/aspen/PycharmProjects/CMPU-395-Project/data/streetview_images/3904583.0_2909.jpg
3904583,/Users/aspen/PycharmProjects/CMPU-395-Project/data/streetview_images/3904583.0_2910.jpg
3904583,/Users/aspen/PycharmProjects/CMPU-395-Project/data/streetview_images/3904583.0_2911.jpg
3904583,/Users/aspen/PycharmProjects/CMPU-395-Project/data/streetview_images/3904583.0_2912.jpg
3904583,/Users/aspen/PycharmProjects/CMPU-395-Project/data/streetview_images/3904583.0_2913.jpg
3904583,/Users/aspen/PycharmProjects/CMPU-395-Project/data/streetview_images/3904583.0_2914.jpg
3904583,/Users/aspen/PycharmProjects/CMPU-395-Project/data/streetview_images/3904583.0_2915.jpg
3904583,/Users/aspen/PycharmProjects/CMPU-395-Project/data/streetview_images/3904583.0_2916.jpg
3904700,/Users/aspen/PycharmProjects/CMPU-395-Project/data/streetview_images/3904700.0_2917.jpg
3904700,/Users/aspen/PycharmProjects/CMPU-395-Project/data/streetview_images/3904700.0_2918.jpg
3904700,/Users/aspen/PycharmProjects/CMPU-395-Project/data/streetview_images/3904700.0_2919.jpg
3904700,/Users/aspen/PycharmProjects/CMPU-395-Project/data/streetview_images/3904700.0_2920.jpg
3904700,/Users/aspen/PycharmProjects/CMPU-395-Project/data/streetview_images/3904700.0_2921.jpg
3904700,/Users/aspen/PycharmProjects/CMPU-395-Project/data/streetview_images/3904700.0_2922.jpg
3904700,/Users/aspen/PycharmProjects/CMPU-395-Project/data/streetview_images/3904700.0_2923.jpg
3904700,/Users/aspen/PycharmProjects/CMPU-395-Project/data/streetview_images/3904700.0_2924.jpg
3904700,/Users/aspen/PycharmProjects/CMPU-395-Project/data/streetview_images/3904700.0_2925.jpg
3904700,/Users/aspen/PycharmProjects/CMPU-395-Project/data/streetview_images/3904700.0_2926.jpg
3904700,/Users/aspen/PycharmProjects/CMPU-395-Project/data/streetview_images/3904700.0_2927.jpg
3904700,/Users/aspen/PycharmProjects/CMPU-395-Project/data/streetview_images/3904700.0_2928.jpg
3904700,/Users/aspen/PycharmProjects/CMPU-395-Project/data/streetview_images/3904700.0_2929.jpg
3904700,/Users/aspen/PycharmProjects/CMPU-395-Project/data/streetview_images/3904700.0_2930.jpg
3904700,/Users/aspen/PycharmProjects/CMPU-395-Project/data/streetview_images/3904700.0_2931.jpg
3904700,/Users/aspen/PycharmProjects/CMPU-395-Project/data/streetview_images/3904700.0_2932.jpg
3904700,/Users/aspen/PycharmProjects/CMPU-395-Project/data/streetview_images/3904700.0_2933.jpg
3904700,/Users/aspen/PycharmProjects/CMPU-395-Project/data/streetview_images/3904700.0_2934.jpg
3904700,/Users/aspen/PycharmProjects/CMPU-395-Project/data/streetview_images/3904700.0_2935.jpg
3904700,/Users/aspen/PycharmProjects/CMPU-395-Project/data/streetview_images/3904700.0_2936.jpg
3904700,/Users/aspen/PycharmProjects/CMPU-395-Project/data/streetview_images/3904700.0_2937.jpg
3904700,/Users/aspen/PycharmProjects/CMPU-395-Project/data/streetview_images/3904700.0_2938.jpg
3904700,/Users/aspen/PycharmProjects/CMPU-395-Project/data/streetview_images/3904700.0_2939.jpg
3904700,/Users/aspen/PycharmProjects/CMPU-395-Project/data/streetview_images/3904700.0_2940.jpg
3904700,/Users/aspen/PycharmProjects/CMPU-395-Project/data/streetview_images/3904700.0_2941.jpg
3904700,/Users/aspen/PycharmProjects/CMPU-395-Project/data/streetview_images/3904700.0_2942.jpg
3904700,/Users/aspen/PycharmProjects/CMPU-395-Project/data/streetview_images/3904700.0_2943.jpg
3904700,/Users/aspen/PycharmProjects/CMPU-395-Project/data/streetview_images/3904700.0_2944.jpg
3904700,/Users/aspen/PycharmProjects/CMPU-395-Project/data/streetview_images/3904700.0_2945.jpg
3904700,/Users/aspen/PycharmProjects/CMPU-395-Project/data/streetview_images/3904700.0_2946.jpg
3904700,/Users/aspen/PycharmProjects/CMPU-395-Project/data/streetview_images/3904700.0_2947.jpg
3904700,/Users/aspen/PycharmProjects/CMPU-395-Project/data/streetview_images/3904700.0_2948.jpg
3904700,/Users/aspen/PycharmProjects/CMPU-395-Project/data/streetview_images/3904700.0_2949.jpg
3904700,/Users/aspen/PycharmProjects/CMPU-395-Project/data/streetview_images/3904700.0_2950.jpg
3904700,/Users/aspen/PycharmProjects/CMPU-395-Project/data/streetview_images/3904700.0_2951.jpg
3904700,/Users/aspen/PycharmProjects/CMPU-395-Project/data/streetview_images/3904700.0_2952.jpg
3904700,/Users/aspen/PycharmProjects/CMPU-395-Project/data/streetview_images/3904700.0_2953.jpg
3904700,/Users/aspen/PycharmProjects/CMPU-395-Project/data/streetview_images/3904700.0_2954.jpg
3904700,/Users/aspen/PycharmProjects/CMPU-395-Project/data/streetview_images/3904700.0_2955.jpg
3904700,/Users/aspen/PycharmProjects/CMPU-395-Project/data/streetview_images/3904700.0_2956.jpg
3904708,/Users/aspen/PycharmProjects/CMPU-395-Project/data/streetview_images/3904708.0_2957.jpg
3904708,/Users/aspen/PycharmProjects/CMPU-395-Project/data/streetview_images/3904708.0_2958.jpg
3904708,/Users/aspen/PycharmProjects/CMPU-395-Project/data/streetview_images/3904708.0_2959.jpg
3904708,/Users/aspen/PycharmProjects/CMPU-395-Project/data/streetview_images/3904708.0_2960.jpg
3904708,/Users/aspen/PycharmProjects/CMPU-395-Project/data/streetview_images/3904708.0_2961.jpg
3904708,/Users/aspen/PycharmProjects/CMPU-395-Project/data/streetview_images/3904708.0_2962.jpg
3904708,/Users/aspen/PycharmProjects/CMPU-395-Project/data/streetview_images/3904708.0_2963.jpg
3904708,/Users/aspen/PycharmProjects/CMPU-395-Project/data/streetview_images/3904708.0_2964.jpg
3904708,/Users/aspen/PycharmProjects/CMPU-395-Project/data/streetview_images/3904708.0_2965.jpg
3904708,/Users/aspen/PycharmProjects/CMPU-395-Project/data/streetview_images/3904708.0_2966.jpg
3904708,/Users/aspen/PycharmProjects/CMPU-395-Project/data/streetview_images/3904708.0_2967.jpg
3904708,/Users/aspen/PycharmProjects/CMPU-395-Project/data/streetview_images/3904708.0_2968.jpg
3904708,/Users/aspen/PycharmProjects/CMPU-395-Project/data/streetview_images/3904708.0_2969.jpg
3904708,/Users/aspen/PycharmProjects/CMPU-395-Project/data/streetview_images/3904708.0_2970.jpg
3904708,/Users/aspen/PycharmProjects/CMPU-395-Project/data/streetview_images/3904708.0_2971.jpg
3904708,/Users/aspen/PycharmProjects/CMPU-395-Project/data/streetview_images/3904708.0_2972.jpg
3904821,/Users/aspen/PycharmProjects/CMPU-395-Project/data/streetview_images/3904821.0_2973.jpg
3904821,/Users/aspen/PycharmProjects/CMPU-395-Project/data/streetview_images/3904821.0_2974.jpg
3904821,/Users/aspen/PycharmProjects/CMPU-395-Project/data/streetview_images/3904821.0_2975.jpg
3904821,/Users/aspen/PycharmProjects/CMPU-395-Project/data/streetview_images/3904821.0_2976.jpg
3904821,/Users/aspen/PycharmProjects/CMPU-395-Project/data/streetview_images/3904821.0_2977.jpg
3904821,/Users/aspen/PycharmProjects/CMPU-395-Project/data/streetview_images/3904821.0_2978.jpg
3904821,/Users/aspen/PycharmProjects/CMPU-395-Project/data/streetview_images/3904821.0_2979.jpg
3904821,/Users/aspen/PycharmProjects/CMPU-395-Project/data/streetview_images/3904821.0_2980.jpg
3904821,/Users/aspen/PycharmProjects/CMPU-395-Project/data/streetview_images/3904821.0_2981.jpg
3904821,/Users/aspen/PycharmProjects/CMPU-395-Project/data/streetview_images/3904821.0_2982.jpg
3904821,/Users/aspen/PycharmProjects/CMPU-395-Project/data/streetview_images/3904821.0_2983.jpg
3904821,/Users/aspen/PycharmProjects/CMPU-395-Project/data/streetview_images/3904821.0_2984.jpg
3904821,/Users/aspen/PycharmProjects/CMPU-395-Project/data/streetview_images/3904821.0_2985.jpg
3904821,/Users/aspen/PycharmProjects/CMPU-395-Project/data/streetview_images/3904821.0_2986.jpg
3904821,/Users/aspen/PycharmProjects/CMPU-395-Project/data/streetview_images/3904821.0_2987.jpg
3904821,/Users/aspen/PycharmProjects/CMPU-395-Project/data/streetview_images/3904821.0_2988.jpg
3904821,/Users/aspen/PycharmProjects/CMPU-395-Project/data/streetview_images/3904821.0_2989.jpg
3904821,/Users/aspen/PycharmProjects/CMPU-395-Project/data/streetview_images/3904821.0_2990.jpg
3904821,/Users/aspen/PycharmProjects/CMPU-395-Project/data/streetview_images/3904821.0_2991.jpg
3904821,/Users/aspen/PycharmProjects/CMPU-395-Project/data/streetview_images/3904821.0_2992.jpg
3904821,/Users/aspen/PycharmProjects/CMPU-395-Project/data/streetview_images/3904821.0_2993.jpg
3904821,/Users/aspen/PycharmProjects/CMPU-395-Project/data/streetview_images/3904821.0_2994.jpg
3904821,/Users/aspen/PycharmProjects/CMPU-395-Project/data/streetview_images/3904821.0_2995.jpg
3904821,/Users/aspen/PycharmProjects/CMPU-395-Project/data/streetview_images/3904821.0_2996.jpg
3904821,/Users/aspen/PycharmProjects/CMPU-395-Project/data/streetview_images/3904821.0_2997.jpg
3904821,/Users/aspen/PycharmProjects/CMPU-395-Project/data/streetview_images/3904821.0_2998.jpg
3904821,/Users/aspen/PycharmProjects/CMPU-395-Project/data/streetview_images/3904821.0_2999.jpg
3904821,/Users/aspen/PycharmProjects/CMPU-395-Project/data/streetview_images/3904821.0_3000.jpg
3904821,/Users/aspen/PycharmProjects/CMPU-395-Project/data/streetview_images/3904821.0_3001.jpg
3904821,/Users/aspen/PycharmProjects/CMPU-395-Project/data/streetview_images/3904821.0_3002.jpg
3904821,/Users/aspen/PycharmProjects/CMPU-395-Project/data/streetview_images/3904821.0_3003.jpg
3904821,/Users/aspen/PycharmProjects/CMPU-395-Project/data/streetview_images/3904821.0_3004.jpg
3904821,/Users/aspen/PycharmProjects/CMPU-395-Project/data/streetview_images/3904821.0_3005.jpg
3904821,/Users/aspen/PycharmProjects/CMPU-395-Project/data/streetview_images/3904821.0_3006.jpg
3904821,/Users/aspen/PycharmProjects/CMPU-395-Project/data/streetview_images/3904821.0_3007.jpg
3904821,/Users/aspen/PycharmProjects/CMPU-395-Project/data/streetview_images/3904821.0_3008.jpg
3904821,/Users/aspen/PycharmProjects/CMPU-395-Project/data/streetview_images/3904821.0_3009.jpg
3904821,/Users/aspen/PycharmProjects/CMPU-395-Project/data/streetview_images/3904821.0_3010.jpg
3904821,/Users/aspen/PycharmProjects/CMPU-395-Project/data/streetview_images/3904821.0_3011.jpg
3904821,/Users/aspen/PycharmProjects/CMPU-395-Project/data/streetview_images/3904821.0_3012.jpg
3904837,/Users/aspen/PycharmProjects/CMPU-395-Project/data/streetview_images/3904837.0_3013.jpg
3904837,/Users/aspen/PycharmProjects/CMPU-395-Project/data/streetview_images/3904837.0_3014.jpg
3904837,/Users/aspen/PycharmProjects/CMPU-395-Project/data/streetview_images/3904837.0_3015.jpg
3904837,/Users/aspen/PycharmProjects/CMPU-395-Project/data/streetview_images/3904837.0_3016.jpg
3904837,/Users/aspen/PycharmProjects/CMPU-395-Project/data/streetview_images/3904837.0_3017.jpg
3904837,/Users/aspen/PycharmProjects/CMPU-395-Project/data/streetview_images/3904837.0_3018.jpg
3904837,/Users/aspen/PycharmProjects/CMPU-395-Project/data/streetview_images/3904837.0_3019.jpg
3904837,/Users/aspen/PycharmProjects/CMPU-395-Project/data/streetview_images/3904837.0_3020.jpg
3904837,/Users/aspen/PycharmProjects/CMPU-395-Project/data/streetview_images/3904837.0_3021.jpg
3904837,/Users/aspen/PycharmProjects/CMPU-395-Project/data/streetview_images/3904837.0_3022.jpg
3904837,/Users/aspen/PycharmProjects/CMPU-395-Project/data/streetview_images/3904837.0_3023.jpg
3904837,/Users/aspen/PycharmProjects/CMPU-395-Project/data/streetview_images/3904837.0_3024.jpg
3904837,/Users/aspen/PycharmProjects/CMPU-395-Project/data/streetview_images/3904837.0_3025.jpg
3904837,/Users/aspen/PycharmProjects/CMPU-395-Project/data/streetview_images/3904837.0_3026.jpg
3904837,/Users/aspen/PycharmProjects/CMPU-395-Project/data/streetview_images/3904837.0_3027.jpg
3904837,/Users/aspen/PycharmProjects/CMPU-395-Project/data/streetview_images/3904837.0_3028.jpg
3904837,/Users/aspen/PycharmProjects/CMPU-395-Project/data/streetview_images/3904837.0_3029.jpg
3904837,/Users/aspen/PycharmProjects/CMPU-395-Project/data/streetview_images/3904837.0_3030.jpg
3904847,/Users/aspen/PycharmProjects/CMPU-395-Project/data/streetview_images/3904847.0_3031.jpg
3904847,/Users/aspen/PycharmProjects/CMPU-395-Project/data/streetview_images/3904847.0_3032.jpg
3904847,/Users/aspen/PycharmProjects/CMPU-395-Project/data/streetview_images/3904847.0_3033.jpg
3904847,/Users/aspen/PycharmProjects/CMPU-395-Project/data/streetview_images/3904847.0_3034.jpg
3904847,/Users/aspen/PycharmProjects/CMPU-395-Project/data/streetview_images/3904847.0_3035.jpg
3904847,/Users/aspen/PycharmProjects/CMPU-395-Project/data/streetview_images/3904847.0_3036.jpg
3904847,/Users/aspen/PycharmProjects/CMPU-395-Project/data/streetview_images/3904847.0_3037.jpg
3904847,/Users/aspen/PycharmProjects/CMPU-395-Project/data/streetview_images/3904847.0_3038.jpg
3904847,/Users/aspen/PycharmProjects/CMPU-395-Project/data/streetview_images/3904847.0_3039.jpg
3904847,/Users/aspen/PycharmProjects/CMPU-395-Project/data/streetview_images/3904847.0_3040.jpg
3904847,/Users/aspen/PycharmProjects/CMPU-395-Project/data/streetview_images/3904847.0_3041.jpg
3904847,/Users/aspen/PycharmProjects/CMPU-395-Project/data/streetview_images/3904847.0_3042.jpg
3904847,/Users/aspen/PycharmProjects/CMPU-395-Project/data/streetview_images/3904847.0_3043.jpg
3904847,/Users/aspen/PycharmProjects/CMPU-395-Project/data/streetview_images/3904847.0_3044.jpg
3904847,/Users/aspen/PycharmProjects/CMPU-395-Project/data/streetview_images/3904847.0_3045.jpg
3904847,/Users/aspen/PycharmProjects/CMPU-395-Project/data/streetview_images/3904847.0_3046.jpg
3904847,/Users/aspen/PycharmProjects/CMPU-395-Project/data/streetview_images/3904847.0_3047.jpg
3904847,/Users/aspen/PycharmProjects/CMPU-395-Project/data/streetview_images/3904847.0_3048.jpg
3904859,/Users/aspen/PycharmProjects/CMPU-395-Project/data/streetview_images/3904859.0_3049.jpg
3904859,/Users/aspen/PycharmProjects/CMPU-395-Project/data/streetview_images/3904859.0_3050.jpg
3904859,/Users/aspen/PycharmProjects/CMPU-395-Project/data/streetview_images/3904859.0_3051.jpg
3904859,/Users/aspen/PycharmProjects/CMPU-395-Project/data/streetview_images/3904859.0_3052.jpg
3904859,/Users/aspen/PycharmProjects/CMPU-395-Project/data/streetview_images/3904859.0_3053.jpg
3904859,/Users/aspen/PycharmProjects/CMPU-395-Project/data/streetview_images/3904859.0_3054.jpg
3904859,/Users/aspen/PycharmProjects/CMPU-395-Project/data/streetview_images/3904859.0_3055.jpg
3904859,/Users/aspen/PycharmProjects/CMPU-395-Project/data/streetview_images/3904859.0_3056.jpg
3904859,/Users/aspen/PycharmProjects/CMPU-395-Project/data/streetview_images/3904859.0_3057.jpg
3904859,/Users/aspen/PycharmProjects/CMPU-395-Project/data/streetview_images/3904859.0_3058.jpg
3904859,/Users/aspen/PycharmProjects/CMPU-395-Project/data/streetview_images/3904859.0_3059.jpg
3904859,/Users/aspen/PycharmProjects/CMPU-395-Project/data/streetview_images/3904859.0_3060.jpg
3904859,/Users/aspen/PycharmProjects/CMPU-395-Project/data/streetview_images/3904859.0_3061.jpg
3904859,/Users/aspen/PycharmProjects/CMPU-395-Project/data/streetview_images/3904859.0_3062.jpg
3904859,/Users/aspen/PycharmProjects/CMPU-395-Project/data/streetview_images/3904859.0_3063.jpg
3904859,/Users/aspen/PycharmProjects/CMPU-395-Project/data/streetview_images/3904859.0_3064.jpg
3904865,/Users/aspen/PycharmProjects/CMPU-395-Project/data/streetview_images/3904865.0_3065.jpg
3904865,/Users/aspen/PycharmProjects/CMPU-395-Project/data/streetview_images/3904865.0_3066.jpg
3904865,/Users/aspen/PycharmProjects/CMPU-395-Project/data/streetview_images/3904865.0_3067.jpg
3904865,/Users/aspen/PycharmProjects/CMPU-395-Project/data/streetview_images/3904865.0_3068.jpg
3904865,/Users/aspen/PycharmProjects/CMPU-395-Project/data/streetview_images/3904865.0_3069.jpg
3904928,/Users/aspen/PycharmProjects/CMPU-395-Project/data/streetview_images/3904928.0_3070.jpg
3904928,/Users/aspen/PycharmProjects/CMPU-395-Project/data/streetview_images/3904928.0_3071.jpg
3904928,/Users/aspen/PycharmProjects/CMPU-395-Project/data/streetview_images/3904928.0_3072.jpg
3904928,/Users/aspen/PycharmProjects/CMPU-395-Project/data/streetview_images/3904928.0_3073.jpg
3904928,/Users/aspen/PycharmProjects/CMPU-395-Project/data/streetview_images/3904928.0_3074.jpg
3904928,/Users/aspen/PycharmProjects/CMPU-395-Project/data/streetview_images/3904928.0_3075.jpg
3904928,/Users/aspen/PycharmProjects/CMPU-395-Project/data/streetview_images/3904928.0_3076.jpg
3904928,/Users/aspen/PycharmProjects/CMPU-395-Project/data/streetview_images/3904928.0_3077.jpg
3904928,/Users/aspen/PycharmProjects/CMPU-395-Project/data/streetview_images/3904928.0_3078.jpg
3904928,/Users/aspen/PycharmProjects/CMPU-395-Project/data/streetview_images/3904928.0_3079.jpg
3904928,/Users/aspen/PycharmProjects/CMPU-395-Project/data/streetview_images/3904928.0_3080.jpg
3904928,/Users/aspen/PycharmProjects/CMPU-395-Project/data/streetview_images/3904928.0_3081.jpg
3904928,/Users/aspen/PycharmProjects/CMPU-395-Project/data/streetview_images/3904928.0_3082.jpg
3905000,/Users/aspen/PycharmProjects/CMPU-395-Project/data/streetview_images/3905000.0_3083.jpg
3905000,/Users/aspen/PycharmProjects/CMPU-395-Project/data/streetview_images/3905000.0_3084.jpg
3905000,/Users/aspen/PycharmProjects/CMPU-395-Project/data/streetview_images/3905000.0_3085.jpg
3905000,/Users/aspen/PycharmProjects/CMPU-395-Project/data/streetview_images/3905000.0_3086.jpg
3905000,/Users/aspen/PycharmProjects/CMPU-395-Project/data/streetview_images/3905000.0_3087.jpg
3905000,/Users/aspen/PycharmProjects/CMPU-395-Project/data/streetview_images/3905000.0_3088.jpg
3905000,/Users/aspen/PycharmProjects/CMPU-395-Project/data/streetview_images/3905000.0_3089.jpg
3905000,/Users/aspen/PycharmProjects/CMPU-395-Project/data/streetview_images/3905000.0_3090.jpg
3905000,/Users/aspen/PycharmProjects/CMPU-395-Project/data/streetview_images/3905000.0_3091.jpg
3905000,/Users/aspen/PycharmProjects/CMPU-395-Project/data/streetview_images/3905000.0_3092.jpg
3905000,/Users/aspen/PycharmProjects/CMPU-395-Project/data/streetview_images/3905000.0_3093.jpg
3905000,/Users/aspen/PycharmProjects/CMPU-395-Project/data/streetview_images/3905000.0_3094.jpg
3905000,/Users/aspen/PycharmProjects/CMPU-395-Project/data/streetview_images/3905000.0_3095.jpg
3905000,/Users/aspen/PycharmProjects/CMPU-395-Project/data/streetview_images/3905000.0_3096.jpg
3905000,/Users/aspen/PycharmProjects/CMPU-395-Project/data/streetview_images/3905000.0_3097.jpg
3905000,/Users/aspen/PycharmProjects/CMPU-395-Project/data/streetview_images/3905000.0_3098.jpg
3905000,/Users/aspen/PycharmProjects/CMPU-395-Project/data/streetview_images/3905000.0_3099.jpg
3905000,/Users/aspen/PycharmProjects/CMPU-395-Project/data/streetview_images/3905000.0_3100.jpg
3905000,/Users/aspen/PycharmProjects/CMPU-395-Project/data/streetview_images/3905000.0_3101.jpg
3905000,/Users/aspen/PycharmProjects/CMPU-395-Project/data/streetview_images/3905000.0_3102.jpg
3905000,/Users/aspen/PycharmProjects/CMPU-395-Project/data/streetview_images/3905000.0_3103.jpg
3905000,/Users/aspen/PycharmProjects/CMPU-395-Project/data/streetview_images/3905000.0_3104.jpg
3905000,/Users/aspen/PycharmProjects/CMPU-395-Project/data/streetview_images/3905000.0_3105.jpg
3905000,/Users/aspen/PycharmProjects/CMPU-395-Project/data/streetview_images/3905000.0_3106.jpg
3905000,/Users/aspen/PycharmProjects/CMPU-395-Project/data/streetview_images/3905000.0_3107.jpg
3905000,/Users/aspen/PycharmProjects/CMPU-395-Project/data/streetview_images/3905000.0_3108.jpg
3905009,/Users/aspen/PycharmProjects/CMPU-395-Project/data/streetview_images/3905009.0_3109.jpg
3905009,/Users/aspen/PycharmProjects/CMPU-395-Project/data/streetview_images/3905009.0_3110.jpg
3905009,/Users/aspen/PycharmProjects/CMPU-395-Project/data/streetview_images/3905009.0_3111.jpg
3905009,/Users/aspen/PycharmProjects/CMPU-395-Project/data/streetview_images/3905009.0_3112.jpg
3905009,/Users/aspen/PycharmProjects/CMPU-395-Project/data/streetview_images/3905009.0_3113.jpg
3905009,/Users/aspen/PycharmProjects/CMPU-395-Project/data/streetview_images/3905009.0_3114.jpg
3905009,/Users/aspen/PycharmProjects/CMPU-395-Project/data/streetview_images/3905009.0_3115.jpg
3905009,/Users/aspen/PycharmProjects/CMPU-395-Project/data/streetview_images/3905009.0_3116.jpg
3905019,/Users/aspen/PycharmProjects/CMPU-395-Project/data/streetview_images/3905019.0_3117.jpg
3905019,/Users/aspen/PycharmProjects/CMPU-395-Project/data/streetview_images/3905019.0_3118.jpg
3905019,/Users/aspen/PycharmProjects/CMPU-395-Project/data/streetview_images/3905019.0_3119.jpg
3905019,/Users/aspen/PycharmProjects/CMPU-395-Project/data/streetview_images/3905019.0_3120.jpg
3905019,/Users/aspen/PycharmProjects/CMPU-395-Project/data/streetview_images/3905019.0_3121.jpg
3905019,/Users/aspen/PycharmProjects/CMPU-395-Project/data/streetview_images/3905019.0_3122.jpg
3905019,/Users/aspen/PycharmProjects/CMPU-395-Project/data/streetview_images/3905019.0_3123.jpg
3905019,/Users/aspen/PycharmProjects/CMPU-395-Project/data/streetview_images/3905019.0_3124.jpg
3905019,/Users/aspen/PycharmProjects/CMPU-395-Project/data/streetview_images/3905019.0_3125.jpg
3905019,/Users/aspen/PycharmProjects/CMPU-395-Project/data/streetview_images/3905019.0_3126.jpg
3905019,/Users/aspen/PycharmProjects/CMPU-395-Project/data/streetview_images/3905019.0_3127.jpg
3905019,/Users/aspen/PycharmProjects/CMPU-395-Project/data/streetview_images/3905019.0_3128.jpg
3905019,/Users/aspen/PycharmProjects/CMPU-395-Project/data/streetview_images/3905019.0_3129.jpg
3905019,/Users/aspen/PycharmProjects/CMPU-395-Project/data/streetview_images/3905019.0_3130.jpg
3905019,/Users/aspen/PycharmProjects/CMPU-395-Project/data/streetview_images/3905019.0_3131.jpg
3905019,/Users/aspen/PycharmProjects/CMPU-395-Project/data/streetview_images/3905019.0_3132.jpg
3905019,/Users/aspen/PycharmProjects/CMPU-395-Project/data/streetview_images/3905019.0_3133.jpg
3905019,/Users/aspen/PycharmProjects/CMPU-395-Project/data/streetview_images/3905019.0_3134.jpg
3905019,/Users/aspen/PycharmProjects/CMPU-395-Project/data/streetview_images/3905019.0_3135.jpg
3905019,/Users/aspen/PycharmProjects/CMPU-395-Project/data/streetview_images/3905019.0_3136.jpg
3905019,/Users/aspen/PycharmProjects/CMPU-395-Project/data/streetview_images/3905019.0_3137.jpg
3905019,/Users/aspen/PycharmProjects/CMPU-395-Project/data/streetview_images/3905019.0_3138.jpg
3905019,/Users/aspen/PycharmProjects/CMPU-395-Project/data/streetview_images/3905019.0_3139.jpg
3905019,/Users/aspen/PycharmProjects/CMPU-395-Project/data/streetview_images/3905019.0_3140.jpg
3905019,/Users/aspen/PycharmProjects/CMPU-395-Project/data/streetview_images/3905019.0_3141.jpg
3905019,/Users/aspen/PycharmProjects/CMPU-395-Project/data/streetview_images/3905019.0_3142.jpg
3905019,/Users/aspen/PycharmProjects/CMPU-395-Project/data/streetview_images/3905019.0_3143.jpg
3905019,/Users/aspen/PycharmProjects/CMPU-395-Project/data/streetview_images/3905019.0_3144.jpg
3905019,/Users/aspen/PycharmProjects/CMPU-395-Project/data/streetview_images/3905019.0_3145.jpg
4002550,/Users/aspen/PycharmProjects/CMPU-395-Project/data/streetview_images/4002550.0_3146.jpg
4002550,/Users/aspen/PycharmProjects/CMPU-395-Project/data/streetview_images/4002550.0_3147.jpg
400295,/Users/aspen/PycharmProjects/CMPU-395-Project/data/streetview_images/400295.0_129.jpg
400295,/Users/aspen/PycharmProjects/CMPU-395-Project/data/streetview_images/400295.0_130.jpg
400295,/Users/aspen/PycharmProjects/CMPU-395-Project/data/streetview_images/400295.0_131.jpg
4014730,/Users/aspen/PycharmProjects/CMPU-395-Project/data/streetview_images/4014730.0_3148.jpg
4021510,/Users/aspen/PycharmProjects/CMPU-395-Project/data/streetview_images/4021510.0_3149.jpg
4021510,/Users/aspen/PycharmProjects/CMPU-395-Project/data/streetview_images/4021510.0_3150.jpg
4021510,/Users/aspen/PycharmProjects/CMPU-395-Project/data/streetview_images/4021510.0_3151.jpg
4021510,/Users/aspen/PycharmProjects/CMPU-395-Project/data/streetview_images/4021510.0_3152.jpg
4021510,/Users/aspen/PycharmProjects/CMPU-395-Project/data/streetview_images/4021510.0_3153.jpg
4021510,/Users/aspen/PycharmProjects/CMPU-395-Project/data/streetview_images/4021510.0_3154.jpg
4021510,/Users/aspen/PycharmProjects/CMPU-395-Project/data/streetview_images/4021510.0_3155.jpg
4021510,/Users/aspen/PycharmProjects/CMPU-395-Project/data/streetview_images/4021510.0_3156.jpg
4021510,/Users/aspen/PycharmProjects/CMPU-395-Project/data/streetview_images/4021510.0_3157.jpg
4021510,/Users/aspen/PycharmProjects/CMPU-395-Project/data/streetview_images/4021510.0_3158.jpg
4021510,/Users/aspen/PycharmProjects/CMPU-395-Project/data/streetview_images/4021510.0_3159.jpg
4021510,/Users/aspen/PycharmProjects/CMPU-395-Project/data/streetview_images/4021510.0_3160.jpg
4021510,/Users/aspen/PycharmProjects/CMPU-395-Project/data/streetview_images/4021510.0_3161.jpg
4021510,/Users/aspen/PycharmProjects/CMPU-395-Project/data/streetview_images/4021510.0_3162.jpg
4021510,/Users/aspen/PycharmProjects/CMPU-395-Project/data/streetview_images/4021510.0_3163.jpg
4021510,/Users/aspen/PycharmProjects/CMPU-395-Project/data/streetview_images/4021510.0_3164.jpg
4021510,/Users/aspen/PycharmProjects/CMPU-395-Project/data/streetview_images/4021510.0_3165.jpg
4021510,/Users/aspen/PycharmProjects/CMPU-395-Project/data/streetview_images/4021510.0_3166.jpg
4021510,/Users/aspen/PycharmProjects/CMPU-395-Project/data/streetview_images/4021510.0_3167.jpg
4021510,/Users/aspen/PycharmProjects/CMPU-395-Project/data/streetview_images/4021510.0_3168.jpg
4021600,/Users/aspen/PycharmProjects/CMPU-395-Project/data/streetview_images/4021600.0_3169.jpg
4021600,/Users/aspen/PycharmProjects/CMPU-395-Project/data/streetview_images/4021600.0_3170.jpg
4021600,/Users/aspen/PycharmProjects/CMPU-395-Project/data/streetview_images/4021600.0_3171.jpg
4021600,/Users/aspen/PycharmProjects/CMPU-395-Project/data/streetview_images/4021600.0_3172.jpg
4021600,/Users/aspen/PycharmProjects/CMPU-395-Project/data/streetview_images/4021600.0_3173.jpg
4024510,/Users/aspen/PycharmProjects/CMPU-395-Project/data/streetview_images/4024510.0_3174.jpg
4024510,/Users/aspen/PycharmProjects/CMPU-395-Project/data/streetview_images/4024510.0_3175.jpg
4024510,/Users/aspen/PycharmProjects/CMPU-395-Project/data/streetview_images/4024510.0_3176.jpg
4024510,/Users/aspen/PycharmProjects/CMPU-395-Project/data/streetview_images/4024510.0_3177.jpg
4024510,/Users/aspen/PycharmProjects/CMPU-395-Project/data/streetview_images/4024510.0_3178.jpg
4024510,/Users/aspen/PycharmProjects/CMPU-395-Project/data/streetview_images/4024510.0_3179.jpg
4028650,/Users/aspen/PycharmProjects/CMPU-395-Project/data/streetview_images/4028650.0_3180.jpg
4032640,/Users/aspen/PycharmProjects/CMPU-395-Project/data/streetview_images/4032640.0_3181.jpg
4032640,/Users/aspen/PycharmProjects/CMPU-395-Project/data/streetview_images/4032640.0_3182.jpg
4032640,/Users/aspen/PycharmProjects/CMPU-395-Project/data/streetview_images/4032640.0_3183.jpg
4032640,/Users/aspen/PycharmProjects/CMPU-395-Project/data/streetview_images/4032640.0_3184.jpg
4032640,/Users/aspen/PycharmProjects/CMPU-395-Project/data/streetview_images/4032640.0_3185.jpg
404230,/Users/aspen/PycharmProjects/CMPU-395-Project/data/streetview_images/404230.0_132.jpg
404230,/Users/aspen/PycharmProjects/CMPU-395-Project/data/streetview_images/404230.0_133.jpg
404230,/Users/aspen/PycharmProjects/CMPU-395-Project/data/streetview_images/404230.0_134.jpg
404230,/Users/aspen/PycharmProjects/CMPU-395-Project/data/streetview_images/404230.0_135.jpg
404230,/Users/aspen/PycharmProjects/CMPU-395-Project/data/streetview_images/404230.0_136.jpg
404230,/Users/aspen/PycharmProjects/CMPU-395-Project/data/streetview_images/404230.0_137.jpg
404230,/Users/aspen/PycharmProjects/CMPU-395-Project/data/streetview_images/404230.0_138.jpg
404230,/Users/aspen/PycharmProjects/CMPU-395-Project/data/streetview_images/404230.0_139.jpg
404230,/Users/aspen/PycharmProjects/CMPU-395-Project/data/streetview_images/404230.0_140.jpg
404230,/Users/aspen/PycharmProjects/CMPU-395-Project/data/streetview_images/404230.0_141.jpg
404230,/Users/aspen/PycharmProjects/CMPU-395-Project/data/streetview_images/404230.0_142.jpg
404230,/Users/aspen/PycharmProjects/CMPU-395-Project/data/streetview_images/404230.0_143.jpg
404230,/Users/aspen/PycharmProjects/CMPU-395-Project/data/streetview_images/404230.0_144.jpg
404230,/Users/aspen/PycharmProjects/CMPU-395-Project/data/streetview_images/404230.0_145.jpg
404230,/Users/aspen/PycharmProjects/CMPU-395-Project/data/streetview_images/404230.0_146.jpg
404230,/Users/aspen/PycharmProjects/CMPU-395-Project/data/streetview_images/404230.0_147.jpg
404230,/Users/aspen/PycharmProjects/CMPU-395-Project/data/streetview_images/404230.0_148.jpg
404230,/Users/aspen/PycharmProjects/CMPU-395-Project/data/streetview_images/404230.0_149.jpg
404230,/Users/aspen/PycharmProjects/CMPU-395-Project/data/streetview_images/404230.0_150.jpg
404230,/Users/aspen/PycharmProjects/CMPU-395-Project/data/streetview_images/404230.0_151.jpg
404230,/Users/aspen/PycharmProjects/CMPU-395-Project/data/streetview_images/404230.0_152.jpg
404230,/Users/aspen/PycharmProjects/CMPU-395-Project/data/streetview_images/404230.0_153.jpg
404230,/Users/aspen/PycharmProjects/CMPU-395-Project/data/streetview_images/404230.0_154.jpg
404230,/Users/aspen/PycharmProjects/CMPU-395-Project/data/streetview_images/404230.0_155.jpg
404230,/Users/aspen/PycharmProjects/CMPU-395-Project/data/streetview_images/404230.0_156.jpg
404230,/Users/aspen/PycharmProjects/CMPU-395-Project/data/streetview_images/404230.0_157.jpg
405530,/Users/aspen/PycharmProjects/CMPU-395-Project/data/streetview_images/405530.0_158.jpg
406300,/Users/aspen/PycharmProjects/CMPU-395-Project/data/streetview_images/406300.0_159.jpg
406300,/Users/aspen/PycharmProjects/CMPU-395-Project/data/streetview_images/406300.0_160.jpg
406300,/Users/aspen/PycharmProjects/CMPU-395-Project/data/streetview_images/406300.0_161.jpg
406300,/Users/aspen/PycharmProjects/CMPU-395-Project/data/streetview_images/406300.0_162.jpg
406300,/Users/aspen/PycharmProjects/CMPU-395-Project/data/streetview_images/406300.0_163.jpg
406300,/Users/aspen/PycharmProjects/CMPU-395-Project/data/streetview_images/406300.0_164.jpg
406300,/Users/aspen/PycharmProjects/CMPU-395-Project/data/streetview_images/406300.0_165.jpg
406300,/Users/aspen/PycharmProjects/CMPU-395-Project/data/streetview_images/406300.0_166.jpg
406300,/Users/aspen/PycharmProjects/CMPU-395-Project/data/streetview_images/406300.0_167.jpg
406300,/Users/aspen/PycharmProjects/CMPU-395-Project/data/streetview_images/406300.0_168.jpg
406300,/Users/aspen/PycharmProjects/CMPU-395-Project/data/streetview_images/406300.0_169.jpg
406300,/Users/aspen/PycharmProjects/CMPU-395-Project/data/streetview_images/406300.0_170.jpg
406300,/Users/aspen/PycharmProjects/CMPU-395-Project/data/streetview_images/406300.0_171.jpg
406300,/Users/aspen/PycharmProjects/CMPU-395-Project/data/streetview_images/406300.0_172.jpg
406300,/Users/aspen/PycharmProjects/CMPU-395-Project/data/streetview_images/406300.0_173.jpg
406300,/Users/aspen/PycharmProjects/CMPU-395-Project/data/streetview_images/406300.0_174.jpg
406300,/Users/aspen/PycharmProjects/CMPU-395-Project/data/streetview_images/406300.0_175.jpg
406300,/Users/aspen/PycharmProjects/CMPU-395-Project/data/streetview_images/406300.0_176.jpg
406300,/Users/aspen/PycharmProjects/CMPU-395-Project/data/streetview_images/406300.0_177.jpg
406300,/Users/aspen/PycharmProjects/CMPU-395-Project/data/streetview_images/406300.0_178.jpg
406300,/Users/aspen/PycharmProjects/CMPU-395-Project/data/streetview_images/406300.0_179.jpg
406300,/Users/aspen/PycharmProjects/CMPU-395-Project/data/streetview_images/406300.0_180.jpg
406300,/Users/aspen/PycharmProjects/CMPU-395-Project/data/streetview_images/406300.0_181.jpg
406300,/Users/aspen/PycharmProjects/CMPU-395-Project/data/streetview_images/406300.0_182.jpg
406300,/Users/aspen/PycharmProjects/CMPU-395-Project/data/streetview_images/406300.0_183.jpg
406300,/Users/aspen/PycharmProjects/CMPU-395-Project/data/streetview_images/406300.0_184.jpg
406300,/Users/aspen/PycharmProjects/CMPU-395-Project/data/streetview_images/406300.0_185.jpg
406300,/Users/aspen/PycharmProjects/CMPU-395-Project/data/streetview_images/406300.0_186.jpg
406300,/Users/aspen/PycharmProjects/CMPU-395-Project/data/streetview_images/406300.0_187.jpg
406300,/Users/aspen/PycharmProjects/CMPU-395-Project/data/streetview_images/406300.0_188.jpg
406300,/Users/aspen/PycharmProjects/CMPU-395-Project/data/streetview_images/406300.0_189.jpg
406300,/Users/aspen/PycharmProjects/CMPU-395-Project/data/streetview_images/406300.0_190.jpg
406300,/Users/aspen/PycharmProjects/CMPU-395-Project/data/streetview_images/406300.0_191.jpg
406300,/Users/aspen/PycharmProjects/CMPU-395-Project/data/streetview_images/406300.0_192.jpg
406300,/Users/aspen/PycharmProjects/CMPU-395-Project/data/streetview_images/406300.0_193.jpg
406300,/Users/aspen/PycharmProjects/CMPU-395-Project/data/streetview_images/406300.0_194.jpg
406300,/Users/aspen/PycharmProjects/CMPU-395-Project/data/streetview_images/406300.0_195.jpg
406300,/Users/aspen/PycharmProjects/CMPU-395-Project/data/streetview_images/406300.0_196.jpg
406300,/Users/aspen/PycharmProjects/CMPU-395-Project/data/streetview_images/406300.0_197.jpg
406300,/Users/aspen/PycharmProjects/CMPU-395-Project/data/streetview_images/406300.0_198.jpg
4100016,/Users/aspen/PycharmProjects/CMPU-395-Project/data/streetview_images/4100016.0_3186.jpg
4110560,/Users/aspen/PycharmProjects/CMPU-395-Project/data/streetview_images/4110560.0_3187.jpg
4110560,/Users/aspen/PycharmProjects/CMPU-395-Project/data/streetview_images/4110560.0_3188.jpg
4110560,/Users/aspen/PycharmProjects/CMPU-395-Project/data/streetview_images/4110560.0_3189.jpg
4110560,/Users/aspen/PycharmProjects/CMPU-395-Project/data/streetview_images/4110560.0_3190.jpg
4110560,/Users/aspen/PycharmProjects/CMPU-395-Project/data/streetview_images/4110560.0_3191.jpg
4110560,/Users/aspen/PycharmProjects/CMPU-395-Project/data/streetview_images/4110560.0_3192.jpg
4110560,/Users/aspen/PycharmProjects/CMPU-395-Project/data/streetview_images/4110560.0_3193.jpg
4110560,/Users/aspen/PycharmProjects/CMPU-395-Project/data/streetview_images/4110560.0_3194.jpg
4110560,/Users/aspen/PycharmProjects/CMPU-395-Project/data/streetview_images/4110560.0_3195.jpg
4110560,/Users/aspen/PycharmProjects/CMPU-395-Project/data/streetview_images/4110560.0_3196.jpg
4110560,/Users/aspen/PycharmProjects/CMPU-395-Project/data/streetview_images/4110560.0_3197.jpg
4110560,/Users/aspen/PycharmProjects/CMPU-395-Project/data/streetview_images/4110560.0_3198.jpg
4110560,/Users/aspen/PycharmProjects/CMPU-395-Project/data/streetview_images/4110560.0_3199.jpg
4110560,/Users/aspen/PycharmProjects/CMPU-395-Project/data/streetview_images/4110560.0_3200.jpg
4110560,/Users/aspen/PycharmProjects/CMPU-395-Project/data/streetview_images/4110560.0_3201.jpg
4110560,/Users/aspen/PycharmProjects/CMPU-395-Project/data/streetview_images/4110560.0_3202.jpg
4110560,/Users/aspen/PycharmProjects/CMPU-395-Project/data/streetview_images/4110560.0_3203.jpg
4110560,/Users/aspen/PycharmProjects/CMPU-395-Project/data/streetview_images/4110560.0_3204.jpg
4110560,/Users/aspen/PycharmProjects/CMPU-395-Project/data/streetview_images/4110560.0_3205.jpg
4110560,/Users/aspen/PycharmProjects/CMPU-395-Project/data/streetview_images/4110560.0_3206.jpg
4110560,/Users/aspen/PycharmProjects/CMPU-395-Project/data/streetview_images/4110560.0_3207.jpg
4110560,/Users/aspen/PycharmProjects/CMPU-395-Project/data/streetview_images/4110560.0_3208.jpg
4110560,/Users/aspen/PycharmProjects/CMPU-395-Project/data/streetview_images/4110560.0_3209.jpg
4110560,/Users/aspen/PycharmProjects/CMPU-395-Project/data/streetview_images/4110560.0_3210.jpg
4110560,/Users/aspen/PycharmProjects/CMPU-395-Project/data/streetview_images/4110560.0_3211.jpg
4110560,/Users/aspen/PycharmProjects/CMPU-395-Project/data/streetview_images/4110560.0_3212.jpg
4110560,/Users/aspen/PycharmProjects/CMPU-395-Project/data/streetview_images/4110560.0_3213.jpg
4110560,/Users/aspen/PycharmProjects/CMPU-395-Project/data/streetview_images/4110560.0_3214.jpg
4110560,/Users/aspen/PycharmProjects/CMPU-395-Project/data/streetview_images/4110560.0_3215.jpg
4110560,/Users/aspen/PycharmProjects/CMPU-395-Project/data/streetview_images/4110560.0_3216.jpg
4110560,/Users/aspen/PycharmProjects/CMPU-395-Project/data/streetview_images/4110560.0_3217.jpg
4110560,/Users/aspen/PycharmProjects/CMPU-395-Project/data/streetview_images/4110560.0_3218.jpg
4110560,/Users/aspen/PycharmProjects/CMPU-395-Project/data/streetview_images/4110560.0_3219.jpg
4110560,/Users/aspen/PycharmProjects/CMPU-395-Project/data/streetview_images/4110560.0_3220.jpg
4110560,/Users/aspen/PycharmProjects/CMPU-395-Project/data/streetview_images/4110560.0_3221.jpg
4110560,/Users/aspen/PycharmProjects/CMPU-395-Project/data/streetview_images/4110560.0_3222.jpg
4110560,/Users/aspen/PycharmProjects/CMPU-395-Project/data/streetview_images/4110560.0_3223.jpg
4110560,/Users/aspen/PycharmProjects/CMPU-395-Project/data/streetview_images/4110560.0_3224.jpg
4110560,/Users/aspen/PycharmProjects/CMPU-395-Project/data/streetview_images/4110560.0_3225.jpg
4110560,/Users/aspen/PycharmProjects/CMPU-395-Project/data/streetview_images/4110560.0_3226.jpg
4202820,/Users/aspen/PycharmProjects/CMPU-395-Project/data/streetview_images/4202820.0_3227.jpg
4202820,/Users/aspen/PycharmProjects/CMPU-395-Project/data/streetview_images/4202820.0_3228.jpg
4202820,/Users/aspen/PycharmProjects/CMPU-395-Project/data/streetview_images/4202820.0_3229.jpg
4202820,/Users/aspen/PycharmProjects/CMPU-395-Project/data/streetview_images/4202820.0_3230.jpg
4202820,/Users/aspen/PycharmProjects/CMPU-395-Project/data/streetview_images/4202820.0_3231.jpg
4202820,/Users/aspen/PycharmProjects/CMPU-395-Project/data/streetview_images/4202820.0_3232.jpg
4202820,/Users/aspen/PycharmProjects/CMPU-395-Project/data/streetview_images/4202820.0_3233.jpg
4202820,/Users/aspen/PycharmProjects/CMPU-395-Project/data/streetview_images/4202820.0_3234.jpg
4202820,/Users/aspen/PycharmProjects/CMPU-395-Project/data/streetview_images/4202820.0_3235.jpg
4202820,/Users/aspen/PycharmProjects/CMPU-395-Project/data/streetview_images/4202820.0_3236.jpg
4202820,/Users/aspen/PycharmProjects/CMPU-395-Project/data/streetview_images/4202820.0_3237.jpg
4202820,/Users/aspen/PycharmProjects/CMPU-395-Project/data/streetview_images/4202820.0_3238.jpg
4202820,/Users/aspen/PycharmProjects/CMPU-395-Project/data/streetview_images/4202820.0_3239.jpg
4202820,/Users/aspen/PycharmProjects/CMPU-395-Project/data/streetview_images/4202820.0_3240.jpg
4202820,/Users/aspen/PycharmProjects/CMPU-395-Project/data/streetview_images/4202820.0_3241.jpg
4202820,/Users/aspen/PycharmProjects/CMPU-395-Project/data/streetview_images/4202820.0_3242.jpg
4202820,/Users/aspen/PycharmProjects/CMPU-395-Project/data/streetview_images/4202820.0_3243.jpg
4202820,/Users/aspen/PycharmProjects/CMPU-395-Project/data/streetview_images/4202820.0_3244.jpg
4202820,/Users/aspen/PycharmProjects/CMPU-395-Project/data/streetview_images/4202820.0_3245.jpg
4202820,/Users/aspen/PycharmProjects/CMPU-395-Project/data/streetview_images/4202820.0_3246.jpg
4202820,/Users/aspen/PycharmProjects/CMPU-395-Project/data/streetview_images/4202820.0_3247.jpg
4202820,/Users/aspen/PycharmProjects/CMPU-395-Project/data/streetview_images/4202820.0_3248.jpg
4202820,/Users/aspen/PycharmProjects/CMPU-395-Project/data/streetview_images/4202820.0_3249.jpg
4202820,/Users/aspen/PycharmProjects/CMPU-395-Project/data/streetview_images/4202820.0_3250.jpg
4202820,/Users/aspen/PycharmProjects/CMPU-395-Project/data/streetview_images/4202820.0_3251.jpg
4202820,/Users/aspen/PycharmProjects/CMPU-395-Project/data/streetview_images/4202820.0_3252.jpg
4202820,/Users/aspen/PycharmProjects/CMPU-395-Project/data/streetview_images/4202820.0_3253.jpg
4202820,/Users/aspen/PycharmProjects/CMPU-395-Project/data/streetview_images/4202820.0_3254.jpg
4202820,/Users/aspen/PycharmProjects/CMPU-395-Project/data/streetview_images/4202820.0_3255.jpg
4202820,/Users/aspen/PycharmProjects/CMPU-395-Project/data/streetview_images/4202820.0_3256.jpg
4202820,/Users/aspen/PycharmProjects/CMPU-395-Project/data/streetview_images/4202820.0_3257.jpg
4202820,/Users/aspen/PycharmProjects/CMPU-395-Project/data/streetview_images/4202820.0_3258.jpg
4202820,/Users/aspen/PycharmProjects/CMPU-395-Project/data/streetview_images/4202820.0_3259.jpg
4202820,/Users/aspen/PycharmProjects/CMPU-395-Project/data/streetview_images/4202820.0_3260.jpg
4202820,/Users/aspen/PycharmProjects/CMPU-395-Project/data/streetview_images/4202820.0_3261.jpg
4202820,/Users/aspen/PycharmProjects/CMPU-395-Project/data/streetview_images/4202820.0_3262.jpg
4202820,/Users/aspen/PycharmProjects/CMPU-395-Project/data/streetview_images/4202820.0_3263.jpg
4203240,/Users/aspen/PycharmProjects/CMPU-395-Project/data/streetview_images/4203240.0_3264.jpg
4203240,/Users/aspen/PycharmProjects/CMPU-395-Project/data/streetview_images/4203240.0_3265.jpg
4203240,/Users/aspen/PycharmProjects/CMPU-395-Project/data/streetview_images/4203240.0_3266.jpg
4203240,/Users/aspen/PycharmProjects/CMPU-395-Project/data/streetview_images/4203240.0_3267.jpg
4203240,/Users/aspen/PycharmProjects/CMPU-395-Project/data/streetview_images/4203240.0_3268.jpg
4203240,/Users/aspen/PycharmProjects/CMPU-395-Project/data/streetview_images/4203240.0_3269.jpg
4203240,/Users/aspen/PycharmProjects/CMPU-395-Project/data/streetview_images/4203240.0_3270.jpg
4203240,/Users/aspen/PycharmProjects/CMPU-395-Project/data/streetview_images/4203240.0_3271.jpg
4203240,/Users/aspen/PycharmProjects/CMPU-395-Project/data/streetview_images/4203240.0_3272.jpg
4203240,/Users/aspen/PycharmProjects/CMPU-395-Project/data/streetview_images/4203240.0_3273.jpg
4203240,/Users/aspen/PycharmProjects/CMPU-395-Project/data/streetview_images/4203240.0_3274.jpg
4203240,/Users/aspen/PycharmProjects/CMPU-395-Project/data/streetview_images/4203240.0_3275.jpg
4203240,/Users/aspen/PycharmProjects/CMPU-395-Project/data/streetview_images/4203240.0_3276.jpg
4203240,/Users/aspen/PycharmProjects/CMPU-395-Project/data/streetview_images/4203240.0_3277.jpg
4203390,/Users/aspen/PycharmProjects/CMPU-395-Project/data/streetview_images/4203390.0_3278.jpg
4203390,/Users/aspen/PycharmProjects/CMPU-395-Project/data/streetview_images/4203390.0_3279.jpg
4203390,/Users/aspen/PycharmProjects/CMPU-395-Project/data/streetview_images/4203390.0_3280.jpg
4203390,/Users/aspen/PycharmProjects/CMPU-395-Project/data/streetview_images/4203390.0_3281.jpg
4203390,/Users/aspen/PycharmProjects/CMPU-395-Project/data/streetview_images/4203390.0_3282.jpg
4203390,/Users/aspen/PycharmProjects/CMPU-395-Project/data/streetview_images/4203390.0_3283.jpg
4203390,/Users/aspen/PycharmProjects/CMPU-395-Project/data/streetview_images/4203390.0_3284.jpg
4203390,/Users/aspen/PycharmProjects/CMPU-395-Project/data/streetview_images/4203390.0_3285.jpg
4203510,/Users/aspen/PycharmProjects/CMPU-395-Project/data/streetview_images/4203510.0_3286.jpg
4203510,/Users/aspen/PycharmProjects/CMPU-395-Project/data/streetview_images/4203510.0_3287.jpg
4203510,/Users/aspen/PycharmProjects/CMPU-395-Project/data/streetview_images/4203510.0_3288.jpg
4203510,/Users/aspen/PycharmProjects/CMPU-395-Project/data/streetview_images/4203510.0_3289.jpg
4203510,/Users/aspen/PycharmProjects/CMPU-395-Project/data/streetview_images/4203510.0_3290.jpg
4203510,/Users/aspen/PycharmProjects/CMPU-395-Project/data/streetview_images/4203510.0_3291.jpg
4203510,/Users/aspen/PycharmProjects/CMPU-395-Project/data/streetview_images/4203510.0_3292.jpg
4203510,/Users/aspen/PycharmProjects/CMPU-395-Project/data/streetview_images/4203510.0_3293.jpg
4203510,/Users/aspen/PycharmProjects/CMPU-395-Project/data/streetview_images/4203510.0_3294.jpg
4203510,/Users/aspen/PycharmProjects/CMPU-395-Project/data/streetview_images/4203510.0_3295.jpg
4203510,/Users/aspen/PycharmProjects/CMPU-395-Project/data/streetview_images/4203510.0_3296.jpg
4203510,/Users/aspen/PycharmProjects/CMPU-395-Project/data/streetview_images/4203510.0_3297.jpg
4203510,/Users/aspen/PycharmProjects/CMPU-395-Project/data/streetview_images/4203510.0_3298.jpg
4203510,/Users/aspen/PycharmProjects/CMPU-395-Project/data/streetview_images/4203510.0_3299.jpg
4203510,/Users/aspen/PycharmProjects/CMPU-395-Project/data/streetview_images/4203510.0_3300.jpg
4203510,/Users/aspen/PycharmProjects/CMPU-395-Project/data/streetview_images/4203510.0_3301.jpg
4203510,/Users/aspen/PycharmProjects/CMPU-395-Project/data/streetview_images/4203510.0_3302.jpg
4203510,/Users/aspen/PycharmProjects/CMPU-395-Project/data/streetview_images/4203510.0_3303.jpg
4203510,/Users/aspen/PycharmProjects/CMPU-395-Project/data/streetview_images/4203510.0_3304.jpg
4203510,/Users/aspen/PycharmProjects/CMPU-395-Project/data/streetview_images/4203510.0_3305.jpg
4203510,/Users/aspen/PycharmProjects/CMPU-395-Project/data/streetview_images/4203510.0_3306.jpg
4203510,/Users/aspen/PycharmProjects/CMPU-395-Project/data/streetview_images/4203510.0_3307.jpg
4203510,/Users/aspen/PycharmProjects/CMPU-395-Project/data/streetview_images/4203510.0_3308.jpg
4203510,/Users/aspen/PycharmProjects/CMPU-395-Project/data/streetview_images/4203510.0_3309.jpg
4203510,/Users/aspen/PycharmProjects/CMPU-395-Project/data/streetview_images/4203510.0_3310.jpg
4203510,/Users/aspen/PycharmProjects/CMPU-395-Project/data/streetview_images/4203510.0_3311.jpg
4203510,/Users/aspen/PycharmProjects/CMPU-395-Project/data/streetview_images/4203510.0_3312.jpg
4203510,/Users/aspen/PycharmProjects/CMPU-395-Project/data/streetview_images/4203510.0_3313.jpg
4203510,/Users/aspen/PycharmProjects/CMPU-395-Project/data/streetview_images/4203510.0_3314.jpg
4203510,/Users/aspen/PycharmProjects/CMPU-395-Project/data/streetview_images/4203510.0_3315.jpg
4203510,/Users/aspen/PycharmProjects/CMPU-395-Project/data/streetview_images/4203510.0_3316.jpg
4203510,/Users/aspen/PycharmProjects/CMPU-395-Project/data/streetview_images/4203510.0_3317.jpg
4203510,/Users/aspen/PycharmProjects/CMPU-395-Project/data/streetview_images/4203510.0_3318.jpg
4203510,/Users/aspen/PycharmProjects/CMPU-395-Project/data/streetview_images/4203510.0_3319.jpg
4203510,/Users/aspen/PycharmProjects/CMPU-395-Project/data/streetview_images/4203510.0_3320.jpg
4203510,/Users/aspen/PycharmProjects/CMPU-395-Project/data/streetview_images/4203510.0_3321.jpg
4203510,/Users/aspen/PycharmProjects/CMPU-395-Project/data/streetview_images/4203510.0_3322.jpg
4203510,/Users/aspen/PycharmProjects/CMPU-395-Project/data/streetview_images/4203510.0_3323.jpg
4203510,/Users/aspen/PycharmProjects/CMPU-395-Project/data/streetview_images/4203510.0_3324.jpg
4203510,/Users/aspen/PycharmProjects/CMPU-395-Project/data/streetview_images/4203510.0_3325.jpg
4204920,/Users/aspen/PycharmProjects/CMPU-395-Project/data/streetview_images/4204920.0_3326.jpg
4204920,/Users/aspen/PycharmProjects/CMPU-395-Project/data/streetview_images/4204920.0_3327.jpg
4205700,/Users/aspen/PycharmProjects/CMPU-395-Project/data/streetview_images/4205700.0_3328.jpg
4205700,/Users/aspen/PycharmProjects/CMPU-395-Project/data/streetview_images/4205700.0_3329.jpg
4205700,/Users/aspen/PycharmProjects/CMPU-395-Project/data/streetview_images/4205700.0_3330.jpg
4205700,/Users/aspen/PycharmProjects/CMPU-395-Project/data/streetview_images/4205700.0_3331.jpg
4205700,/Users/aspen/PycharmProjects/CMPU-395-Project/data/streetview_images/4205700.0_3332.jpg
4205700,/Users/aspen/PycharmProjects/CMPU-395-Project/data/streetview_images/4205700.0_3333.jpg
4205700,/Users/aspen/PycharmProjects/CMPU-395-Project/data/streetview_images/4205700.0_3334.jpg
4205700,/Users/aspen/PycharmProjects/CMPU-395-Project/data/streetview_images/4205700.0_3335.jpg
4205700,/Users/aspen/PycharmProjects/CMPU-395-Project/data/streetview_images/4205700.0_3336.jpg
4205700,/Users/aspen/PycharmProjects/CMPU-395-Project/data/streetview_images/4205700.0_3337.jpg
4205700,/Users/aspen/PycharmProjects/CMPU-395-Project/data/streetview_images/4205700.0_3338.jpg
4205700,/Users/aspen/PycharmProjects/CMPU-395-Project/data/streetview_images/4205700.0_3339.jpg
4205700,/Users/aspen/PycharmProjects/CMPU-395-Project/data/streetview_images/4205700.0_3340.jpg
4205700,/Users/aspen/PycharmProjects/CMPU-395-Project/data/streetview_images/4205700.0_3341.jpg
4205700,/Users/aspen/PycharmProjects/CMPU-395-Project/data/streetview_images/4205700.0_3342.jpg
4205700,/Users/aspen/PycharmProjects/CMPU-395-Project/data/streetview_images/4205700.0_3343.jpg
4205700,/Users/aspen/PycharmProjects/CMPU-395-Project/data/streetview_images/4205700.0_3344.jpg
4205700,/Users/aspen/PycharmProjects/CMPU-395-Project/data/streetview_images/4205700.0_3345.jpg
4205700,/Users/aspen/PycharmProjects/CMPU-395-Project/data/streetview_images/4205700.0_3346.jpg
4205700,/Users/aspen/PycharmProjects/CMPU-395-Project/data/streetview_images/4205700.0_3347.jpg
4205700,/Users/aspen/PycharmProjects/CMPU-395-Project/data/streetview_images/4205700.0_3348.jpg
4205700,/Users/aspen/PycharmProjects/CMPU-395-Project/data/streetview_images/4205700.0_3349.jpg
4205700,/Users/aspen/PycharmProjects/CMPU-395-Project/data/streetview_images/4205700.0_3350.jpg
4205700,/Users/aspen/PycharmProjects/CMPU-395-Project/data/streetview_images/4205700.0_3351.jpg
4205700,/Users/aspen/PycharmProjects/CMPU-395-Project/data/streetview_images/4205700.0_3352.jpg
4205700,/Users/aspen/PycharmProjects/CMPU-395-Project/data/streetview_images/4205700.0_3353.jpg
4205700,/Users/aspen/PycharmProjects/CMPU-395-Project/data/streetview_images/4205700.0_3354.jpg
4205700,/Users/aspen/PycharmProjects/CMPU-395-Project/data/streetview_images/4205700.0_3355.jpg
4205700,/Users/aspen/PycharmProjects/CMPU-395-Project/data/streetview_images/4205700.0_3356.jpg
4205700,/Users/aspen/PycharmProjects/CMPU-395-Project/data/streetview_images/4205700.0_3357.jpg
4205700,/Users/aspen/PycharmProjects/CMPU-395-Project/data/streetview_images/4205700.0_3358.jpg
4205700,/Users/aspen/PycharmProjects/CMPU-395-Project/data/streetview_images/4205700.0_3359.jpg
4205700,/Users/aspen/PycharmProjects/CMPU-395-Project/data/streetview_images/4205700.0_3360.jpg
4205700,/Users/aspen/PycharmProjects/CMPU-395-Project/data/streetview_images/4205700.0_3361.jpg
4205700,/Users/aspen/PycharmProjects/CMPU-395-Project/data/streetview_images/4205700.0_3362.jpg
4205700,/Users/aspen/PycharmProjects/CMPU-395-Project/data/streetview_images/4205700.0_3363.jpg
4205700,/Users/aspen/PycharmProjects/CMPU-395-Project/data/streetview_images/4205700.0_3364.jpg
4205700,/Users/aspen/PycharmProjects/CMPU-395-Project/data/streetview_images/4205700.0_3365.jpg
4205700,/Users/aspen/PycharmProjects/CMPU-395-Project/data/streetview_images/4205700.0_3366.jpg
4205700,/Users/aspen/PycharmProjects/CMPU-395-Project/data/streetview_images/4205700.0_3367.jpg
4206240,/Users/aspen/PycharmProjects/CMPU-395-Project/data/streetview_images/4206240.0_3368.jpg
4206240,/Users/aspen/PycharmProjects/CMPU-395-Project/data/streetview_images/4206240.0_3369.jpg
4206240,/Users/aspen/PycharmProjects/CMPU-395-Project/data/streetview_images/4206240.0_3370.jpg
4206240,/Users/aspen/PycharmProjects/CMPU-395-Project/data/streetview_images/4206240.0_3371.jpg
4206240,/Users/aspen/PycharmProjects/CMPU-395-Project/data/streetview_images/4206240.0_3372.jpg
4206240,/Users/aspen/PycharmProjects/CMPU-395-Project/data/streetview_images/4206240.0_3373.jpg
4206240,/Users/aspen/PycharmProjects/CMPU-395-Project/data/streetview_images/4206240.0_3374.jpg
4206240,/Users/aspen/PycharmProjects/CMPU-395-Project/data/streetview_images/4206240.0_3375.jpg
4206240,/Users/aspen/PycharmProjects/CMPU-395-Project/data/streetview_images/4206240.0_3376.jpg
4206240,/Users/aspen/PycharmProjects/CMPU-395-Project/data/streetview_images/4206240.0_3377.jpg
4206240,/Users/aspen/PycharmProjects/CMPU-395-Project/data/streetview_images/4206240.0_3378.jpg
4206240,/Users/aspen/PycharmProjects/CMPU-395-Project/data/streetview_images/4206240.0_3379.jpg
4206240,/Users/aspen/PycharmProjects/CMPU-395-Project/data/streetview_images/4206240.0_3380.jpg
4206240,/Users/aspen/PycharmProjects/CMPU-395-Project/data/streetview_images/4206240.0_3381.jpg
4206240,/Users/aspen/PycharmProjects/CMPU-395-Project/data/streetview_images/4206240.0_3382.jpg
4206240,/Users/aspen/PycharmProjects/CMPU-395-Project/data/streetview_images/4206240.0_3383.jpg
4206240,/Users/aspen/PycharmProjects/CMPU-395-Project/data/streetview_images/4206240.0_3384.jpg
4206240,/Users/aspen/PycharmProjects/CMPU-395-Project/data/streetview_images/4206240.0_3385.jpg
4206240,/Users/aspen/PycharmProjects/CMPU-395-Project/data/streetview_images/4206240.0_3386.jpg
4206240,/Users/aspen/PycharmProjects/CMPU-395-Project/data/streetview_images/4206240.0_3387.jpg
4206240,/Users/aspen/PycharmProjects/CMPU-395-Project/data/streetview_images/4206240.0_3388.jpg
4206240,/Users/aspen/PycharmProjects/CMPU-395-Project/data/streetview_images/4206240.0_3389.jpg
4206240,/Users/aspen/PycharmProjects/CMPU-395-Project/data/streetview_images/4206240.0_3390.jpg
4206240,/Users/aspen/PycharmProjects/CMPU-395-Project/data/streetview_images/4206240.0_3391.jpg
4206240,/Users/aspen/PycharmProjects/CMPU-395-Project/data/streetview_images/4206240.0_3392.jpg
4206240,/Users/aspen/PycharmProjects/CMPU-395-Project/data/streetview_images/4206240.0_3393.jpg
4206240,/Users/aspen/PycharmProjects/CMPU-395-Project/data/streetview_images/4206240.0_3394.jpg
4206240,/Users/aspen/PycharmProjects/CMPU-395-Project/data/streetview_images/4206240.0_3395.jpg
4206240,/Users/aspen/PycharmProjects/CMPU-395-Project/data/streetview_images/4206240.0_3396.jpg
4206240,/Users/aspen/PycharmProjects/CMPU-395-Project/data/streetview_images/4206240.0_3397.jpg
4206660,/Users/aspen/PycharmProjects/CMPU-395-Project/data/streetview_images/4206660.0_3398.jpg
4206660,/Users/aspen/PycharmProjects/CMPU-395-Project/data/streetview_images/4206660.0_3399.jpg
4206660,/Users/aspen/PycharmProjects/CMPU-395-Project/data/streetview_images/4206660.0_3400.jpg
4206660,/Users/aspen/PycharmProjects/CMPU-395-Project/data/streetview_images/4206660.0_3401.jpg
4206660,/Users/aspen/PycharmProjects/CMPU-395-Project/data/streetview_images/4206660.0_3402.jpg
4206660,/Users/aspen/PycharmProjects/CMPU-395-Project/data/streetview_images/4206660.0_3403.jpg
4206660,/Users/aspen/PycharmProjects/CMPU-395-Project/data/streetview_images/4206660.0_3404.jpg
4208550,/Users/aspen/PycharmProjects/CMPU-395-Project/data/streetview_images/4208550.0_3405.jpg
4208550,/Users/aspen/PycharmProjects/CMPU-395-Project/data/streetview_images/4208550.0_3406.jpg
4208550,/Users/aspen/PycharmProjects/CMPU-395-Project/data/streetview_images/4208550.0_3407.jpg
4208550,/Users/aspen/PycharmProjects/CMPU-395-Project/data/streetview_images/4208550.0_3408.jpg
4208550,/Users/aspen/PycharmProjects/CMPU-395-Project/data/streetview_images/4208550.0_3409.jpg
4208550,/Users/aspen/PycharmProjects/CMPU-395-Project/data/streetview_images/4208550.0_3410.jpg
4208550,/Users/aspen/PycharmProjects/CMPU-395-Project/data/streetview_images/4208550.0_3411.jpg
4208550,/Users/aspen/PycharmProjects/CMPU-395-Project/data/streetview_images/4208550.0_3412.jpg
4208550,/Users/aspen/PycharmProjects/CMPU-395-Project/data/streetview_images/4208550.0_3413.jpg
4208550,/Users/aspen/PycharmProjects/CMPU-395-Project/data/streetview_images/4208550.0_3414.jpg
4208550,/Users/aspen/PycharmProjects/CMPU-395-Project/data/streetview_images/4208550.0_3415.jpg
4208550,/Users/aspen/PycharmProjects/CMPU-395-Project/data/streetview_images/4208550.0_3416.jpg
4208550,/Users/aspen/PycharmProjects/CMPU-395-Project/data/streetview_images/4208550.0_3417.jpg
4208550,/Users/aspen/PycharmProjects/CMPU-395-Project/data/streetview_images/4208550.0_3418.jpg
4208550,/Users/aspen/PycharmProjects/CMPU-395-Project/data/streetview_images/4208550.0_3419.jpg
4208550,/Users/aspen/PycharmProjects/CMPU-395-Project/data/streetview_images/4208550.0_3420.jpg
4208550,/Users/aspen/PycharmProjects/CMPU-395-Project/data/streetview_images/4208550.0_3421.jpg
4208550,/Users/aspen/PycharmProjects/CMPU-395-Project/data/streetview_images/4208550.0_3422.jpg
4208550,/Users/aspen/PycharmProjects/CMPU-395-Project/data/streetview_images/4208550.0_3423.jpg
4208550,/Users/aspen/PycharmProjects/CMPU-395-Project/data/streetview_images/4208550.0_3424.jpg
4208550,/Users/aspen/PycharmProjects/CMPU-395-Project/data/streetview_images/4208550.0_3425.jpg
4208550,/Users/aspen/PycharmProjects/CMPU-395-Project/data/streetview_images/4208550.0_3426.jpg
4208550,/Users/aspen/PycharmProjects/CMPU-395-Project/data/streetview_images/4208550.0_3427.jpg
4208550,/Users/aspen/PycharmProjects/CMPU-395-Project/data/streetview_images/4208550.0_3428.jpg
4208550,/Users/aspen/PycharmProjects/CMPU-395-Project/data/streetview_images/4208550.0_3429.jpg
4208550,/Users/aspen/PycharmProjects/CMPU-395-Project/data/streetview_images/4208550.0_3430.jpg
4208550,/Users/aspen/PycharmProjects/CMPU-395-Project/data/streetview_images/4208550.0_3431.jpg
4208550,/Users/aspen/PycharmProjects/CMPU-395-Project/data/streetview_images/4208550.0_3432.jpg
4208550,/Users/aspen/PycharmProjects/CMPU-395-Project/data/streetview_images/4208550.0_3433.jpg
4208550,/Users/aspen/PycharmProjects/CMPU-395-Project/data/streetview_images/4208550.0_3434.jpg
4208550,/Users/aspen/PycharmProjects/CMPU-395-Project/data/streetview_images/4208550.0_3435.jpg
4208550,/Users/aspen/PycharmProjects/CMPU-395-Project/data/streetview_images/4208550.0_3436.jpg
4208550,/Users/aspen/PycharmProjects/CMPU-395-Project/data/streetview_images/4208550.0_3437.jpg
4208550,/Users/aspen/PycharmProjects/CMPU-395-Project/data/streetview_images/4208550.0_3438.jpg
4208550,/Users/aspen/PycharmProjects/CMPU-395-Project/data/streetview_images/4208550.0_3439.jpg
4208550,/Users/aspen/PycharmProjects/CMPU-395-Project/data/streetview_images/4208550.0_3440.jpg
4208550,/Users/aspen/PycharmProjects/CMPU-395-Project/data/streetview_images/4208550.0_3441.jpg
4208550,/Users/aspen/PycharmProjects/CMPU-395-Project/data/streetview_images/4208550.0_3442.jpg
4208550,/Users/aspen/PycharmProjects/CMPU-395-Project/data/streetview_images/4208550.0_3443.jpg
4208550,/Users/aspen/PycharmProjects/CMPU-395-Project/data/streetview_images/4208550.0_3444.jpg
4209480,/Users/aspen/PycharmProjects/CMPU-395-Project/data/streetview_images/4209480.0_3445.jpg
4209480,/Users/aspen/PycharmProjects/CMPU-395-Project/data/streetview_images/4209480.0_3446.jpg
4209480,/Users/aspen/PycharmProjects/CMPU-395-Project/data/streetview_images/4209480.0_3447.jpg
4209480,/Users/aspen/PycharmProjects/CMPU-395-Project/data/streetview_images/4209480.0_3448.jpg
4209480,/Users/aspen/PycharmProjects/CMPU-395-Project/data/streetview_images/4209480.0_3449.jpg
4209480,/Users/aspen/PycharmProjects/CMPU-395-Project/data/streetview_images/4209480.0_3450.jpg
4209480,/Users/aspen/PycharmProjects/CMPU-395-Project/data/streetview_images/4209480.0_3451.jpg
4209480,/Users/aspen/PycharmProjects/CMPU-395-Project/data/streetview_images/4209480.0_3452.jpg
4209480,/Users/aspen/PycharmProjects/CMPU-395-Project/data/streetview_images/4209480.0_3453.jpg
4209480,/Users/aspen/PycharmProjects/CMPU-395-Project/data/streetview_images/4209480.0_3454.jpg
4209480,/Users/aspen/PycharmProjects/CMPU-395-Project/data/streetview_images/4209480.0_3455.jpg
4209480,/Users/aspen/PycharmProjects/CMPU-395-Project/data/streetview_images/4209480.0_3456.jpg
4209480,/Users/aspen/PycharmProjects/CMPU-395-Project/data/streetview_images/4209480.0_3457.jpg
4209480,/Users/aspen/PycharmProjects/CMPU-395-Project/data/streetview_images/4209480.0_3458.jpg
4209480,/Users/aspen/PycharmProjects/CMPU-395-Project/data/streetview_images/4209480.0_3459.jpg
4209480,/Users/aspen/PycharmProjects/CMPU-395-Project/data/streetview_images/4209480.0_3460.jpg
4209480,/Users/aspen/PycharmProjects/CMPU-395-Project/data/streetview_images/4209480.0_3461.jpg
4209480,/Users/aspen/PycharmProjects/CMPU-395-Project/data/streetview_images/4209480.0_3462.jpg
4209480,/Users/aspen/PycharmProjects/CMPU-395-Project/data/streetview_images/4209480.0_3463.jpg
4209480,/Users/aspen/PycharmProjects/CMPU-395-Project/data/streetview_images/4209480.0_3464.jpg
4209480,/Users/aspen/PycharmProjects/CMPU-395-Project/data/streetview_images/4209480.0_3465.jpg
4209480,/Users/aspen/PycharmProjects/CMPU-395-Project/data/streetview_images/4209480.0_3466.jpg
4209480,/Users/aspen/PycharmProjects/CMPU-395-Project/data/streetview_images/4209480.0_3467.jpg
4209480,/Users/aspen/PycharmProjects/CMPU-395-Project/data/streetview_images/4209480.0_3468.jpg
4209480,/Users/aspen/PycharmProjects/CMPU-395-Project/data/streetview_images/4209480.0_3469.jpg
4209480,/Users/aspen/PycharmProjects/CMPU-395-Project/data/streetview_images/4209480.0_3470.jpg
4209480,/Users/aspen/PycharmProjects/CMPU-395-Project/data/streetview_images/4209480.0_3471.jpg
4209480,/Users/aspen/PycharmProjects/CMPU-395-Project/data/streetview_images/4209480.0_3472.jpg
4209480,/Users/aspen/PycharmProjects/CMPU-395-Project/data/streetview_images/4209480.0_3473.jpg
4209480,/Users/aspen/PycharmProjects/CMPU-395-Project/data/streetview_images/4209480.0_3474.jpg
4209480,/Users/aspen/PycharmProjects/CMPU-395-Project/data/streetview_images/4209480.0_3475.jpg
4209480,/Users/aspen/PycharmProjects/CMPU-395-Project/data/streetview_images/4209480.0_3476.jpg
4209480,/Users/aspen/PycharmProjects/CMPU-395-Project/data/streetview_images/4209480.0_3477.jpg
4209480,/Users/aspen/PycharmProjects/CMPU-395-Project/data/streetview_images/4209480.0_3478.jpg
4209480,/Users/aspen/PycharmProjects/CMPU-395-Project/data/streetview_images/4209480.0_3479.jpg
4209480,/Users/aspen/PycharmProjects/CMPU-395-Project/data/streetview_images/4209480.0_3480.jpg
4209480,/Users/aspen/PycharmProjects/CMPU-395-Project/data/streetview_images/4209480.0_3481.jpg
4212300,/Users/aspen/PycharmProjects/CMPU-395-Project/data/streetview_images/4212300.0_3482.jpg
4212300,/Users/aspen/PycharmProjects/CMPU-395-Project/data/streetview_images/4212300.0_3483.jpg
4212300,/Users/aspen/PycharmProjects/CMPU-395-Project/data/streetview_images/4212300.0_3484.jpg
4212300,/Users/aspen/PycharmProjects/CMPU-395-Project/data/streetview_images/4212300.0_3485.jpg
4212300,/Users/aspen/PycharmProjects/CMPU-395-Project/data/streetview_images/4212300.0_3486.jpg
4212300,/Users/aspen/PycharmProjects/CMPU-395-Project/data/streetview_images/4212300.0_3487.jpg
4212300,/Users/aspen/PycharmProjects/CMPU-395-Project/data/streetview_images/4212300.0_3488.jpg
4212300,/Users/aspen/PycharmProjects/CMPU-395-Project/data/streetview_images/4212300.0_3489.jpg
4212570,/Users/aspen/PycharmProjects/CMPU-395-Project/data/streetview_images/4212570.0_3490.jpg
4212570,/Users/aspen/PycharmProjects/CMPU-395-Project/data/streetview_images/4212570.0_3491.jpg
4212570,/Users/aspen/PycharmProjects/CMPU-395-Project/data/streetview_images/4212570.0_3492.jpg
4212570,/Users/aspen/PycharmProjects/CMPU-395-Project/data/streetview_images/4212570.0_3493.jpg
4212570,/Users/aspen/PycharmProjects/CMPU-395-Project/data/streetview_images/4212570.0_3494.jpg
4212570,/Users/aspen/PycharmProjects/CMPU-395-Project/data/streetview_images/4212570.0_3495.jpg
4213020,/Users/aspen/PycharmProjects/CMPU-395-Project/data/streetview_images/4213020.0_3496.jpg
4213020,/Users/aspen/PycharmProjects/CMPU-395-Project/data/streetview_images/4213020.0_3497.jpg
4213320,/Users/aspen/PycharmProjects/CMPU-395-Project/data/streetview_images/4213320.0_3498.jpg
4213320,/Users/aspen/PycharmProjects/CMPU-395-Project/data/streetview_images/4213320.0_3499.jpg
4213320,/Users/aspen/PycharmProjects/CMPU-395-Project/data/streetview_images/4213320.0_3500.jpg
4213320,/Users/aspen/PycharmProjects/CMPU-395-Project/data/streetview_images/4213320.0_3501.jpg
4213320,/Users/aspen/PycharmProjects/CMPU-395-Project/data/streetview_images/4213320.0_3502.jpg
4213320,/Users/aspen/PycharmProjects/CMPU-395-Project/data/streetview_images/4213320.0_3503.jpg
4213320,/Users/aspen/PycharmProjects/CMPU-395-Project/data/streetview_images/4213320.0_3504.jpg
4213320,/Users/aspen/PycharmProjects/CMPU-395-Project/data/streetview_images/4213320.0_3505.jpg
4213320,/Users/aspen/PycharmProjects/CMPU-395-Project/data/streetview_images/4213320.0_3506.jpg
4213320,/Users/aspen/PycharmProjects/CMPU-395-Project/data/streetview_images/4213320.0_3507.jpg
4213320,/Users/aspen/PycharmProjects/CMPU-395-Project/data/streetview_images/4213320.0_3508.jpg
4213320,/Users/aspen/PycharmProjects/CMPU-395-Project/data/streetview_images/4213320.0_3509.jpg
4213320,/Users/aspen/PycharmProjects/CMPU-395-Project/data/streetview_images/4213320.0_3510.jpg
4213320,/Users/aspen/PycharmProjects/CMPU-395-Project/data/streetview_images/4213320.0_3511.jpg
4213320,/Users/aspen/PycharmProjects/CMPU-395-Project/data/streetview_images/4213320.0_3512.jpg
4213320,/Users/aspen/PycharmProjects/CMPU-395-Project/data/streetview_images/4213320.0_3513.jpg
4213320,/Users/aspen/PycharmProjects/CMPU-395-Project/data/streetview_images/4213320.0_3514.jpg
4213710,/Users/aspen/PycharmProjects/CMPU-395-Project/data/streetview_images/4213710.0_3515.jpg
4213710,/Users/aspen/PycharmProjects/CMPU-395-Project/data/streetview_images/4213710.0_3516.jpg
4213710,/Users/aspen/PycharmProjects/CMPU-395-Project/data/streetview_images/4213710.0_3517.jpg
4213710,/Users/aspen/PycharmProjects/CMPU-395-Project/data/streetview_images/4213710.0_3518.jpg
4213710,/Users/aspen/PycharmProjects/CMPU-395-Project/data/streetview_images/4213710.0_3519.jpg
4213710,/Users/aspen/PycharmProjects/CMPU-395-Project/data/streetview_images/4213710.0_3520.jpg
4213710,/Users/aspen/PycharmProjects/CMPU-395-Project/data/streetview_images/4213710.0_3521.jpg
4213710,/Users/aspen/PycharmProjects/CMPU-395-Project/data/streetview_images/4213710.0_3522.jpg
4215240,/Users/aspen/PycharmProjects/CMPU-395-Project/data/streetview_images/4215240.0_3523.jpg
4215240,/Users/aspen/PycharmProjects/CMPU-395-Project/data/streetview_images/4215240.0_3524.jpg
4215240,/Users/aspen/PycharmProjects/CMPU-395-Project/data/streetview_images/4215240.0_3525.jpg
4215240,/Users/aspen/PycharmProjects/CMPU-395-Project/data/streetview_images/4215240.0_3526.jpg
4215240,/Users/aspen/PycharmProjects/CMPU-395-Project/data/streetview_images/4215240.0_3527.jpg
4215240,/Users/aspen/PycharmProjects/CMPU-395-Project/data/streetview_images/4215240.0_3528.jpg
4215240,/Users/aspen/PycharmProjects/CMPU-395-Project/data/streetview_images/4215240.0_3529.jpg
4215240,/Users/aspen/PycharmProjects/CMPU-395-Project/data/streetview_images/4215240.0_3530.jpg
4215240,/Users/aspen/PycharmProjects/CMPU-395-Project/data/streetview_images/4215240.0_3531.jpg
4215240,/Users/aspen/PycharmProjects/CMPU-395-Project/data/streetview_images/4215240.0_3532.jpg
4215240,/Users/aspen/PycharmProjects/CMPU-395-Project/data/streetview_images/4215240.0_3533.jpg
4215240,/Users/aspen/PycharmProjects/CMPU-395-Project/data/streetview_images/4215240.0_3534.jpg
4215240,/Users/aspen/PycharmProjects/CMPU-395-Project/data/streetview_images/4215240.0_3535.jpg
4215240,/Users/aspen/PycharmProjects/CMPU-395-Project/data/streetview_images/4215240.0_3536.jpg
4215240,/Users/aspen/PycharmProjects/CMPU-395-Project/data/streetview_images/4215240.0_3537.jpg
4215240,/Users/aspen/PycharmProjects/CMPU-395-Project/data/streetview_images/4215240.0_3538.jpg
4215240,/Users/aspen/PycharmProjects/CMPU-395-Project/data/streetview_images/4215240.0_3539.jpg
4215240,/Users/aspen/PycharmProjects/CMPU-395-Project/data/streetview_images/4215240.0_3540.jpg
4215240,/Users/aspen/PycharmProjects/CMPU-395-Project/data/streetview_images/4215240.0_3541.jpg
4215240,/Users/aspen/PycharmProjects/CMPU-395-Project/data/streetview_images/4215240.0_3542.jpg
4215240,/Users/aspen/PycharmProjects/CMPU-395-Project/data/streetview_images/4215240.0_3543.jpg
4215240,/Users/aspen/PycharmProjects/CMPU-395-Project/data/streetview_images/4215240.0_3544.jpg
4215240,/Users/aspen/PycharmProjects/CMPU-395-Project/data/streetview_images/4215240.0_3545.jpg
4215240,/Users/aspen/PycharmProjects/CMPU-395-Project/data/streetview_images/4215240.0_3546.jpg
4215240,/Users/aspen/PycharmProjects/CMPU-395-Project/data/streetview_images/4215240.0_3547.jpg
4215240,/Users/aspen/PycharmProjects/CMPU-395-Project/data/streetview_images/4215240.0_3548.jpg
4215240,/Users/aspen/PycharmProjects/CMPU-395-Project/data/streetview_images/4215240.0_3549.jpg
4215240,/Users/aspen/PycharmProjects/CMPU-395-Project/data/streetview_images/4215240.0_3550.jpg
4215240,/Users/aspen/PycharmProjects/CMPU-395-Project/data/streetview_images/4215240.0_3551.jpg
4215240,/Users/aspen/PycharmProjects/CMPU-395-Project/data/streetview_images/4215240.0_3552.jpg
4215240,/Users/aspen/PycharmProjects/CMPU-395-Project/data/streetview_images/4215240.0_3553.jpg
4215900,/Users/aspen/PycharmProjects/CMPU-395-Project/data/streetview_images/4215900.0_3554.jpg
4215900,/Users/aspen/PycharmProjects/CMPU-395-Project/data/streetview_images/4215900.0_3555.jpg
4215900,/Users/aspen/PycharmProjects/CMPU-395-Project/data/streetview_images/4215900.0_3556.jpg
4215900,/Users/aspen/PycharmProjects/CMPU-395-Project/data/streetview_images/4215900.0_3557.jpg
4215900,/Users/aspen/PycharmProjects/CMPU-395-Project/data/streetview_images/4215900.0_3558.jpg
4215900,/Users/aspen/PycharmProjects/CMPU-395-Project/data/streetview_images/4215900.0_3559.jpg
4215900,/Users/aspen/PycharmProjects/CMPU-395-Project/data/streetview_images/4215900.0_3560.jpg
4215900,/Users/aspen/PycharmProjects/CMPU-395-Project/data/streetview_images/4215900.0_3561.jpg
4215900,/Users/aspen/PycharmProjects/CMPU-395-Project/data/streetview_images/4215900.0_3562.jpg
4215900,/Users/aspen/PycharmProjects/CMPU-395-Project/data/streetview_images/4215900.0_3563.jpg
4215900,/Users/aspen/PycharmProjects/CMPU-395-Project/data/streetview_images/4215900.0_3564.jpg
4215900,/Users/aspen/PycharmProjects/CMPU-395-Project/data/streetview_images/4215900.0_3565.jpg
4215900,/Users/aspen/PycharmProjects/CMPU-395-Project/data/streetview_images/4215900.0_3566.jpg
4215900,/Users/aspen/PycharmProjects/CMPU-395-Project/data/streetview_images/4215900.0_3567.jpg
4215900,/Users/aspen/PycharmProjects/CMPU-395-Project/data/streetview_images/4215900.0_3568.jpg
4215900,/Users/aspen/PycharmProjects/CMPU-395-Project/data/streetview_images/4215900.0_3569.jpg
4215900,/Users/aspen/PycharmProjects/CMPU-395-Project/data/streetview_images/4215900.0_3570.jpg
4215900,/Users/aspen/PycharmProjects/CMPU-395-Project/data/streetview_images/4215900.0_3571.jpg
4215900,/Users/aspen/PycharmProjects/CMPU-395-Project/data/streetview_images/4215900.0_3572.jpg
4215900,/Users/aspen/PycharmProjects/CMPU-395-Project/data/streetview_images/4215900.0_3573.jpg
4215900,/Users/aspen/PycharmProjects/CMPU-395-Project/data/streetview_images/4215900.0_3574.jpg
4215900,/Users/aspen/PycharmProjects/CMPU-395-Project/data/streetview_images/4215900.0_3575.jpg
4215900,/Users/aspen/PycharmProjects/CMPU-395-Project/data/streetview_images/4215900.0_3576.jpg
4215900,/Users/aspen/PycharmProjects/CMPU-395-Project/data/streetview_images/4215900.0_3577.jpg
4215900,/Users/aspen/PycharmProjects/CMPU-395-Project/data/streetview_images/4215900.0_3578.jpg
4215900,/Users/aspen/PycharmProjects/CMPU-395-Project/data/streetview_images/4215900.0_3579.jpg
4215900,/Users/aspen/PycharmProjects/CMPU-395-Project/data/streetview_images/4215900.0_3580.jpg
4215900,/Users/aspen/PycharmProjects/CMPU-395-Project/data/streetview_images/4215900.0_3581.jpg
4215900,/Users/aspen/PycharmProjects/CMPU-395-Project/data/streetview_images/4215900.0_3582.jpg
4215900,/Users/aspen/PycharmProjects/CMPU-395-Project/data/streetview_images/4215900.0_3583.jpg
4215900,/Users/aspen/PycharmProjects/CMPU-395-Project/data/streetview_images/4215900.0_3584.jpg
4215900,/Users/aspen/PycharmProjects/CMPU-395-Project/data/streetview_images/4215900.0_3585.jpg
4215900,/Users/aspen/PycharmProjects/CMPU-395-Project/data/streetview_images/4215900.0_3586.jpg
4215900,/Users/aspen/PycharmProjects/CMPU-395-Project/data/streetview_images/4215900.0_3587.jpg
4215900,/Users/aspen/PycharmProjects/CMPU-395-Project/data/streetview_images/4215900.0_3588.jpg
4215900,/Users/aspen/PycharmProjects/CMPU-395-Project/data/streetview_images/4215900.0_3589.jpg
4215900,/Users/aspen/PycharmProjects/CMPU-395-Project/data/streetview_images/4215900.0_3590.jpg
4215900,/Users/aspen/PycharmProjects/CMPU-395-Project/data/streetview_images/4215900.0_3591.jpg
4215900,/Users/aspen/PycharmProjects/CMPU-395-Project/data/streetview_images/4215900.0_3592.jpg
4215900,/Users/aspen/PycharmProjects/CMPU-395-Project/data/streetview_images/4215900.0_3593.jpg
4216860,/Users/aspen/PycharmProjects/CMPU-395-Project/data/streetview_images/4216860.0_3594.jpg
4216860,/Users/aspen/PycharmProjects/CMPU-395-Project/data/streetview_images/4216860.0_3595.jpg
4216860,/Users/aspen/PycharmProjects/CMPU-395-Project/data/streetview_images/4216860.0_3596.jpg
4216860,/Users/aspen/PycharmProjects/CMPU-395-Project/data/streetview_images/4216860.0_3597.jpg
4216860,/Users/aspen/PycharmProjects/CMPU-395-Project/data/streetview_images/4216860.0_3598.jpg
4216860,/Users/aspen/PycharmProjects/CMPU-395-Project/data/streetview_images/4216860.0_3599.jpg
4216860,/Users/aspen/PycharmProjects/CMPU-395-Project/data/streetview_images/4216860.0_3600.jpg
4216860,/Users/aspen/PycharmProjects/CMPU-395-Project/data/streetview_images/4216860.0_3601.jpg
4216860,/Users/aspen/PycharmProjects/CMPU-395-Project/data/streetview_images/4216860.0_3602.jpg
4216860,/Users/aspen/PycharmProjects/CMPU-395-Project/data/streetview_images/4216860.0_3603.jpg
4216860,/Users/aspen/PycharmProjects/CMPU-395-Project/data/streetview_images/4216860.0_3604.jpg
4216860,/Users/aspen/PycharmProjects/CMPU-395-Project/data/streetview_images/4216860.0_3605.jpg
4216860,/Users/aspen/PycharmProjects/CMPU-395-Project/data/streetview_images/4216860.0_3606.jpg
4216860,/Users/aspen/PycharmProjects/CMPU-395-Project/data/streetview_images/4216860.0_3607.jpg
4216860,/Users/aspen/PycharmProjects/CMPU-395-Project/data/streetview_images/4216860.0_3608.jpg
4216860,/Users/aspen/PycharmProjects/CMPU-395-Project/data/streetview_images/4216860.0_3609.jpg
4216860,/Users/aspen/PycharmProjects/CMPU-395-Project/data/streetview_images/4216860.0_3610.jpg
4216860,/Users/aspen/PycharmProjects/CMPU-395-Project/data/streetview_images/4216860.0_3611.jpg
4216860,/Users/aspen/PycharmProjects/CMPU-395-Project/data/streetview_images/4216860.0_3612.jpg
4216860,/Users/aspen/PycharmProjects/CMPU-395-Project/data/streetview_images/4216860.0_3613.jpg
4216860,/Users/aspen/PycharmProjects/CMPU-395-Project/data/streetview_images/4216860.0_3614.jpg
4216860,/Users/aspen/PycharmProjects/CMPU-395-Project/data/streetview_images/4216860.0_3615.jpg
4216860,/Users/aspen/PycharmProjects/CMPU-395-Project/data/streetview_images/4216860.0_3616.jpg
4216860,/Users/aspen/PycharmProjects/CMPU-395-Project/data/streetview_images/4216860.0_3617.jpg
4216860,/Users/aspen/PycharmProjects/CMPU-395-Project/data/streetview_images/4216860.0_3618.jpg
4216860,/Users/aspen/PycharmProjects/CMPU-395-Project/data/streetview_images/4216860.0_3619.jpg
4216860,/Users/aspen/PycharmProjects/CMPU-395-Project/data/streetview_images/4216860.0_3620.jpg
4216860,/Users/aspen/PycharmProjects/CMPU-395-Project/data/streetview_images/4216860.0_3621.jpg
4217280,/Users/aspen/PycharmProjects/CMPU-395-Project/data/streetview_images/4217280.0_3622.jpg
4217280,/Users/aspen/PycharmProjects/CMPU-395-Project/data/streetview_images/4217280.0_3623.jpg
4217280,/Users/aspen/PycharmProjects/CMPU-395-Project/data/streetview_images/4217280.0_3624.jpg
4217280,/Users/aspen/PycharmProjects/CMPU-395-Project/data/streetview_images/4217280.0_3625.jpg
4217280,/Users/aspen/PycharmProjects/CMPU-395-Project/data/streetview_images/4217280.0_3626.jpg
4217280,/Users/aspen/PycharmProjects/CMPU-395-Project/data/streetview_images/4217280.0_3627.jpg
4217280,/Users/aspen/PycharmProjects/CMPU-395-Project/data/streetview_images/4217280.0_3628.jpg
4217280,/Users/aspen/PycharmProjects/CMPU-395-Project/data/streetview_images/4217280.0_3629.jpg
4217280,/Users/aspen/PycharmProjects/CMPU-395-Project/data/streetview_images/4217280.0_3630.jpg
4217280,/Users/aspen/PycharmProjects/CMPU-395-Project/data/streetview_images/4217280.0_3631.jpg
4217280,/Users/aspen/PycharmProjects/CMPU-395-Project/data/streetview_images/4217280.0_3632.jpg
4217280,/Users/aspen/PycharmProjects/CMPU-395-Project/data/streetview_images/4217280.0_3633.jpg
4217280,/Users/aspen/PycharmProjects/CMPU-395-Project/data/streetview_images/4217280.0_3634.jpg
4217280,/Users/aspen/PycharmProjects/CMPU-395-Project/data/streetview_images/4217280.0_3635.jpg
4217280,/Users/aspen/PycharmProjects/CMPU-395-Project/data/streetview_images/4217280.0_3636.jpg
4217280,/Users/aspen/PycharmProjects/CMPU-395-Project/data/streetview_images/4217280.0_3637.jpg
4217280,/Users/aspen/PycharmProjects/CMPU-395-Project/data/streetview_images/4217280.0_3638.jpg
4217280,/Users/aspen/PycharmProjects/CMPU-395-Project/data/streetview_images/4217280.0_3639.jpg
4217280,/Users/aspen/PycharmProjects/CMPU-395-Project/data/streetview_images/4217280.0_3640.jpg
4217280,/Users/aspen/PycharmProjects/CMPU-395-Project/data/streetview_images/4217280.0_3641.jpg
4217280,/Users/aspen/PycharmProjects/CMPU-395-Project/data/streetview_images/4217280.0_3642.jpg
4217280,/Users/aspen/PycharmProjects/CMPU-395-Project/data/streetview_images/4217280.0_3643.jpg
4217280,/Users/aspen/PycharmProjects/CMPU-395-Project/data/streetview_images/4217280.0_3644.jpg
4217280,/Users/aspen/PycharmProjects/CMPU-395-Project/data/streetview_images/4217280.0_3645.jpg
4217280,/Users/aspen/PycharmProjects/CMPU-395-Project/data/streetview_images/4217280.0_3646.jpg
4217280,/Users/aspen/PycharmProjects/CMPU-395-Project/data/streetview_images/4217280.0_3647.jpg
4217280,/Users/aspen/PycharmProjects/CMPU-395-Project/data/streetview_images/4217280.0_3648.jpg
4217280,/Users/aspen/PycharmProjects/CMPU-395-Project/data/streetview_images/4217280.0_3649.jpg
4217280,/Users/aspen/PycharmProjects/CMPU-395-Project/data/streetview_images/4217280.0_3650.jpg
4217280,/Users/aspen/PycharmProjects/CMPU-395-Project/data/streetview_images/4217280.0_3651.jpg
4217280,/Users/aspen/PycharmProjects/CMPU-395-Project/data/streetview_images/4217280.0_3652.jpg
4217280,/Users/aspen/PycharmProjects/CMPU-395-Project/data/streetview_images/4217280.0_3653.jpg
4217280,/Users/aspen/PycharmProjects/CMPU-395-Project/data/streetview_images/4217280.0_3654.jpg
4217280,/Users/aspen/PycharmProjects/CMPU-395-Project/data/streetview_images/4217280.0_3655.jpg
4217280,/Users/aspen/PycharmProjects/CMPU-395-Project/data/streetview_images/4217280.0_3656.jpg
4217280,/Users/aspen/PycharmProjects/CMPU-395-Project/data/streetview_images/4217280.0_3657.jpg
4217280,/Users/aspen/PycharmProjects/CMPU-395-Project/data/streetview_images/4217280.0_3658.jpg
4217280,/Users/aspen/PycharmProjects/CMPU-395-Project/data/streetview_images/4217280.0_3659.jpg
4217280,/Users/aspen/PycharmProjects/CMPU-395-Project/data/streetview_images/4217280.0_3660.jpg
4217280,/Users/aspen/PycharmProjects/CMPU-395-Project/data/streetview_images/4217280.0_3661.jpg
4221150,/Users/aspen/PycharmProjects/CMPU-395-Project/data/streetview_images/4221150.0_3662.jpg
4221150,/Users/aspen/PycharmProjects/CMPU-395-Project/data/streetview_images/4221150.0_3663.jpg
4221150,/Users/aspen/PycharmProjects/CMPU-395-Project/data/streetview_images/4221150.0_3664.jpg
4221150,/Users/aspen/PycharmProjects/CMPU-395-Project/data/streetview_images/4221150.0_3665.jpg
4221150,/Users/aspen/PycharmProjects/CMPU-395-Project/data/streetview_images/4221150.0_3666.jpg
4221150,/Users/aspen/PycharmProjects/CMPU-395-Project/data/streetview_images/4221150.0_3667.jpg
4221150,/Users/aspen/PycharmProjects/CMPU-395-Project/data/streetview_images/4221150.0_3668.jpg
4221150,/Users/aspen/PycharmProjects/CMPU-395-Project/data/streetview_images/4221150.0_3669.jpg
4221150,/Users/aspen/PycharmProjects/CMPU-395-Project/data/streetview_images/4221150.0_3670.jpg
4221150,/Users/aspen/PycharmProjects/CMPU-395-Project/data/streetview_images/4221150.0_3671.jpg
4221150,/Users/aspen/PycharmProjects/CMPU-395-Project/data/streetview_images/4221150.0_3672.jpg
4221150,/Users/aspen/PycharmProjects/CMPU-395-Project/data/streetview_images/4221150.0_3673.jpg
4221150,/Users/aspen/PycharmProjects/CMPU-395-Project/data/streetview_images/4221150.0_3674.jpg
4221150,/Users/aspen/PycharmProjects/CMPU-395-Project/data/streetview_images/4221150.0_3675.jpg
4221150,/Users/aspen/PycharmProjects/CMPU-395-Project/data/streetview_images/4221150.0_3676.jpg
4221150,/Users/aspen/PycharmProjects/CMPU-395-Project/data/streetview_images/4221150.0_3677.jpg
4221150,/Users/aspen/PycharmProjects/CMPU-395-Project/data/streetview_images/4221150.0_3678.jpg
4221150,/Users/aspen/PycharmProjects/CMPU-395-Project/data/streetview_images/4221150.0_3679.jpg
4221150,/Users/aspen/PycharmProjects/CMPU-395-Project/data/streetview_images/4221150.0_3680.jpg
4221150,/Users/aspen/PycharmProjects/CMPU-395-Project/data/streetview_images/4221150.0_3681.jpg
4222170,/Users/aspen/PycharmProjects/CMPU-395-Project/data/streetview_images/4222170.0_3682.jpg
4222170,/Users/aspen/PycharmProjects/CMPU-395-Project/data/streetview_images/4222170.0_3683.jpg
4222170,/Users/aspen/PycharmProjects/CMPU-395-Project/data/streetview_images/4222170.0_3684.jpg
4222170,/Users/aspen/PycharmProjects/CMPU-395-Project/data/streetview_images/4222170.0_3685.jpg
4222170,/Users/aspen/PycharmProjects/CMPU-395-Project/data/streetview_images/4222170.0_3686.jpg
4222170,/Users/aspen/PycharmProjects/CMPU-395-Project/data/streetview_images/4222170.0_3687.jpg
4222170,/Users/aspen/PycharmProjects/CMPU-395-Project/data/streetview_images/4222170.0_3688.jpg
4222170,/Users/aspen/PycharmProjects/CMPU-395-Project/data/streetview_images/4222170.0_3689.jpg
4222170,/Users/aspen/PycharmProjects/CMPU-395-Project/data/streetview_images/4222170.0_3690.jpg
4222170,/Users/aspen/PycharmProjects/CMPU-395-Project/data/streetview_images/4222170.0_3691.jpg
4222170,/Users/aspen/PycharmProjects/CMPU-395-Project/data/streetview_images/4222170.0_3692.jpg
4222170,/Users/aspen/PycharmProjects/CMPU-395-Project/data/streetview_images/4222170.0_3693.jpg
4222170,/Users/aspen/PycharmProjects/CMPU-395-Project/data/streetview_images/4222170.0_3694.jpg
4222170,/Users/aspen/PycharmProjects/CMPU-395-Project/data/streetview_images/4222170.0_3695.jpg
4222170,/Users/aspen/PycharmProjects/CMPU-395-Project/data/streetview_images/4222170.0_3696.jpg
4222170,/Users/aspen/PycharmProjects/CMPU-395-Project/data/streetview_images/4222170.0_3697.jpg
4222620,/Users/aspen/PycharmProjects/CMPU-395-Project/data/streetview_images/4222620.0_3698.jpg
4222620,/Users/aspen/PycharmProjects/CMPU-395-Project/data/streetview_images/4222620.0_3699.jpg
4222620,/Users/aspen/PycharmProjects/CMPU-395-Project/data/streetview_images/4222620.0_3700.jpg
4222620,/Users/aspen/PycharmProjects/CMPU-395-Project/data/streetview_images/4222620.0_3701.jpg
4222620,/Users/aspen/PycharmProjects/CMPU-395-Project/data/streetview_images/4222620.0_3702.jpg
4222620,/Users/aspen/PycharmProjects/CMPU-395-Project/data/streetview_images/4222620.0_3703.jpg
4222620,/Users/aspen/PycharmProjects/CMPU-395-Project/data/streetview_images/4222620.0_3704.jpg
4222620,/Users/aspen/PycharmProjects/CMPU-395-Project/data/streetview_images/4222620.0_3705.jpg
4222620,/Users/aspen/PycharmProjects/CMPU-395-Project/data/streetview_images/4222620.0_3706.jpg
4222620,/Users/aspen/PycharmProjects/CMPU-395-Project/data/streetview_images/4222620.0_3707.jpg
4222620,/Users/aspen/PycharmProjects/CMPU-395-Project/data/streetview_images/4222620.0_3708.jpg
4222620,/Users/aspen/PycharmProjects/CMPU-395-Project/data/streetview_images/4222620.0_3709.jpg
4222620,/Users/aspen/PycharmProjects/CMPU-395-Project/data/streetview_images/4222620.0_3710.jpg
4222620,/Users/aspen/PycharmProjects/CMPU-395-Project/data/streetview_images/4222620.0_3711.jpg
4222620,/Users/aspen/PycharmProjects/CMPU-395-Project/data/streetview_images/4222620.0_3712.jpg
4222620,/Users/aspen/PycharmProjects/CMPU-395-Project/data/streetview_images/4222620.0_3713.jpg
4222620,/Users/aspen/PycharmProjects/CMPU-395-Project/data/streetview_images/4222620.0_3714.jpg
4222620,/Users/aspen/PycharmProjects/CMPU-395-Project/data/streetview_images/4222620.0_3715.jpg
4222620,/Users/aspen/PycharmProjects/CMPU-395-Project/data/streetview_images/4222620.0_3716.jpg
4222620,/Users/aspen/PycharmProjects/CMPU-395-Project/data/streetview_images/4222620.0_3717.jpg
4222620,/Users/aspen/PycharmProjects/CMPU-395-Project/data/streetview_images/4222620.0_3718.jpg
4222620,/Users/aspen/PycharmProjects/CMPU-395-Project/data/streetview_images/4222620.0_3719.jpg
4222620,/Users/aspen/PycharmProjects/CMPU-395-Project/data/streetview_images/4222620.0_3720.jpg
4222620,/Users/aspen/PycharmProjects/CMPU-395-Project/data/streetview_images/4222620.0_3721.jpg
4222620,/Users/aspen/PycharmProjects/CMPU-395-Project/data/streetview_images/4222620.0_3722.jpg
4222620,/Users/aspen/PycharmProjects/CMPU-395-Project/data/streetview_images/4222620.0_3723.jpg
4222620,/Users/aspen/PycharmProjects/CMPU-395-Project/data/streetview_images/4222620.0_3724.jpg
4222620,/Users/aspen/PycharmProjects/CMPU-395-Project/data/streetview_images/4222620.0_3725.jpg
4222620,/Users/aspen/PycharmProjects/CMPU-395-Project/data/streetview_images/4222620.0_3726.jpg
4222620,/Users/aspen/PycharmProjects/CMPU-395-Project/data/streetview_images/4222620.0_3727.jpg
4222620,/Users/aspen/PycharmProjects/CMPU-395-Project/data/streetview_images/4222620.0_3728.jpg
4222620,/Users/aspen/PycharmProjects/CMPU-395-Project/data/streetview_images/4222620.0_3729.jpg
4222620,/Users/aspen/PycharmProjects/CMPU-395-Project/data/streetview_images/4222620.0_3730.jpg
4222620,/Users/aspen/PycharmProjects/CMPU-395-Project/data/streetview_images/4222620.0_3731.jpg
4222620,/Users/aspen/PycharmProjects/CMPU-395-Project/data/streetview_images/4222620.0_3732.jpg
4222620,/Users/aspen/PycharmProjects/CMPU-395-Project/data/streetview_images/4222620.0_3733.jpg
4222620,/Users/aspen/PycharmProjects/CMPU-395-Project/data/streetview_images/4222620.0_3734.jpg
4222620,/Users/aspen/PycharmProjects/CMPU-395-Project/data/streetview_images/4222620.0_3735.jpg
4222620,/Users/aspen/PycharmProjects/CMPU-395-Project/data/streetview_images/4222620.0_3736.jpg
4222620,/Users/aspen/PycharmProjects/CMPU-395-Project/data/streetview_images/4222620.0_3737.jpg
4222710,/Users/aspen/PycharmProjects/CMPU-395-Project/data/streetview_images/4222710.0_3738.jpg
4222710,/Users/aspen/PycharmProjects/CMPU-395-Project/data/streetview_images/4222710.0_3739.jpg
4222710,/Users/aspen/PycharmProjects/CMPU-395-Project/data/streetview_images/4222710.0_3740.jpg
4222710,/Users/aspen/PycharmProjects/CMPU-395-Project/data/streetview_images/4222710.0_3741.jpg
4222710,/Users/aspen/PycharmProjects/CMPU-395-Project/data/streetview_images/4222710.0_3742.jpg
4222710,/Users/aspen/PycharmProjects/CMPU-395-Project/data/streetview_images/4222710.0_3743.jpg
4222710,/Users/aspen/PycharmProjects/CMPU-395-Project/data/streetview_images/4222710.0_3744.jpg
4222710,/Users/aspen/PycharmProjects/CMPU-395-Project/data/streetview_images/4222710.0_3745.jpg
4225680,/Users/aspen/PycharmProjects/CMPU-395-Project/data/streetview_images/4225680.0_3746.jpg
4225680,/Users/aspen/PycharmProjects/CMPU-395-Project/data/streetview_images/4225680.0_3747.jpg
4225680,/Users/aspen/PycharmProjects/CMPU-395-Project/data/streetview_images/4225680.0_3748.jpg
4225680,/Users/aspen/PycharmProjects/CMPU-395-Project/data/streetview_images/4225680.0_3749.jpg
4225680,/Users/aspen/PycharmProjects/CMPU-395-Project/data/streetview_images/4225680.0_3750.jpg
4225680,/Users/aspen/PycharmProjects/CMPU-395-Project/data/streetview_images/4225680.0_3751.jpg
4225680,/Users/aspen/PycharmProjects/CMPU-395-Project/data/streetview_images/4225680.0_3752.jpg
4225680,/Users/aspen/PycharmProjects/CMPU-395-Project/data/streetview_images/4225680.0_3753.jpg
4225680,/Users/aspen/PycharmProjects/CMPU-395-Project/data/streetview_images/4225680.0_3754.jpg
4225680,/Users/aspen/PycharmProjects/CMPU-395-Project/data/streetview_images/4225680.0_3755.jpg
4225680,/Users/aspen/PycharmProjects/CMPU-395-Project/data/streetview_images/4225680.0_3756.jpg
4225680,/Users/aspen/PycharmProjects/CMPU-395-Project/data/streetview_images/4225680.0_3757.jpg
4225680,/Users/aspen/PycharmProjects/CMPU-395-Project/data/streetview_images/4225680.0_3758.jpg
4225680,/Users/aspen/PycharmProjects/CMPU-395-Project/data/streetview_images/4225680.0_3759.jpg
4225680,/Users/aspen/PycharmProjects/CMPU-395-Project/data/streetview_images/4225680.0_3760.jpg
4225680,/Users/aspen/PycharmProjects/CMPU-395-Project/data/streetview_images/4225680.0_3761.jpg
4225680,/Users/aspen/PycharmProjects/CMPU-395-Project/data/streetview_images/4225680.0_3762.jpg
4225680,/Users/aspen/PycharmProjects/CMPU-395-Project/data/streetview_images/4225680.0_3763.jpg
4225680,/Users/aspen/PycharmProjects/CMPU-395-Project/data/streetview_images/4225680.0_3764.jpg
4225680,/Users/aspen/PycharmProjects/CMPU-395-Project/data/streetview_images/4225680.0_3765.jpg
4225680,/Users/aspen/PycharmProjects/CMPU-395-Project/data/streetview_images/4225680.0_3766.jpg
4225680,/Users/aspen/PycharmProjects/CMPU-395-Project/data/streetview_images/4225680.0_3767.jpg
4225680,/Users/aspen/PycharmProjects/CMPU-395-Project/data/streetview_images/4225680.0_3768.jpg
4225680,/Users/aspen/PycharmProjects/CMPU-395-Project/data/streetview_images/4225680.0_3769.jpg
4225680,/Users/aspen/PycharmProjects/CMPU-395-Project/data/streetview_images/4225680.0_3770.jpg
4225680,/Users/aspen/PycharmProjects/CMPU-395-Project/data/streetview_images/4225680.0_3771.jpg
4225680,/Users/aspen/PycharmProjects/CMPU-395-Project/data/streetview_images/4225680.0_3772.jpg
4225680,/Users/aspen/PycharmProjects/CMPU-395-Project/data/streetview_images/4225680.0_3773.jpg
4225680,/Users/aspen/PycharmProjects/CMPU-395-Project/data/streetview_images/4225680.0_3774.jpg
4225680,/Users/aspen/PycharmProjects/CMPU-395-Project/data/streetview_images/4225680.0_3775.jpg
4225680,/Users/aspen/PycharmProjects/CMPU-395-Project/data/streetview_images/4225680.0_3776.jpg
4225680,/Users/aspen/PycharmProjects/CMPU-395-Project/data/streetview_images/4225680.0_3777.jpg
4225680,/Users/aspen/PycharmProjects/CMPU-395-Project/data/streetview_images/4225680.0_3778.jpg
4225680,/Users/aspen/PycharmProjects/CMPU-395-Project/data/streetview_images/4225680.0_3779.jpg
4225680,/Users/aspen/PycharmProjects/CMPU-395-Project/data/streetview_images/4225680.0_3780.jpg
4225680,/Users/aspen/PycharmProjects/CMPU-395-Project/data/streetview_images/4225680.0_3781.jpg
4225680,/Users/aspen/PycharmProjects/CMPU-395-Project/data/streetview_images/4225680.0_3782.jpg
4225680,/Users/aspen/PycharmProjects/CMPU-395-Project/data/streetview_images/4225680.0_3783.jpg
4225680,/Users/aspen/PycharmProjects/CMPU-395-Project/data/streetview_images/4225680.0_3784.jpg
4225680,/Users/aspen/PycharmProjects/CMPU-395-Project/data/streetview_images/4225680.0_3785.jpg
4225950,/Users/aspen/PycharmProjects/CMPU-395-Project/data/streetview_images/4225950.0_3786.jpg
4225950,/Users/aspen/PycharmProjects/CMPU-395-Project/data/streetview_images/4225950.0_3787.jpg
4225950,/Users/aspen/PycharmProjects/CMPU-395-Project/data/streetview_images/4225950.0_3788.jpg
4225950,/Users/aspen/PycharmProjects/CMPU-395-Project/data/streetview_images/4225950.0_3789.jpg
4225950,/Users/aspen/PycharmProjects/CMPU-395-Project/data/streetview_images/4225950.0_3790.jpg
4225950,/Users/aspen/PycharmProjects/CMPU-395-Project/data/streetview_images/4225950.0_3791.jpg
4225950,/Users/aspen/PycharmProjects/CMPU-395-Project/data/streetview_images/4225950.0_3792.jpg
4225950,/Users/aspen/PycharmProjects/CMPU-395-Project/data/streetview_images/4225950.0_3793.jpg
4225950,/Users/aspen/PycharmProjects/CMPU-395-Project/data/streetview_images/4225950.0_3794.jpg
4225950,/Users/aspen/PycharmProjects/CMPU-395-Project/data/streetview_images/4225950.0_3795.jpg
4225950,/Users/aspen/PycharmProjects/CMPU-395-Project/data/streetview_images/4225950.0_3796.jpg
4225950,/Users/aspen/PycharmProjects/CMPU-395-Project/data/streetview_images/4225950.0_3797.jpg
4225950,/Users/aspen/PycharmProjects/CMPU-395-Project/data/streetview_images/4225950.0_3798.jpg
4225950,/Users/aspen/PycharmProjects/CMPU-395-Project/data/streetview_images/4225950.0_3799.jpg
4225950,/Users/aspen/PycharmProjects/CMPU-395-Project/data/streetview_images/4225950.0_3800.jpg
4225950,/Users/aspen/PycharmProjects/CMPU-395-Project/data/streetview_images/4225950.0_3801.jpg
4225950,/Users/aspen/PycharmProjects/CMPU-395-Project/data/streetview_images/4225950.0_3802.jpg
4225950,/Users/aspen/PycharmProjects/CMPU-395-Project/data/streetview_images/4225950.0_3803.jpg
4225950,/Users/aspen/PycharmProjects/CMPU-395-Project/data/streetview_images/4225950.0_3804.jpg
4225950,/Users/aspen/PycharmProjects/CMPU-395-Project/data/streetview_images/4225950.0_3805.jpg
4225950,/Users/aspen/PycharmProjects/CMPU-395-Project/data/streetview_images/4225950.0_3806.jpg
4225950,/Users/aspen/PycharmProjects/CMPU-395-Project/data/streetview_images/4225950.0_3807.jpg
4225950,/Users/aspen/PycharmProjects/CMPU-395-Project/data/streetview_images/4225950.0_3808.jpg
4225950,/Users/aspen/PycharmProjects/CMPU-395-Project/data/streetview_images/4225950.0_3809.jpg
4225950,/Users/aspen/PycharmProjects/CMPU-395-Project/data/streetview_images/4225950.0_3810.jpg
4225950,/Users/aspen/PycharmProjects/CMPU-395-Project/data/streetview_images/4225950.0_3811.jpg
4225950,/Users/aspen/PycharmProjects/CMPU-395-Project/data/streetview_images/4225950.0_3812.jpg
4225950,/Users/aspen/PycharmProjects/CMPU-395-Project/data/streetview_images/4225950.0_3813.jpg
4225950,/Users/aspen/PycharmProjects/CMPU-395-Project/data/streetview_images/4225950.0_3814.jpg
4225950,/Users/aspen/PycharmProjects/CMPU-395-Project/data/streetview_images/4225950.0_3815.jpg
4225950,/Users/aspen/PycharmProjects/CMPU-395-Project/data/streetview_images/4225950.0_3816.jpg
4225950,/Users/aspen/PycharmProjects/CMPU-395-Project/data/streetview_images/4225950.0_3817.jpg
4225950,/Users/aspen/PycharmProjects/CMPU-395-Project/data/streetview_images/4225950.0_3818.jpg
4225950,/Users/aspen/PycharmProjects/CMPU-395-Project/data/streetview_images/4225950.0_3819.jpg
4225950,/Users/aspen/PycharmProjects/CMPU-395-Project/data/streetview_images/4225950.0_3820.jpg
4225950,/Users/aspen/PycharmProjects/CMPU-395-Project/data/streetview_images/4225950.0_3821.jpg
4225950,/Users/aspen/PycharmProjects/CMPU-395-Project/data/streetview_images/4225950.0_3822.jpg
4225950,/Users/aspen/PycharmProjects/CMPU-395-Project/data/streetview_images/4225950.0_3823.jpg
4225950,/Users/aspen/PycharmProjects/CMPU-395-Project/data/streetview_images/4225950.0_3824.jpg
4225950,/Users/aspen/PycharmProjects/CMPU-395-Project/data/streetview_images/4225950.0_3825.jpg
4225980,/Users/aspen/PycharmProjects/CMPU-395-Project/data/streetview_images/4225980.0_3826.jpg
4225980,/Users/aspen/PycharmProjects/CMPU-395-Project/data/streetview_images/4225980.0_3827.jpg
4225980,/Users/aspen/PycharmProjects/CMPU-395-Project/data/streetview_images/4225980.0_3828.jpg
4225980,/Users/aspen/PycharmProjects/CMPU-395-Project/data/streetview_images/4225980.0_3829.jpg
4225980,/Users/aspen/PycharmProjects/CMPU-395-Project/data/streetview_images/4225980.0_3830.jpg
4225980,/Users/aspen/PycharmProjects/CMPU-395-Project/data/streetview_images/4225980.0_3831.jpg
4225980,/Users/aspen/PycharmProjects/CMPU-395-Project/data/streetview_images/4225980.0_3832.jpg
4225980,/Users/aspen/PycharmProjects/CMPU-395-Project/data/streetview_images/4225980.0_3833.jpg
4225980,/Users/aspen/PycharmProjects/CMPU-395-Project/data/streetview_images/4225980.0_3834.jpg
4225980,/Users/aspen/PycharmProjects/CMPU-395-Project/data/streetview_images/4225980.0_3835.jpg
4225980,/Users/aspen/PycharmProjects/CMPU-395-Project/data/streetview_images/4225980.0_3836.jpg
4225980,/Users/aspen/PycharmProjects/CMPU-395-Project/data/streetview_images/4225980.0_3837.jpg
4225980,/Users/aspen/PycharmProjects/CMPU-395-Project/data/streetview_images/4225980.0_3838.jpg
4225980,/Users/aspen/PycharmProjects/CMPU-395-Project/data/streetview_images/4225980.0_3839.jpg
4225980,/Users/aspen/PycharmProjects/CMPU-395-Project/data/streetview_images/4225980.0_3840.jpg
4225980,/Users/aspen/PycharmProjects/CMPU-395-Project/data/streetview_images/4225980.0_3841.jpg
4225980,/Users/aspen/PycharmProjects/CMPU-395-Project/data/streetview_images/4225980.0_3842.jpg
4225980,/Users/aspen/PycharmProjects/CMPU-395-Project/data/streetview_images/4225980.0_3843.jpg
4225980,/Users/aspen/PycharmProjects/CMPU-395-Project/data/streetview_images/4225980.0_3844.jpg
4225980,/Users/aspen/PycharmProjects/CMPU-395-Project/data/streetview_images/4225980.0_3845.jpg
4225980,/Users/aspen/PycharmProjects/CMPU-395-Project/data/streetview_images/4225980.0_3846.jpg
4225980,/Users/aspen/PycharmProjects/CMPU-395-Project/data/streetview_images/4225980.0_3847.jpg
4225980,/Users/aspen/PycharmProjects/CMPU-395-Project/data/streetview_images/4225980.0_3848.jpg
4225980,/Users/aspen/PycharmProjects/CMPU-395-Project/data/streetview_images/4225980.0_3849.jpg
4225980,/Users/aspen/PycharmProjects/CMPU-395-Project/data/streetview_images/4225980.0_3850.jpg
4225980,/Users/aspen/PycharmProjects/CMPU-395-Project/data/streetview_images/4225980.0_3851.jpg
4225980,/Users/aspen/PycharmProjects/CMPU-395-Project/data/streetview_images/4225980.0_3852.jpg
4225980,/Users/aspen/PycharmProjects/CMPU-395-Project/data/streetview_images/4225980.0_3853.jpg
4225980,/Users/aspen/PycharmProjects/CMPU-395-Project/data/streetview_images/4225980.0_3854.jpg
4225980,/Users/aspen/PycharmProjects/CMPU-395-Project/data/streetview_images/4225980.0_3855.jpg
4225980,/Users/aspen/PycharmProjects/CMPU-395-Project/data/streetview_images/4225980.0_3856.jpg
4226390,/Users/aspen/PycharmProjects/CMPU-395-Project/data/streetview_images/4226390.0_3857.jpg
4226390,/Users/aspen/PycharmProjects/CMPU-395-Project/data/streetview_images/4226390.0_3858.jpg
4226390,/Users/aspen/PycharmProjects/CMPU-395-Project/data/streetview_images/4226390.0_3859.jpg
4226390,/Users/aspen/PycharmProjects/CMPU-395-Project/data/streetview_images/4226390.0_3860.jpg
4226390,/Users/aspen/PycharmProjects/CMPU-395-Project/data/streetview_images/4226390.0_3861.jpg
4226390,/Users/aspen/PycharmProjects/CMPU-395-Project/data/streetview_images/4226390.0_3862.jpg
4226390,/Users/aspen/PycharmProjects/CMPU-395-Project/data/streetview_images/4226390.0_3863.jpg
4226390,/Users/aspen/PycharmProjects/CMPU-395-Project/data/streetview_images/4226390.0_3864.jpg
4226390,/Users/aspen/PycharmProjects/CMPU-395-Project/data/streetview_images/4226390.0_3865.jpg
4226390,/Users/aspen/PycharmProjects/CMPU-395-Project/data/streetview_images/4226390.0_3866.jpg
4226390,/Users/aspen/PycharmProjects/CMPU-395-Project/data/streetview_images/4226390.0_3867.jpg
4226390,/Users/aspen/PycharmProjects/CMPU-395-Project/data/streetview_images/4226390.0_3868.jpg
4226390,/Users/aspen/PycharmProjects/CMPU-395-Project/data/streetview_images/4226390.0_3869.jpg
4226390,/Users/aspen/PycharmProjects/CMPU-395-Project/data/streetview_images/4226390.0_3870.jpg
4226390,/Users/aspen/PycharmProjects/CMPU-395-Project/data/streetview_images/4226390.0_3871.jpg
4226390,/Users/aspen/PycharmProjects/CMPU-395-Project/data/streetview_images/4226390.0_3872.jpg
4226390,/Users/aspen/PycharmProjects/CMPU-395-Project/data/streetview_images/4226390.0_3873.jpg
4226390,/Users/aspen/PycharmProjects/CMPU-395-Project/data/streetview_images/4226390.0_3874.jpg
4226390,/Users/aspen/PycharmProjects/CMPU-395-Project/data/streetview_images/4226390.0_3875.jpg
4226390,/Users/aspen/PycharmProjects/CMPU-395-Project/data/streetview_images/4226390.0_3876.jpg
4226390,/Users/aspen/PycharmProjects/CMPU-395-Project/data/streetview_images/4226390.0_3877.jpg
4226390,/Users/aspen/PycharmProjects/CMPU-395-Project/data/streetview_images/4226390.0_3878.jpg
4226390,/Users/aspen/PycharmProjects/CMPU-395-Project/data/streetview_images/4226390.0_3879.jpg
4226390,/Users/aspen/PycharmProjects/CMPU-395-Project/data/streetview_images/4226390.0_3880.jpg
4226390,/Users/aspen/PycharmProjects/CMPU-395-Project/data/streetview_images/4226390.0_3881.jpg
4226390,/Users/aspen/PycharmProjects/CMPU-395-Project/data/streetview_images/4226390.0_3882.jpg
4226390,/Users/aspen/PycharmProjects/CMPU-395-Project/data/streetview_images/4226390.0_3883.jpg
4226390,/Users/aspen/PycharmProjects/CMPU-395-Project/data/streetview_images/4226390.0_3884.jpg
4226390,/Users/aspen/PycharmProjects/CMPU-395-Project/data/streetview_images/4226390.0_3885.jpg
4226390,/Users/aspen/PycharmProjects/CMPU-395-Project/data/streetview_images/4226390.0_3886.jpg
4226390,/Users/aspen/PycharmProjects/CMPU-395-Project/data/streetview_images/4226390.0_3887.jpg
4226390,/Users/aspen/PycharmProjects/CMPU-395-Project/data/streetview_images/4226390.0_3888.jpg
4226390,/Users/aspen/PycharmProjects/CMPU-395-Project/data/streetview_images/4226390.0_3889.jpg
4226390,/Users/aspen/PycharmProjects/CMPU-395-Project/data/streetview_images/4226390.0_3890.jpg
4226390,/Users/aspen/PycharmProjects/CMPU-395-Project/data/streetview_images/4226390.0_3891.jpg
4226390,/Users/aspen/PycharmProjects/CMPU-395-Project/data/streetview_images/4226390.0_3892.jpg
4226390,/Users/aspen/PycharmProjects/CMPU-395-Project/data/streetview_images/4226390.0_3893.jpg
4226390,/Users/aspen/PycharmProjects/CMPU-395-Project/data/streetview_images/4226390.0_3894.jpg
4226390,/Users/aspen/PycharmProjects/CMPU-395-Project/data/streetview_images/4226390.0_3895.jpg
4226390,/Users/aspen/PycharmProjects/CMPU-395-Project/data/streetview_images/4226390.0_3896.jpg
4226850,/Users/aspen/PycharmProjects/CMPU-395-Project/data/streetview_images/4226850.0_3897.jpg
4226850,/Users/aspen/PycharmProjects/CMPU-395-Project/data/streetview_images/4226850.0_3898.jpg
4226850,/Users/aspen/PycharmProjects/CMPU-395-Project/data/streetview_images/4226850.0_3899.jpg
4226850,/Users/aspen/PycharmProjects/CMPU-395-Project/data/streetview_images/4226850.0_3900.jpg
4226850,/Users/aspen/PycharmProjects/CMPU-395-Project/data/streetview_images/4226850.0_3901.jpg
4226850,/Users/aspen/PycharmProjects/CMPU-395-Project/data/streetview_images/4226850.0_3902.jpg
4226850,/Users/aspen/PycharmProjects/CMPU-395-Project/data/streetview_images/4226850.0_3903.jpg
4226850,/Users/aspen/PycharmProjects/CMPU-395-Project/data/streetview_images/4226850.0_3904.jpg
4226850,/Users/aspen/PycharmProjects/CMPU-395-Project/data/streetview_images/4226850.0_3905.jpg
4226850,/Users/aspen/PycharmProjects/CMPU-395-Project/data/streetview_images/4226850.0_3906.jpg
4226850,/Users/aspen/PycharmProjects/CMPU-395-Project/data/streetview_images/4226850.0_3907.jpg
4226850,/Users/aspen/PycharmProjects/CMPU-395-Project/data/streetview_images/4226850.0_3908.jpg
4226850,/Users/aspen/PycharmProjects/CMPU-395-Project/data/streetview_images/4226850.0_3909.jpg
4226850,/Users/aspen/PycharmProjects/CMPU-395-Project/data/streetview_images/4226850.0_3910.jpg
4226850,/Users/aspen/PycharmProjects/CMPU-395-Project/data/streetview_images/4226850.0_3911.jpg
4226850,/Users/aspen/PycharmProjects/CMPU-395-Project/data/streetview_images/4226850.0_3912.jpg
4226850,/Users/aspen/PycharmProjects/CMPU-395-Project/data/streetview_images/4226850.0_3913.jpg
4226850,/Users/aspen/PycharmProjects/CMPU-395-Project/data/streetview_images/4226850.0_3914.jpg
4226850,/Users/aspen/PycharmProjects/CMPU-395-Project/data/streetview_images/4226850.0_3915.jpg
4226850,/Users/aspen/PycharmProjects/CMPU-395-Project/data/streetview_images/4226850.0_3916.jpg
4226850,/Users/aspen/PycharmProjects/CMPU-395-Project/data/streetview_images/4226850.0_3917.jpg
4226850,/Users/aspen/PycharmProjects/CMPU-395-Project/data/streetview_images/4226850.0_3918.jpg
4226850,/Users/aspen/PycharmProjects/CMPU-395-Project/data/streetview_images/4226850.0_3919.jpg
4226850,/Users/aspen/PycharmProjects/CMPU-395-Project/data/streetview_images/4226850.0_3920.jpg
4226850,/Users/aspen/PycharmProjects/CMPU-395-Project/data/streetview_images/4226850.0_3921.jpg
4226850,/Users/aspen/PycharmProjects/CMPU-395-Project/data/streetview_images/4226850.0_3922.jpg
4226850,/Users/aspen/PycharmProjects/CMPU-395-Project/data/streetview_images/4226850.0_3923.jpg
4226850,/Users/aspen/PycharmProjects/CMPU-395-Project/data/streetview_images/4226850.0_3924.jpg
4226850,/Users/aspen/PycharmProjects/CMPU-395-Project/data/streetview_images/4226850.0_3925.jpg
4226850,/Users/aspen/PycharmProjects/CMPU-395-Project/data/streetview_images/4226850.0_3926.jpg
4226850,/Users/aspen/PycharmProjects/CMPU-395-Project/data/streetview_images/4226850.0_3927.jpg
4226850,/Users/aspen/PycharmProjects/CMPU-395-Project/data/streetview_images/4226850.0_3928.jpg
4226850,/Users/aspen/PycharmProjects/CMPU-395-Project/data/streetview_images/4226850.0_3929.jpg
4226850,/Users/aspen/PycharmProjects/CMPU-395-Project/data/streetview_images/4226850.0_3930.jpg
4226850,/Users/aspen/PycharmProjects/CMPU-395-Project/data/streetview_images/4226850.0_3931.jpg
4226850,/Users/aspen/PycharmProjects/CMPU-395-Project/data/streetview_images/4226850.0_3932.jpg
4226850,/Users/aspen/PycharmProjects/CMPU-395-Project/data/streetview_images/4226850.0_3933.jpg
4226850,/Users/aspen/PycharmProjects/CMPU-395-Project/data/streetview_images/4226850.0_3934.jpg
4226850,/Users/aspen/PycharmProjects/CMPU-395-Project/data/streetview_images/4226850.0_3935.jpg
4226850,/Users/aspen/PycharmProjects/CMPU-395-Project/data/streetview_images/4226850.0_3936.jpg
4400390,/Users/aspen/PycharmProjects/CMPU-395-Project/data/streetview_images/4400390.0_3937.jpg
4400390,/Users/aspen/PycharmProjects/CMPU-395-Project/data/streetview_images/4400390.0_3938.jpg
4400390,/Users/aspen/PycharmProjects/CMPU-395-Project/data/streetview_images/4400390.0_3939.jpg
4400390,/Users/aspen/PycharmProjects/CMPU-395-Project/data/streetview_images/4400390.0_3940.jpg
4400390,/Users/aspen/PycharmProjects/CMPU-395-Project/data/streetview_images/4400390.0_3941.jpg
4400390,/Users/aspen/PycharmProjects/CMPU-395-Project/data/streetview_images/4400390.0_3942.jpg
4400390,/Users/aspen/PycharmProjects/CMPU-395-Project/data/streetview_images/4400390.0_3943.jpg
4400390,/Users/aspen/PycharmProjects/CMPU-395-Project/data/streetview_images/4400390.0_3944.jpg
4636150,/Users/aspen/PycharmProjects/CMPU-395-Project/data/streetview_images/4636150.0_3945.jpg
4636150,/Users/aspen/PycharmProjects/CMPU-395-Project/data/streetview_images/4636150.0_3946.jpg
4700150,/Users/aspen/PycharmProjects/CMPU-395-Project/data/streetview_images/4700150.0_3947.jpg
4700150,/Users/aspen/PycharmProjects/CMPU-395-Project/data/streetview_images/4700150.0_3948.jpg
4700150,/Users/aspen/PycharmProjects/CMPU-395-Project/data/streetview_images/4700150.0_3949.jpg
4700150,/Users/aspen/PycharmProjects/CMPU-395-Project/data/streetview_images/4700150.0_3950.jpg
4700150,/Users/aspen/PycharmProjects/CMPU-395-Project/data/streetview_images/4700150.0_3951.jpg
4700150,/Users/aspen/PycharmProjects/CMPU-395-Project/data/streetview_images/4700150.0_3952.jpg
4700150,/Users/aspen/PycharmProjects/CMPU-395-Project/data/streetview_images/4700150.0_3953.jpg
4700150,/Users/aspen/PycharmProjects/CMPU-395-Project/data/streetview_images/4700150.0_3954.jpg
4700150,/Users/aspen/PycharmProjects/CMPU-395-Project/data/streetview_images/4700150.0_3955.jpg
4700150,/Users/aspen/PycharmProjects/CMPU-395-Project/data/streetview_images/4700150.0_3956.jpg
4700150,/Users/aspen/PycharmProjects/CMPU-395-Project/data/streetview_images/4700150.0_3957.jpg
4700150,/Users/aspen/PycharmProjects/CMPU-395-Project/data/streetview_images/4700150.0_3958.jpg
4700150,/Users/aspen/PycharmProjects/CMPU-395-Project/data/streetview_images/4700150.0_3959.jpg
4700150,/Users/aspen/PycharmProjects/CMPU-395-Project/data/streetview_images/4700150.0_3960.jpg
4700150,/Users/aspen/PycharmProjects/CMPU-395-Project/data/streetview_images/4700150.0_3961.jpg
4700150,/Users/aspen/PycharmProjects/CMPU-395-Project/data/streetview_images/4700150.0_3962.jpg
4700150,/Users/aspen/PycharmProjects/CMPU-395-Project/data/streetview_images/4700150.0_3963.jpg
4700150,/Users/aspen/PycharmProjects/CMPU-395-Project/data/streetview_images/4700150.0_3964.jpg
4700150,/Users/aspen/PycharmProjects/CMPU-395-Project/data/streetview_images/4700150.0_3965.jpg
4700150,/Users/aspen/PycharmProjects/CMPU-395-Project/data/streetview_images/4700150.0_3966.jpg
4700150,/Users/aspen/PycharmProjects/CMPU-395-Project/data/streetview_images/4700150.0_3967.jpg
4700150,/Users/aspen/PycharmProjects/CMPU-395-Project/data/streetview_images/4700150.0_3968.jpg
4700152,/Users/aspen/PycharmProjects/CMPU-395-Project/data/streetview_images/4700152.0_3969.jpg
4700152,/Users/aspen/PycharmProjects/CMPU-395-Project/data/streetview_images/4700152.0_3970.jpg
4700152,/Users/aspen/PycharmProjects/CMPU-395-Project/data/streetview_images/4700152.0_3971.jpg
4700152,/Users/aspen/PycharmProjects/CMPU-395-Project/data/streetview_images/4700152.0_3972.jpg
4700152,/Users/aspen/PycharmProjects/CMPU-395-Project/data/streetview_images/4700152.0_3973.jpg
4700152,/Users/aspen/PycharmProjects/CMPU-395-Project/data/streetview_images/4700152.0_3974.jpg
4700152,/Users/aspen/PycharmProjects/CMPU-395-Project/data/streetview_images/4700152.0_3975.jpg
4700152,/Users/aspen/PycharmProjects/CMPU-395-Project/data/streetview_images/4700152.0_3976.jpg
4700152,/Users/aspen/PycharmProjects/CMPU-395-Project/data/streetview_images/4700152.0_3977.jpg
4700152,/Users/aspen/PycharmProjects/CMPU-395-Project/data/streetview_images/4700152.0_3978.jpg
4700152,/Users/aspen/PycharmProjects/CMPU-395-Project/data/streetview_images/4700152.0_3979.jpg
4700152,/Users/aspen/PycharmProjects/CMPU-395-Project/data/streetview_images/4700152.0_3980.jpg
4700152,/Users/aspen/PycharmProjects/CMPU-395-Project/data/streetview_images/4700152.0_3981.jpg
4700152,/Users/aspen/PycharmProjects/CMPU-395-Project/data/streetview_images/4700152.0_3982.jpg
4700152,/Users/aspen/PycharmProjects/CMPU-395-Project/data/streetview_images/4700152.0_3983.jpg
4700152,/Users/aspen/PycharmProjects/CMPU-395-Project/data/streetview_images/4700152.0_3984.jpg
4700152,/Users/aspen/PycharmProjects/CMPU-395-Project/data/streetview_images/4700152.0_3985.jpg
4700152,/Users/aspen/PycharmProjects/CMPU-395-Project/data/streetview_images/4700152.0_3986.jpg
4700152,/Users/aspen/PycharmProjects/CMPU-395-Project/data/streetview_images/4700152.0_3987.jpg
4700152,/Users/aspen/PycharmProjects/CMPU-395-Project/data/streetview_images/4700152.0_3988.jpg
4700152,/Users/aspen/PycharmProjects/CMPU-395-Project/data/streetview_images/4700152.0_3989.jpg
4700152,/Users/aspen/PycharmProjects/CMPU-395-Project/data/streetview_images/4700152.0_3990.jpg
4700152,/Users/aspen/PycharmProjects/CMPU-395-Project/data/streetview_images/4700152.0_3991.jpg
4700152,/Users/aspen/PycharmProjects/CMPU-395-Project/data/streetview_images/4700152.0_3992.jpg
4700152,/Users/aspen/PycharmProjects/CMPU-395-Project/data/streetview_images/4700152.0_3993.jpg
4700152,/Users/aspen/PycharmProjects/CMPU-395-Project/data/streetview_images/4700152.0_3994.jpg
4700152,/Users/aspen/PycharmProjects/CMPU-395-Project/data/streetview_images/4700152.0_3995.jpg
4700152,/Users/aspen/PycharmProjects/CMPU-395-Project/data/streetview_images/4700152.0_3996.jpg
4700152,/Users/aspen/PycharmProjects/CMPU-395-Project/data/streetview_images/4700152.0_3997.jpg
4700152,/Users/aspen/PycharmProjects/CMPU-395-Project/data/streetview_images/4700152.0_3998.jpg
4700152,/Users/aspen/PycharmProjects/CMPU-395-Project/data/streetview_images/4700152.0_3999.jpg
4700152,/Users/aspen/PycharmProjects/CMPU-395-Project/data/streetview_images/4700152.0_4000.jpg
4702070,/Users/aspen/PycharmProjects/CMPU-395-Project/data/streetview_images/4702070.0_4001.jpg
4702070,/Users/aspen/PycharmProjects/CMPU-395-Project/data/streetview_images/4702070.0_4002.jpg
4702070,/Users/aspen/PycharmProjects/CMPU-395-Project/data/streetview_images/4702070.0_4003.jpg
4702070,/Users/aspen/PycharmProjects/CMPU-395-Project/data/streetview_images/4702070.0_4004.jpg
4702070,/Users/aspen/PycharmProjects/CMPU-395-Project/data/streetview_images/4702070.0_4005.jpg
4702070,/Users/aspen/PycharmProjects/CMPU-395-Project/data/streetview_images/4702070.0_4006.jpg
4702070,/Users/aspen/PycharmProjects/CMPU-395-Project/data/streetview_images/4702070.0_4007.jpg
4702070,/Users/aspen/PycharmProjects/CMPU-395-Project/data/streetview_images/4702070.0_4008.jpg
4702070,/Users/aspen/PycharmProjects/CMPU-395-Project/data/streetview_images/4702070.0_4009.jpg
4702070,/Users/aspen/PycharmProjects/CMPU-395-Project/data/streetview_images/4702070.0_4010.jpg
4703480,/Users/aspen/PycharmProjects/CMPU-395-Project/data/streetview_images/4703480.0_4011.jpg
4703480,/Users/aspen/PycharmProjects/CMPU-395-Project/data/streetview_images/4703480.0_4012.jpg
4703480,/Users/aspen/PycharmProjects/CMPU-395-Project/data/streetview_images/4703480.0_4013.jpg
4703480,/Users/aspen/PycharmProjects/CMPU-395-Project/data/streetview_images/4703480.0_4014.jpg
4703480,/Users/aspen/PycharmProjects/CMPU-395-Project/data/streetview_images/4703480.0_4015.jpg
4703480,/Users/aspen/PycharmProjects/CMPU-395-Project/data/streetview_images/4703480.0_4016.jpg
4703480,/Users/aspen/PycharmProjects/CMPU-395-Project/data/streetview_images/4703480.0_4017.jpg
4703480,/Users/aspen/PycharmProjects/CMPU-395-Project/data/streetview_images/4703480.0_4018.jpg
4703480,/Users/aspen/PycharmProjects/CMPU-395-Project/data/streetview_images/4703480.0_4019.jpg
4703480,/Users/aspen/PycharmProjects/CMPU-395-Project/data/streetview_images/4703480.0_4020.jpg
4703480,/Users/aspen/PycharmProjects/CMPU-395-Project/data/streetview_images/4703480.0_4021.jpg
4703480,/Users/aspen/PycharmProjects/CMPU-395-Project/data/streetview_images/4703480.0_4022.jpg
4703480,/Users/aspen/PycharmProjects/CMPU-395-Project/data/streetview_images/4703480.0_4023.jpg
4703480,/Users/aspen/PycharmProjects/CMPU-395-Project/data/streetview_images/4703480.0_4024.jpg
4703480,/Users/aspen/PycharmProjects/CMPU-395-Project/data/streetview_images/4703480.0_4025.jpg
4703480,/Users/aspen/PycharmProjects/CMPU-395-Project/data/streetview_images/4703480.0_4026.jpg
4703480,/Users/aspen/PycharmProjects/CMPU-395-Project/data/streetview_images/4703480.0_4027.jpg
4703480,/Users/aspen/PycharmProjects/CMPU-395-Project/data/streetview_images/4703480.0_4028.jpg
4703480,/Users/aspen/PycharmProjects/CMPU-395-Project/data/streetview_images/4703480.0_4029.jpg
4703600,/Users/aspen/PycharmProjects/CMPU-395-Project/data/streetview_images/4703600.0_4030.jpg
4703600,/Users/aspen/PycharmProjects/CMPU-395-Project/data/streetview_images/4703600.0_4031.jpg
4703600,/Users/aspen/PycharmProjects/CMPU-395-Project/data/streetview_images/4703600.0_4032.jpg
4703600,/Users/aspen/PycharmProjects/CMPU-395-Project/data/streetview_images/4703600.0_4033.jpg
4703600,/Users/aspen/PycharmProjects/CMPU-395-Project/data/streetview_images/4703600.0_4034.jpg
4703600,/Users/aspen/PycharmProjects/CMPU-395-Project/data/streetview_images/4703600.0_4035.jpg
4703600,/Users/aspen/PycharmProjects/CMPU-395-Project/data/streetview_images/4703600.0_4036.jpg
4703600,/Users/aspen/PycharmProjects/CMPU-395-Project/data/streetview_images/4703600.0_4037.jpg
4703600,/Users/aspen/PycharmProjects/CMPU-395-Project/data/streetview_images/4703600.0_4038.jpg
4703600,/Users/aspen/PycharmProjects/CMPU-395-Project/data/streetview_images/4703600.0_4039.jpg
4703600,/Users/aspen/PycharmProjects/CMPU-395-Project/data/streetview_images/4703600.0_4040.jpg
4703600,/Users/aspen/PycharmProjects/CMPU-395-Project/data/streetview_images/4703600.0_4041.jpg
4703600,/Users/aspen/PycharmProjects/CMPU-395-Project/data/streetview_images/4703600.0_4042.jpg
4703600,/Users/aspen/PycharmProjects/CMPU-395-Project/data/streetview_images/4703600.0_4043.jpg
4703600,/Users/aspen/PycharmProjects/CMPU-395-Project/data/streetview_images/4703600.0_4044.jpg
4703600,/Users/aspen/PycharmProjects/CMPU-395-Project/data/streetview_images/4703600.0_4045.jpg
4810780,/Users/aspen/PycharmProjects/CMPU-395-Project/data/streetview_images/4810780.0_4046.jpg
4810780,/Users/aspen/PycharmProjects/CMPU-395-Project/data/streetview_images/4810780.0_4047.jpg
4810780,/Users/aspen/PycharmProjects/CMPU-395-Project/data/streetview_images/4810780.0_4048.jpg
4810780,/Users/aspen/PycharmProjects/CMPU-395-Project/data/streetview_images/4810780.0_4049.jpg
4810780,/Users/aspen/PycharmProjects/CMPU-395-Project/data/streetview_images/4810780.0_4050.jpg
4810780,/Users/aspen/PycharmProjects/CMPU-395-Project/data/streetview_images/4810780.0_4051.jpg
4812180,/Users/aspen/PycharmProjects/CMPU-395-Project/data/streetview_images/4812180.0_4052.jpg
4812180,/Users/aspen/PycharmProjects/CMPU-395-Project/data/streetview_images/4812180.0_4053.jpg
4812180,/Users/aspen/PycharmProjects/CMPU-395-Project/data/streetview_images/4812180.0_4054.jpg
4812180,/Users/aspen/PycharmProjects/CMPU-395-Project/data/streetview_images/4812180.0_4055.jpg
4812180,/Users/aspen/PycharmProjects/CMPU-395-Project/data/streetview_images/4812180.0_4056.jpg
4812180,/Users/aspen/PycharmProjects/CMPU-395-Project/data/streetview_images/4812180.0_4057.jpg
4812180,/Users/aspen/PycharmProjects/CMPU-395-Project/data/streetview_images/4812180.0_4058.jpg
4812180,/Users/aspen/PycharmProjects/CMPU-395-Project/data/streetview_images/4812180.0_4059.jpg
4812180,/Users/aspen/PycharmProjects/CMPU-395-Project/data/streetview_images/4812180.0_4060.jpg
4812180,/Users/aspen/PycharmProjects/CMPU-395-Project/data/streetview_images/4812180.0_4061.jpg
4812180,/Users/aspen/PycharmProjects/CMPU-395-Project/data/streetview_images/4812180.0_4062.jpg
4812180,/Users/aspen/PycharmProjects/CMPU-395-Project/data/streetview_images/4812180.0_4063.jpg
4812180,/Users/aspen/PycharmProjects/CMPU-395-Project/data/streetview_images/4812180.0_4064.jpg
4812180,/Users/aspen/PycharmProjects/CMPU-395-Project/data/streetview_images/4812180.0_4065.jpg
4812180,/Users/aspen/PycharmProjects/CMPU-395-Project/data/streetview_images/4812180.0_4066.jpg
4812180,/Users/aspen/PycharmProjects/CMPU-395-Project/data/streetview_images/4812180.0_4067.jpg
4812180,/Users/aspen/PycharmProjects/CMPU-395-Project/data/streetview_images/4812180.0_4068.jpg
4812180,/Users/aspen/PycharmProjects/CMPU-395-Project/data/streetview_images/4812180.0_4069.jpg
4812180,/Users/aspen/PycharmProjects/CMPU-395-Project/data/streetview_images/4812180.0_4070.jpg
4812180,/Users/aspen/PycharmProjects/CMPU-395-Project/data/streetview_images/4812180.0_4071.jpg
4812180,/Users/aspen/PycharmProjects/CMPU-395-Project/data/streetview_images/4812180.0_4072.jpg
4812180,/Users/aspen/PycharmProjects/CMPU-395-Project/data/streetview_images/4812180.0_4073.jpg
4812180,/Users/aspen/PycharmProjects/CMPU-395-Project/data/streetview_images/4812180.0_4074.jpg
4812180,/Users/aspen/PycharmProjects/CMPU-395-Project/data/streetview_images/4812180.0_4075.jpg
4812180,/Users/aspen/PycharmProjects/CMPU-395-Project/data/streetview_images/4812180.0_4076.jpg
4812180,/Users/aspen/PycharmProjects/CMPU-395-Project/data/streetview_images/4812180.0_4077.jpg
4812180,/Users/aspen/PycharmProjects/CMPU-395-Project/data/streetview_images/4812180.0_4078.jpg
4812180,/Users/aspen/PycharmProjects/CMPU-395-Project/data/streetview_images/4812180.0_4079.jpg
4812180,/Users/aspen/PycharmProjects/CMPU-395-Project/data/streetview_images/4812180.0_4080.jpg
4812180,/Users/aspen/PycharmProjects/CMPU-395-Project/data/streetview_images/4812180.0_4081.jpg
4812180,/Users/aspen/PycharmProjects/CMPU-395-Project/data/streetview_images/4812180.0_4082.jpg
4812180,/Users/aspen/PycharmProjects/CMPU-395-Project/data/streetview_images/4812180.0_4083.jpg
4812180,/Users/aspen/PycharmProjects/CMPU-395-Project/data/streetview_images/4812180.0_4084.jpg
4817880,/Users/aspen/PycharmProjects/CMPU-395-Project/data/streetview_images/4817880.0_4085.jpg
4817880,/Users/aspen/PycharmProjects/CMPU-395-Project/data/streetview_images/4817880.0_4086.jpg
4817880,/Users/aspen/PycharmProjects/CMPU-395-Project/data/streetview_images/4817880.0_4087.jpg
4817880,/Users/aspen/PycharmProjects/CMPU-395-Project/data/streetview_images/4817880.0_4088.jpg
4817880,/Users/aspen/PycharmProjects/CMPU-395-Project/data/streetview_images/4817880.0_4089.jpg
4817960,/Users/aspen/PycharmProjects/CMPU-395-Project/data/streetview_images/4817960.0_4090.jpg
4819050,/Users/aspen/PycharmProjects/CMPU-395-Project/data/streetview_images/4819050.0_4091.jpg
4819050,/Users/aspen/PycharmProjects/CMPU-395-Project/data/streetview_images/4819050.0_4092.jpg
4819050,/Users/aspen/PycharmProjects/CMPU-395-Project/data/streetview_images/4819050.0_4093.jpg
4819050,/Users/aspen/PycharmProjects/CMPU-395-Project/data/streetview_images/4819050.0_4094.jpg
4819050,/Users/aspen/PycharmProjects/CMPU-395-Project/data/streetview_images/4819050.0_4095.jpg
4819050,/Users/aspen/PycharmProjects/CMPU-395-Project/data/streetview_images/4819050.0_4096.jpg
4819050,/Users/aspen/PycharmProjects/CMPU-395-Project/data/streetview_images/4819050.0_4097.jpg
4819050,/Users/aspen/PycharmProjects/CMPU-395-Project/data/streetview_images/4819050.0_4098.jpg
4820700,/Users/aspen/PycharmProjects/CMPU-395-Project/data/streetview_images/4820700.0_4099.jpg
4820700,/Users/aspen/PycharmProjects/CMPU-395-Project/data/streetview_images/4820700.0_4100.jpg
4820700,/Users/aspen/PycharmProjects/CMPU-395-Project/data/streetview_images/4820700.0_4101.jpg
4820700,/Users/aspen/PycharmProjects/CMPU-395-Project/data/streetview_images/4820700.0_4102.jpg
4820700,/Users/aspen/PycharmProjects/CMPU-395-Project/data/streetview_images/4820700.0_4103.jpg
4820700,/Users/aspen/PycharmProjects/CMPU-395-Project/data/streetview_images/4820700.0_4104.jpg
4820700,/Users/aspen/PycharmProjects/CMPU-395-Project/data/streetview_images/4820700.0_4105.jpg
4820700,/Users/aspen/PycharmProjects/CMPU-395-Project/data/streetview_images/4820700.0_4106.jpg
4822500,/Users/aspen/PycharmProjects/CMPU-395-Project/data/streetview_images/4822500.0_4107.jpg
4822500,/Users/aspen/PycharmProjects/CMPU-395-Project/data/streetview_images/4822500.0_4108.jpg
4822500,/Users/aspen/PycharmProjects/CMPU-395-Project/data/streetview_images/4822500.0_4109.jpg
4822500,/Users/aspen/PycharmProjects/CMPU-395-Project/data/streetview_images/4822500.0_4110.jpg
4822500,/Users/aspen/PycharmProjects/CMPU-395-Project/data/streetview_images/4822500.0_4111.jpg
4823850,/Users/aspen/PycharmProjects/CMPU-395-Project/data/streetview_images/4823850.0_4112.jpg
4823850,/Users/aspen/PycharmProjects/CMPU-395-Project/data/streetview_images/4823850.0_4113.jpg
4823850,/Users/aspen/PycharmProjects/CMPU-395-Project/data/streetview_images/4823850.0_4114.jpg
4823850,/Users/aspen/PycharmProjects/CMPU-395-Project/data/streetview_images/4823850.0_4115.jpg
4823850,/Users/aspen/PycharmProjects/CMPU-395-Project/data/streetview_images/4823850.0_4116.jpg
4823850,/Users/aspen/PycharmProjects/CMPU-395-Project/data/streetview_images/4823850.0_4117.jpg
4823850,/Users/aspen/PycharmProjects/CMPU-395-Project/data/streetview_images/4823850.0_4118.jpg
4823850,/Users/aspen/PycharmProjects/CMPU-395-Project/data/streetview_images/4823850.0_4119.jpg
4823850,/Users/aspen/PycharmProjects/CMPU-395-Project/data/streetview_images/4823850.0_4120.jpg
4823850,/Users/aspen/PycharmProjects/CMPU-395-Project/data/streetview_images/4823850.0_4121.jpg
4823850,/Users/aspen/PycharmProjects/CMPU-395-Project/data/streetview_images/4823850.0_4122.jpg
4826100,/Users/aspen/PycharmProjects/CMPU-395-Project/data/streetview_images/4826100.0_4123.jpg
4826100,/Users/aspen/PycharmProjects/CMPU-395-Project/data/streetview_images/4826100.0_4124.jpg
4826100,/Users/aspen/PycharmProjects/CMPU-395-Project/data/streetview_images/4826100.0_4125.jpg
4826100,/Users/aspen/PycharmProjects/CMPU-395-Project/data/streetview_images/4826100.0_4126.jpg
4826100,/Users/aspen/PycharmProjects/CMPU-395-Project/data/streetview_images/4826100.0_4127.jpg
4826100,/Users/aspen/PycharmProjects/CMPU-395-Project/data/streetview_images/4826100.0_4128.jpg
4826100,/Users/aspen/PycharmProjects/CMPU-395-Project/data/streetview_images/4826100.0_4129.jpg
4826100,/Users/aspen/PycharmProjects/CMPU-395-Project/data/streetview_images/4826100.0_4130.jpg
4826100,/Users/aspen/PycharmProjects/CMPU-395-Project/data/streetview_images/4826100.0_4131.jpg
4826100,/Users/aspen/PycharmProjects/CMPU-395-Project/data/streetview_images/4826100.0_4132.jpg
4826220,/Users/aspen/PycharmProjects/CMPU-395-Project/data/streetview_images/4826220.0_4133.jpg
4826220,/Users/aspen/PycharmProjects/CMPU-395-Project/data/streetview_images/4826220.0_4134.jpg
4826220,/Users/aspen/PycharmProjects/CMPU-395-Project/data/streetview_images/4826220.0_4135.jpg
4826220,/Users/aspen/PycharmProjects/CMPU-395-Project/data/streetview_images/4826220.0_4136.jpg
4826220,/Users/aspen/PycharmProjects/CMPU-395-Project/data/streetview_images/4826220.0_4137.jpg
4828380,/Users/aspen/PycharmProjects/CMPU-395-Project/data/streetview_images/4828380.0_4138.jpg
4828380,/Users/aspen/PycharmProjects/CMPU-395-Project/data/streetview_images/4828380.0_4139.jpg
4828380,/Users/aspen/PycharmProjects/CMPU-395-Project/data/streetview_images/4828380.0_4140.jpg
4828380,/Users/aspen/PycharmProjects/CMPU-395-Project/data/streetview_images/4828380.0_4141.jpg
4828380,/Users/aspen/PycharmProjects/CMPU-395-Project/data/streetview_images/4828380.0_4142.jpg
4828380,/Users/aspen/PycharmProjects/CMPU-395-Project/data/streetview_images/4828380.0_4143.jpg
4828380,/Users/aspen/PycharmProjects/CMPU-395-Project/data/streetview_images/4828380.0_4144.jpg
4828380,/Users/aspen/PycharmProjects/CMPU-395-Project/data/streetview_images/4828380.0_4145.jpg
4828380,/Users/aspen/PycharmProjects/CMPU-395-Project/data/streetview_images/4828380.0_4146.jpg
4828380,/Users/aspen/PycharmProjects/CMPU-395-Project/data/streetview_images/4828380.0_4147.jpg
4828380,/Users/aspen/PycharmProjects/CMPU-395-Project/data/streetview_images/4828380.0_4148.jpg
4828380,/Users/aspen/PycharmProjects/CMPU-395-Project/data/streetview_images/4828380.0_4149.jpg
4828380,/Users/aspen/PycharmProjects/CMPU-395-Project/data/streetview_images/4828380.0_4150.jpg
4828380,/Users/aspen/PycharmProjects/CMPU-395-Project/data/streetview_images/4828380.0_4151.jpg
4828380,/Users/aspen/PycharmProjects/CMPU-395-Project/data/streetview_images/4828380.0_4152.jpg
4828380,/Users/aspen/PycharmProjects/CMPU-395-Project/data/streetview_images/4828380.0_4153.jpg
4828380,/Users/aspen/PycharmProjects/CMPU-395-Project/data/streetview_images/4828380.0_4154.jpg
4828380,/Users/aspen/PycharmProjects/CMPU-395-Project/data/streetview_images/4828380.0_4155.jpg
4828380,/Users/aspen/PycharmProjects/CMPU-395-Project/data/streetview_images/4828380.0_4156.jpg
4828380,/Users/aspen/PycharmProjects/CMPU-395-Project/data/streetview_images/4828380.0_4157.jpg
4828380,/Users/aspen/PycharmProjects/CMPU-395-Project/data/streetview_images/4828380.0_4158.jpg
4828380,/Users/aspen/PycharmProjects/CMPU-395-Project/data/streetview_images/4828380.0_4159.jpg
4828380,/Users/aspen/PycharmProjects/CMPU-395-Project/data/streetview_images/4828380.0_4160.jpg
4828380,/Users/aspen/PycharmProjects/CMPU-395-Project/data/streetview_images/4828380.0_4161.jpg
4828380,/Users/aspen/PycharmProjects/CMPU-395-Project/data/streetview_images/4828380.0_4162.jpg
4828380,/Users/aspen/PycharmProjects/CMPU-395-Project/data/streetview_images/4828380.0_4163.jpg
4828380,/Users/aspen/PycharmProjects/CMPU-395-Project/data/streetview_images/4828380.0_4164.jpg
4828380,/Users/aspen/PycharmProjects/CMPU-395-Project/data/streetview_images/4828380.0_4165.jpg
4828380,/Users/aspen/PycharmProjects/CMPU-395-Project/data/streetview_images/4828380.0_4166.jpg
4828380,/Users/aspen/PycharmProjects/CMPU-395-Project/data/streetview_images/4828380.0_4167.jpg
4828380,/Users/aspen/PycharmProjects/CMPU-395-Project/data/streetview_images/4828380.0_4168.jpg
4828380,/Users/aspen/PycharmProjects/CMPU-395-Project/data/streetview_images/4828380.0_4169.jpg
4828380,/Users/aspen/PycharmProjects/CMPU-395-Project/data/streetview_images/4828380.0_4170.jpg
4828380,/Users/aspen/PycharmProjects/CMPU-395-Project/data/streetview_images/4828380.0_4171.jpg
4828380,/Users/aspen/PycharmProjects/CMPU-395-Project/data/streetview_images/4828380.0_4172.jpg
4828380,/Users/aspen/PycharmProjects/CMPU-395-Project/data/streetview_images/4828380.0_4173.jpg
4828380,/Users/aspen/PycharmProjects/CMPU-395-Project/data/streetview_images/4828380.0_4174.jpg
4828380,/Users/aspen/PycharmProjects/CMPU-395-Project/data/streetview_images/4828380.0_4175.jpg
4828380,/Users/aspen/PycharmProjects/CMPU-395-Project/data/streetview_images/4828380.0_4176.jpg
4828380,/Users/aspen/PycharmProjects/CMPU-395-Project/data/streetview_images/4828380.0_4177.jpg
4829370,/Users/aspen/PycharmProjects/CMPU-395-Project/data/streetview_images/4829370.0_4178.jpg
4829370,/Users/aspen/PycharmProjects/CMPU-395-Project/data/streetview_images/4829370.0_4179.jpg
4829370,/Users/aspen/PycharmProjects/CMPU-395-Project/data/streetview_images/4829370.0_4180.jpg
4829370,/Users/aspen/PycharmProjects/CMPU-395-Project/data/streetview_images/4829370.0_4181.jpg
4829370,/Users/aspen/PycharmProjects/CMPU-395-Project/data/streetview_images/4829370.0_4182.jpg
4829370,/Users/aspen/PycharmProjects/CMPU-395-Project/data/streetview_images/4829370.0_4183.jpg
4829370,/Users/aspen/PycharmProjects/CMPU-395-Project/data/streetview_images/4829370.0_4184.jpg
4829370,/Users/aspen/PycharmProjects/CMPU-395-Project/data/streetview_images/4829370.0_4185.jpg
4829370,/Users/aspen/PycharmProjects/CMPU-395-Project/data/streetview_images/4829370.0_4186.jpg
4830030,/Users/aspen/PycharmProjects/CMPU-395-Project/data/streetview_images/4830030.0_4187.jpg
4830030,/Users/aspen/PycharmProjects/CMPU-395-Project/data/streetview_images/4830030.0_4188.jpg
4832370,/Users/aspen/PycharmProjects/CMPU-395-Project/data/streetview_images/4832370.0_4189.jpg
4832370,/Users/aspen/PycharmProjects/CMPU-395-Project/data/streetview_images/4832370.0_4190.jpg
4832370,/Users/aspen/PycharmProjects/CMPU-395-Project/data/streetview_images/4832370.0_4191.jpg
4832370,/Users/aspen/PycharmProjects/CMPU-395-Project/data/streetview_images/4832370.0_4192.jpg
4832370,/Users/aspen/PycharmProjects/CMPU-395-Project/data/streetview_images/4832370.0_4193.jpg
4832370,/Users/aspen/PycharmProjects/CMPU-395-Project/data/streetview_images/4832370.0_4194.jpg
4832370,/Users/aspen/PycharmProjects/CMPU-395-Project/data/streetview_images/4832370.0_4195.jpg
4832370,/Users/aspen/PycharmProjects/CMPU-395-Project/data/streetview_images/4832370.0_4196.jpg
4832370,/Users/aspen/PycharmProjects/CMPU-395-Project/data/streetview_images/4832370.0_4197.jpg
4832370,/Users/aspen/PycharmProjects/CMPU-395-Project/data/streetview_images/4832370.0_4198.jpg
4832370,/Users/aspen/PycharmProjects/CMPU-395-Project/data/streetview_images/4832370.0_4199.jpg
4832370,/Users/aspen/PycharmProjects/CMPU-395-Project/data/streetview_images/4832370.0_4200.jpg
4832370,/Users/aspen/PycharmProjects/CMPU-395-Project/data/streetview_images/4832370.0_4201.jpg
4832370,/Users/aspen/PycharmProjects/CMPU-395-Project/data/streetview_images/4832370.0_4202.jpg
4832370,/Users/aspen/PycharmProjects/CMPU-395-Project/data/streetview_images/4832370.0_4203.jpg
4832370,/Users/aspen/PycharmProjects/CMPU-395-Project/data/streetview_images/4832370.0_4204.jpg
4832370,/Users/aspen/PycharmProjects/CMPU-395-Project/data/streetview_images/4832370.0_4205.jpg
4832370,/Users/aspen/PycharmProjects/CMPU-395-Project/data/streetview_images/4832370.0_4206.jpg
4832370,/Users/aspen/PycharmProjects/CMPU-395-Project/data/streetview_images/4832370.0_4207.jpg
4832370,/Users/aspen/PycharmProjects/CMPU-395-Project/data/streetview_images/4832370.0_4208.jpg
4832370,/Users/aspen/PycharmProjects/CMPU-395-Project/data/streetview_images/4832370.0_4209.jpg
4832370,/Users/aspen/PycharmProjects/CMPU-395-Project/data/streetview_images/4832370.0_4210.jpg
4833240,/Users/aspen/PycharmProjects/CMPU-395-Project/data/streetview_images/4833240.0_4211.jpg
4836240,/Users/aspen/PycharmProjects/CMPU-395-Project/data/streetview_images/4836240.0_4212.jpg
4836240,/Users/aspen/PycharmProjects/CMPU-395-Project/data/streetview_images/4836240.0_4213.jpg
4836240,/Users/aspen/PycharmProjects/CMPU-395-Project/data/streetview_images/4836240.0_4214.jpg
4836240,/Users/aspen/PycharmProjects/CMPU-395-Project/data/streetview_images/4836240.0_4215.jpg
4836240,/Users/aspen/PycharmProjects/CMPU-395-Project/data/streetview_images/4836240.0_4216.jpg
4836240,/Users/aspen/PycharmProjects/CMPU-395-Project/data/streetview_images/4836240.0_4217.jpg
4836240,/Users/aspen/PycharmProjects/CMPU-395-Project/data/streetview_images/4836240.0_4218.jpg
4836240,/Users/aspen/PycharmProjects/CMPU-395-Project/data/streetview_images/4836240.0_4219.jpg
4836240,/Users/aspen/PycharmProjects/CMPU-395-Project/data/streetview_images/4836240.0_4220.jpg
4836240,/Users/aspen/PycharmProjects/CMPU-395-Project/data/streetview_images/4836240.0_4221.jpg
4836240,/Users/aspen/PycharmProjects/CMPU-395-Project/data/streetview_images/4836240.0_4222.jpg
4836240,/Users/aspen/PycharmProjects/CMPU-395-Project/data/streetview_images/4836240.0_4223.jpg
4836360,/Users/aspen/PycharmProjects/CMPU-395-Project/data/streetview_images/4836360.0_4224.jpg
4836360,/Users/aspen/PycharmProjects/CMPU-395-Project/data/streetview_images/4836360.0_4225.jpg
4836360,/Users/aspen/PycharmProjects/CMPU-395-Project/data/streetview_images/4836360.0_4226.jpg
4836360,/Users/aspen/PycharmProjects/CMPU-395-Project/data/streetview_images/4836360.0_4227.jpg
4836360,/Users/aspen/PycharmProjects/CMPU-395-Project/data/streetview_images/4836360.0_4228.jpg
4836360,/Users/aspen/PycharmProjects/CMPU-395-Project/data/streetview_images/4836360.0_4229.jpg
4836360,/Users/aspen/PycharmProjects/CMPU-395-Project/data/streetview_images/4836360.0_4230.jpg
4836360,/Users/aspen/PycharmProjects/CMPU-395-Project/data/streetview_images/4836360.0_4231.jpg
4836360,/Users/aspen/PycharmProjects/CMPU-395-Project/data/streetview_images/4836360.0_4232.jpg
4837740,/Users/aspen/PycharmProjects/CMPU-395-Project/data/streetview_images/4837740.0_4233.jpg
4837740,/Users/aspen/PycharmProjects/CMPU-395-Project/data/streetview_images/4837740.0_4234.jpg
4837740,/Users/aspen/PycharmProjects/CMPU-395-Project/data/streetview_images/4837740.0_4235.jpg
4840110,/Users/aspen/PycharmProjects/CMPU-395-Project/data/streetview_images/4840110.0_4236.jpg
4840110,/Users/aspen/PycharmProjects/CMPU-395-Project/data/streetview_images/4840110.0_4237.jpg
4840110,/Users/aspen/PycharmProjects/CMPU-395-Project/data/streetview_images/4840110.0_4238.jpg
4840110,/Users/aspen/PycharmProjects/CMPU-395-Project/data/streetview_images/4840110.0_4239.jpg
4845180,/Users/aspen/PycharmProjects/CMPU-395-Project/data/streetview_images/4845180.0_4240.jpg
4845180,/Users/aspen/PycharmProjects/CMPU-395-Project/data/streetview_images/4845180.0_4241.jpg
4845180,/Users/aspen/PycharmProjects/CMPU-395-Project/data/streetview_images/4845180.0_4242.jpg
4845180,/Users/aspen/PycharmProjects/CMPU-395-Project/data/streetview_images/4845180.0_4243.jpg
4845180,/Users/aspen/PycharmProjects/CMPU-395-Project/data/streetview_images/4845180.0_4244.jpg
4845180,/Users/aspen/PycharmProjects/CMPU-395-Project/data/streetview_images/4845180.0_4245.jpg
4845180,/Users/aspen/PycharmProjects/CMPU-395-Project/data/streetview_images/4845180.0_4246.jpg
4845180,/Users/aspen/PycharmProjects/CMPU-395-Project/data/streetview_images/4845180.0_4247.jpg
4845180,/Users/aspen/PycharmProjects/CMPU-395-Project/data/streetview_images/4845180.0_4248.jpg
4846530,/Users/aspen/PycharmProjects/CMPU-395-Project/data/streetview_images/4846530.0_4249.jpg
4846530,/Users/aspen/PycharmProjects/CMPU-395-Project/data/streetview_images/4846530.0_4250.jpg
4846530,/Users/aspen/PycharmProjects/CMPU-395-Project/data/streetview_images/4846530.0_4251.jpg
4846530,/Users/aspen/PycharmProjects/CMPU-395-Project/data/streetview_images/4846530.0_4252.jpg
4846530,/Users/aspen/PycharmProjects/CMPU-395-Project/data/streetview_images/4846530.0_4253.jpg
4846530,/Users/aspen/PycharmProjects/CMPU-395-Project/data/streetview_images/4846530.0_4254.jpg
4846530,/Users/aspen/PycharmProjects/CMPU-395-Project/data/streetview_images/4846530.0_4255.jpg
4846530,/Users/aspen/PycharmProjects/CMPU-395-Project/data/streetview_images/4846530.0_4256.jpg
4846530,/Users/aspen/PycharmProjects/CMPU-395-Project/data/streetview_images/4846530.0_4257.jpg
4846530,/Users/aspen/PycharmProjects/CMPU-395-Project/data/streetview_images/4846530.0_4258.jpg
4846530,/Users/aspen/PycharmProjects/CMPU-395-Project/data/streetview_images/4846530.0_4259.jpg
4846530,/Users/aspen/PycharmProjects/CMPU-395-Project/data/streetview_images/4846530.0_4260.jpg
4846530,/Users/aspen/PycharmProjects/CMPU-395-Project/data/streetview_images/4846530.0_4261.jpg
4846530,/Users/aspen/PycharmProjects/CMPU-395-Project/data/streetview_images/4846530.0_4262.jpg
4846530,/Users/aspen/PycharmProjects/CMPU-395-Project/data/streetview_images/4846530.0_4263.jpg
4846530,/Users/aspen/PycharmProjects/CMPU-395-Project/data/streetview_images/4846530.0_4264.jpg
4846530,/Users/aspen/PycharmProjects/CMPU-395-Project/data/streetview_images/4846530.0_4265.jpg
4846530,/Users/aspen/PycharmProjects/CMPU-395-Project/data/streetview_images/4846530.0_4266.jpg
4846530,/Users/aspen/PycharmProjects/CMPU-395-Project/data/streetview_images/4846530.0_4267.jpg
4846530,/Users/aspen/PycharmProjects/CMPU-395-Project/data/streetview_images/4846530.0_4268.jpg
4846530,/Users/aspen/PycharmProjects/CMPU-395-Project/data/streetview_images/4846530.0_4269.jpg
4846530,/Users/aspen/PycharmProjects/CMPU-395-Project/data/streetview_images/4846530.0_4270.jpg
4846530,/Users/aspen/PycharmProjects/CMPU-395-Project/data/streetview_images/4846530.0_4271.jpg
4846530,/Users/aspen/PycharmProjects/CMPU-395-Project/data/streetview_images/4846530.0_4272.jpg
4846530,/Users/aspen/PycharmProjects/CMPU-395-Project/data/streetview_images/4846530.0_4273.jpg
4846530,/Users/aspen/PycharmProjects/CMPU-395-Project/data/streetview_images/4846530.0_4274.jpg
4846530,/Users/aspen/PycharmProjects/CMPU-395-Project/data/streetview_images/4846530.0_4275.jpg
4846530,/Users/aspen/PycharmProjects/CMPU-395-Project/data/streetview_images/4846530.0_4276.jpg
4846530,/Users/aspen/PycharmProjects/CMPU-395-Project/data/streetview_images/4846530.0_4277.jpg
4846530,/Users/aspen/PycharmProjects/CMPU-395-Project/data/streetview_images/4846530.0_4278.jpg
4846530,/Users/aspen/PycharmProjects/CMPU-395-Project/data/streetview_images/4846530.0_4279.jpg
4846530,/Users/aspen/PycharmProjects/CMPU-395-Project/data/streetview_images/4846530.0_4280.jpg
4846530,/Users/aspen/PycharmProjects/CMPU-395-Project/data/streetview_images/4846530.0_4281.jpg
4846530,/Users/aspen/PycharmProjects/CMPU-395-Project/data/streetview_images/4846530.0_4282.jpg
4846530,/Users/aspen/PycharmProjects/CMPU-395-Project/data/streetview_images/4846530.0_4283.jpg
4846650,/Users/aspen/PycharmProjects/CMPU-395-Project/data/streetview_images/4846650.0_4284.jpg
4846650,/Users/aspen/PycharmProjects/CMPU-395-Project/data/streetview_images/4846650.0_4285.jpg
4846650,/Users/aspen/PycharmProjects/CMPU-395-Project/data/streetview_images/4846650.0_4286.jpg
4900060,/Users/aspen/PycharmProjects/CMPU-395-Project/data/streetview_images/4900060.0_4287.jpg
4900900,/Users/aspen/PycharmProjects/CMPU-395-Project/data/streetview_images/4900900.0_4288.jpg
500082,/Users/aspen/PycharmProjects/CMPU-395-Project/data/streetview_images/500082.0_199.jpg
500082,/Users/aspen/PycharmProjects/CMPU-395-Project/data/streetview_images/500082.0_200.jpg
500082,/Users/aspen/PycharmProjects/CMPU-395-Project/data/streetview_images/500082.0_201.jpg
504740,/Users/aspen/PycharmProjects/CMPU-395-Project/data/streetview_images/504740.0_202.jpg
504740,/Users/aspen/PycharmProjects/CMPU-395-Project/data/streetview_images/504740.0_203.jpg
504740,/Users/aspen/PycharmProjects/CMPU-395-Project/data/streetview_images/504740.0_204.jpg
504740,/Users/aspen/PycharmProjects/CMPU-395-Project/data/streetview_images/504740.0_205.jpg
506060,/Users/aspen/PycharmProjects/CMPU-395-Project/data/streetview_images/506060.0_206.jpg
506060,/Users/aspen/PycharmProjects/CMPU-395-Project/data/streetview_images/506060.0_207.jpg
506060,/Users/aspen/PycharmProjects/CMPU-395-Project/data/streetview_images/506060.0_208.jpg
506060,/Users/aspen/PycharmProjects/CMPU-395-Project/data/streetview_images/506060.0_209.jpg
506060,/Users/aspen/PycharmProjects/CMPU-395-Project/data/streetview_images/506060.0_210.jpg
506060,/Users/aspen/PycharmProjects/CMPU-395-Project/data/streetview_images/506060.0_211.jpg
506060,/Users/aspen/PycharmProjects/CMPU-395-Project/data/streetview_images/506060.0_212.jpg
506060,/Users/aspen/PycharmProjects/CMPU-395-Project/data/streetview_images/506060.0_213.jpg
511610,/Users/aspen/PycharmProjects/CMPU-395-Project/data/streetview_images/511610.0_214.jpg
511610,/Users/aspen/PycharmProjects/CMPU-395-Project/data/streetview_images/511610.0_215.jpg
511610,/Users/aspen/PycharmProjects/CMPU-395-Project/data/streetview_images/511610.0_216.jpg
511610,/Users/aspen/PycharmProjects/CMPU-395-Project/data/streetview_images/511610.0_217.jpg
511610,/Users/aspen/PycharmProjects/CMPU-395-Project/data/streetview_images/511610.0_218.jpg
513530,/Users/aspen/PycharmProjects/CMPU-395-Project/data/streetview_images/513530.0_219.jpg
513530,/Users/aspen/PycharmProjects/CMPU-395-Project/data/streetview_images/513530.0_220.jpg
513530,/Users/aspen/PycharmProjects/CMPU-395-Project/data/streetview_images/513530.0_221.jpg
513530,/Users/aspen/PycharmProjects/CMPU-395-Project/data/streetview_images/513530.0_222.jpg
513530,/Users/aspen/PycharmProjects/CMPU-395-Project/data/streetview_images/513530.0_223.jpg
513530,/Users/aspen/PycharmProjects/CMPU-395-Project/data/streetview_images/513530.0_224.jpg
513530,/Users/aspen/PycharmProjects/CMPU-395-Project/data/streetview_images/513530.0_225.jpg
513530,/Users/aspen/PycharmProjects/CMPU-395-Project/data/streetview_images/513530.0_226.jpg
513530,/Users/aspen/PycharmProjects/CMPU-395-Project/data/streetview_images/513530.0_227.jpg
513530,/Users/aspen/PycharmProjects/CMPU-395-Project/data/streetview_images/513530.0_228.jpg
513530,/Users/aspen/PycharmProjects/CMPU-395-Project/data/streetview_images/513530.0_229.jpg
513530,/Users/aspen/PycharmProjects/CMPU-395-Project/data/streetview_images/513530.0_230.jpg
513530,/Users/aspen/PycharmProjects/CMPU-395-Project/data/streetview_images/513530.0_231.jpg
513530,/Users/aspen/PycharmProjects/CMPU-395-Project/data/streetview_images/513530.0_232.jpg
513530,/Users/aspen/PycharmProjects/CMPU-395-Project/data/streetview_images/513530.0_233.jpg
513530,/Users/aspen/PycharmProjects/CMPU-395-Project/data/streetview_images/513530.0_234.jpg
513530,/Users/aspen/PycharmProjects/CMPU-395-Project/data/streetview_images/513530.0_235.jpg
5300840,/Users/aspen/PycharmProjects/CMPU-395-Project/data/streetview_images/5300840.0_4289.jpg
5302940,/Users/aspen/PycharmProjects/CMPU-395-Project/data/streetview_images/5302940.0_4290.jpg
5302940,/Users/aspen/PycharmProjects/CMPU-395-Project/data/streetview_images/5302940.0_4291.jpg
5302940,/Users/aspen/PycharmProjects/CMPU-395-Project/data/streetview_images/5302940.0_4292.jpg
5302940,/Users/aspen/PycharmProjects/CMPU-395-Project/data/streetview_images/5302940.0_4293.jpg
5302940,/Users/aspen/PycharmProjects/CMPU-395-Project/data/streetview_images/5302940.0_4294.jpg
5302940,/Users/aspen/PycharmProjects/CMPU-395-Project/data/streetview_images/5302940.0_4295.jpg
5302940,/Users/aspen/PycharmProjects/CMPU-395-Project/data/streetview_images/5302940.0_4296.jpg
5302940,/Users/aspen/PycharmProjects/CMPU-395-Project/data/streetview_images/5302940.0_4297.jpg
5302940,/Users/aspen/PycharmProjects/CMPU-395-Project/data/streetview_images/5302940.0_4298.jpg
5302940,/Users/aspen/PycharmProjects/CMPU-395-Project/data/streetview_images/5302940.0_4299.jpg
5302940,/Users/aspen/PycharmProjects/CMPU-395-Project/data/streetview_images/5302940.0_4300.jpg
5302940,/Users/aspen/PycharmProjects/CMPU-395-Project/data/streetview_images/5302940.0_4301.jpg
5302940,/Users/aspen/PycharmProjects/CMPU-395-Project/data/streetview_images/5302940.0_4302.jpg
5302940,/Users/aspen/PycharmProjects/CMPU-395-Project/data/streetview_images/5302940.0_4303.jpg
5302940,/Users/aspen/PycharmProjects/CMPU-395-Project/data/streetview_images/5302940.0_4304.jpg
5302940,/Users/aspen/PycharmProjects/CMPU-395-Project/data/streetview_images/5302940.0_4305.jpg
5302940,/Users/aspen/PycharmProjects/CMPU-395-Project/data/streetview_images/5302940.0_4306.jpg
5302940,/Users/aspen/PycharmProjects/CMPU-395-Project/data/streetview_images/5302940.0_4307.jpg
5302940,/Users/aspen/PycharmProjects/CMPU-395-Project/data/streetview_images/5302940.0_4308.jpg
5302940,/Users/aspen/PycharmProjects/CMPU-395-Project/data/streetview_images/5302940.0_4309.jpg
5302940,/Users/aspen/PycharmProjects/CMPU-395-Project/data/streetview_images/5302940.0_4310.jpg
5302940,/Users/aspen/PycharmProjects/CMPU-395-Project/data/streetview_images/5302940.0_4311.jpg
5302940,/Users/aspen/PycharmProjects/CMPU-395-Project/data/streetview_images/5302940.0_4312.jpg
5302940,/Users/aspen/PycharmProjects/CMPU-395-Project/data/streetview_images/5302940.0_4313.jpg
5302940,/Users/aspen/PycharmProjects/CMPU-395-Project/data/streetview_images/5302940.0_4314.jpg
5302940,/Users/aspen/PycharmProjects/CMPU-395-Project/data/streetview_images/5302940.0_4315.jpg
5302940,/Users/aspen/PycharmProjects/CMPU-395-Project/data/streetview_images/5302940.0_4316.jpg
5302940,/Users/aspen/PycharmProjects/CMPU-395-Project/data/streetview_images/5302940.0_4317.jpg
5302940,/Users/aspen/PycharmProjects/CMPU-395-Project/data/streetview_images/5302940.0_4318.jpg
5302940,/Users/aspen/PycharmProjects/CMPU-395-Project/data/streetview_images/5302940.0_4319.jpg
5302940,/Users/aspen/PycharmProjects/CMPU-395-Project/data/streetview_images/5302940.0_4320.jpg
5302940,/Users/aspen/PycharmProjects/CMPU-395-Project/data/streetview_images/5302940.0_4321.jpg
5302940,/Users/aspen/PycharmProjects/CMPU-395-Project/data/streetview_images/5302940.0_4322.jpg
5302940,/Users/aspen/PycharmProjects/CMPU-395-Project/data/streetview_images/5302940.0_4323.jpg
5302940,/Users/aspen/PycharmProjects/CMPU-395-Project/data/streetview_images/5302940.0_4324.jpg
5302940,/Users/aspen/PycharmProjects/CMPU-395-Project/data/streetview_images/5302940.0_4325.jpg
5302940,/Users/aspen/PycharmProjects/CMPU-395-Project/data/streetview_images/5302940.0_4326.jpg
5302940,/Users/aspen/PycharmProjects/CMPU-395-Project/data/streetview_images/5302940.0_4327.jpg
5302940,/Users/aspen/PycharmProjects/CMPU-395-Project/data/streetview_images/5302940.0_4328.jpg
5302940,/Users/aspen/PycharmProjects/CMPU-395-Project/data/streetview_images/5302940.0_4329.jpg
5304740,/Users/aspen/PycharmProjects/CMPU-395-Project/data/streetview_images/5304740.0_4330.jpg
5307770,/Users/aspen/PycharmProjects/CMPU-395-Project/data/streetview_images/5307770.0_4331.jpg
5307770,/Users/aspen/PycharmProjects/CMPU-395-Project/data/streetview_images/5307770.0_4332.jpg
5307770,/Users/aspen/PycharmProjects/CMPU-395-Project/data/streetview_images/5307770.0_4333.jpg
5307770,/Users/aspen/PycharmProjects/CMPU-395-Project/data/streetview_images/5307770.0_4334.jpg
5309330,/Users/aspen/PycharmProjects/CMPU-395-Project/data/streetview_images/5309330.0_4335.jpg
5500990,/Users/aspen/PycharmProjects/CMPU-395-Project/data/streetview_images/5500990.0_4336.jpg
5500990,/Users/aspen/PycharmProjects/CMPU-395-Project/data/streetview_images/5500990.0_4337.jpg
5500990,/Users/aspen/PycharmProjects/CMPU-395-Project/data/streetview_images/5500990.0_4338.jpg
5500990,/Users/aspen/PycharmProjects/CMPU-395-Project/data/streetview_images/5500990.0_4339.jpg
5500990,/Users/aspen/PycharmProjects/CMPU-395-Project/data/streetview_images/5500990.0_4340.jpg
5500990,/Users/aspen/PycharmProjects/CMPU-395-Project/data/streetview_images/5500990.0_4341.jpg
5500990,/Users/aspen/PycharmProjects/CMPU-395-Project/data/streetview_images/5500990.0_4342.jpg
5500990,/Users/aspen/PycharmProjects/CMPU-395-Project/data/streetview_images/5500990.0_4343.jpg
5500990,/Users/aspen/PycharmProjects/CMPU-395-Project/data/streetview_images/5500990.0_4344.jpg
5500990,/Users/aspen/PycharmProjects/CMPU-395-Project/data/streetview_images/5500990.0_4345.jpg
5501110,/Users/aspen/PycharmProjects/CMPU-395-Project/data/streetview_images/5501110.0_4346.jpg
5501110,/Users/aspen/PycharmProjects/CMPU-395-Project/data/streetview_images/5501110.0_4347.jpg
5501110,/Users/aspen/PycharmProjects/CMPU-395-Project/data/streetview_images/5501110.0_4348.jpg
5501110,/Users/aspen/PycharmProjects/CMPU-395-Project/data/streetview_images/5501110.0_4349.jpg
5501110,/Users/aspen/PycharmProjects/CMPU-395-Project/data/streetview_images/5501110.0_4350.jpg
5501110,/Users/aspen/PycharmProjects/CMPU-395-Project/data/streetview_images/5501110.0_4351.jpg
5501110,/Users/aspen/PycharmProjects/CMPU-395-Project/data/streetview_images/5501110.0_4352.jpg
5501110,/Users/aspen/PycharmProjects/CMPU-395-Project/data/streetview_images/5501110.0_4353.jpg
5501110,/Users/aspen/PycharmProjects/CMPU-395-Project/data/streetview_images/5501110.0_4354.jpg
5501350,/Users/aspen/PycharmProjects/CMPU-395-Project/data/streetview_images/5501350.0_4355.jpg
5501350,/Users/aspen/PycharmProjects/CMPU-395-Project/data/streetview_images/5501350.0_4356.jpg
5501350,/Users/aspen/PycharmProjects/CMPU-395-Project/data/streetview_images/5501350.0_4357.jpg
5501350,/Users/aspen/PycharmProjects/CMPU-395-Project/data/streetview_images/5501350.0_4358.jpg
5501350,/Users/aspen/PycharmProjects/CMPU-395-Project/data/streetview_images/5501350.0_4359.jpg
5501350,/Users/aspen/PycharmProjects/CMPU-395-Project/data/streetview_images/5501350.0_4360.jpg
5501350,/Users/aspen/PycharmProjects/CMPU-395-Project/data/streetview_images/5501350.0_4361.jpg
5501350,/Users/aspen/PycharmProjects/CMPU-395-Project/data/streetview_images/5501350.0_4362.jpg
5503240,/Users/aspen/PycharmProjects/CMPU-395-Project/data/streetview_images/5503240.0_4363.jpg
5503240,/Users/aspen/PycharmProjects/CMPU-395-Project/data/streetview_images/5503240.0_4364.jpg
5503240,/Users/aspen/PycharmProjects/CMPU-395-Project/data/streetview_images/5503240.0_4365.jpg
5503240,/Users/aspen/PycharmProjects/CMPU-395-Project/data/streetview_images/5503240.0_4366.jpg
5503240,/Users/aspen/PycharmProjects/CMPU-395-Project/data/streetview_images/5503240.0_4367.jpg
5503240,/Users/aspen/PycharmProjects/CMPU-395-Project/data/streetview_images/5503240.0_4368.jpg
5503240,/Users/aspen/PycharmProjects/CMPU-395-Project/data/streetview_images/5503240.0_4369.jpg
5503240,/Users/aspen/PycharmProjects/CMPU-395-Project/data/streetview_images/5503240.0_4370.jpg
5503240,/Users/aspen/PycharmProjects/CMPU-395-Project/data/streetview_images/5503240.0_4371.jpg
5504620,/Users/aspen/PycharmProjects/CMPU-395-Project/data/streetview_images/5504620.0_4372.jpg
5504620,/Users/aspen/PycharmProjects/CMPU-395-Project/data/streetview_images/5504620.0_4373.jpg
5504620,/Users/aspen/PycharmProjects/CMPU-395-Project/data/streetview_images/5504620.0_4374.jpg
5504620,/Users/aspen/PycharmProjects/CMPU-395-Project/data/streetview_images/5504620.0_4375.jpg
5504620,/Users/aspen/PycharmProjects/CMPU-395-Project/data/streetview_images/5504620.0_4376.jpg
5504620,/Users/aspen/PycharmProjects/CMPU-395-Project/data/streetview_images/5504620.0_4377.jpg
5504620,/Users/aspen/PycharmProjects/CMPU-395-Project/data/streetview_images/5504620.0_4378.jpg
5504620,/Users/aspen/PycharmProjects/CMPU-395-Project/data/streetview_images/5504620.0_4379.jpg
5504620,/Users/aspen/PycharmProjects/CMPU-395-Project/data/streetview_images/5504620.0_4380.jpg
5504620,/Users/aspen/PycharmProjects/CMPU-395-Project/data/streetview_images/5504620.0_4381.jpg
5504620,/Users/aspen/PycharmProjects/CMPU-395-Project/data/streetview_images/5504620.0_4382.jpg
5504620,/Users/aspen/PycharmProjects/CMPU-395-Project/data/streetview_images/5504620.0_4383.jpg
5504620,/Users/aspen/PycharmProjects/CMPU-395-Project/data/streetview_images/5504620.0_4384.jpg
5504620,/Users/aspen/PycharmProjects/CMPU-395-Project/data/streetview_images/5504620.0_4385.jpg
5504620,/Users/aspen/PycharmProjects/CMPU-395-Project/data/streetview_images/5504620.0_4386.jpg
5505250,/Users/aspen/PycharmProjects/CMPU-395-Project/data/streetview_images/5505250.0_4387.jpg
5505250,/Users/aspen/PycharmProjects/CMPU-395-Project/data/streetview_images/5505250.0_4388.jpg
5505250,/Users/aspen/PycharmProjects/CMPU-395-Project/data/streetview_images/5505250.0_4389.jpg
5505250,/Users/aspen/PycharmProjects/CMPU-395-Project/data/streetview_images/5505250.0_4390.jpg
5505250,/Users/aspen/PycharmProjects/CMPU-395-Project/data/streetview_images/5505250.0_4391.jpg
5505250,/Users/aspen/PycharmProjects/CMPU-395-Project/data/streetview_images/5505250.0_4392.jpg
5505250,/Users/aspen/PycharmProjects/CMPU-395-Project/data/streetview_images/5505250.0_4393.jpg
5507560,/Users/aspen/PycharmProjects/CMPU-395-Project/data/streetview_images/5507560.0_4394.jpg
5507560,/Users/aspen/PycharmProjects/CMPU-395-Project/data/streetview_images/5507560.0_4395.jpg
5507560,/Users/aspen/PycharmProjects/CMPU-395-Project/data/streetview_images/5507560.0_4396.jpg
5507560,/Users/aspen/PycharmProjects/CMPU-395-Project/data/streetview_images/5507560.0_4397.jpg
5507560,/Users/aspen/PycharmProjects/CMPU-395-Project/data/streetview_images/5507560.0_4398.jpg
5507560,/Users/aspen/PycharmProjects/CMPU-395-Project/data/streetview_images/5507560.0_4399.jpg
5507560,/Users/aspen/PycharmProjects/CMPU-395-Project/data/streetview_images/5507560.0_4400.jpg
5507560,/Users/aspen/PycharmProjects/CMPU-395-Project/data/streetview_images/5507560.0_4401.jpg
5507560,/Users/aspen/PycharmProjects/CMPU-395-Project/data/streetview_images/5507560.0_4402.jpg
5507560,/Users/aspen/PycharmProjects/CMPU-395-Project/data/streetview_images/5507560.0_4403.jpg
5507560,/Users/aspen/PycharmProjects/CMPU-395-Project/data/streetview_images/5507560.0_4404.jpg
5508190,/Users/aspen/PycharmProjects/CMPU-395-Project/data/streetview_images/5508190.0_4405.jpg
5508190,/Users/aspen/PycharmProjects/CMPU-395-Project/data/streetview_images/5508190.0_4406.jpg
5508190,/Users/aspen/PycharmProjects/CMPU-395-Project/data/streetview_images/5508190.0_4407.jpg
5508190,/Users/aspen/PycharmProjects/CMPU-395-Project/data/streetview_images/5508190.0_4408.jpg
5508190,/Users/aspen/PycharmProjects/CMPU-395-Project/data/streetview_images/5508190.0_4409.jpg
5508190,/Users/aspen/PycharmProjects/CMPU-395-Project/data/streetview_images/5508190.0_4410.jpg
5508190,/Users/aspen/PycharmProjects/CMPU-395-Project/data/streetview_images/5508190.0_4411.jpg
5508190,/Users/aspen/PycharmProjects/CMPU-395-Project/data/streetview_images/5508190.0_4412.jpg
5508190,/Users/aspen/PycharmProjects/CMPU-395-Project/data/streetview_images/5508190.0_4413.jpg
5508190,/Users/aspen/PycharmProjects/CMPU-395-Project/data/streetview_images/5508190.0_4414.jpg
5510500,/Users/aspen/PycharmProjects/CMPU-395-Project/data/streetview_images/5510500.0_4415.jpg
5510500,/Users/aspen/PycharmProjects/CMPU-395-Project/data/streetview_images/5510500.0_4416.jpg
5510500,/Users/aspen/PycharmProjects/CMPU-395-Project/data/streetview_images/5510500.0_4417.jpg
5510500,/Users/aspen/PycharmProjects/CMPU-395-Project/data/streetview_images/5510500.0_4418.jpg
5510500,/Users/aspen/PycharmProjects/CMPU-395-Project/data/streetview_images/5510500.0_4419.jpg
5510500,/Users/aspen/PycharmProjects/CMPU-395-Project/data/streetview_images/5510500.0_4420.jpg
5510500,/Users/aspen/PycharmProjects/CMPU-395-Project/data/streetview_images/5510500.0_4421.jpg
5510500,/Users/aspen/PycharmProjects/CMPU-395-Project/data/streetview_images/5510500.0_4422.jpg
5510500,/Users/aspen/PycharmProjects/CMPU-395-Project/data/streetview_images/5510500.0_4423.jpg
5510500,/Users/aspen/PycharmProjects/CMPU-395-Project/data/streetview_images/5510500.0_4424.jpg
5510500,/Users/aspen/PycharmProjects/CMPU-395-Project/data/streetview_images/5510500.0_4425.jpg
5511850,/Users/aspen/PycharmProjects/CMPU-395-Project/data/streetview_images/5511850.0_4426.jpg
5511850,/Users/aspen/PycharmProjects/CMPU-395-Project/data/streetview_images/5511850.0_4427.jpg
5511850,/Users/aspen/PycharmProjects/CMPU-395-Project/data/streetview_images/5511850.0_4428.jpg
5511850,/Users/aspen/PycharmProjects/CMPU-395-Project/data/streetview_images/5511850.0_4429.jpg
5511850,/Users/aspen/PycharmProjects/CMPU-395-Project/data/streetview_images/5511850.0_4430.jpg
5511850,/Users/aspen/PycharmProjects/CMPU-395-Project/data/streetview_images/5511850.0_4431.jpg
5511850,/Users/aspen/PycharmProjects/CMPU-395-Project/data/streetview_images/5511850.0_4432.jpg
5511850,/Users/aspen/PycharmProjects/CMPU-395-Project/data/streetview_images/5511850.0_4433.jpg
5511850,/Users/aspen/PycharmProjects/CMPU-395-Project/data/streetview_images/5511850.0_4434.jpg
5511850,/Users/aspen/PycharmProjects/CMPU-395-Project/data/streetview_images/5511850.0_4435.jpg
5514640,/Users/aspen/PycharmProjects/CMPU-395-Project/data/streetview_images/5514640.0_4436.jpg
5514640,/Users/aspen/PycharmProjects/CMPU-395-Project/data/streetview_images/5514640.0_4437.jpg
5514640,/Users/aspen/PycharmProjects/CMPU-395-Project/data/streetview_images/5514640.0_4438.jpg
5514640,/Users/aspen/PycharmProjects/CMPU-395-Project/data/streetview_images/5514640.0_4439.jpg
5514640,/Users/aspen/PycharmProjects/CMPU-395-Project/data/streetview_images/5514640.0_4440.jpg
5514640,/Users/aspen/PycharmProjects/CMPU-395-Project/data/streetview_images/5514640.0_4441.jpg
5514640,/Users/aspen/PycharmProjects/CMPU-395-Project/data/streetview_images/5514640.0_4442.jpg
5514640,/Users/aspen/PycharmProjects/CMPU-395-Project/data/streetview_images/5514640.0_4443.jpg
5514640,/Users/aspen/PycharmProjects/CMPU-395-Project/data/streetview_images/5514640.0_4444.jpg
5514640,/Users/aspen/PycharmProjects/CMPU-395-Project/data/streetview_images/5514640.0_4445.jpg
5514640,/Users/aspen/PycharmProjects/CMPU-395-Project/data/streetview_images/5514640.0_4446.jpg
5514640,/Users/aspen/PycharmProjects/CMPU-395-Project/data/streetview_images/5514640.0_4447.jpg
5514640,/Users/aspen/PycharmProjects/CMPU-395-Project/data/streetview_images/5514640.0_4448.jpg
5514640,/Users/aspen/PycharmProjects/CMPU-395-Project/data/streetview_images/5514640.0_4449.jpg
5514640,/Users/aspen/PycharmProjects/CMPU-395-Project/data/streetview_images/5514640.0_4450.jpg
5514640,/Users/aspen/PycharmProjects/CMPU-395-Project/data/streetview_images/5514640.0_4451.jpg
5514640,/Users/aspen/PycharmProjects/CMPU-395-Project/data/streetview_images/5514640.0_4452.jpg
5514640,/Users/aspen/PycharmProjects/CMPU-395-Project/data/streetview_images/5514640.0_4453.jpg
5514640,/Users/aspen/PycharmProjects/CMPU-395-Project/data/streetview_images/5514640.0_4454.jpg
5514640,/Users/aspen/PycharmProjects/CMPU-395-Project/data/streetview_images/5514640.0_4455.jpg
5514640,/Users/aspen/PycharmProjects/CMPU-395-Project/data/streetview_images/5514640.0_4456.jpg
5514640,/Users/aspen/PycharmProjects/CMPU-395-Project/data/streetview_images/5514640.0_4457.jpg
5514640,/Users/aspen/PycharmProjects/CMPU-395-Project/data/streetview_images/5514640.0_4458.jpg
5514640,/Users/aspen/PycharmProjects/CMPU-395-Project/data/streetview_images/5514640.0_4459.jpg
5514640,/Users/aspen/PycharmProjects/CMPU-395-Project/data/streetview_images/5514640.0_4460.jpg
5514640,/Users/aspen/PycharmProjects/CMPU-395-Project/data/streetview_images/5514640.0_4461.jpg
5514640,/Users/aspen/PycharmProjects/CMPU-395-Project/data/streetview_images/5514640.0_4462.jpg
5514640,/Users/aspen/PycharmProjects/CMPU-395-Project/data/streetview_images/5514640.0_4463.jpg
5514940,/Users/aspen/PycharmProjects/CMPU-395-Project/data/streetview_images/5514940.0_4464.jpg
5514940,/Users/aspen/PycharmProjects/CMPU-395-Project/data/streetview_images/5514940.0_4465.jpg
5514940,/Users/aspen/PycharmProjects/CMPU-395-Project/data/streetview_images/5514940.0_4466.jpg
600026,/Users/aspen/PycharmProjects/CMPU-395-Project/data/streetview_images/600026.0_236.jpg
600026,/Users/aspen/PycharmProjects/CMPU-395-Project/data/streetview_images/600026.0_237.jpg
600026,/Users/aspen/PycharmProjects/CMPU-395-Project/data/streetview_images/600026.0_238.jpg
600026,/Users/aspen/PycharmProjects/CMPU-395-Project/data/streetview_images/600026.0_239.jpg
600026,/Users/aspen/PycharmProjects/CMPU-395-Project/data/streetview_images/600026.0_240.jpg
600026,/Users/aspen/PycharmProjects/CMPU-395-Project/data/streetview_images/600026.0_241.jpg
600026,/Users/aspen/PycharmProjects/CMPU-395-Project/data/streetview_images/600026.0_242.jpg
600028,/Users/aspen/PycharmProjects/CMPU-395-Project/data/streetview_images/600028.0_243.jpg
600028,/Users/aspen/PycharmProjects/CMPU-395-Project/data/streetview_images/600028.0_244.jpg
600028,/Users/aspen/PycharmProjects/CMPU-395-Project/data/streetview_images/600028.0_245.jpg
600028,/Users/aspen/PycharmProjects/CMPU-395-Project/data/streetview_images/600028.0_246.jpg
600028,/Users/aspen/PycharmProjects/CMPU-395-Project/data/streetview_images/600028.0_247.jpg
600028,/Users/aspen/PycharmProjects/CMPU-395-Project/data/streetview_images/600028.0_248.jpg
600028,/Users/aspen/PycharmProjects/CMPU-395-Project/data/streetview_images/600028.0_249.jpg
600028,/Users/aspen/PycharmProjects/CMPU-395-Project/data/streetview_images/600028.0_250.jpg
600028,/Users/aspen/PycharmProjects/CMPU-395-Project/data/streetview_images/600028.0_251.jpg
600028,/Users/aspen/PycharmProjects/CMPU-395-Project/data/streetview_images/600028.0_252.jpg
600028,/Users/aspen/PycharmProjects/CMPU-395-Project/data/streetview_images/600028.0_253.jpg
600028,/Users/aspen/PycharmProjects/CMPU-395-Project/data/streetview_images/600028.0_254.jpg
600028,/Users/aspen/PycharmProjects/CMPU-395-Project/data/streetview_images/600028.0_255.jpg
600028,/Users/aspen/PycharmProjects/CMPU-395-Project/data/streetview_images/600028.0_256.jpg
600028,/Users/aspen/PycharmProjects/CMPU-395-Project/data/streetview_images/600028.0_257.jpg
600028,/Users/aspen/PycharmProjects/CMPU-395-Project/data/streetview_images/600028.0_258.jpg
600028,/Users/aspen/PycharmProjects/CMPU-395-Project/data/streetview_images/600028.0_259.jpg
600028,/Users/aspen/PycharmProjects/CMPU-395-Project/data/streetview_images/600028.0_260.jpg
600028,/Users/aspen/PycharmProjects/CMPU-395-Project/data/streetview_images/600028.0_261.jpg
600028,/Users/aspen/PycharmProjects/CMPU-395-Project/data/streetview_images/600028.0_262.jpg
600028,/Users/aspen/PycharmProjects/CMPU-395-Project/data/streetview_images/600028.0_263.jpg
600028,/Users/aspen/PycharmProjects/CMPU-395-Project/data/streetview_images/600028.0_264.jpg
600028,/Users/aspen/PycharmProjects/CMPU-395-Project/data/streetview_images/600028.0_265.jpg
600062,/Users/aspen/PycharmProjects/CMPU-395-Project/data/streetview_images/600062.0_266.jpg
600062,/Users/aspen/PycharmProjects/CMPU-395-Project/data/streetview_images/600062.0_267.jpg
600062,/Users/aspen/PycharmProjects/CMPU-395-Project/data/streetview_images/600062.0_268.jpg
600062,/Users/aspen/PycharmProjects/CMPU-395-Project/data/streetview_images/600062.0_269.jpg
600062,/Users/aspen/PycharmProjects/CMPU-395-Project/data/streetview_images/600062.0_270.jpg
600062,/Users/aspen/PycharmProjects/CMPU-395-Project/data/streetview_images/600062.0_271.jpg
600062,/Users/aspen/PycharmProjects/CMPU-395-Project/data/streetview_images/600062.0_272.jpg
600062,/Users/aspen/PycharmProjects/CMPU-395-Project/data/streetview_images/600062.0_273.jpg
600062,/Users/aspen/PycharmProjects/CMPU-395-Project/data/streetview_images/600062.0_274.jpg
600062,/Users/aspen/PycharmProjects/CMPU-395-Project/data/streetview_images/600062.0_275.jpg
600062,/Users/aspen/PycharmProjects/CMPU-395-Project/data/streetview_images/600062.0_276.jpg
600062,/Users/aspen/PycharmProjects/CMPU-395-Project/data/streetview_images/600062.0_277.jpg
600062,/Users/aspen/PycharmProjects/CMPU-395-Project/data/streetview_images/600062.0_278.jpg
600065,/Users/aspen/PycharmProjects/CMPU-395-Project/data/streetview_images/600065.0_279.jpg
600065,/Users/aspen/PycharmProjects/CMPU-395-Project/data/streetview_images/600065.0_280.jpg
600065,/Users/aspen/PycharmProjects/CMPU-395-Project/data/streetview_images/600065.0_281.jpg
600065,/Users/aspen/PycharmProjects/CMPU-395-Project/data/streetview_images/600065.0_282.jpg
600065,/Users/aspen/PycharmProjects/CMPU-395-Project/data/streetview_images/600065.0_283.jpg
600065,/Users/aspen/PycharmProjects/CMPU-395-Project/data/streetview_images/600065.0_284.jpg
600065,/Users/aspen/PycharmProjects/CMPU-395-Project/data/streetview_images/600065.0_285.jpg
600065,/Users/aspen/PycharmProjects/CMPU-395-Project/data/streetview_images/600065.0_286.jpg
600065,/Users/aspen/PycharmProjects/CMPU-395-Project/data/streetview_images/600065.0_287.jpg
600065,/Users/aspen/PycharmProjects/CMPU-395-Project/data/streetview_images/600065.0_288.jpg
600065,/Users/aspen/PycharmProjects/CMPU-395-Project/data/streetview_images/600065.0_289.jpg
600065,/Users/aspen/PycharmProjects/CMPU-395-Project/data/streetview_images/600065.0_290.jpg
600065,/Users/aspen/PycharmProjects/CMPU-395-Project/data/streetview_images/600065.0_291.jpg
600065,/Users/aspen/PycharmProjects/CMPU-395-Project/data/streetview_images/600065.0_292.jpg
600065,/Users/aspen/PycharmProjects/CMPU-395-Project/data/streetview_images/600065.0_293.jpg
600069,/Users/aspen/PycharmProjects/CMPU-395-Project/data/streetview_images/600069.0_294.jpg
600069,/Users/aspen/PycharmProjects/CMPU-395-Project/data/streetview_images/600069.0_295.jpg
600069,/Users/aspen/PycharmProjects/CMPU-395-Project/data/streetview_images/600069.0_296.jpg
600069,/Users/aspen/PycharmProjects/CMPU-395-Project/data/streetview_images/600069.0_297.jpg
600069,/Users/aspen/PycharmProjects/CMPU-395-Project/data/streetview_images/600069.0_298.jpg
600069,/Users/aspen/PycharmProjects/CMPU-395-Project/data/streetview_images/600069.0_299.jpg
601423,/Users/aspen/PycharmProjects/CMPU-395-Project/data/streetview_images/601423.0_300.jpg
601423,/Users/aspen/PycharmProjects/CMPU-395-Project/data/streetview_images/601423.0_301.jpg
601423,/Users/aspen/PycharmProjects/CMPU-395-Project/data/streetview_images/601423.0_302.jpg
601423,/Users/aspen/PycharmProjects/CMPU-395-Project/data/streetview_images/601423.0_303.jpg
601442,/Users/aspen/PycharmProjects/CMPU-395-Project/data/streetview_images/601442.0_304.jpg
601442,/Users/aspen/PycharmProjects/CMPU-395-Project/data/streetview_images/601442.0_305.jpg
604740,/Users/aspen/PycharmProjects/CMPU-395-Project/data/streetview_images/604740.0_306.jpg
604740,/Users/aspen/PycharmProjects/CMPU-395-Project/data/streetview_images/604740.0_307.jpg
604740,/Users/aspen/PycharmProjects/CMPU-395-Project/data/streetview_images/604740.0_308.jpg
604740,/Users/aspen/PycharmProjects/CMPU-395-Project/data/streetview_images/604740.0_309.jpg
604740,/Users/aspen/PycharmProjects/CMPU-395-Project/data/streetview_images/604740.0_310.jpg
604740,/Users/aspen/PycharmProjects/CMPU-395-Project/data/streetview_images/604740.0_311.jpg
604740,/Users/aspen/PycharmProjects/CMPU-395-Project/data/streetview_images/604740.0_312.jpg
604740,/Users/aspen/PycharmProjects/CMPU-395-Project/data/streetview_images/604740.0_313.jpg
604740,/Users/aspen/PycharmProjects/CMPU-395-Project/data/streetview_images/604740.0_314.jpg
604740,/Users/aspen/PycharmProjects/CMPU-395-Project/data/streetview_images/604740.0_315.jpg
604740,/Users/aspen/PycharmProjects/CMPU-395-Project/data/streetview_images/604740.0_316.jpg
604740,/Users/aspen/PycharmProjects/CMPU-395-Project/data/streetview_images/604740.0_317.jpg
604740,/Users/aspen/PycharmProjects/CMPU-395-Project/data/streetview_images/604740.0_318.jpg
604740,/Users/aspen/PycharmProjects/CMPU-395-Project/data/streetview_images/604740.0_319.jpg
604740,/Users/aspen/PycharmProjects/CMPU-395-Project/data/streetview_images/604740.0_320.jpg
604740,/Users/aspen/PycharmProjects/CMPU-395-Project/data/streetview_images/604740.0_321.jpg
604740,/Users/aspen/PycharmProjects/CMPU-395-Project/data/streetview_images/604740.0_322.jpg
604740,/Users/aspen/PycharmProjects/CMPU-395-Project/data/streetview_images/604740.0_323.jpg
604740,/Users/aspen/PycharmProjects/CMPU-395-Project/data/streetview_images/604740.0_324.jpg
604740,/Users/aspen/PycharmProjects/CMPU-395-Project/data/streetview_images/604740.0_325.jpg
604740,/Users/aspen/PycharmProjects/CMPU-395-Project/data/streetview_images/604740.0_326.jpg
604740,/Users/aspen/PycharmProjects/CMPU-395-Project/data/streetview_images/604740.0_327.jpg
604740,/Users/aspen/PycharmProjects/CMPU-395-Project/data/streetview_images/604740.0_328.jpg
604740,/Users/aspen/PycharmProjects/CMPU-395-Project/data/streetview_images/604740.0_329.jpg
604740,/Users/aspen/PycharmProjects/CMPU-395-Project/data/streetview_images/604740.0_330.jpg
604740,/Users/aspen/PycharmProjects/CMPU-395-Project/data/streetview_images/604740.0_331.jpg
604740,/Users/aspen/PycharmProjects/CMPU-395-Project/data/streetview_images/604740.0_332.jpg
604740,/Users/aspen/PycharmProjects/CMPU-395-Project/data/streetview_images/604740.0_333.jpg
604740,/Users/aspen/PycharmProjects/CMPU-395-Project/data/streetview_images/604740.0_334.jpg
604740,/Users/aspen/PycharmProjects/CMPU-395-Project/data/streetview_images/604740.0_335.jpg
604740,/Users/aspen/PycharmProjects/CMPU-395-Project/data/streetview_images/604740.0_336.jpg
604740,/Users/aspen/PycharmProjects/CMPU-395-Project/data/streetview_images/604740.0_337.jpg
604740,/Users/aspen/PycharmProjects/CMPU-395-Project/data/streetview_images/604740.0_338.jpg
604740,/Users/aspen/PycharmProjects/CMPU-395-Project/data/streetview_images/604740.0_339.jpg
604740,/Users/aspen/PycharmProjects/CMPU-395-Project/data/streetview_images/604740.0_340.jpg
604740,/Users/aspen/PycharmProjects/CMPU-395-Project/data/streetview_images/604740.0_341.jpg
604740,/Users/aspen/PycharmProjects/CMPU-395-Project/data/streetview_images/604740.0_342.jpg
604740,/Users/aspen/PycharmProjects/CMPU-395-Project/data/streetview_images/604740.0_343.jpg
604740,/Users/aspen/PycharmProjects/CMPU-395-Project/data/streetview_images/604740.0_344.jpg
604740,/Users/aspen/PycharmProjects/CMPU-395-Project/data/streetview_images/604740.0_345.jpg
606960,/Users/aspen/PycharmProjects/CMPU-395-Project/data/streetview_images/606960.0_346.jpg
606960,/Users/aspen/PycharmProjects/CMPU-395-Project/data/streetview_images/606960.0_347.jpg
606960,/Users/aspen/PycharmProjects/CMPU-395-Project/data/streetview_images/606960.0_348.jpg
608610,/Users/aspen/PycharmProjects/CMPU-395-Project/data/streetview_images/608610.0_349.jpg
608610,/Users/aspen/PycharmProjects/CMPU-395-Project/data/streetview_images/608610.0_350.jpg
608610,/Users/aspen/PycharmProjects/CMPU-395-Project/data/streetview_images/608610.0_351.jpg
608610,/Users/aspen/PycharmProjects/CMPU-395-Project/data/streetview_images/608610.0_352.jpg
608610,/Users/aspen/PycharmProjects/CMPU-395-Project/data/streetview_images/608610.0_353.jpg
608610,/Users/aspen/PycharmProjects/CMPU-395-Project/data/streetview_images/608610.0_354.jpg
608610,/Users/aspen/PycharmProjects/CMPU-395-Project/data/streetview_images/608610.0_355.jpg
608610,/Users/aspen/PycharmProjects/CMPU-395-Project/data/streetview_images/608610.0_356.jpg
608610,/Users/aspen/PycharmProjects/CMPU-395-Project/data/streetview_images/608610.0_357.jpg
608610,/Users/aspen/PycharmProjects/CMPU-395-Project/data/streetview_images/608610.0_358.jpg
608610,/Users/aspen/PycharmProjects/CMPU-395-Project/data/streetview_images/608610.0_359.jpg
608610,/Users/aspen/PycharmProjects/CMPU-395-Project/data/streetview_images/608610.0_360.jpg
608610,/Users/aspen/PycharmProjects/CMPU-395-Project/data/streetview_images/608610.0_361.jpg
608610,/Users/aspen/PycharmProjects/CMPU-395-Project/data/streetview_images/608610.0_362.jpg
608610,/Users/aspen/PycharmProjects/CMPU-395-Project/data/streetview_images/608610.0_363.jpg
608610,/Users/aspen/PycharmProjects/CMPU-395-Project/data/streetview_images/608610.0_364.jpg
608610,/Users/aspen/PycharmProjects/CMPU-395-Project/data/streetview_images/608610.0_365.jpg
608610,/Users/aspen/PycharmProjects/CMPU-395-Project/data/streetview_images/608610.0_366.jpg
608610,/Users/aspen/PycharmProjects/CMPU-395-Project/data/streetview_images/608610.0_367.jpg
608610,/Users/aspen/PycharmProjects/CMPU-395-Project/data/streetview_images/608610.0_368.jpg
608610,/Users/aspen/PycharmProjects/CMPU-395-Project/data/streetview_images/608610.0_369.jpg
608610,/Users/aspen/PycharmProjects/CMPU-395-Project/data/streetview_images/608610.0_370.jpg
608610,/Users/aspen/PycharmProjects/CMPU-395-Project/data/streetview_images/608610.0_371.jpg
608610,/Users/aspen/PycharmProjects/CMPU-395-Project/data/streetview_images/608610.0_372.jpg
608610,/Users/aspen/PycharmProjects/CMPU-395-Project/data/streetview_images/608610.0_373.jpg
608610,/Users/aspen/PycharmProjects/CMPU-395-Project/data/streetview_images/608610.0_374.jpg
608610,/Users/aspen/PycharmProjects/CMPU-395-Project/data/streetview_images/608610.0_375.jpg
608970,/Users/aspen/PycharmProjects/CMPU-395-Project/data/streetview_images/608970.0_376.jpg
608970,/Users/aspen/PycharmProjects/CMPU-395-Project/data/streetview_images/608970.0_377.jpg
608970,/Users/aspen/PycharmProjects/CMPU-395-Project/data/streetview_images/608970.0_378.jpg
610890,/Users/aspen/PycharmProjects/CMPU-395-Project/data/streetview_images/610890.0_379.jpg
610890,/Users/aspen/PycharmProjects/CMPU-395-Project/data/streetview_images/610890.0_380.jpg
610890,/Users/aspen/PycharmProjects/CMPU-395-Project/data/streetview_images/610890.0_381.jpg
610890,/Users/aspen/PycharmProjects/CMPU-395-Project/data/streetview_images/610890.0_382.jpg
610890,/Users/aspen/PycharmProjects/CMPU-395-Project/data/streetview_images/610890.0_383.jpg
610890,/Users/aspen/PycharmProjects/CMPU-395-Project/data/streetview_images/610890.0_384.jpg
613290,/Users/aspen/PycharmProjects/CMPU-395-Project/data/streetview_images/613290.0_385.jpg
613290,/Users/aspen/PycharmProjects/CMPU-395-Project/data/streetview_images/613290.0_386.jpg
613290,/Users/aspen/PycharmProjects/CMPU-395-Project/data/streetview_images/613290.0_387.jpg
613290,/Users/aspen/PycharmProjects/CMPU-395-Project/data/streetview_images/613290.0_388.jpg
613290,/Users/aspen/PycharmProjects/CMPU-395-Project/data/streetview_images/613290.0_389.jpg
613290,/Users/aspen/PycharmProjects/CMPU-395-Project/data/streetview_images/613290.0_390.jpg
613290,/Users/aspen/PycharmProjects/CMPU-395-Project/data/streetview_images/613290.0_391.jpg
613290,/Users/aspen/PycharmProjects/CMPU-395-Project/data/streetview_images/613290.0_392.jpg
613290,/Users/aspen/PycharmProjects/CMPU-395-Project/data/streetview_images/613290.0_393.jpg
613290,/Users/aspen/PycharmProjects/CMPU-395-Project/data/streetview_images/613290.0_394.jpg
613290,/Users/aspen/PycharmProjects/CMPU-395-Project/data/streetview_images/613290.0_395.jpg
613290,/Users/aspen/PycharmProjects/CMPU-395-Project/data/streetview_images/613290.0_396.jpg
613290,/Users/aspen/PycharmProjects/CMPU-395-Project/data/streetview_images/613290.0_397.jpg
613290,/Users/aspen/PycharmProjects/CMPU-395-Project/data/streetview_images/613290.0_398.jpg
613290,/Users/aspen/PycharmProjects/CMPU-395-Project/data/streetview_images/613290.0_399.jpg
613290,/Users/aspen/PycharmProjects/CMPU-395-Project/data/streetview_images/613290.0_400.jpg
613290,/Users/aspen/PycharmProjects/CMPU-395-Project/data/streetview_images/613290.0_401.jpg
613290,/Users/aspen/PycharmProjects/CMPU-395-Project/data/streetview_images/613290.0_402.jpg
613290,/Users/aspen/PycharmProjects/CMPU-395-Project/data/streetview_images/613290.0_403.jpg
613290,/Users/aspen/PycharmProjects/CMPU-395-Project/data/streetview_images/613290.0_404.jpg
613290,/Users/aspen/PycharmProjects/CMPU-395-Project/data/streetview_images/613290.0_405.jpg
613290,/Users/aspen/PycharmProjects/CMPU-395-Project/data/streetview_images/613290.0_406.jpg
613290,/Users/aspen/PycharmProjects/CMPU-395-Project/data/streetview_images/613290.0_407.jpg
613290,/Users/aspen/PycharmProjects/CMPU-395-Project/data/streetview_images/613290.0_408.jpg
614070,/Users/aspen/PycharmProjects/CMPU-395-Project/data/streetview_images/614070.0_409.jpg
614070,/Users/aspen/PycharmProjects/CMPU-395-Project/data/streetview_images/614070.0_410.jpg
614070,/Users/aspen/PycharmProjects/CMPU-395-Project/data/streetview_images/614070.0_411.jpg
615150,/Users/aspen/PycharmProjects/CMPU-395-Project/data/streetview_images/615150.0_412.jpg
615150,/Users/aspen/PycharmProjects/CMPU-395-Project/data/streetview_images/615150.0_413.jpg
615150,/Users/aspen/PycharmProjects/CMPU-395-Project/data/streetview_images/615150.0_414.jpg
617190,/Users/aspen/PycharmProjects/CMPU-395-Project/data/streetview_images/617190.0_415.jpg
617190,/Users/aspen/PycharmProjects/CMPU-395-Project/data/streetview_images/617190.0_416.jpg
617190,/Users/aspen/PycharmProjects/CMPU-395-Project/data/streetview_images/617190.0_417.jpg
617190,/Users/aspen/PycharmProjects/CMPU-395-Project/data/streetview_images/617190.0_418.jpg
617190,/Users/aspen/PycharmProjects/CMPU-395-Project/data/streetview_images/617190.0_419.jpg
617190,/Users/aspen/PycharmProjects/CMPU-395-Project/data/streetview_images/617190.0_420.jpg
617190,/Users/aspen/PycharmProjects/CMPU-395-Project/data/streetview_images/617190.0_421.jpg
617190,/Users/aspen/PycharmProjects/CMPU-395-Project/data/streetview_images/617190.0_422.jpg
617190,/Users/aspen/PycharmProjects/CMPU-395-Project/data/streetview_images/617190.0_423.jpg
617190,/Users/aspen/PycharmProjects/CMPU-395-Project/data/streetview_images/617190.0_424.jpg
617190,/Users/aspen/PycharmProjects/CMPU-395-Project/data/streetview_images/617190.0_425.jpg
617190,/Users/aspen/PycharmProjects/CMPU-395-Project/data/streetview_images/617190.0_426.jpg
617190,/Users/aspen/PycharmProjects/CMPU-395-Project/data/streetview_images/617190.0_427.jpg
617190,/Users/aspen/PycharmProjects/CMPU-395-Project/data/streetview_images/617190.0_428.jpg
617190,/Users/aspen/PycharmProjects/CMPU-395-Project/data/streetview_images/617190.0_429.jpg
617190,/Users/aspen/PycharmProjects/CMPU-395-Project/data/streetview_images/617190.0_430.jpg
617190,/Users/aspen/PycharmProjects/CMPU-395-Project/data/streetview_images/617190.0_431.jpg
617190,/Users/aspen/PycharmProjects/CMPU-395-Project/data/streetview_images/617190.0_432.jpg
617190,/Users/aspen/PycharmProjects/CMPU-395-Project/data/streetview_images/617190.0_433.jpg
617190,/Users/aspen/PycharmProjects/CMPU-395-Project/data/streetview_images/617190.0_434.jpg
617190,/Users/aspen/PycharmProjects/CMPU-395-Project/data/streetview_images/617190.0_435.jpg
617190,/Users/aspen/PycharmProjects/CMPU-395-Project/data/streetview_images/617190.0_436.jpg
617190,/Users/aspen/PycharmProjects/CMPU-395-Project/data/streetview_images/617190.0_437.jpg
617190,/Users/aspen/PycharmProjects/CMPU-395-Project/data/streetview_images/617190.0_438.jpg
617190,/Users/aspen/PycharmProjects/CMPU-395-Project/data/streetview_images/617190.0_439.jpg
617190,/Users/aspen/PycharmProjects/CMPU-395-Project/data/streetview_images/617190.0_440.jpg
617190,/Users/aspen/PycharmProjects/CMPU-395-Project/data/streetview_images/617190.0_441.jpg
617190,/Users/aspen/PycharmProjects/CMPU-395-Project/data/streetview_images/617190.0_442.jpg
617190,/Users/aspen/PycharmProjects/CMPU-395-Project/data/streetview_images/617190.0_443.jpg
617190,/Users/aspen/PycharmProjects/CMPU-395-Project/data/streetview_images/617190.0_444.jpg
617190,/Users/aspen/PycharmProjects/CMPU-395-Project/data/streetview_images/617190.0_445.jpg
617190,/Users/aspen/PycharmProjects/CMPU-395-Project/data/streetview_images/617190.0_446.jpg
617190,/Users/aspen/PycharmProjects/CMPU-395-Project/data/streetview_images/617190.0_447.jpg
617190,/Users/aspen/PycharmProjects/CMPU-395-Project/data/streetview_images/617190.0_448.jpg
617190,/Users/aspen/PycharmProjects/CMPU-395-Project/data/streetview_images/617190.0_449.jpg
617190,/Users/aspen/PycharmProjects/CMPU-395-Project/data/streetview_images/617190.0_450.jpg
617190,/Users/aspen/PycharmProjects/CMPU-395-Project/data/streetview_images/617190.0_451.jpg
617190,/Users/aspen/PycharmProjects/CMPU-395-Project/data/streetview_images/617190.0_452.jpg
617190,/Users/aspen/PycharmProjects/CMPU-395-Project/data/streetview_images/617190.0_453.jpg
617190,/Users/aspen/PycharmProjects/CMPU-395-Project/data/streetview_images/617190.0_454.jpg
618990,/Users/aspen/PycharmProjects/CMPU-395-Project/data/streetview_images/618990.0_455.jpg
618990,/Users/aspen/PycharmProjects/CMPU-395-Project/data/streetview_images/618990.0_456.jpg
618990,/Users/aspen/PycharmProjects/CMPU-395-Project/data/streetview_images/618990.0_457.jpg
618990,/Users/aspen/PycharmProjects/CMPU-395-Project/data/streetview_images/618990.0_458.jpg
618990,/Users/aspen/PycharmProjects/CMPU-395-Project/data/streetview_images/618990.0_459.jpg
618990,/Users/aspen/PycharmProjects/CMPU-395-Project/data/streetview_images/618990.0_460.jpg
618990,/Users/aspen/PycharmProjects/CMPU-395-Project/data/streetview_images/618990.0_461.jpg
618990,/Users/aspen/PycharmProjects/CMPU-395-Project/data/streetview_images/618990.0_462.jpg
618990,/Users/aspen/PycharmProjects/CMPU-395-Project/data/streetview_images/618990.0_463.jpg
618990,/Users/aspen/PycharmProjects/CMPU-395-Project/data/streetview_images/618990.0_464.jpg
618990,/Users/aspen/PycharmProjects/CMPU-395-Project/data/streetview_images/618990.0_465.jpg
618990,/Users/aspen/PycharmProjects/CMPU-395-Project/data/streetview_images/618990.0_466.jpg
618990,/Users/aspen/PycharmProjects/CMPU-395-Project/data/streetview_images/618990.0_467.jpg
618990,/Users/aspen/PycharmProjects/CMPU-395-Project/data/streetview_images/618990.0_468.jpg
618990,/Users/aspen/PycharmProjects/CMPU-395-Project/data/streetview_images/618990.0_469.jpg
618990,/Users/aspen/PycharmProjects/CMPU-395-Project/data/streetview_images/618990.0_470.jpg
618990,/Users/aspen/PycharmProjects/CMPU-395-Project/data/streetview_images/618990.0_471.jpg
618990,/Users/aspen/PycharmProjects/CMPU-395-Project/data/streetview_images/618990.0_472.jpg
618990,/Users/aspen/PycharmProjects/CMPU-395-Project/data/streetview_images/618990.0_473.jpg
618990,/Users/aspen/PycharmProjects/CMPU-395-Project/data/streetview_images/618990.0_474.jpg
618990,/Users/aspen/PycharmProjects/CMPU-395-Project/data/streetview_images/618990.0_475.jpg
619590,/Users/aspen/PycharmProjects/CMPU-395-Project/data/streetview_images/619590.0_476.jpg
619590,/Users/aspen/PycharmProjects/CMPU-395-Project/data/streetview_images/619590.0_477.jpg
619590,/Users/aspen/PycharmProjects/CMPU-395-Project/data/streetview_images/619590.0_478.jpg
619890,/Users/aspen/PycharmProjects/CMPU-395-Project/data/streetview_images/619890.0_479.jpg
619890,/Users/aspen/PycharmProjects/CMPU-395-Project/data/streetview_images/619890.0_480.jpg
619890,/Users/aspen/PycharmProjects/CMPU-395-Project/data/streetview_images/619890.0_481.jpg
619890,/Users/aspen/PycharmProjects/CMPU-395-Project/data/streetview_images/619890.0_482.jpg
619890,/Users/aspen/PycharmProjects/CMPU-395-Project/data/streetview_images/619890.0_483.jpg
619890,/Users/aspen/PycharmProjects/CMPU-395-Project/data/streetview_images/619890.0_484.jpg
619890,/Users/aspen/PycharmProjects/CMPU-395-Project/data/streetview_images/619890.0_485.jpg
619890,/Users/aspen/PycharmProjects/CMPU-395-Project/data/streetview_images/619890.0_486.jpg
619890,/Users/aspen/PycharmProjects/CMPU-395-Project/data/streetview_images/619890.0_487.jpg
619890,/Users/aspen/PycharmProjects/CMPU-395-Project/data/streetview_images/619890.0_488.jpg
619890,/Users/aspen/PycharmProjects/CMPU-395-Project/data/streetview_images/619890.0_489.jpg
619890,/Users/aspen/PycharmProjects/CMPU-395-Project/data/streetview_images/619890.0_490.jpg
623550,/Users/aspen/PycharmProjects/CMPU-395-Project/data/streetview_images/623550.0_491.jpg
623550,/Users/aspen/PycharmProjects/CMPU-395-Project/data/streetview_images/623550.0_492.jpg
623550,/Users/aspen/PycharmProjects/CMPU-395-Project/data/streetview_images/623550.0_493.jpg
624000,/Users/aspen/PycharmProjects/CMPU-395-Project/data/streetview_images/624000.0_494.jpg
624000,/Users/aspen/PycharmProjects/CMPU-395-Project/data/streetview_images/624000.0_495.jpg
624000,/Users/aspen/PycharmProjects/CMPU-395-Project/data/streetview_images/624000.0_496.jpg
624000,/Users/aspen/PycharmProjects/CMPU-395-Project/data/streetview_images/624000.0_497.jpg
624000,/Users/aspen/PycharmProjects/CMPU-395-Project/data/streetview_images/624000.0_498.jpg
624000,/Users/aspen/PycharmProjects/CMPU-395-Project/data/streetview_images/624000.0_499.jpg
624000,/Users/aspen/PycharmProjects/CMPU-395-Project/data/streetview_images/624000.0_500.jpg
624000,/Users/aspen/PycharmProjects/CMPU-395-Project/data/streetview_images/624000.0_501.jpg
624000,/Users/aspen/PycharmProjects/CMPU-395-Project/data/streetview_images/624000.0_502.jpg
624000,/Users/aspen/PycharmProjects/CMPU-395-Project/data/streetview_images/624000.0_503.jpg
624000,/Users/aspen/PycharmProjects/CMPU-395-Project/data/streetview_images/624000.0_504.jpg
624000,/Users/aspen/PycharmProjects/CMPU-395-Project/data/streetview_images/624000.0_505.jpg
624000,/Users/aspen/PycharmProjects/CMPU-395-Project/data/streetview_images/624000.0_506.jpg
624000,/Users/aspen/PycharmProjects/CMPU-395-Project/data/streetview_images/624000.0_507.jpg
624000,/Users/aspen/PycharmProjects/CMPU-395-Project/data/streetview_images/624000.0_508.jpg
624000,/Users/aspen/PycharmProjects/CMPU-395-Project/data/streetview_images/624000.0_509.jpg
624000,/Users/aspen/PycharmProjects/CMPU-395-Project/data/streetview_images/624000.0_510.jpg
624000,/Users/aspen/PycharmProjects/CMPU-395-Project/data/streetview_images/624000.0_511.jpg
624000,/Users/aspen/PycharmProjects/CMPU-395-Project/data/streetview_images/624000.0_512.jpg
624000,/Users/aspen/PycharmProjects/CMPU-395-Project/data/streetview_images/624000.0_513.jpg
624000,/Users/aspen/PycharmProjects/CMPU-395-Project/data/streetview_images/624000.0_514.jpg
624000,/Users/aspen/PycharmProjects/CMPU-395-Project/data/streetview_images/624000.0_515.jpg
624000,/Users/aspen/PycharmProjects/CMPU-395-Project/data/streetview_images/624000.0_516.jpg
624090,/Users/aspen/PycharmProjects/CMPU-395-Project/data/streetview_images/624090.0_517.jpg
624090,/Users/aspen/PycharmProjects/CMPU-395-Project/data/streetview_images/624090.0_518.jpg
624090,/Users/aspen/PycharmProjects/CMPU-395-Project/data/streetview_images/624090.0_519.jpg
624090,/Users/aspen/PycharmProjects/CMPU-395-Project/data/streetview_images/624090.0_520.jpg
624090,/Users/aspen/PycharmProjects/CMPU-395-Project/data/streetview_images/624090.0_521.jpg
624090,/Users/aspen/PycharmProjects/CMPU-395-Project/data/streetview_images/624090.0_522.jpg
624090,/Users/aspen/PycharmProjects/CMPU-395-Project/data/streetview_images/624090.0_523.jpg
624090,/Users/aspen/PycharmProjects/CMPU-395-Project/data/streetview_images/624090.0_524.jpg
624480,/Users/aspen/PycharmProjects/CMPU-395-Project/data/streetview_images/624480.0_525.jpg
624480,/Users/aspen/PycharmProjects/CMPU-395-Project/data/streetview_images/624480.0_526.jpg
624480,/Users/aspen/PycharmProjects/CMPU-395-Project/data/streetview_images/624480.0_527.jpg
627780,/Users/aspen/PycharmProjects/CMPU-395-Project/data/streetview_images/627780.0_528.jpg
627780,/Users/aspen/PycharmProjects/CMPU-395-Project/data/streetview_images/627780.0_529.jpg
627780,/Users/aspen/PycharmProjects/CMPU-395-Project/data/streetview_images/627780.0_530.jpg
627780,/Users/aspen/PycharmProjects/CMPU-395-Project/data/streetview_images/627780.0_531.jpg
627780,/Users/aspen/PycharmProjects/CMPU-395-Project/data/streetview_images/627780.0_532.jpg
627780,/Users/aspen/PycharmProjects/CMPU-395-Project/data/streetview_images/627780.0_533.jpg
627780,/Users/aspen/PycharmProjects/CMPU-395-Project/data/streetview_images/627780.0_534.jpg
627780,/Users/aspen/PycharmProjects/CMPU-395-Project/data/streetview_images/627780.0_535.jpg
627780,/Users/aspen/PycharmProjects/CMPU-395-Project/data/streetview_images/627780.0_536.jpg
627780,/Users/aspen/PycharmProjects/CMPU-395-Project/data/streetview_images/627780.0_537.jpg
627780,/Users/aspen/PycharmProjects/CMPU-395-Project/data/streetview_images/627780.0_538.jpg
627780,/Users/aspen/PycharmProjects/CMPU-395-Project/data/streetview_images/627780.0_539.jpg
627780,/Users/aspen/PycharmProjects/CMPU-395-Project/data/streetview_images/627780.0_540.jpg
627780,/Users/aspen/PycharmProjects/CMPU-395-Project/data/streetview_images/627780.0_541.jpg
628710,/Users/aspen/PycharmProjects/CMPU-395-Project/data/streetview_images/628710.0_542.jpg
628710,/Users/aspen/PycharmProjects/CMPU-395-Project/data/streetview_images/628710.0_543.jpg
628710,/Users/aspen/PycharmProjects/CMPU-395-Project/data/streetview_images/628710.0_544.jpg
628710,/Users/aspen/PycharmProjects/CMPU-395-Project/data/streetview_images/628710.0_545.jpg
628710,/Users/aspen/PycharmProjects/CMPU-395-Project/data/streetview_images/628710.0_546.jpg
631170,/Users/aspen/PycharmProjects/CMPU-395-Project/data/streetview_images/631170.0_547.jpg
631170,/Users/aspen/PycharmProjects/CMPU-395-Project/data/streetview_images/631170.0_548.jpg
631170,/Users/aspen/PycharmProjects/CMPU-395-Project/data/streetview_images/631170.0_549.jpg
631170,/Users/aspen/PycharmProjects/CMPU-395-Project/data/streetview_images/631170.0_550.jpg
631170,/Users/aspen/PycharmProjects/CMPU-395-Project/data/streetview_images/631170.0_551.jpg
631470,/Users/aspen/PycharmProjects/CMPU-395-Project/data/streetview_images/631470.0_552.jpg
631470,/Users/aspen/PycharmProjects/CMPU-395-Project/data/streetview_images/631470.0_553.jpg
631470,/Users/aspen/PycharmProjects/CMPU-395-Project/data/streetview_images/631470.0_554.jpg
631470,/Users/aspen/PycharmProjects/CMPU-395-Project/data/streetview_images/631470.0_555.jpg
631470,/Users/aspen/PycharmProjects/CMPU-395-Project/data/streetview_images/631470.0_556.jpg
631470,/Users/aspen/PycharmProjects/CMPU-395-Project/data/streetview_images/631470.0_557.jpg
631470,/Users/aspen/PycharmProjects/CMPU-395-Project/data/streetview_images/631470.0_558.jpg
631470,/Users/aspen/PycharmProjects/CMPU-395-Project/data/streetview_images/631470.0_559.jpg
631470,/Users/aspen/PycharmProjects/CMPU-395-Project/data/streetview_images/631470.0_560.jpg
631470,/Users/aspen/PycharmProjects/CMPU-395-Project/data/streetview_images/631470.0_561.jpg
631470,/Users/aspen/PycharmProjects/CMPU-395-Project/data/streetview_images/631470.0_562.jpg
631470,/Users/aspen/PycharmProjects/CMPU-395-Project/data/streetview_images/631470.0_563.jpg
631470,/Users/aspen/PycharmProjects/CMPU-395-Project/data/streetview_images/631470.0_564.jpg
631470,/Users/aspen/PycharmProjects/CMPU-395-Project/data/streetview_images/631470.0_565.jpg
631470,/Users/aspen/PycharmProjects/CMPU-395-Project/data/streetview_images/631470.0_566.jpg
631470,/Users/aspen/PycharmProjects/CMPU-395-Project/data/streetview_images/631470.0_567.jpg
631470,/Users/aspen/PycharmProjects/CMPU-395-Project/data/streetview_images/631470.0_568.jpg
631470,/Users/aspen/PycharmProjects/CMPU-395-Project/data/streetview_images/631470.0_569.jpg
631470,/Users/aspen/PycharmProjects/CMPU-395-Project/data/streetview_images/631470.0_570.jpg
631470,/Users/aspen/PycharmProjects/CMPU-395-Project/data/streetview_images/631470.0_571.jpg
631470,/Users/aspen/PycharmProjects/CMPU-395-Project/data/streetview_images/631470.0_572.jpg
631470,/Users/aspen/PycharmProjects/CMPU-395-Project/data/streetview_images/631470.0_573.jpg
631470,/Users/aspen/PycharmProjects/CMPU-395-Project/data/streetview_images/631470.0_574.jpg
631470,/Users/aspen/PycharmProjects/CMPU-395-Project/data/streetview_images/631470.0_575.jpg
631470,/Users/aspen/PycharmProjects/CMPU-395-Project/data/streetview_images/631470.0_576.jpg
631470,/Users/aspen/PycharmProjects/CMPU-395-Project/data/streetview_images/631470.0_577.jpg
631470,/Users/aspen/PycharmProjects/CMPU-395-Project/data/streetview_images/631470.0_578.jpg
631470,/Users/aspen/PycharmProjects/CMPU-395-Project/data/streetview_images/631470.0_579.jpg
631470,/Users/aspen/PycharmProjects/CMPU-395-Project/data/streetview_images/631470.0_580.jpg
631470,/Users/aspen/PycharmProjects/CMPU-395-Project/data/streetview_images/631470.0_581.jpg
631470,/Users/aspen/PycharmProjects/CMPU-395-Project/data/streetview_images/631470.0_582.jpg
632310,/Users/aspen/PycharmProjects/CMPU-395-Project/data/streetview_images/632310.0_583.jpg
632310,/Users/aspen/PycharmProjects/CMPU-395-Project/data/streetview_images/632310.0_584.jpg
632310,/Users/aspen/PycharmProjects/CMPU-395-Project/data/streetview_images/632310.0_585.jpg
632310,/Users/aspen/PycharmProjects/CMPU-395-Project/data/streetview_images/632310.0_586.jpg
632310,/Users/aspen/PycharmProjects/CMPU-395-Project/data/streetview_images/632310.0_587.jpg
632310,/Users/aspen/PycharmProjects/CMPU-395-Project/data/streetview_images/632310.0_588.jpg
632310,/Users/aspen/PycharmProjects/CMPU-395-Project/data/streetview_images/632310.0_589.jpg
632310,/Users/aspen/PycharmProjects/CMPU-395-Project/data/streetview_images/632310.0_590.jpg
632310,/Users/aspen/PycharmProjects/CMPU-395-Project/data/streetview_images/632310.0_591.jpg
632310,/Users/aspen/PycharmProjects/CMPU-395-Project/data/streetview_images/632310.0_592.jpg
632310,/Users/aspen/PycharmProjects/CMPU-395-Project/data/streetview_images/632310.0_593.jpg
632310,/Users/aspen/PycharmProjects/CMPU-395-Project/data/streetview_images/632310.0_594.jpg
632310,/Users/aspen/PycharmProjects/CMPU-395-Project/data/streetview_images/632310.0_595.jpg
632310,/Users/aspen/PycharmProjects/CMPU-395-Project/data/streetview_images/632310.0_596.jpg
632310,/Users/aspen/PycharmProjects/CMPU-395-Project/data/streetview_images/632310.0_597.jpg
632310,/Users/aspen/PycharmProjects/CMPU-395-Project/data/streetview_images/632310.0_598.jpg
632310,/Users/aspen/PycharmProjects/CMPU-395-Project/data/streetview_images/632310.0_599.jpg
632310,/Users/aspen/PycharmProjects/CMPU-395-Project/data/streetview_images/632310.0_600.jpg
632310,/Users/aspen/PycharmProjects/CMPU-395-Project/data/streetview_images/632310.0_601.jpg
632310,/Users/aspen/PycharmProjects/CMPU-395-Project/data/streetview_images/632310.0_602.jpg
632310,/Users/aspen/PycharmProjects/CMPU-395-Project/data/streetview_images/632310.0_603.jpg
632310,/Users/aspen/PycharmProjects/CMPU-395-Project/data/streetview_images/632310.0_604.jpg
632310,/Users/aspen/PycharmProjects/CMPU-395-Project/data/streetview_images/632310.0_605.jpg
633840,/Users/aspen/PycharmProjects/CMPU-395-Project/data/streetview_images/633840.0_606.jpg
633840,/Users/aspen/PycharmProjects/CMPU-395-Project/data/streetview_images/633840.0_607.jpg
633840,/Users/aspen/PycharmProjects/CMPU-395-Project/data/streetview_images/633840.0_608.jpg
633840,/Users/aspen/PycharmProjects/CMPU-395-Project/data/streetview_images/633840.0_609.jpg
633840,/Users/aspen/PycharmProjects/CMPU-395-Project/data/streetview_images/633840.0_610.jpg
633840,/Users/aspen/PycharmProjects/CMPU-395-Project/data/streetview_images/633840.0_611.jpg
633840,/Users/aspen/PycharmProjects/CMPU-395-Project/data/streetview_images/633840.0_612.jpg
633840,/Users/aspen/PycharmProjects/CMPU-395-Project/data/streetview_images/633840.0_613.jpg
633840,/Users/aspen/PycharmProjects/CMPU-395-Project/data/streetview_images/633840.0_614.jpg
633840,/Users/aspen/PycharmProjects/CMPU-395-Project/data/streetview_images/633840.0_615.jpg
633840,/Users/aspen/PycharmProjects/CMPU-395-Project/data/streetview_images/633840.0_616.jpg
633840,/Users/aspen/PycharmProjects/CMPU-395-Project/data/streetview_images/633840.0_617.jpg
633840,/Users/aspen/PycharmProjects/CMPU-395-Project/data/streetview_images/633840.0_618.jpg
633840,/Users/aspen/PycharmProjects/CMPU-395-Project/data/streetview_images/633840.0_619.jpg
633840,/Users/aspen/PycharmProjects/CMPU-395-Project/data/streetview_images/633840.0_620.jpg
633840,/Users/aspen/PycharmProjects/CMPU-395-Project/data/streetview_images/633840.0_621.jpg
633840,/Users/aspen/PycharmProjects/CMPU-395-Project/data/streetview_images/633840.0_622.jpg
633840,/Users/aspen/PycharmProjects/CMPU-395-Project/data/streetview_images/633840.0_623.jpg
633840,/Users/aspen/PycharmProjects/CMPU-395-Project/data/streetview_images/633840.0_624.jpg
633840,/Users/aspen/PycharmProjects/CMPU-395-Project/data/streetview_images/633840.0_625.jpg
633840,/Users/aspen/PycharmProjects/CMPU-395-Project/data/streetview_images/633840.0_626.jpg
633840,/Users/aspen/PycharmProjects/CMPU-395-Project/data/streetview_images/633840.0_627.jpg
633840,/Users/aspen/PycharmProjects/CMPU-395-Project/data/streetview_images/633840.0_628.jpg
633840,/Users/aspen/PycharmProjects/CMPU-395-Project/data/streetview_images/633840.0_629.jpg
633840,/Users/aspen/PycharmProjects/CMPU-395-Project/data/streetview_images/633840.0_630.jpg
633840,/Users/aspen/PycharmProjects/CMPU-395-Project/data/streetview_images/633840.0_631.jpg
633840,/Users/aspen/PycharmProjects/CMPU-395-Project/data/streetview_images/633840.0_632.jpg
633840,/Users/aspen/PycharmProjects/CMPU-395-Project/data/streetview_images/633840.0_633.jpg
633840,/Users/aspen/PycharmProjects/CMPU-395-Project/data/streetview_images/633840.0_634.jpg
633840,/Users/aspen/PycharmProjects/CMPU-395-Project/data/streetview_images/633840.0_635.jpg
633840,/Users/aspen/PycharmProjects/CMPU-395-Project/data/streetview_images/633840.0_636.jpg
633840,/Users/aspen/PycharmProjects/CMPU-395-Project/data/streetview_images/633840.0_637.jpg
633840,/Users/aspen/PycharmProjects/CMPU-395-Project/data/streetview_images/633840.0_638.jpg
633840,/Users/aspen/PycharmProjects/CMPU-395-Project/data/streetview_images/633840.0_639.jpg
633840,/Users/aspen/PycharmProjects/CMPU-395-Project/data/streetview_images/633840.0_640.jpg
633840,/Users/aspen/PycharmProjects/CMPU-395-Project/data/streetview_images/633840.0_641.jpg
633840,/Users/aspen/PycharmProjects/CMPU-395-Project/data/streetview_images/633840.0_642.jpg
633840,/Users/aspen/PycharmProjects/CMPU-395-Project/data/streetview_images/633840.0_643.jpg
633840,/Users/aspen/PycharmProjects/CMPU-395-Project/data/streetview_images/633840.0_644.jpg
633840,/Users/aspen/PycharmProjects/CMPU-395-Project/data/streetview_images/633840.0_645.jpg
635700,/Users/aspen/PycharmProjects/CMPU-395-Project/data/streetview_images/635700.0_646.jpg
635700,/Users/aspen/PycharmProjects/CMPU-395-Project/data/streetview_images/635700.0_647.jpg
635700,/Users/aspen/PycharmProjects/CMPU-395-Project/data/streetview_images/635700.0_648.jpg
635700,/Users/aspen/PycharmProjects/CMPU-395-Project/data/streetview_images/635700.0_649.jpg
635700,/Users/aspen/PycharmProjects/CMPU-395-Project/data/streetview_images/635700.0_650.jpg
635700,/Users/aspen/PycharmProjects/CMPU-395-Project/data/streetview_images/635700.0_651.jpg
635700,/Users/aspen/PycharmProjects/CMPU-395-Project/data/streetview_images/635700.0_652.jpg
635700,/Users/aspen/PycharmProjects/CMPU-395-Project/data/streetview_images/635700.0_653.jpg
635700,/Users/aspen/PycharmProjects/CMPU-395-Project/data/streetview_images/635700.0_654.jpg
635700,/Users/aspen/PycharmProjects/CMPU-395-Project/data/streetview_images/635700.0_655.jpg
635700,/Users/aspen/PycharmProjects/CMPU-395-Project/data/streetview_images/635700.0_656.jpg
635700,/Users/aspen/PycharmProjects/CMPU-395-Project/data/streetview_images/635700.0_657.jpg
636800,/Users/aspen/PycharmProjects/CMPU-395-Project/data/streetview_images/636800.0_658.jpg
636800,/Users/aspen/PycharmProjects/CMPU-395-Project/data/streetview_images/636800.0_659.jpg
636800,/Users/aspen/PycharmProjects/CMPU-395-Project/data/streetview_images/636800.0_660.jpg
637230,/Users/aspen/PycharmProjects/CMPU-395-Project/data/streetview_images/637230.0_661.jpg
637230,/Users/aspen/PycharmProjects/CMPU-395-Project/data/streetview_images/637230.0_662.jpg
637230,/Users/aspen/PycharmProjects/CMPU-395-Project/data/streetview_images/637230.0_663.jpg
637230,/Users/aspen/PycharmProjects/CMPU-395-Project/data/streetview_images/637230.0_664.jpg
637230,/Users/aspen/PycharmProjects/CMPU-395-Project/data/streetview_images/637230.0_665.jpg
637230,/Users/aspen/PycharmProjects/CMPU-395-Project/data/streetview_images/637230.0_666.jpg
637230,/Users/aspen/PycharmProjects/CMPU-395-Project/data/streetview_images/637230.0_667.jpg
637230,/Users/aspen/PycharmProjects/CMPU-395-Project/data/streetview_images/637230.0_668.jpg
637230,/Users/aspen/PycharmProjects/CMPU-395-Project/data/streetview_images/637230.0_669.jpg
637230,/Users/aspen/PycharmProjects/CMPU-395-Project/data/streetview_images/637230.0_670.jpg
637230,/Users/aspen/PycharmProjects/CMPU-395-Project/data/streetview_images/637230.0_671.jpg
637230,/Users/aspen/PycharmProjects/CMPU-395-Project/data/streetview_images/637230.0_672.jpg
637230,/Users/aspen/PycharmProjects/CMPU-395-Project/data/streetview_images/637230.0_673.jpg
637770,/Users/aspen/PycharmProjects/CMPU-395-Project/data/streetview_images/637770.0_674.jpg
642540,/Users/aspen/PycharmProjects/CMPU-395-Project/data/streetview_images/642540.0_675.jpg
900660,/Users/aspen/PycharmProjects/CMPU-395-Project/data/streetview_images/900660.0_676.jpg
900660,/Users/aspen/PycharmProjects/CMPU-395-Project/data/streetview_images/900660.0_677.jpg
900660,/Users/aspen/PycharmProjects/CMPU-395-Project/data/streetview_images/900660.0_678.jpg
900660,/Users/aspen/PycharmProjects/CMPU-395-Project/data/streetview_images/900660.0_679.jpg
900660,/Users/aspen/PycharmProjects/CMPU-395-Project/data/streetview_images/900660.0_680.jpg
900660,/Users/aspen/PycharmProjects/CMPU-395-Project/data/streetview_images/900660.0_681.jpg
900660,/Users/aspen/PycharmProjects/CMPU-395-Project/data/streetview_images/900660.0_682.jpg
900660,/Users/aspen/PycharmProjects/CMPU-395-Project/data/streetview_images/900660.0_683.jpg
900660,/Users/aspen/PycharmProjects/CMPU-395-Project/data/streetview_images/900660.0_684.jpg
900660,/Users/aspen/PycharmProjects/CMPU-395-Project/data/streetview_images/900660.0_685.jpg
900660,/Users/aspen/PycharmProjects/CMPU-395-Project/data/streetview_images/900660.0_686.jpg
900660,/Users/aspen/PycharmProjects/CMPU-395-Project/data/streetview_images/900660.0_687.jpg
900660,/Users/aspen/PycharmProjects/CMPU-395-Project/data/streetview_images/900660.0_688.jpg
900660,/Users/aspen/PycharmProjects/CMPU-395-Project/data/streetview_images/900660.0_689.jpg
900660,/Users/aspen/PycharmProjects/CMPU-395-Project/data/streetview_images/900660.0_690.jpg
900660,/Users/aspen/PycharmProjects/CMPU-395-Project/data/streetview_images/900660.0_691.jpg
900660,/Users/aspen/PycharmProjects/CMPU-395-Project/data/streetview_images/900660.0_692.jpg
900660,/Users/aspen/PycharmProjects/CMPU-395-Project/data/streetview_images/900660.0_693.jpg
900660,/Users/aspen/PycharmProjects/CMPU-395-Project/data/streetview_images/900660.0_694.jpg
900840,/Users/aspen/PycharmProjects/CMPU-395-Project/data/streetview_images/900840.0_695.jpg
900840,/Users/aspen/PycharmProjects/CMPU-395-Project/data/streetview_images/900840.0_696.jpg
900840,/Users/aspen/PycharmProjects/CMPU-395-Project/data/streetview_images/900840.0_697.jpg
900840,/Users/aspen/PycharmProjects/CMPU-395-Project/data/streetview_images/900840.0_698.jpg
900840,/Users/aspen/PycharmProjects/CMPU-395-Project/data/streetview_images/900840.0_699.jpg
900840,/Users/aspen/PycharmProjects/CMPU-395-Project/data/streetview_images/900840.0_700.jpg
900840,/Users/aspen/PycharmProjects/CMPU-395-Project/data/streetview_images/900840.0_701.jpg
900840,/Users/aspen/PycharmProjects/CMPU-395-Project/data/streetview_images/900840.0_702.jpg
900840,/Users/aspen/PycharmProjects/CMPU-395-Project/data/streetview_images/900840.0_703.jpg
900840,/Users/aspen/PycharmProjects/CMPU-395-Project/data/streetview_images/900840.0_704.jpg
900840,/Users/aspen/PycharmProjects/CMPU-395-Project/data/streetview_images/900840.0_705.jpg
900840,/Users/aspen/PycharmProjects/CMPU-395-Project/data/streetview_images/900840.0_706.jpg
900840,/Users/aspen/PycharmProjects/CMPU-395-Project/data/streetview_images/900840.0_707.jpg
900840,/Users/aspen/PycharmProjects/CMPU-395-Project/data/streetview_images/900840.0_708.jpg
900840,/Users/aspen/PycharmProjects/CMPU-395-Project/data/streetview_images/900840.0_709.jpg
900840,/Users/aspen/PycharmProjects/CMPU-395-Project/data/streetview_images/900840.0_710.jpg
900840,/Users/aspen/PycharmProjects/CMPU-395-Project/data/streetview_images/900840.0_711.jpg
900840,/Users/aspen/PycharmProjects/CMPU-395-Project/data/streetview_images/900840.0_712.jpg
901500,/Users/aspen/PycharmProjects/CMPU-395-Project/data/streetview_images/901500.0_713.jpg
901500,/Users/aspen/PycharmProjects/CMPU-395-Project/data/streetview_images/901500.0_714.jpg
901500,/Users/aspen/PycharmProjects/CMPU-395-Project/data/streetview_images/901500.0_715.jpg
901500,/Users/aspen/PycharmProjects/CMPU-395-Project/data/streetview_images/901500.0_716.jpg
901500,/Users/aspen/PycharmProjects/CMPU-395-Project/data/streetview_images/901500.0_717.jpg
901500,/Users/aspen/PycharmProjects/CMPU-395-Project/data/streetview_images/901500.0_718.jpg
901500,/Users/aspen/PycharmProjects/CMPU-395-Project/data/streetview_images/901500.0_719.jpg
901500,/Users/aspen/PycharmProjects/CMPU-395-Project/data/streetview_images/901500.0_720.jpg
901500,/Users/aspen/PycharmProjects/CMPU-395-Project/data/streetview_images/901500.0_721.jpg
901500,/Users/aspen/PycharmProjects/CMPU-395-Project/data/streetview_images/901500.0_722.jpg
901500,/Users/aspen/PycharmProjects/CMPU-395-Project/data/streetview_images/901500.0_723.jpg
901500,/Users/aspen/PycharmProjects/CMPU-395-Project/data/streetview_images/901500.0_724.jpg
901500,/Users/aspen/PycharmProjects/CMPU-395-Project/data/streetview_images/901500.0_725.jpg
901500,/Users/aspen/PycharmProjects/CMPU-395-Project/data/streetview_images/901500.0_726.jpg
901500,/Users/aspen/PycharmProjects/CMPU-395-Project/data/streetview_images/901500.0_727.jpg
901500,/Users/aspen/PycharmProjects/CMPU-395-Project/data/streetview_images/901500.0_728.jpg
901500,/Users/aspen/PycharmProjects/CMPU-395-Project/data/streetview_images/901500.0_729.jpg
901500,/Users/aspen/PycharmProjects/CMPU-395-Project/data/streetview_images/901500.0_730.jpg
901500,/Users/aspen/PycharmProjects/CMPU-395-Project/data/streetview_images/901500.0_731.jpg
901500,/Users/aspen/PycharmProjects/CMPU-395-Project/data/streetview_images/901500.0_732.jpg
901500,/Users/aspen/PycharmProjects/CMPU-395-Project/data/streetview_images/901500.0_733.jpg
901500,/Users/aspen/PycharmProjects/CMPU-395-Project/data/streetview_images/901500.0_734.jpg
901500,/Users/aspen/PycharmProjects/CMPU-395-Project/data/streetview_images/901500.0_735.jpg
901500,/Users/aspen/PycharmProjects/CMPU-395-Project/data/streetview_images/901500.0_736.jpg
901500,/Users/aspen/PycharmProjects/CMPU-395-Project/data/streetview_images/901500.0_737.jpg
901500,/Users/aspen/PycharmProjects/CMPU-395-Project/data/streetview_images/901500.0_738.jpg
901500,/Users/aspen/PycharmProjects/CMPU-395-Project/data/streetview_images/901500.0_739.jpg
901500,/Users/aspen/PycharmProjects/CMPU-395-Project/data/streetview_images/901500.0_740.jpg
901500,/Users/aspen/PycharmProjects/CMPU-395-Project/data/streetview_images/901500.0_741.jpg
901500,/Users/aspen/PycharmProjects/CMPU-395-Project/data/streetview_images/901500.0_742.jpg
901500,/Users/aspen/PycharmProjects/CMPU-395-Project/data/streetview_images/901500.0_743.jpg
901500,/Users/aspen/PycharmProjects/CMPU-395-Project/data/streetview_images/901500.0_744.jpg
901500,/Users/aspen/PycharmProjects/CMPU-395-Project/data/streetview_images/901500.0_745.jpg
901500,/Users/aspen/PycharmProjects/CMPU-395-Project/data/streetview_images/901500.0_746.jpg
901500,/Users/aspen/PycharmProjects/CMPU-395-Project/data/streetview_images/901500.0_747.jpg
901500,/Users/aspen/PycharmProjects/CMPU-395-Project/data/streetview_images/901500.0_748.jpg
