district_id,district_name,stateabb,pano_id,pano_lat,pano_lon,heading,image_path,download_success,downloaded_at
100013,,,,,,0,C:\Users\aspen\Desktop\CMPU395\CMPU-395-Project\data\streetview_images\100013.0_0.jpg,True,
100013,,,,,,0,C:\Users\aspen\Desktop\CMPU395\CMPU-395-Project\data\streetview_images\100013.0_1.jpg,True,
100013,,,,,,0,C:\Users\aspen\Desktop\CMPU395\CMPU-395-Project\data\streetview_images\100013.0_10.jpg,True,
100013,,,,,,0,C:\Users\aspen\Desktop\CMPU395\CMPU-395-Project\data\streetview_images\100013.0_11.jpg,True,
100013,,,,,,0,C:\Users\aspen\Desktop\CMPU395\CMPU-395-Project\data\streetview_images\100013.0_12.jpg,True,
100013,,,,,,0,C:\Users\aspen\Desktop\CMPU395\CMPU-395-Project\data\streetview_images\100013.0_13.jpg,True,
100013,,,,,,0,C:\Users\aspen\Desktop\CMPU395\CMPU-395-Project\data\streetview_images\100013.0_14.jpg,True,
100013,,,,,,0,C:\Users\aspen\Desktop\CMPU395\CMPU-395-Project\data\streetview_images\100013.0_15.jpg,True,
100013,,,,,,0,C:\Users\aspen\Desktop\CMPU395\CMPU-395-Project\data\streetview_images\100013.0_16.jpg,True,
100013,,,,,,0,C:\Users\aspen\Desktop\CMPU395\CMPU-395-Project\data\streetview_images\100013.0_17.jpg,True,
100013,,,,,,0,C:\Users\aspen\Desktop\CMPU395\CMPU-395-Project\data\streetview_images\100013.0_18.jpg,True,
100013,,,,,,0,C:\Users\aspen\Desktop\CMPU395\CMPU-395-Project\data\streetview_images\100013.0_19.jpg,True,
100013,,,,,,0,C:\Users\aspen\Desktop\CMPU395\CMPU-395-Project\data\streetview_images\100013.0_2.jpg,True,
100013,,,,,,0,C:\Users\aspen\Desktop\CMPU395\CMPU-395-Project\data\streetview_images\100013.0_20.jpg,True,
100013,,,,,,0,C:\Users\aspen\Desktop\CMPU395\CMPU-395-Project\data\streetview_images\100013.0_21.jpg,True,
100013,,,,,,0,C:\Users\aspen\Desktop\CMPU395\CMPU-395-Project\data\streetview_images\100013.0_22.jpg,True,
100013,,,,,,0,C:\Users\aspen\Desktop\CMPU395\CMPU-395-Project\data\streetview_images\100013.0_23.jpg,True,
100013,,,,,,0,C:\Users\aspen\Desktop\CMPU395\CMPU-395-Project\data\streetview_images\100013.0_24.jpg,True,
100013,,,,,,0,C:\Users\aspen\Desktop\CMPU395\CMPU-395-Project\data\streetview_images\100013.0_25.jpg,True,
100013,,,,,,0,C:\Users\aspen\Desktop\CMPU395\CMPU-395-Project\data\streetview_images\100013.0_26.jpg,True,
100013,,,,,,0,C:\Users\aspen\Desktop\CMPU395\CMPU-395-Project\data\streetview_images\100013.0_27.jpg,True,
100013,,,,,,0,C:\Users\aspen\Desktop\CMPU395\CMPU-395-Project\data\streetview_images\100013.0_28.jpg,True,
100013,,,,,,0,C:\Users\aspen\Desktop\CMPU395\CMPU-395-Project\data\streetview_images\100013.0_3.jpg,True,
100013,,,,,,0,C:\Users\aspen\Desktop\CMPU395\CMPU-395-Project\data\streetview_images\100013.0_4.jpg,True,
100013,,,,,,0,C:\Users\aspen\Desktop\CMPU395\CMPU-395-Project\data\streetview_images\100013.0_5.jpg,True,
100013,,,,,,0,C:\Users\aspen\Desktop\CMPU395\CMPU-395-Project\data\streetview_images\100013.0_6.jpg,True,
100013,,,,,,0,C:\Users\aspen\Desktop\CMPU395\CMPU-395-Project\data\streetview_images\100013.0_7.jpg,True,
100013,,,,,,0,C:\Users\aspen\Desktop\CMPU395\CMPU-395-Project\data\streetview_images\100013.0_8.jpg,True,
100013,,,,,,0,C:\Users\aspen\Desktop\CMPU395\CMPU-395-Project\data\streetview_images\100013.0_9.jpg,True,
100100,,,,,,0,C:\Users\aspen\Desktop\CMPU395\CMPU-395-Project\data\streetview_images\100100.0_29.jpg,True,
100100,,,,,,0,C:\Users\aspen\Desktop\CMPU395\CMPU-395-Project\data\streetview_images\100100.0_30.jpg,True,
100100,,,,,,0,C:\Users\aspen\Desktop\CMPU395\CMPU-395-Project\data\streetview_images\100100.0_31.jpg,True,
100100,,,,,,0,C:\Users\aspen\Desktop\CMPU395\CMPU-395-Project\data\streetview_images\100100.0_32.jpg,True,
100100,,,,,,0,C:\Users\aspen\Desktop\CMPU395\CMPU-395-Project\data\streetview_images\100100.0_33.jpg,True,
100100,,,,,,0,C:\Users\aspen\Desktop\CMPU395\CMPU-395-Project\data\streetview_images\100100.0_34.jpg,True,
100100,,,,,,0,C:\Users\aspen\Desktop\CMPU395\CMPU-395-Project\data\streetview_images\100100.0_35.jpg,True,
100100,,,,,,0,C:\Users\aspen\Desktop\CMPU395\CMPU-395-Project\data\streetview_images\100100.0_36.jpg,True,
100100,,,,,,0,C:\Users\aspen\Desktop\CMPU395\CMPU-395-Project\data\streetview_images\100100.0_37.jpg,True,
100100,,,,,,0,C:\Users\aspen\Desktop\CMPU395\CMPU-395-Project\data\streetview_images\100100.0_38.jpg,True,
100100,,,,,,0,C:\Users\aspen\Desktop\CMPU395\CMPU-395-Project\data\streetview_images\100100.0_39.jpg,True,
100100,,,,,,0,C:\Users\aspen\Desktop\CMPU395\CMPU-395-Project\data\streetview_images\100100.0_40.jpg,True,
100100,,,,,,0,C:\Users\aspen\Desktop\CMPU395\CMPU-395-Project\data\streetview_images\100100.0_41.jpg,True,
100100,,,,,,0,C:\Users\aspen\Desktop\CMPU395\CMPU-395-Project\data\streetview_images\100100.0_42.jpg,True,
100100,,,,,,0,C:\Users\aspen\Desktop\CMPU395\CMPU-395-Project\data\streetview_images\100100.0_43.jpg,True,
100100,,,,,,0,C:\Users\aspen\Desktop\CMPU395\CMPU-395-Project\data\streetview_images\100100.0_44.jpg,True,
100100,,,,,,0,C:\Users\aspen\Desktop\CMPU395\CMPU-395-Project\data\streetview_images\100100.0_45.jpg,True,
100100,,,,,,0,C:\Users\aspen\Desktop\CMPU395\CMPU-395-Project\data\streetview_images\100100.0_46.jpg,True,
100100,,,,,,0,C:\Users\aspen\Desktop\CMPU395\CMPU-395-Project\data\streetview_images\100100.0_47.jpg,True,
100100,,,,,,0,C:\Users\aspen\Desktop\CMPU395\CMPU-395-Project\data\streetview_images\100100.0_48.jpg,True,
100100,,,,,,0,C:\Users\aspen\Desktop\CMPU395\CMPU-395-Project\data\streetview_images\100100.0_49.jpg,True,
100100,,,,,,0,C:\Users\aspen\Desktop\CMPU395\CMPU-395-Project\data\streetview_images\100100.0_50.jpg,True,
100100,,,,,,0,C:\Users\aspen\Desktop\CMPU395\CMPU-395-Project\data\streetview_images\100100.0_51.jpg,True,
100100,,,,,,0,C:\Users\aspen\Desktop\CMPU395\CMPU-395-Project\data\streetview_images\100100.0_52.jpg,True,
100100,,,,,,0,C:\Users\aspen\Desktop\CMPU395\CMPU-395-Project\data\streetview_images\100100.0_53.jpg,True,
100100,,,,,,0,C:\Users\aspen\Desktop\CMPU395\CMPU-395-Project\data\streetview_images\100100.0_54.jpg,True,
100100,,,,,,0,C:\Users\aspen\Desktop\CMPU395\CMPU-395-Project\data\streetview_images\100100.0_55.jpg,True,
100100,,,,,,0,C:\Users\aspen\Desktop\CMPU395\CMPU-395-Project\data\streetview_images\100100.0_56.jpg,True,
100100,,,,,,0,C:\Users\aspen\Desktop\CMPU395\CMPU-395-Project\data\streetview_images\100100.0_57.jpg,True,
100100,,,,,,0,C:\Users\aspen\Desktop\CMPU395\CMPU-395-Project\data\streetview_images\100100.0_58.jpg,True,
100100,,,,,,0,C:\Users\aspen\Desktop\CMPU395\CMPU-395-Project\data\streetview_images\100100.0_59.jpg,True,
100100,,,,,,0,C:\Users\aspen\Desktop\CMPU395\CMPU-395-Project\data\streetview_images\100100.0_60.jpg,True,
100100,,,,,,0,C:\Users\aspen\Desktop\CMPU395\CMPU-395-Project\data\streetview_images\100100.0_61.jpg,True,
100100,,,,,,0,C:\Users\aspen\Desktop\CMPU395\CMPU-395-Project\data\streetview_images\100100.0_62.jpg,True,
100100,,,,,,0,C:\Users\aspen\Desktop\CMPU395\CMPU-395-Project\data\streetview_images\100100.0_63.jpg,True,
100100,,,,,,0,C:\Users\aspen\Desktop\CMPU395\CMPU-395-Project\data\streetview_images\100100.0_64.jpg,True,
100100,,,,,,0,C:\Users\aspen\Desktop\CMPU395\CMPU-395-Project\data\streetview_images\100100.0_65.jpg,True,
100100,,,,,,0,C:\Users\aspen\Desktop\CMPU395\CMPU-395-Project\data\streetview_images\100100.0_66.jpg,True,
100100,,,,,,0,C:\Users\aspen\Desktop\CMPU395\CMPU-395-Project\data\streetview_images\100100.0_67.jpg,True,
100100,,,,,,0,C:\Users\aspen\Desktop\CMPU395\CMPU-395-Project\data\streetview_images\100100.0_68.jpg,True,
100120,,,,,,0,C:\Users\aspen\Desktop\CMPU395\CMPU-395-Project\data\streetview_images\100120.0_100.jpg,True,
100120,,,,,,0,C:\Users\aspen\Desktop\CMPU395\CMPU-395-Project\data\streetview_images\100120.0_101.jpg,True,
100120,,,,,,0,C:\Users\aspen\Desktop\CMPU395\CMPU-395-Project\data\streetview_images\100120.0_102.jpg,True,
100120,,,,,,0,C:\Users\aspen\Desktop\CMPU395\CMPU-395-Project\data\streetview_images\100120.0_69.jpg,True,
100120,,,,,,0,C:\Users\aspen\Desktop\CMPU395\CMPU-395-Project\data\streetview_images\100120.0_70.jpg,True,
100120,,,,,,0,C:\Users\aspen\Desktop\CMPU395\CMPU-395-Project\data\streetview_images\100120.0_71.jpg,True,
100120,,,,,,0,C:\Users\aspen\Desktop\CMPU395\CMPU-395-Project\data\streetview_images\100120.0_72.jpg,True,
100120,,,,,,0,C:\Users\aspen\Desktop\CMPU395\CMPU-395-Project\data\streetview_images\100120.0_73.jpg,True,
100120,,,,,,0,C:\Users\aspen\Desktop\CMPU395\CMPU-395-Project\data\streetview_images\100120.0_74.jpg,True,
100120,,,,,,0,C:\Users\aspen\Desktop\CMPU395\CMPU-395-Project\data\streetview_images\100120.0_75.jpg,True,
100120,,,,,,0,C:\Users\aspen\Desktop\CMPU395\CMPU-395-Project\data\streetview_images\100120.0_76.jpg,True,
100120,,,,,,0,C:\Users\aspen\Desktop\CMPU395\CMPU-395-Project\data\streetview_images\100120.0_77.jpg,True,
100120,,,,,,0,C:\Users\aspen\Desktop\CMPU395\CMPU-395-Project\data\streetview_images\100120.0_78.jpg,True,
100120,,,,,,0,C:\Users\aspen\Desktop\CMPU395\CMPU-395-Project\data\streetview_images\100120.0_79.jpg,True,
100120,,,,,,0,C:\Users\aspen\Desktop\CMPU395\CMPU-395-Project\data\streetview_images\100120.0_80.jpg,True,
100120,,,,,,0,C:\Users\aspen\Desktop\CMPU395\CMPU-395-Project\data\streetview_images\100120.0_81.jpg,True,
100120,,,,,,0,C:\Users\aspen\Desktop\CMPU395\CMPU-395-Project\data\streetview_images\100120.0_82.jpg,True,
100120,,,,,,0,C:\Users\aspen\Desktop\CMPU395\CMPU-395-Project\data\streetview_images\100120.0_83.jpg,True,
100120,,,,,,0,C:\Users\aspen\Desktop\CMPU395\CMPU-395-Project\data\streetview_images\100120.0_84.jpg,True,
100120,,,,,,0,C:\Users\aspen\Desktop\CMPU395\CMPU-395-Project\data\streetview_images\100120.0_85.jpg,True,
100120,,,,,,0,C:\Users\aspen\Desktop\CMPU395\CMPU-395-Project\data\streetview_images\100120.0_86.jpg,True,
100120,,,,,,0,C:\Users\aspen\Desktop\CMPU395\CMPU-395-Project\data\streetview_images\100120.0_87.jpg,True,
100120,,,,,,0,C:\Users\aspen\Desktop\CMPU395\CMPU-395-Project\data\streetview_images\100120.0_88.jpg,True,
100120,,,,,,0,C:\Users\aspen\Desktop\CMPU395\CMPU-395-Project\data\streetview_images\100120.0_89.jpg,True,
100120,,,,,,0,C:\Users\aspen\Desktop\CMPU395\CMPU-395-Project\data\streetview_images\100120.0_90.jpg,True,
100120,,,,,,0,C:\Users\aspen\Desktop\CMPU395\CMPU-395-Project\data\streetview_images\100120.0_91.jpg,True,
100120,,,,,,0,C:\Users\aspen\Desktop\CMPU395\CMPU-395-Project\data\streetview_images\100120.0_92.jpg,True,
100120,,,,,,0,C:\Users\aspen\Desktop\CMPU395\CMPU-395-Project\data\streetview_images\100120.0_93.jpg,True,
100120,,,,,,0,C:\Users\aspen\Desktop\CMPU395\CMPU-395-Project\data\streetview_images\100120.0_94.jpg,True,
100120,,,,,,0,C:\Users\aspen\Desktop\CMPU395\CMPU-395-Project\data\streetview_images\100120.0_95.jpg,True,
100120,,,,,,0,C:\Users\aspen\Desktop\CMPU395\CMPU-395-Project\data\streetview_images\100120.0_96.jpg,True,
100120,,,,,,0,C:\Users\aspen\Desktop\CMPU395\CMPU-395-Project\data\streetview_images\100120.0_97.jpg,True,
100120,,,,,,0,C:\Users\aspen\Desktop\CMPU395\CMPU-395-Project\data\streetview_images\100120.0_98.jpg,True,
100120,,,,,,0,C:\Users\aspen\Desktop\CMPU395\CMPU-395-Project\data\streetview_images\100120.0_99.jpg,True,
100900,,,,,,0,C:\Users\aspen\Desktop\CMPU395\CMPU-395-Project\data\streetview_images\100900.0_103.jpg,True,
100900,,,,,,0,C:\Users\aspen\Desktop\CMPU395\CMPU-395-Project\data\streetview_images\100900.0_104.jpg,True,
100900,,,,,,0,C:\Users\aspen\Desktop\CMPU395\CMPU-395-Project\data\streetview_images\100900.0_105.jpg,True,
100900,,,,,,0,C:\Users\aspen\Desktop\CMPU395\CMPU-395-Project\data\streetview_images\100900.0_106.jpg,True,
100900,,,,,,0,C:\Users\aspen\Desktop\CMPU395\CMPU-395-Project\data\streetview_images\100900.0_107.jpg,True,
102850,,,,,,0,C:\Users\aspen\Desktop\CMPU395\CMPU-395-Project\data\streetview_images\102850.0_108.jpg,True,
102850,,,,,,0,C:\Users\aspen\Desktop\CMPU395\CMPU-395-Project\data\streetview_images\102850.0_109.jpg,True,
102850,,,,,,0,C:\Users\aspen\Desktop\CMPU395\CMPU-395-Project\data\streetview_images\102850.0_110.jpg,True,
102850,,,,,,0,C:\Users\aspen\Desktop\CMPU395\CMPU-395-Project\data\streetview_images\102850.0_111.jpg,True,
102850,,,,,,0,C:\Users\aspen\Desktop\CMPU395\CMPU-395-Project\data\streetview_images\102850.0_112.jpg,True,
102850,,,,,,0,C:\Users\aspen\Desktop\CMPU395\CMPU-395-Project\data\streetview_images\102850.0_113.jpg,True,
102850,,,,,,0,C:\Users\aspen\Desktop\CMPU395\CMPU-395-Project\data\streetview_images\102850.0_114.jpg,True,
102850,,,,,,0,C:\Users\aspen\Desktop\CMPU395\CMPU-395-Project\data\streetview_images\102850.0_115.jpg,True,
102850,,,,,,0,C:\Users\aspen\Desktop\CMPU395\CMPU-395-Project\data\streetview_images\102850.0_116.jpg,True,
102850,,,,,,0,C:\Users\aspen\Desktop\CMPU395\CMPU-395-Project\data\streetview_images\102850.0_117.jpg,True,
102850,,,,,,0,C:\Users\aspen\Desktop\CMPU395\CMPU-395-Project\data\streetview_images\102850.0_118.jpg,True,
102850,,,,,,0,C:\Users\aspen\Desktop\CMPU395\CMPU-395-Project\data\streetview_images\102850.0_119.jpg,True,
102850,,,,,,0,C:\Users\aspen\Desktop\CMPU395\CMPU-395-Project\data\streetview_images\102850.0_120.jpg,True,
102850,,,,,,0,C:\Users\aspen\Desktop\CMPU395\CMPU-395-Project\data\streetview_images\102850.0_121.jpg,True,
102850,,,,,,0,C:\Users\aspen\Desktop\CMPU395\CMPU-395-Project\data\streetview_images\102850.0_122.jpg,True,
102850,,,,,,0,C:\Users\aspen\Desktop\CMPU395\CMPU-395-Project\data\streetview_images\102850.0_123.jpg,True,
102850,,,,,,0,C:\Users\aspen\Desktop\CMPU395\CMPU-395-Project\data\streetview_images\102850.0_124.jpg,True,
102850,,,,,,0,C:\Users\aspen\Desktop\CMPU395\CMPU-395-Project\data\streetview_images\102850.0_125.jpg,True,
102850,,,,,,0,C:\Users\aspen\Desktop\CMPU395\CMPU-395-Project\data\streetview_images\102850.0_126.jpg,True,
102850,,,,,,0,C:\Users\aspen\Desktop\CMPU395\CMPU-395-Project\data\streetview_images\102850.0_127.jpg,True,
102850,,,,,,0,C:\Users\aspen\Desktop\CMPU395\CMPU-395-Project\data\streetview_images\102850.0_128.jpg,True,
1200330,,,,,,0,C:\Users\aspen\Desktop\CMPU395\CMPU-395-Project\data\streetview_images\1200330.0_749.jpg,True,
1200330,,,,,,0,C:\Users\aspen\Desktop\CMPU395\CMPU-395-Project\data\streetview_images\1200330.0_750.jpg,True,
1200330,,,,,,0,C:\Users\aspen\Desktop\CMPU395\CMPU-395-Project\data\streetview_images\1200330.0_751.jpg,True,
1201410,,,,,,0,C:\Users\aspen\Desktop\CMPU395\CMPU-395-Project\data\streetview_images\1201410.0_752.jpg,True,
1201410,,,,,,0,C:\Users\aspen\Desktop\CMPU395\CMPU-395-Project\data\streetview_images\1201410.0_753.jpg,True,
1301140,,,,,,0,C:\Users\aspen\Desktop\CMPU395\CMPU-395-Project\data\streetview_images\1301140.0_754.jpg,True,
1301140,,,,,,0,C:\Users\aspen\Desktop\CMPU395\CMPU-395-Project\data\streetview_images\1301140.0_755.jpg,True,
1301140,,,,,,0,C:\Users\aspen\Desktop\CMPU395\CMPU-395-Project\data\streetview_images\1301140.0_756.jpg,True,
1301140,,,,,,0,C:\Users\aspen\Desktop\CMPU395\CMPU-395-Project\data\streetview_images\1301140.0_757.jpg,True,
1301140,,,,,,0,C:\Users\aspen\Desktop\CMPU395\CMPU-395-Project\data\streetview_images\1301140.0_758.jpg,True,
1301140,,,,,,0,C:\Users\aspen\Desktop\CMPU395\CMPU-395-Project\data\streetview_images\1301140.0_759.jpg,True,
1301140,,,,,,0,C:\Users\aspen\Desktop\CMPU395\CMPU-395-Project\data\streetview_images\1301140.0_760.jpg,True,
1301140,,,,,,0,C:\Users\aspen\Desktop\CMPU395\CMPU-395-Project\data\streetview_images\1301140.0_761.jpg,True,
1301140,,,,,,0,C:\Users\aspen\Desktop\CMPU395\CMPU-395-Project\data\streetview_images\1301140.0_762.jpg,True,
1301140,,,,,,0,C:\Users\aspen\Desktop\CMPU395\CMPU-395-Project\data\streetview_images\1301140.0_763.jpg,True,
1301140,,,,,,0,C:\Users\aspen\Desktop\CMPU395\CMPU-395-Project\data\streetview_images\1301140.0_764.jpg,True,
1301140,,,,,,0,C:\Users\aspen\Desktop\CMPU395\CMPU-395-Project\data\streetview_images\1301140.0_765.jpg,True,
1301140,,,,,,0,C:\Users\aspen\Desktop\CMPU395\CMPU-395-Project\data\streetview_images\1301140.0_766.jpg,True,
1301140,,,,,,0,C:\Users\aspen\Desktop\CMPU395\CMPU-395-Project\data\streetview_images\1301140.0_767.jpg,True,
1301140,,,,,,0,C:\Users\aspen\Desktop\CMPU395\CMPU-395-Project\data\streetview_images\1301140.0_768.jpg,True,
1301140,,,,,,0,C:\Users\aspen\Desktop\CMPU395\CMPU-395-Project\data\streetview_images\1301140.0_769.jpg,True,
1301140,,,,,,0,C:\Users\aspen\Desktop\CMPU395\CMPU-395-Project\data\streetview_images\1301140.0_770.jpg,True,
1301140,,,,,,0,C:\Users\aspen\Desktop\CMPU395\CMPU-395-Project\data\streetview_images\1301140.0_771.jpg,True,
1301140,,,,,,0,C:\Users\aspen\Desktop\CMPU395\CMPU-395-Project\data\streetview_images\1301140.0_772.jpg,True,
1301140,,,,,,0,C:\Users\aspen\Desktop\CMPU395\CMPU-395-Project\data\streetview_images\1301140.0_773.jpg,True,
1301140,,,,,,0,C:\Users\aspen\Desktop\CMPU395\CMPU-395-Project\data\streetview_images\1301140.0_774.jpg,True,
1301140,,,,,,0,C:\Users\aspen\Desktop\CMPU395\CMPU-395-Project\data\streetview_images\1301140.0_775.jpg,True,
1301140,,,,,,0,C:\Users\aspen\Desktop\CMPU395\CMPU-395-Project\data\streetview_images\1301140.0_776.jpg,True,
1301140,,,,,,0,C:\Users\aspen\Desktop\CMPU395\CMPU-395-Project\data\streetview_images\1301140.0_777.jpg,True,
1301140,,,,,,0,C:\Users\aspen\Desktop\CMPU395\CMPU-395-Project\data\streetview_images\1301140.0_778.jpg,True,
1301140,,,,,,0,C:\Users\aspen\Desktop\CMPU395\CMPU-395-Project\data\streetview_images\1301140.0_779.jpg,True,
1301140,,,,,,0,C:\Users\aspen\Desktop\CMPU395\CMPU-395-Project\data\streetview_images\1301140.0_780.jpg,True,
1301140,,,,,,0,C:\Users\aspen\Desktop\CMPU395\CMPU-395-Project\data\streetview_images\1301140.0_781.jpg,True,
1301140,,,,,,0,C:\Users\aspen\Desktop\CMPU395\CMPU-395-Project\data\streetview_images\1301140.0_782.jpg,True,
1301140,,,,,,0,C:\Users\aspen\Desktop\CMPU395\CMPU-395-Project\data\streetview_images\1301140.0_783.jpg,True,
1301140,,,,,,0,C:\Users\aspen\Desktop\CMPU395\CMPU-395-Project\data\streetview_images\1301140.0_784.jpg,True,
1301140,,,,,,0,C:\Users\aspen\Desktop\CMPU395\CMPU-395-Project\data\streetview_images\1301140.0_785.jpg,True,
1301140,,,,,,0,C:\Users\aspen\Desktop\CMPU395\CMPU-395-Project\data\streetview_images\1301140.0_786.jpg,True,
1301140,,,,,,0,C:\Users\aspen\Desktop\CMPU395\CMPU-395-Project\data\streetview_images\1301140.0_787.jpg,True,
1301140,,,,,,0,C:\Users\aspen\Desktop\CMPU395\CMPU-395-Project\data\streetview_images\1301140.0_788.jpg,True,
1301140,,,,,,0,C:\Users\aspen\Desktop\CMPU395\CMPU-395-Project\data\streetview_images\1301140.0_789.jpg,True,
1301470,,,,,,0,C:\Users\aspen\Desktop\CMPU395\CMPU-395-Project\data\streetview_images\1301470.0_790.jpg,True,
1301470,,,,,,0,C:\Users\aspen\Desktop\CMPU395\CMPU-395-Project\data\streetview_images\1301470.0_791.jpg,True,
1301470,,,,,,0,C:\Users\aspen\Desktop\CMPU395\CMPU-395-Project\data\streetview_images\1301470.0_792.jpg,True,
1301470,,,,,,0,C:\Users\aspen\Desktop\CMPU395\CMPU-395-Project\data\streetview_images\1301470.0_793.jpg,True,
1301470,,,,,,0,C:\Users\aspen\Desktop\CMPU395\CMPU-395-Project\data\streetview_images\1301470.0_794.jpg,True,
1303150,,,,,,0,C:\Users\aspen\Desktop\CMPU395\CMPU-395-Project\data\streetview_images\1303150.0_795.jpg,True,
1303150,,,,,,0,C:\Users\aspen\Desktop\CMPU395\CMPU-395-Project\data\streetview_images\1303150.0_796.jpg,True,
1303150,,,,,,0,C:\Users\aspen\Desktop\CMPU395\CMPU-395-Project\data\streetview_images\1303150.0_797.jpg,True,
1303150,,,,,,0,C:\Users\aspen\Desktop\CMPU395\CMPU-395-Project\data\streetview_images\1303150.0_798.jpg,True,
1303150,,,,,,0,C:\Users\aspen\Desktop\CMPU395\CMPU-395-Project\data\streetview_images\1303150.0_799.jpg,True,
1303150,,,,,,0,C:\Users\aspen\Desktop\CMPU395\CMPU-395-Project\data\streetview_images\1303150.0_800.jpg,True,
1303150,,,,,,0,C:\Users\aspen\Desktop\CMPU395\CMPU-395-Project\data\streetview_images\1303150.0_801.jpg,True,
1303150,,,,,,0,C:\Users\aspen\Desktop\CMPU395\CMPU-395-Project\data\streetview_images\1303150.0_802.jpg,True,
1303150,,,,,,0,C:\Users\aspen\Desktop\CMPU395\CMPU-395-Project\data\streetview_images\1303150.0_803.jpg,True,
1303150,,,,,,0,C:\Users\aspen\Desktop\CMPU395\CMPU-395-Project\data\streetview_images\1303150.0_804.jpg,True,
1303150,,,,,,0,C:\Users\aspen\Desktop\CMPU395\CMPU-395-Project\data\streetview_images\1303150.0_805.jpg,True,
1303150,,,,,,0,C:\Users\aspen\Desktop\CMPU395\CMPU-395-Project\data\streetview_images\1303150.0_806.jpg,True,
1303150,,,,,,0,C:\Users\aspen\Desktop\CMPU395\CMPU-395-Project\data\streetview_images\1303150.0_807.jpg,True,
1303150,,,,,,0,C:\Users\aspen\Desktop\CMPU395\CMPU-395-Project\data\streetview_images\1303150.0_808.jpg,True,
1601140,,,,,,0,C:\Users\aspen\Desktop\CMPU395\CMPU-395-Project\data\streetview_images\1601140.0_809.jpg,True,
1601140,,,,,,0,C:\Users\aspen\Desktop\CMPU395\CMPU-395-Project\data\streetview_images\1601140.0_810.jpg,True,
1601140,,,,,,0,C:\Users\aspen\Desktop\CMPU395\CMPU-395-Project\data\streetview_images\1601140.0_811.jpg,True,
1601140,,,,,,0,C:\Users\aspen\Desktop\CMPU395\CMPU-395-Project\data\streetview_images\1601140.0_812.jpg,True,
1601140,,,,,,0,C:\Users\aspen\Desktop\CMPU395\CMPU-395-Project\data\streetview_images\1601140.0_813.jpg,True,
1602550,,,,,,0,C:\Users\aspen\Desktop\CMPU395\CMPU-395-Project\data\streetview_images\1602550.0_814.jpg,True,
1602550,,,,,,0,C:\Users\aspen\Desktop\CMPU395\CMPU-395-Project\data\streetview_images\1602550.0_815.jpg,True,
1602550,,,,,,0,C:\Users\aspen\Desktop\CMPU395\CMPU-395-Project\data\streetview_images\1602550.0_816.jpg,True,
1602550,,,,,,0,C:\Users\aspen\Desktop\CMPU395\CMPU-395-Project\data\streetview_images\1602550.0_817.jpg,True,
1602550,,,,,,0,C:\Users\aspen\Desktop\CMPU395\CMPU-395-Project\data\streetview_images\1602550.0_818.jpg,True,
1602550,,,,,,0,C:\Users\aspen\Desktop\CMPU395\CMPU-395-Project\data\streetview_images\1602550.0_819.jpg,True,
1602550,,,,,,0,C:\Users\aspen\Desktop\CMPU395\CMPU-395-Project\data\streetview_images\1602550.0_820.jpg,True,
1602550,,,,,,0,C:\Users\aspen\Desktop\CMPU395\CMPU-395-Project\data\streetview_images\1602550.0_821.jpg,True,
1602550,,,,,,0,C:\Users\aspen\Desktop\CMPU395\CMPU-395-Project\data\streetview_images\1602550.0_822.jpg,True,
1602550,,,,,,0,C:\Users\aspen\Desktop\CMPU395\CMPU-395-Project\data\streetview_images\1602550.0_823.jpg,True,
1700065,,,,,,0,C:\Users\aspen\Desktop\CMPU395\CMPU-395-Project\data\streetview_images\1700065.0_824.jpg,True,
1700065,,,,,,0,C:\Users\aspen\Desktop\CMPU395\CMPU-395-Project\data\streetview_images\1700065.0_825.jpg,True,
1700065,,,,,,0,C:\Users\aspen\Desktop\CMPU395\CMPU-395-Project\data\streetview_images\1700065.0_826.jpg,True,
1700065,,,,,,0,C:\Users\aspen\Desktop\CMPU395\CMPU-395-Project\data\streetview_images\1700065.0_827.jpg,True,
1700065,,,,,,0,C:\Users\aspen\Desktop\CMPU395\CMPU-395-Project\data\streetview_images\1700065.0_828.jpg,True,
1700065,,,,,,0,C:\Users\aspen\Desktop\CMPU395\CMPU-395-Project\data\streetview_images\1700065.0_829.jpg,True,
1700065,,,,,,0,C:\Users\aspen\Desktop\CMPU395\CMPU-395-Project\data\streetview_images\1700065.0_830.jpg,True,
1700065,,,,,,0,C:\Users\aspen\Desktop\CMPU395\CMPU-395-Project\data\streetview_images\1700065.0_831.jpg,True,
1700065,,,,,,0,C:\Users\aspen\Desktop\CMPU395\CMPU-395-Project\data\streetview_images\1700065.0_832.jpg,True,
1700065,,,,,,0,C:\Users\aspen\Desktop\CMPU395\CMPU-395-Project\data\streetview_images\1700065.0_833.jpg,True,
1700102,,,,,,0,C:\Users\aspen\Desktop\CMPU395\CMPU-395-Project\data\streetview_images\1700102.0_834.jpg,True,
1700102,,,,,,0,C:\Users\aspen\Desktop\CMPU395\CMPU-395-Project\data\streetview_images\1700102.0_835.jpg,True,
1700102,,,,,,0,C:\Users\aspen\Desktop\CMPU395\CMPU-395-Project\data\streetview_images\1700102.0_836.jpg,True,
1700102,,,,,,0,C:\Users\aspen\Desktop\CMPU395\CMPU-395-Project\data\streetview_images\1700102.0_837.jpg,True,
1700102,,,,,,0,C:\Users\aspen\Desktop\CMPU395\CMPU-395-Project\data\streetview_images\1700102.0_838.jpg,True,
1700102,,,,,,0,C:\Users\aspen\Desktop\CMPU395\CMPU-395-Project\data\streetview_images\1700102.0_839.jpg,True,
1703990,,,,,,0,C:\Users\aspen\Desktop\CMPU395\CMPU-395-Project\data\streetview_images\1703990.0_840.jpg,True,
1703990,,,,,,0,C:\Users\aspen\Desktop\CMPU395\CMPU-395-Project\data\streetview_images\1703990.0_841.jpg,True,
1703990,,,,,,0,C:\Users\aspen\Desktop\CMPU395\CMPU-395-Project\data\streetview_images\1703990.0_842.jpg,True,
1703990,,,,,,0,C:\Users\aspen\Desktop\CMPU395\CMPU-395-Project\data\streetview_images\1703990.0_843.jpg,True,
1703990,,,,,,0,C:\Users\aspen\Desktop\CMPU395\CMPU-395-Project\data\streetview_images\1703990.0_844.jpg,True,
1703990,,,,,,0,C:\Users\aspen\Desktop\CMPU395\CMPU-395-Project\data\streetview_images\1703990.0_845.jpg,True,
1712060,,,,,,0,C:\Users\aspen\Desktop\CMPU395\CMPU-395-Project\data\streetview_images\1712060.0_846.jpg,True,
1712060,,,,,,0,C:\Users\aspen\Desktop\CMPU395\CMPU-395-Project\data\streetview_images\1712060.0_847.jpg,True,
1712060,,,,,,0,C:\Users\aspen\Desktop\CMPU395\CMPU-395-Project\data\streetview_images\1712060.0_848.jpg,True,
1712060,,,,,,0,C:\Users\aspen\Desktop\CMPU395\CMPU-395-Project\data\streetview_images\1712060.0_849.jpg,True,
1712060,,,,,,0,C:\Users\aspen\Desktop\CMPU395\CMPU-395-Project\data\streetview_images\1712060.0_850.jpg,True,
1712060,,,,,,0,C:\Users\aspen\Desktop\CMPU395\CMPU-395-Project\data\streetview_images\1712060.0_851.jpg,True,
1712060,,,,,,0,C:\Users\aspen\Desktop\CMPU395\CMPU-395-Project\data\streetview_images\1712060.0_852.jpg,True,
1712060,,,,,,0,C:\Users\aspen\Desktop\CMPU395\CMPU-395-Project\data\streetview_images\1712060.0_853.jpg,True,
1713240,,,,,,0,C:\Users\aspen\Desktop\CMPU395\CMPU-395-Project\data\streetview_images\1713240.0_854.jpg,True,
1713240,,,,,,0,C:\Users\aspen\Desktop\CMPU395\CMPU-395-Project\data\streetview_images\1713240.0_855.jpg,True,
1713240,,,,,,0,C:\Users\aspen\Desktop\CMPU395\CMPU-395-Project\data\streetview_images\1713240.0_856.jpg,True,
1713240,,,,,,0,C:\Users\aspen\Desktop\CMPU395\CMPU-395-Project\data\streetview_images\1713240.0_857.jpg,True,
1713240,,,,,,0,C:\Users\aspen\Desktop\CMPU395\CMPU-395-Project\data\streetview_images\1713240.0_858.jpg,True,
1713240,,,,,,0,C:\Users\aspen\Desktop\CMPU395\CMPU-395-Project\data\streetview_images\1713240.0_859.jpg,True,
1713240,,,,,,0,C:\Users\aspen\Desktop\CMPU395\CMPU-395-Project\data\streetview_images\1713240.0_860.jpg,True,
1713240,,,,,,0,C:\Users\aspen\Desktop\CMPU395\CMPU-395-Project\data\streetview_images\1713240.0_861.jpg,True,
1713240,,,,,,0,C:\Users\aspen\Desktop\CMPU395\CMPU-395-Project\data\streetview_images\1713240.0_862.jpg,True,
1713240,,,,,,0,C:\Users\aspen\Desktop\CMPU395\CMPU-395-Project\data\streetview_images\1713240.0_863.jpg,True,
1713240,,,,,,0,C:\Users\aspen\Desktop\CMPU395\CMPU-395-Project\data\streetview_images\1713240.0_864.jpg,True,
1713240,,,,,,0,C:\Users\aspen\Desktop\CMPU395\CMPU-395-Project\data\streetview_images\1713240.0_865.jpg,True,
1713240,,,,,,0,C:\Users\aspen\Desktop\CMPU395\CMPU-395-Project\data\streetview_images\1713240.0_866.jpg,True,
1713240,,,,,,0,C:\Users\aspen\Desktop\CMPU395\CMPU-395-Project\data\streetview_images\1713240.0_867.jpg,True,
1713240,,,,,,0,C:\Users\aspen\Desktop\CMPU395\CMPU-395-Project\data\streetview_images\1713240.0_868.jpg,True,
1713240,,,,,,0,C:\Users\aspen\Desktop\CMPU395\CMPU-395-Project\data\streetview_images\1713240.0_869.jpg,True,
1713240,,,,,,0,C:\Users\aspen\Desktop\CMPU395\CMPU-395-Project\data\streetview_images\1713240.0_870.jpg,True,
1713240,,,,,,0,C:\Users\aspen\Desktop\CMPU395\CMPU-395-Project\data\streetview_images\1713240.0_871.jpg,True,
1713240,,,,,,0,C:\Users\aspen\Desktop\CMPU395\CMPU-395-Project\data\streetview_images\1713240.0_872.jpg,True,
1713240,,,,,,0,C:\Users\aspen\Desktop\CMPU395\CMPU-395-Project\data\streetview_images\1713240.0_873.jpg,True,
1713240,,,,,,0,C:\Users\aspen\Desktop\CMPU395\CMPU-395-Project\data\streetview_images\1713240.0_874.jpg,True,
1713240,,,,,,0,C:\Users\aspen\Desktop\CMPU395\CMPU-395-Project\data\streetview_images\1713240.0_875.jpg,True,
1713240,,,,,,0,C:\Users\aspen\Desktop\CMPU395\CMPU-395-Project\data\streetview_images\1713240.0_876.jpg,True,
1713500,,,,,,0,C:\Users\aspen\Desktop\CMPU395\CMPU-395-Project\data\streetview_images\1713500.0_877.jpg,True,
1715780,,,,,,0,C:\Users\aspen\Desktop\CMPU395\CMPU-395-Project\data\streetview_images\1715780.0_878.jpg,True,
1715780,,,,,,0,C:\Users\aspen\Desktop\CMPU395\CMPU-395-Project\data\streetview_images\1715780.0_879.jpg,True,
1715780,,,,,,0,C:\Users\aspen\Desktop\CMPU395\CMPU-395-Project\data\streetview_images\1715780.0_880.jpg,True,
1715780,,,,,,0,C:\Users\aspen\Desktop\CMPU395\CMPU-395-Project\data\streetview_images\1715780.0_881.jpg,True,
1715780,,,,,,0,C:\Users\aspen\Desktop\CMPU395\CMPU-395-Project\data\streetview_images\1715780.0_882.jpg,True,
1715780,,,,,,0,C:\Users\aspen\Desktop\CMPU395\CMPU-395-Project\data\streetview_images\1715780.0_883.jpg,True,
1715780,,,,,,0,C:\Users\aspen\Desktop\CMPU395\CMPU-395-Project\data\streetview_images\1715780.0_884.jpg,True,
1715780,,,,,,0,C:\Users\aspen\Desktop\CMPU395\CMPU-395-Project\data\streetview_images\1715780.0_885.jpg,True,
1715780,,,,,,0,C:\Users\aspen\Desktop\CMPU395\CMPU-395-Project\data\streetview_images\1715780.0_886.jpg,True,
1715780,,,,,,0,C:\Users\aspen\Desktop\CMPU395\CMPU-395-Project\data\streetview_images\1715780.0_887.jpg,True,
1715780,,,,,,0,C:\Users\aspen\Desktop\CMPU395\CMPU-395-Project\data\streetview_images\1715780.0_888.jpg,True,
1715780,,,,,,0,C:\Users\aspen\Desktop\CMPU395\CMPU-395-Project\data\streetview_images\1715780.0_889.jpg,True,
1715780,,,,,,0,C:\Users\aspen\Desktop\CMPU395\CMPU-395-Project\data\streetview_images\1715780.0_890.jpg,True,
1715780,,,,,,0,C:\Users\aspen\Desktop\CMPU395\CMPU-395-Project\data\streetview_images\1715780.0_891.jpg,True,
1715780,,,,,,0,C:\Users\aspen\Desktop\CMPU395\CMPU-395-Project\data\streetview_images\1715780.0_892.jpg,True,
1715780,,,,,,0,C:\Users\aspen\Desktop\CMPU395\CMPU-395-Project\data\streetview_images\1715780.0_893.jpg,True,
1715780,,,,,,0,C:\Users\aspen\Desktop\CMPU395\CMPU-395-Project\data\streetview_images\1715780.0_894.jpg,True,
1715780,,,,,,0,C:\Users\aspen\Desktop\CMPU395\CMPU-395-Project\data\streetview_images\1715780.0_895.jpg,True,
1715780,,,,,,0,C:\Users\aspen\Desktop\CMPU395\CMPU-395-Project\data\streetview_images\1715780.0_896.jpg,True,
1715780,,,,,,0,C:\Users\aspen\Desktop\CMPU395\CMPU-395-Project\data\streetview_images\1715780.0_897.jpg,True,
1715780,,,,,,0,C:\Users\aspen\Desktop\CMPU395\CMPU-395-Project\data\streetview_images\1715780.0_898.jpg,True,
1715780,,,,,,0,C:\Users\aspen\Desktop\CMPU395\CMPU-395-Project\data\streetview_images\1715780.0_899.jpg,True,
1715780,,,,,,0,C:\Users\aspen\Desktop\CMPU395\CMPU-395-Project\data\streetview_images\1715780.0_900.jpg,True,
1715780,,,,,,0,C:\Users\aspen\Desktop\CMPU395\CMPU-395-Project\data\streetview_images\1715780.0_901.jpg,True,
1715780,,,,,,0,C:\Users\aspen\Desktop\CMPU395\CMPU-395-Project\data\streetview_images\1715780.0_902.jpg,True,
1715780,,,,,,0,C:\Users\aspen\Desktop\CMPU395\CMPU-395-Project\data\streetview_images\1715780.0_903.jpg,True,
1715780,,,,,,0,C:\Users\aspen\Desktop\CMPU395\CMPU-395-Project\data\streetview_images\1715780.0_904.jpg,True,
1715780,,,,,,0,C:\Users\aspen\Desktop\CMPU395\CMPU-395-Project\data\streetview_images\1715780.0_905.jpg,True,
1715780,,,,,,0,C:\Users\aspen\Desktop\CMPU395\CMPU-395-Project\data\streetview_images\1715780.0_906.jpg,True,
1715780,,,,,,0,C:\Users\aspen\Desktop\CMPU395\CMPU-395-Project\data\streetview_images\1715780.0_907.jpg,True,
1715780,,,,,,0,C:\Users\aspen\Desktop\CMPU395\CMPU-395-Project\data\streetview_images\1715780.0_908.jpg,True,
1715780,,,,,,0,C:\Users\aspen\Desktop\CMPU395\CMPU-395-Project\data\streetview_images\1715780.0_909.jpg,True,
1715780,,,,,,0,C:\Users\aspen\Desktop\CMPU395\CMPU-395-Project\data\streetview_images\1715780.0_910.jpg,True,
1715780,,,,,,0,C:\Users\aspen\Desktop\CMPU395\CMPU-395-Project\data\streetview_images\1715780.0_911.jpg,True,
1715780,,,,,,0,C:\Users\aspen\Desktop\CMPU395\CMPU-395-Project\data\streetview_images\1715780.0_912.jpg,True,
1715780,,,,,,0,C:\Users\aspen\Desktop\CMPU395\CMPU-395-Project\data\streetview_images\1715780.0_913.jpg,True,
1715780,,,,,,0,C:\Users\aspen\Desktop\CMPU395\CMPU-395-Project\data\streetview_images\1715780.0_914.jpg,True,
1715780,,,,,,0,C:\Users\aspen\Desktop\CMPU395\CMPU-395-Project\data\streetview_images\1715780.0_915.jpg,True,
1715780,,,,,,0,C:\Users\aspen\Desktop\CMPU395\CMPU-395-Project\data\streetview_images\1715780.0_916.jpg,True,
1715780,,,,,,0,C:\Users\aspen\Desktop\CMPU395\CMPU-395-Project\data\streetview_images\1715780.0_917.jpg,True,
1718510,,,,,,0,C:\Users\aspen\Desktop\CMPU395\CMPU-395-Project\data\streetview_images\1718510.0_918.jpg,True,
1718510,,,,,,0,C:\Users\aspen\Desktop\CMPU395\CMPU-395-Project\data\streetview_images\1718510.0_919.jpg,True,
1718510,,,,,,0,C:\Users\aspen\Desktop\CMPU395\CMPU-395-Project\data\streetview_images\1718510.0_920.jpg,True,
1718510,,,,,,0,C:\Users\aspen\Desktop\CMPU395\CMPU-395-Project\data\streetview_images\1718510.0_921.jpg,True,
1718510,,,,,,0,C:\Users\aspen\Desktop\CMPU395\CMPU-395-Project\data\streetview_images\1718510.0_922.jpg,True,
1718510,,,,,,0,C:\Users\aspen\Desktop\CMPU395\CMPU-395-Project\data\streetview_images\1718510.0_923.jpg,True,
1718510,,,,,,0,C:\Users\aspen\Desktop\CMPU395\CMPU-395-Project\data\streetview_images\1718510.0_924.jpg,True,
1721750,,,,,,0,C:\Users\aspen\Desktop\CMPU395\CMPU-395-Project\data\streetview_images\1721750.0_925.jpg,True,
1721750,,,,,,0,C:\Users\aspen\Desktop\CMPU395\CMPU-395-Project\data\streetview_images\1721750.0_926.jpg,True,
1721750,,,,,,0,C:\Users\aspen\Desktop\CMPU395\CMPU-395-Project\data\streetview_images\1721750.0_927.jpg,True,
1721750,,,,,,0,C:\Users\aspen\Desktop\CMPU395\CMPU-395-Project\data\streetview_images\1721750.0_928.jpg,True,
1721750,,,,,,0,C:\Users\aspen\Desktop\CMPU395\CMPU-395-Project\data\streetview_images\1721750.0_929.jpg,True,
1721750,,,,,,0,C:\Users\aspen\Desktop\CMPU395\CMPU-395-Project\data\streetview_images\1721750.0_930.jpg,True,
1721750,,,,,,0,C:\Users\aspen\Desktop\CMPU395\CMPU-395-Project\data\streetview_images\1721750.0_931.jpg,True,
1721750,,,,,,0,C:\Users\aspen\Desktop\CMPU395\CMPU-395-Project\data\streetview_images\1721750.0_932.jpg,True,
1721750,,,,,,0,C:\Users\aspen\Desktop\CMPU395\CMPU-395-Project\data\streetview_images\1721750.0_933.jpg,True,
1721750,,,,,,0,C:\Users\aspen\Desktop\CMPU395\CMPU-395-Project\data\streetview_images\1721750.0_934.jpg,True,
1721750,,,,,,0,C:\Users\aspen\Desktop\CMPU395\CMPU-395-Project\data\streetview_images\1721750.0_935.jpg,True,
1721750,,,,,,0,C:\Users\aspen\Desktop\CMPU395\CMPU-395-Project\data\streetview_images\1721750.0_936.jpg,True,
1721750,,,,,,0,C:\Users\aspen\Desktop\CMPU395\CMPU-395-Project\data\streetview_images\1721750.0_937.jpg,True,
1721750,,,,,,0,C:\Users\aspen\Desktop\CMPU395\CMPU-395-Project\data\streetview_images\1721750.0_938.jpg,True,
1721750,,,,,,0,C:\Users\aspen\Desktop\CMPU395\CMPU-395-Project\data\streetview_images\1721750.0_939.jpg,True,
1721750,,,,,,0,C:\Users\aspen\Desktop\CMPU395\CMPU-395-Project\data\streetview_images\1721750.0_940.jpg,True,
1721750,,,,,,0,C:\Users\aspen\Desktop\CMPU395\CMPU-395-Project\data\streetview_images\1721750.0_941.jpg,True,
1721750,,,,,,0,C:\Users\aspen\Desktop\CMPU395\CMPU-395-Project\data\streetview_images\1721750.0_942.jpg,True,
1721750,,,,,,0,C:\Users\aspen\Desktop\CMPU395\CMPU-395-Project\data\streetview_images\1721750.0_943.jpg,True,
1721750,,,,,,0,C:\Users\aspen\Desktop\CMPU395\CMPU-395-Project\data\streetview_images\1721750.0_944.jpg,True,
1721750,,,,,,0,C:\Users\aspen\Desktop\CMPU395\CMPU-395-Project\data\streetview_images\1721750.0_945.jpg,True,
1721750,,,,,,0,C:\Users\aspen\Desktop\CMPU395\CMPU-395-Project\data\streetview_images\1721750.0_946.jpg,True,
1721750,,,,,,0,C:\Users\aspen\Desktop\CMPU395\CMPU-395-Project\data\streetview_images\1721750.0_947.jpg,True,
1721750,,,,,,0,C:\Users\aspen\Desktop\CMPU395\CMPU-395-Project\data\streetview_images\1721750.0_948.jpg,True,
1721750,,,,,,0,C:\Users\aspen\Desktop\CMPU395\CMPU-395-Project\data\streetview_images\1721750.0_949.jpg,True,
1721750,,,,,,0,C:\Users\aspen\Desktop\CMPU395\CMPU-395-Project\data\streetview_images\1721750.0_950.jpg,True,
1721750,,,,,,0,C:\Users\aspen\Desktop\CMPU395\CMPU-395-Project\data\streetview_images\1721750.0_951.jpg,True,
1721750,,,,,,0,C:\Users\aspen\Desktop\CMPU395\CMPU-395-Project\data\streetview_images\1721750.0_952.jpg,True,
1721750,,,,,,0,C:\Users\aspen\Desktop\CMPU395\CMPU-395-Project\data\streetview_images\1721750.0_953.jpg,True,
1721750,,,,,,0,C:\Users\aspen\Desktop\CMPU395\CMPU-395-Project\data\streetview_images\1721750.0_954.jpg,True,
1721750,,,,,,0,C:\Users\aspen\Desktop\CMPU395\CMPU-395-Project\data\streetview_images\1721750.0_955.jpg,True,
1721750,,,,,,0,C:\Users\aspen\Desktop\CMPU395\CMPU-395-Project\data\streetview_images\1721750.0_956.jpg,True,
1721750,,,,,,0,C:\Users\aspen\Desktop\CMPU395\CMPU-395-Project\data\streetview_images\1721750.0_957.jpg,True,
1721750,,,,,,0,C:\Users\aspen\Desktop\CMPU395\CMPU-395-Project\data\streetview_images\1721750.0_958.jpg,True,
1721750,,,,,,0,C:\Users\aspen\Desktop\CMPU395\CMPU-395-Project\data\streetview_images\1721750.0_959.jpg,True,
1721750,,,,,,0,C:\Users\aspen\Desktop\CMPU395\CMPU-395-Project\data\streetview_images\1721750.0_960.jpg,True,
1721750,,,,,,0,C:\Users\aspen\Desktop\CMPU395\CMPU-395-Project\data\streetview_images\1721750.0_961.jpg,True,
1721750,,,,,,0,C:\Users\aspen\Desktop\CMPU395\CMPU-395-Project\data\streetview_images\1721750.0_962.jpg,True,
1721750,,,,,,0,C:\Users\aspen\Desktop\CMPU395\CMPU-395-Project\data\streetview_images\1721750.0_963.jpg,True,
1721750,,,,,,0,C:\Users\aspen\Desktop\CMPU395\CMPU-395-Project\data\streetview_images\1721750.0_964.jpg,True,
1724480,,,,,,0,C:\Users\aspen\Desktop\CMPU395\CMPU-395-Project\data\streetview_images\1724480.0_965.jpg,True,
1724480,,,,,,0,C:\Users\aspen\Desktop\CMPU395\CMPU-395-Project\data\streetview_images\1724480.0_966.jpg,True,
1724480,,,,,,0,C:\Users\aspen\Desktop\CMPU395\CMPU-395-Project\data\streetview_images\1724480.0_967.jpg,True,
1724480,,,,,,0,C:\Users\aspen\Desktop\CMPU395\CMPU-395-Project\data\streetview_images\1724480.0_968.jpg,True,
1724480,,,,,,0,C:\Users\aspen\Desktop\CMPU395\CMPU-395-Project\data\streetview_images\1724480.0_969.jpg,True,
1724480,,,,,,0,C:\Users\aspen\Desktop\CMPU395\CMPU-395-Project\data\streetview_images\1724480.0_970.jpg,True,
1724480,,,,,,0,C:\Users\aspen\Desktop\CMPU395\CMPU-395-Project\data\streetview_images\1724480.0_971.jpg,True,
1724480,,,,,,0,C:\Users\aspen\Desktop\CMPU395\CMPU-395-Project\data\streetview_images\1724480.0_972.jpg,True,
1724480,,,,,,0,C:\Users\aspen\Desktop\CMPU395\CMPU-395-Project\data\streetview_images\1724480.0_973.jpg,True,
1724480,,,,,,0,C:\Users\aspen\Desktop\CMPU395\CMPU-395-Project\data\streetview_images\1724480.0_974.jpg,True,
1724480,,,,,,0,C:\Users\aspen\Desktop\CMPU395\CMPU-395-Project\data\streetview_images\1724480.0_975.jpg,True,
1726250,,,,,,0,C:\Users\aspen\Desktop\CMPU395\CMPU-395-Project\data\streetview_images\1726250.0_976.jpg,True,
1726250,,,,,,0,C:\Users\aspen\Desktop\CMPU395\CMPU-395-Project\data\streetview_images\1726250.0_977.jpg,True,
1726250,,,,,,0,C:\Users\aspen\Desktop\CMPU395\CMPU-395-Project\data\streetview_images\1726250.0_978.jpg,True,
1726250,,,,,,0,C:\Users\aspen\Desktop\CMPU395\CMPU-395-Project\data\streetview_images\1726250.0_979.jpg,True,
1726250,,,,,,0,C:\Users\aspen\Desktop\CMPU395\CMPU-395-Project\data\streetview_images\1726250.0_980.jpg,True,
1726250,,,,,,0,C:\Users\aspen\Desktop\CMPU395\CMPU-395-Project\data\streetview_images\1726250.0_981.jpg,True,
1726250,,,,,,0,C:\Users\aspen\Desktop\CMPU395\CMPU-395-Project\data\streetview_images\1726250.0_982.jpg,True,
1726250,,,,,,0,C:\Users\aspen\Desktop\CMPU395\CMPU-395-Project\data\streetview_images\1726250.0_983.jpg,True,
1726250,,,,,,0,C:\Users\aspen\Desktop\CMPU395\CMPU-395-Project\data\streetview_images\1726250.0_984.jpg,True,
1727610,,,,,,0,C:\Users\aspen\Desktop\CMPU395\CMPU-395-Project\data\streetview_images\1727610.0_985.jpg,True,
1727610,,,,,,0,C:\Users\aspen\Desktop\CMPU395\CMPU-395-Project\data\streetview_images\1727610.0_986.jpg,True,
1727610,,,,,,0,C:\Users\aspen\Desktop\CMPU395\CMPU-395-Project\data\streetview_images\1727610.0_987.jpg,True,
1727610,,,,,,0,C:\Users\aspen\Desktop\CMPU395\CMPU-395-Project\data\streetview_images\1727610.0_988.jpg,True,
1727610,,,,,,0,C:\Users\aspen\Desktop\CMPU395\CMPU-395-Project\data\streetview_images\1727610.0_989.jpg,True,
1727610,,,,,,0,C:\Users\aspen\Desktop\CMPU395\CMPU-395-Project\data\streetview_images\1727610.0_990.jpg,True,
1727610,,,,,,0,C:\Users\aspen\Desktop\CMPU395\CMPU-395-Project\data\streetview_images\1727610.0_991.jpg,True,
1736750,,,,,,0,C:\Users\aspen\Desktop\CMPU395\CMPU-395-Project\data\streetview_images\1736750.0_1000.jpg,True,
1736750,,,,,,0,C:\Users\aspen\Desktop\CMPU395\CMPU-395-Project\data\streetview_images\1736750.0_1001.jpg,True,
1736750,,,,,,0,C:\Users\aspen\Desktop\CMPU395\CMPU-395-Project\data\streetview_images\1736750.0_1002.jpg,True,
1736750,,,,,,0,C:\Users\aspen\Desktop\CMPU395\CMPU-395-Project\data\streetview_images\1736750.0_1003.jpg,True,
1736750,,,,,,0,C:\Users\aspen\Desktop\CMPU395\CMPU-395-Project\data\streetview_images\1736750.0_1004.jpg,True,
1736750,,,,,,0,C:\Users\aspen\Desktop\CMPU395\CMPU-395-Project\data\streetview_images\1736750.0_1005.jpg,True,
1736750,,,,,,0,C:\Users\aspen\Desktop\CMPU395\CMPU-395-Project\data\streetview_images\1736750.0_1006.jpg,True,
1736750,,,,,,0,C:\Users\aspen\Desktop\CMPU395\CMPU-395-Project\data\streetview_images\1736750.0_1007.jpg,True,
1736750,,,,,,0,C:\Users\aspen\Desktop\CMPU395\CMPU-395-Project\data\streetview_images\1736750.0_1008.jpg,True,
1736750,,,,,,0,C:\Users\aspen\Desktop\CMPU395\CMPU-395-Project\data\streetview_images\1736750.0_1009.jpg,True,
1736750,,,,,,0,C:\Users\aspen\Desktop\CMPU395\CMPU-395-Project\data\streetview_images\1736750.0_1010.jpg,True,
1736750,,,,,,0,C:\Users\aspen\Desktop\CMPU395\CMPU-395-Project\data\streetview_images\1736750.0_1011.jpg,True,
1736750,,,,,,0,C:\Users\aspen\Desktop\CMPU395\CMPU-395-Project\data\streetview_images\1736750.0_1012.jpg,True,
1736750,,,,,,0,C:\Users\aspen\Desktop\CMPU395\CMPU-395-Project\data\streetview_images\1736750.0_1013.jpg,True,
1736750,,,,,,0,C:\Users\aspen\Desktop\CMPU395\CMPU-395-Project\data\streetview_images\1736750.0_1014.jpg,True,
1736750,,,,,,0,C:\Users\aspen\Desktop\CMPU395\CMPU-395-Project\data\streetview_images\1736750.0_1015.jpg,True,
1736750,,,,,,0,C:\Users\aspen\Desktop\CMPU395\CMPU-395-Project\data\streetview_images\1736750.0_1016.jpg,True,
1736750,,,,,,0,C:\Users\aspen\Desktop\CMPU395\CMPU-395-Project\data\streetview_images\1736750.0_1017.jpg,True,
1736750,,,,,,0,C:\Users\aspen\Desktop\CMPU395\CMPU-395-Project\data\streetview_images\1736750.0_1018.jpg,True,
1736750,,,,,,0,C:\Users\aspen\Desktop\CMPU395\CMPU-395-Project\data\streetview_images\1736750.0_1019.jpg,True,
1736750,,,,,,0,C:\Users\aspen\Desktop\CMPU395\CMPU-395-Project\data\streetview_images\1736750.0_1020.jpg,True,
1736750,,,,,,0,C:\Users\aspen\Desktop\CMPU395\CMPU-395-Project\data\streetview_images\1736750.0_1021.jpg,True,
1736750,,,,,,0,C:\Users\aspen\Desktop\CMPU395\CMPU-395-Project\data\streetview_images\1736750.0_1022.jpg,True,
1736750,,,,,,0,C:\Users\aspen\Desktop\CMPU395\CMPU-395-Project\data\streetview_images\1736750.0_1023.jpg,True,
1736750,,,,,,0,C:\Users\aspen\Desktop\CMPU395\CMPU-395-Project\data\streetview_images\1736750.0_1024.jpg,True,
1736750,,,,,,0,C:\Users\aspen\Desktop\CMPU395\CMPU-395-Project\data\streetview_images\1736750.0_1025.jpg,True,
1736750,,,,,,0,C:\Users\aspen\Desktop\CMPU395\CMPU-395-Project\data\streetview_images\1736750.0_1026.jpg,True,
1736750,,,,,,0,C:\Users\aspen\Desktop\CMPU395\CMPU-395-Project\data\streetview_images\1736750.0_1027.jpg,True,
1736750,,,,,,0,C:\Users\aspen\Desktop\CMPU395\CMPU-395-Project\data\streetview_images\1736750.0_1028.jpg,True,
1736750,,,,,,0,C:\Users\aspen\Desktop\CMPU395\CMPU-395-Project\data\streetview_images\1736750.0_1029.jpg,True,
1736750,,,,,,0,C:\Users\aspen\Desktop\CMPU395\CMPU-395-Project\data\streetview_images\1736750.0_1030.jpg,True,
1736750,,,,,,0,C:\Users\aspen\Desktop\CMPU395\CMPU-395-Project\data\streetview_images\1736750.0_1031.jpg,True,
1736750,,,,,,0,C:\Users\aspen\Desktop\CMPU395\CMPU-395-Project\data\streetview_images\1736750.0_992.jpg,True,
1736750,,,,,,0,C:\Users\aspen\Desktop\CMPU395\CMPU-395-Project\data\streetview_images\1736750.0_993.jpg,True,
1736750,,,,,,0,C:\Users\aspen\Desktop\CMPU395\CMPU-395-Project\data\streetview_images\1736750.0_994.jpg,True,
1736750,,,,,,0,C:\Users\aspen\Desktop\CMPU395\CMPU-395-Project\data\streetview_images\1736750.0_995.jpg,True,
1736750,,,,,,0,C:\Users\aspen\Desktop\CMPU395\CMPU-395-Project\data\streetview_images\1736750.0_996.jpg,True,
1736750,,,,,,0,C:\Users\aspen\Desktop\CMPU395\CMPU-395-Project\data\streetview_images\1736750.0_997.jpg,True,
1736750,,,,,,0,C:\Users\aspen\Desktop\CMPU395\CMPU-395-Project\data\streetview_images\1736750.0_998.jpg,True,
1736750,,,,,,0,C:\Users\aspen\Desktop\CMPU395\CMPU-395-Project\data\streetview_images\1736750.0_999.jpg,True,
1739600,,,,,,0,C:\Users\aspen\Desktop\CMPU395\CMPU-395-Project\data\streetview_images\1739600.0_1032.jpg,True,
1739600,,,,,,0,C:\Users\aspen\Desktop\CMPU395\CMPU-395-Project\data\streetview_images\1739600.0_1033.jpg,True,
1739600,,,,,,0,C:\Users\aspen\Desktop\CMPU395\CMPU-395-Project\data\streetview_images\1739600.0_1034.jpg,True,
1739600,,,,,,0,C:\Users\aspen\Desktop\CMPU395\CMPU-395-Project\data\streetview_images\1739600.0_1035.jpg,True,
1739600,,,,,,0,C:\Users\aspen\Desktop\CMPU395\CMPU-395-Project\data\streetview_images\1739600.0_1036.jpg,True,
1739600,,,,,,0,C:\Users\aspen\Desktop\CMPU395\CMPU-395-Project\data\streetview_images\1739600.0_1037.jpg,True,
1739600,,,,,,0,C:\Users\aspen\Desktop\CMPU395\CMPU-395-Project\data\streetview_images\1739600.0_1038.jpg,True,
1739600,,,,,,0,C:\Users\aspen\Desktop\CMPU395\CMPU-395-Project\data\streetview_images\1739600.0_1039.jpg,True,
1739600,,,,,,0,C:\Users\aspen\Desktop\CMPU395\CMPU-395-Project\data\streetview_images\1739600.0_1040.jpg,True,
1739600,,,,,,0,C:\Users\aspen\Desktop\CMPU395\CMPU-395-Project\data\streetview_images\1739600.0_1041.jpg,True,
1739600,,,,,,0,C:\Users\aspen\Desktop\CMPU395\CMPU-395-Project\data\streetview_images\1739600.0_1042.jpg,True,
1739600,,,,,,0,C:\Users\aspen\Desktop\CMPU395\CMPU-395-Project\data\streetview_images\1739600.0_1043.jpg,True,
1739600,,,,,,0,C:\Users\aspen\Desktop\CMPU395\CMPU-395-Project\data\streetview_images\1739600.0_1044.jpg,True,
1739600,,,,,,0,C:\Users\aspen\Desktop\CMPU395\CMPU-395-Project\data\streetview_images\1739600.0_1045.jpg,True,
1739600,,,,,,0,C:\Users\aspen\Desktop\CMPU395\CMPU-395-Project\data\streetview_images\1739600.0_1046.jpg,True,
1739600,,,,,,0,C:\Users\aspen\Desktop\CMPU395\CMPU-395-Project\data\streetview_images\1739600.0_1047.jpg,True,
1739600,,,,,,0,C:\Users\aspen\Desktop\CMPU395\CMPU-395-Project\data\streetview_images\1739600.0_1048.jpg,True,
1739600,,,,,,0,C:\Users\aspen\Desktop\CMPU395\CMPU-395-Project\data\streetview_images\1739600.0_1049.jpg,True,
1739600,,,,,,0,C:\Users\aspen\Desktop\CMPU395\CMPU-395-Project\data\streetview_images\1739600.0_1050.jpg,True,
1740680,,,,,,0,C:\Users\aspen\Desktop\CMPU395\CMPU-395-Project\data\streetview_images\1740680.0_1051.jpg,True,
1740680,,,,,,0,C:\Users\aspen\Desktop\CMPU395\CMPU-395-Project\data\streetview_images\1740680.0_1052.jpg,True,
1740680,,,,,,0,C:\Users\aspen\Desktop\CMPU395\CMPU-395-Project\data\streetview_images\1740680.0_1053.jpg,True,
1740680,,,,,,0,C:\Users\aspen\Desktop\CMPU395\CMPU-395-Project\data\streetview_images\1740680.0_1054.jpg,True,
1740680,,,,,,0,C:\Users\aspen\Desktop\CMPU395\CMPU-395-Project\data\streetview_images\1740680.0_1055.jpg,True,
1740680,,,,,,0,C:\Users\aspen\Desktop\CMPU395\CMPU-395-Project\data\streetview_images\1740680.0_1056.jpg,True,
1740680,,,,,,0,C:\Users\aspen\Desktop\CMPU395\CMPU-395-Project\data\streetview_images\1740680.0_1057.jpg,True,
1740680,,,,,,0,C:\Users\aspen\Desktop\CMPU395\CMPU-395-Project\data\streetview_images\1740680.0_1058.jpg,True,
1740680,,,,,,0,C:\Users\aspen\Desktop\CMPU395\CMPU-395-Project\data\streetview_images\1740680.0_1059.jpg,True,
1740680,,,,,,0,C:\Users\aspen\Desktop\CMPU395\CMPU-395-Project\data\streetview_images\1740680.0_1060.jpg,True,
1740680,,,,,,0,C:\Users\aspen\Desktop\CMPU395\CMPU-395-Project\data\streetview_images\1740680.0_1061.jpg,True,
1741550,,,,,,0,C:\Users\aspen\Desktop\CMPU395\CMPU-395-Project\data\streetview_images\1741550.0_1062.jpg,True,
1741550,,,,,,0,C:\Users\aspen\Desktop\CMPU395\CMPU-395-Project\data\streetview_images\1741550.0_1063.jpg,True,
1741550,,,,,,0,C:\Users\aspen\Desktop\CMPU395\CMPU-395-Project\data\streetview_images\1741550.0_1064.jpg,True,
1741550,,,,,,0,C:\Users\aspen\Desktop\CMPU395\CMPU-395-Project\data\streetview_images\1741550.0_1065.jpg,True,
1741550,,,,,,0,C:\Users\aspen\Desktop\CMPU395\CMPU-395-Project\data\streetview_images\1741550.0_1066.jpg,True,
1741550,,,,,,0,C:\Users\aspen\Desktop\CMPU395\CMPU-395-Project\data\streetview_images\1741550.0_1067.jpg,True,
1741550,,,,,,0,C:\Users\aspen\Desktop\CMPU395\CMPU-395-Project\data\streetview_images\1741550.0_1068.jpg,True,
1741550,,,,,,0,C:\Users\aspen\Desktop\CMPU395\CMPU-395-Project\data\streetview_images\1741550.0_1069.jpg,True,
1741550,,,,,,0,C:\Users\aspen\Desktop\CMPU395\CMPU-395-Project\data\streetview_images\1741550.0_1070.jpg,True,
1741550,,,,,,0,C:\Users\aspen\Desktop\CMPU395\CMPU-395-Project\data\streetview_images\1741550.0_1071.jpg,True,
1741550,,,,,,0,C:\Users\aspen\Desktop\CMPU395\CMPU-395-Project\data\streetview_images\1741550.0_1072.jpg,True,
1741550,,,,,,0,C:\Users\aspen\Desktop\CMPU395\CMPU-395-Project\data\streetview_images\1741550.0_1073.jpg,True,
1741550,,,,,,0,C:\Users\aspen\Desktop\CMPU395\CMPU-395-Project\data\streetview_images\1741550.0_1074.jpg,True,
1741550,,,,,,0,C:\Users\aspen\Desktop\CMPU395\CMPU-395-Project\data\streetview_images\1741550.0_1075.jpg,True,
1741550,,,,,,0,C:\Users\aspen\Desktop\CMPU395\CMPU-395-Project\data\streetview_images\1741550.0_1076.jpg,True,
1741550,,,,,,0,C:\Users\aspen\Desktop\CMPU395\CMPU-395-Project\data\streetview_images\1741550.0_1077.jpg,True,
1741550,,,,,,0,C:\Users\aspen\Desktop\CMPU395\CMPU-395-Project\data\streetview_images\1741550.0_1078.jpg,True,
1741550,,,,,,0,C:\Users\aspen\Desktop\CMPU395\CMPU-395-Project\data\streetview_images\1741550.0_1079.jpg,True,
1741550,,,,,,0,C:\Users\aspen\Desktop\CMPU395\CMPU-395-Project\data\streetview_images\1741550.0_1080.jpg,True,
1741550,,,,,,0,C:\Users\aspen\Desktop\CMPU395\CMPU-395-Project\data\streetview_images\1741550.0_1081.jpg,True,
1741550,,,,,,0,C:\Users\aspen\Desktop\CMPU395\CMPU-395-Project\data\streetview_images\1741550.0_1082.jpg,True,
1741550,,,,,,0,C:\Users\aspen\Desktop\CMPU395\CMPU-395-Project\data\streetview_images\1741550.0_1083.jpg,True,
1741550,,,,,,0,C:\Users\aspen\Desktop\CMPU395\CMPU-395-Project\data\streetview_images\1741550.0_1084.jpg,True,
1741550,,,,,,0,C:\Users\aspen\Desktop\CMPU395\CMPU-395-Project\data\streetview_images\1741550.0_1085.jpg,True,
1741550,,,,,,0,C:\Users\aspen\Desktop\CMPU395\CMPU-395-Project\data\streetview_images\1741550.0_1086.jpg,True,
1741550,,,,,,0,C:\Users\aspen\Desktop\CMPU395\CMPU-395-Project\data\streetview_images\1741550.0_1087.jpg,True,
1741550,,,,,,0,C:\Users\aspen\Desktop\CMPU395\CMPU-395-Project\data\streetview_images\1741550.0_1088.jpg,True,
1741550,,,,,,0,C:\Users\aspen\Desktop\CMPU395\CMPU-395-Project\data\streetview_images\1741550.0_1089.jpg,True,
1741550,,,,,,0,C:\Users\aspen\Desktop\CMPU395\CMPU-395-Project\data\streetview_images\1741550.0_1090.jpg,True,
1741550,,,,,,0,C:\Users\aspen\Desktop\CMPU395\CMPU-395-Project\data\streetview_images\1741550.0_1091.jpg,True,
1741550,,,,,,0,C:\Users\aspen\Desktop\CMPU395\CMPU-395-Project\data\streetview_images\1741550.0_1092.jpg,True,
1741550,,,,,,0,C:\Users\aspen\Desktop\CMPU395\CMPU-395-Project\data\streetview_images\1741550.0_1093.jpg,True,
1741550,,,,,,0,C:\Users\aspen\Desktop\CMPU395\CMPU-395-Project\data\streetview_images\1741550.0_1094.jpg,True,
1741550,,,,,,0,C:\Users\aspen\Desktop\CMPU395\CMPU-395-Project\data\streetview_images\1741550.0_1095.jpg,True,
1741550,,,,,,0,C:\Users\aspen\Desktop\CMPU395\CMPU-395-Project\data\streetview_images\1741550.0_1096.jpg,True,
1742210,,,,,,0,C:\Users\aspen\Desktop\CMPU395\CMPU-395-Project\data\streetview_images\1742210.0_1097.jpg,True,
1742210,,,,,,0,C:\Users\aspen\Desktop\CMPU395\CMPU-395-Project\data\streetview_images\1742210.0_1098.jpg,True,
1742210,,,,,,0,C:\Users\aspen\Desktop\CMPU395\CMPU-395-Project\data\streetview_images\1742210.0_1099.jpg,True,
1742210,,,,,,0,C:\Users\aspen\Desktop\CMPU395\CMPU-395-Project\data\streetview_images\1742210.0_1100.jpg,True,
1742210,,,,,,0,C:\Users\aspen\Desktop\CMPU395\CMPU-395-Project\data\streetview_images\1742210.0_1101.jpg,True,
1742210,,,,,,0,C:\Users\aspen\Desktop\CMPU395\CMPU-395-Project\data\streetview_images\1742210.0_1102.jpg,True,
1742210,,,,,,0,C:\Users\aspen\Desktop\CMPU395\CMPU-395-Project\data\streetview_images\1742210.0_1103.jpg,True,
1742210,,,,,,0,C:\Users\aspen\Desktop\CMPU395\CMPU-395-Project\data\streetview_images\1742210.0_1104.jpg,True,
1742210,,,,,,0,C:\Users\aspen\Desktop\CMPU395\CMPU-395-Project\data\streetview_images\1742210.0_1105.jpg,True,
1742210,,,,,,0,C:\Users\aspen\Desktop\CMPU395\CMPU-395-Project\data\streetview_images\1742210.0_1106.jpg,True,
1742210,,,,,,0,C:\Users\aspen\Desktop\CMPU395\CMPU-395-Project\data\streetview_images\1742210.0_1107.jpg,True,
1742210,,,,,,0,C:\Users\aspen\Desktop\CMPU395\CMPU-395-Project\data\streetview_images\1742210.0_1108.jpg,True,
1742210,,,,,,0,C:\Users\aspen\Desktop\CMPU395\CMPU-395-Project\data\streetview_images\1742210.0_1109.jpg,True,
1742210,,,,,,0,C:\Users\aspen\Desktop\CMPU395\CMPU-395-Project\data\streetview_images\1742210.0_1110.jpg,True,
1742210,,,,,,0,C:\Users\aspen\Desktop\CMPU395\CMPU-395-Project\data\streetview_images\1742210.0_1111.jpg,True,
1742210,,,,,,0,C:\Users\aspen\Desktop\CMPU395\CMPU-395-Project\data\streetview_images\1742210.0_1112.jpg,True,
1742210,,,,,,0,C:\Users\aspen\Desktop\CMPU395\CMPU-395-Project\data\streetview_images\1742210.0_1113.jpg,True,
1742210,,,,,,0,C:\Users\aspen\Desktop\CMPU395\CMPU-395-Project\data\streetview_images\1742210.0_1114.jpg,True,
1742210,,,,,,0,C:\Users\aspen\Desktop\CMPU395\CMPU-395-Project\data\streetview_images\1742210.0_1115.jpg,True,
1742210,,,,,,0,C:\Users\aspen\Desktop\CMPU395\CMPU-395-Project\data\streetview_images\1742210.0_1116.jpg,True,
1742210,,,,,,0,C:\Users\aspen\Desktop\CMPU395\CMPU-395-Project\data\streetview_images\1742210.0_1117.jpg,True,
1742210,,,,,,0,C:\Users\aspen\Desktop\CMPU395\CMPU-395-Project\data\streetview_images\1742210.0_1118.jpg,True,
1742210,,,,,,0,C:\Users\aspen\Desktop\CMPU395\CMPU-395-Project\data\streetview_images\1742210.0_1119.jpg,True,
1742210,,,,,,0,C:\Users\aspen\Desktop\CMPU395\CMPU-395-Project\data\streetview_images\1742210.0_1120.jpg,True,
1742210,,,,,,0,C:\Users\aspen\Desktop\CMPU395\CMPU-395-Project\data\streetview_images\1742210.0_1121.jpg,True,
1742210,,,,,,0,C:\Users\aspen\Desktop\CMPU395\CMPU-395-Project\data\streetview_images\1742210.0_1122.jpg,True,
1742210,,,,,,0,C:\Users\aspen\Desktop\CMPU395\CMPU-395-Project\data\streetview_images\1742210.0_1123.jpg,True,
1742210,,,,,,0,C:\Users\aspen\Desktop\CMPU395\CMPU-395-Project\data\streetview_images\1742210.0_1124.jpg,True,
1742210,,,,,,0,C:\Users\aspen\Desktop\CMPU395\CMPU-395-Project\data\streetview_images\1742210.0_1125.jpg,True,
1742210,,,,,,0,C:\Users\aspen\Desktop\CMPU395\CMPU-395-Project\data\streetview_images\1742210.0_1126.jpg,True,
1742210,,,,,,0,C:\Users\aspen\Desktop\CMPU395\CMPU-395-Project\data\streetview_images\1742210.0_1127.jpg,True,
1742210,,,,,,0,C:\Users\aspen\Desktop\CMPU395\CMPU-395-Project\data\streetview_images\1742210.0_1128.jpg,True,
1742210,,,,,,0,C:\Users\aspen\Desktop\CMPU395\CMPU-395-Project\data\streetview_images\1742210.0_1129.jpg,True,
1742210,,,,,,0,C:\Users\aspen\Desktop\CMPU395\CMPU-395-Project\data\streetview_images\1742210.0_1130.jpg,True,
1742210,,,,,,0,C:\Users\aspen\Desktop\CMPU395\CMPU-395-Project\data\streetview_images\1742210.0_1131.jpg,True,
1742210,,,,,,0,C:\Users\aspen\Desktop\CMPU395\CMPU-395-Project\data\streetview_images\1742210.0_1132.jpg,True,
1742210,,,,,,0,C:\Users\aspen\Desktop\CMPU395\CMPU-395-Project\data\streetview_images\1742210.0_1133.jpg,True,
1742210,,,,,,0,C:\Users\aspen\Desktop\CMPU395\CMPU-395-Project\data\streetview_images\1742210.0_1134.jpg,True,
1742210,,,,,,0,C:\Users\aspen\Desktop\CMPU395\CMPU-395-Project\data\streetview_images\1742210.0_1135.jpg,True,
1742210,,,,,,0,C:\Users\aspen\Desktop\CMPU395\CMPU-395-Project\data\streetview_images\1742210.0_1136.jpg,True,
1800900,,,,,,0,C:\Users\aspen\Desktop\CMPU395\CMPU-395-Project\data\streetview_images\1800900.0_1137.jpg,True,
1800900,,,,,,0,C:\Users\aspen\Desktop\CMPU395\CMPU-395-Project\data\streetview_images\1800900.0_1138.jpg,True,
1800900,,,,,,0,C:\Users\aspen\Desktop\CMPU395\CMPU-395-Project\data\streetview_images\1800900.0_1139.jpg,True,
1800900,,,,,,0,C:\Users\aspen\Desktop\CMPU395\CMPU-395-Project\data\streetview_images\1800900.0_1140.jpg,True,
1800900,,,,,,0,C:\Users\aspen\Desktop\CMPU395\CMPU-395-Project\data\streetview_images\1800900.0_1141.jpg,True,
1800900,,,,,,0,C:\Users\aspen\Desktop\CMPU395\CMPU-395-Project\data\streetview_images\1800900.0_1142.jpg,True,
1800900,,,,,,0,C:\Users\aspen\Desktop\CMPU395\CMPU-395-Project\data\streetview_images\1800900.0_1143.jpg,True,
1800900,,,,,,0,C:\Users\aspen\Desktop\CMPU395\CMPU-395-Project\data\streetview_images\1800900.0_1144.jpg,True,
1800900,,,,,,0,C:\Users\aspen\Desktop\CMPU395\CMPU-395-Project\data\streetview_images\1800900.0_1145.jpg,True,
1800900,,,,,,0,C:\Users\aspen\Desktop\CMPU395\CMPU-395-Project\data\streetview_images\1800900.0_1146.jpg,True,
1800900,,,,,,0,C:\Users\aspen\Desktop\CMPU395\CMPU-395-Project\data\streetview_images\1800900.0_1147.jpg,True,
1806570,,,,,,0,C:\Users\aspen\Desktop\CMPU395\CMPU-395-Project\data\streetview_images\1806570.0_1148.jpg,True,
1806570,,,,,,0,C:\Users\aspen\Desktop\CMPU395\CMPU-395-Project\data\streetview_images\1806570.0_1149.jpg,True,
1806570,,,,,,0,C:\Users\aspen\Desktop\CMPU395\CMPU-395-Project\data\streetview_images\1806570.0_1150.jpg,True,
1806570,,,,,,0,C:\Users\aspen\Desktop\CMPU395\CMPU-395-Project\data\streetview_images\1806570.0_1151.jpg,True,
1806570,,,,,,0,C:\Users\aspen\Desktop\CMPU395\CMPU-395-Project\data\streetview_images\1806570.0_1152.jpg,True,
1806570,,,,,,0,C:\Users\aspen\Desktop\CMPU395\CMPU-395-Project\data\streetview_images\1806570.0_1153.jpg,True,
1806570,,,,,,0,C:\Users\aspen\Desktop\CMPU395\CMPU-395-Project\data\streetview_images\1806570.0_1154.jpg,True,
1806570,,,,,,0,C:\Users\aspen\Desktop\CMPU395\CMPU-395-Project\data\streetview_images\1806570.0_1155.jpg,True,
1806570,,,,,,0,C:\Users\aspen\Desktop\CMPU395\CMPU-395-Project\data\streetview_images\1806570.0_1156.jpg,True,
1806570,,,,,,0,C:\Users\aspen\Desktop\CMPU395\CMPU-395-Project\data\streetview_images\1806570.0_1157.jpg,True,
1806570,,,,,,0,C:\Users\aspen\Desktop\CMPU395\CMPU-395-Project\data\streetview_images\1806570.0_1158.jpg,True,
1806570,,,,,,0,C:\Users\aspen\Desktop\CMPU395\CMPU-395-Project\data\streetview_images\1806570.0_1159.jpg,True,
1806570,,,,,,0,C:\Users\aspen\Desktop\CMPU395\CMPU-395-Project\data\streetview_images\1806570.0_1160.jpg,True,
1806570,,,,,,0,C:\Users\aspen\Desktop\CMPU395\CMPU-395-Project\data\streetview_images\1806570.0_1161.jpg,True,
1806570,,,,,,0,C:\Users\aspen\Desktop\CMPU395\CMPU-395-Project\data\streetview_images\1806570.0_1162.jpg,True,
1806570,,,,,,0,C:\Users\aspen\Desktop\CMPU395\CMPU-395-Project\data\streetview_images\1806570.0_1163.jpg,True,
1806570,,,,,,0,C:\Users\aspen\Desktop\CMPU395\CMPU-395-Project\data\streetview_images\1806570.0_1164.jpg,True,
1806570,,,,,,0,C:\Users\aspen\Desktop\CMPU395\CMPU-395-Project\data\streetview_images\1806570.0_1165.jpg,True,
1806570,,,,,,0,C:\Users\aspen\Desktop\CMPU395\CMPU-395-Project\data\streetview_images\1806570.0_1166.jpg,True,
1806570,,,,,,0,C:\Users\aspen\Desktop\CMPU395\CMPU-395-Project\data\streetview_images\1806570.0_1167.jpg,True,
1806570,,,,,,0,C:\Users\aspen\Desktop\CMPU395\CMPU-395-Project\data\streetview_images\1806570.0_1168.jpg,True,
1806570,,,,,,0,C:\Users\aspen\Desktop\CMPU395\CMPU-395-Project\data\streetview_images\1806570.0_1169.jpg,True,
1806570,,,,,,0,C:\Users\aspen\Desktop\CMPU395\CMPU-395-Project\data\streetview_images\1806570.0_1170.jpg,True,
1806570,,,,,,0,C:\Users\aspen\Desktop\CMPU395\CMPU-395-Project\data\streetview_images\1806570.0_1171.jpg,True,
1806570,,,,,,0,C:\Users\aspen\Desktop\CMPU395\CMPU-395-Project\data\streetview_images\1806570.0_1172.jpg,True,
1806570,,,,,,0,C:\Users\aspen\Desktop\CMPU395\CMPU-395-Project\data\streetview_images\1806570.0_1173.jpg,True,
1806570,,,,,,0,C:\Users\aspen\Desktop\CMPU395\CMPU-395-Project\data\streetview_images\1806570.0_1174.jpg,True,
1806570,,,,,,0,C:\Users\aspen\Desktop\CMPU395\CMPU-395-Project\data\streetview_images\1806570.0_1175.jpg,True,
1806570,,,,,,0,C:\Users\aspen\Desktop\CMPU395\CMPU-395-Project\data\streetview_images\1806570.0_1176.jpg,True,
1806570,,,,,,0,C:\Users\aspen\Desktop\CMPU395\CMPU-395-Project\data\streetview_images\1806570.0_1177.jpg,True,
1806570,,,,,,0,C:\Users\aspen\Desktop\CMPU395\CMPU-395-Project\data\streetview_images\1806570.0_1178.jpg,True,
1806570,,,,,,0,C:\Users\aspen\Desktop\CMPU395\CMPU-395-Project\data\streetview_images\1806570.0_1179.jpg,True,
1806570,,,,,,0,C:\Users\aspen\Desktop\CMPU395\CMPU-395-Project\data\streetview_images\1806570.0_1180.jpg,True,
1806570,,,,,,0,C:\Users\aspen\Desktop\CMPU395\CMPU-395-Project\data\streetview_images\1806570.0_1181.jpg,True,
1806570,,,,,,0,C:\Users\aspen\Desktop\CMPU395\CMPU-395-Project\data\streetview_images\1806570.0_1182.jpg,True,
1809060,,,,,,0,C:\Users\aspen\Desktop\CMPU395\CMPU-395-Project\data\streetview_images\1809060.0_1183.jpg,True,
1809060,,,,,,0,C:\Users\aspen\Desktop\CMPU395\CMPU-395-Project\data\streetview_images\1809060.0_1184.jpg,True,
1809060,,,,,,0,C:\Users\aspen\Desktop\CMPU395\CMPU-395-Project\data\streetview_images\1809060.0_1185.jpg,True,
1809060,,,,,,0,C:\Users\aspen\Desktop\CMPU395\CMPU-395-Project\data\streetview_images\1809060.0_1186.jpg,True,
1809060,,,,,,0,C:\Users\aspen\Desktop\CMPU395\CMPU-395-Project\data\streetview_images\1809060.0_1187.jpg,True,
1809060,,,,,,0,C:\Users\aspen\Desktop\CMPU395\CMPU-395-Project\data\streetview_images\1809060.0_1188.jpg,True,
1809060,,,,,,0,C:\Users\aspen\Desktop\CMPU395\CMPU-395-Project\data\streetview_images\1809060.0_1189.jpg,True,
1809060,,,,,,0,C:\Users\aspen\Desktop\CMPU395\CMPU-395-Project\data\streetview_images\1809060.0_1190.jpg,True,
1809180,,,,,,0,C:\Users\aspen\Desktop\CMPU395\CMPU-395-Project\data\streetview_images\1809180.0_1191.jpg,True,
1809180,,,,,,0,C:\Users\aspen\Desktop\CMPU395\CMPU-395-Project\data\streetview_images\1809180.0_1192.jpg,True,
1809180,,,,,,0,C:\Users\aspen\Desktop\CMPU395\CMPU-395-Project\data\streetview_images\1809180.0_1193.jpg,True,
1809180,,,,,,0,C:\Users\aspen\Desktop\CMPU395\CMPU-395-Project\data\streetview_images\1809180.0_1194.jpg,True,
1809180,,,,,,0,C:\Users\aspen\Desktop\CMPU395\CMPU-395-Project\data\streetview_images\1809180.0_1195.jpg,True,
1809180,,,,,,0,C:\Users\aspen\Desktop\CMPU395\CMPU-395-Project\data\streetview_images\1809180.0_1196.jpg,True,
1809180,,,,,,0,C:\Users\aspen\Desktop\CMPU395\CMPU-395-Project\data\streetview_images\1809180.0_1197.jpg,True,
1809180,,,,,,0,C:\Users\aspen\Desktop\CMPU395\CMPU-395-Project\data\streetview_images\1809180.0_1198.jpg,True,
1809180,,,,,,0,C:\Users\aspen\Desktop\CMPU395\CMPU-395-Project\data\streetview_images\1809180.0_1199.jpg,True,
1809180,,,,,,0,C:\Users\aspen\Desktop\CMPU395\CMPU-395-Project\data\streetview_images\1809180.0_1200.jpg,True,
1809180,,,,,,0,C:\Users\aspen\Desktop\CMPU395\CMPU-395-Project\data\streetview_images\1809180.0_1201.jpg,True,
1809180,,,,,,0,C:\Users\aspen\Desktop\CMPU395\CMPU-395-Project\data\streetview_images\1809180.0_1202.jpg,True,
1809180,,,,,,0,C:\Users\aspen\Desktop\CMPU395\CMPU-395-Project\data\streetview_images\1809180.0_1203.jpg,True,
1809720,,,,,,0,C:\Users\aspen\Desktop\CMPU395\CMPU-395-Project\data\streetview_images\1809720.0_1204.jpg,True,
1809720,,,,,,0,C:\Users\aspen\Desktop\CMPU395\CMPU-395-Project\data\streetview_images\1809720.0_1205.jpg,True,
1809720,,,,,,0,C:\Users\aspen\Desktop\CMPU395\CMPU-395-Project\data\streetview_images\1809720.0_1206.jpg,True,
1809720,,,,,,0,C:\Users\aspen\Desktop\CMPU395\CMPU-395-Project\data\streetview_images\1809720.0_1207.jpg,True,
1809720,,,,,,0,C:\Users\aspen\Desktop\CMPU395\CMPU-395-Project\data\streetview_images\1809720.0_1208.jpg,True,
1809720,,,,,,0,C:\Users\aspen\Desktop\CMPU395\CMPU-395-Project\data\streetview_images\1809720.0_1209.jpg,True,
1809720,,,,,,0,C:\Users\aspen\Desktop\CMPU395\CMPU-395-Project\data\streetview_images\1809720.0_1210.jpg,True,
1809720,,,,,,0,C:\Users\aspen\Desktop\CMPU395\CMPU-395-Project\data\streetview_images\1809720.0_1211.jpg,True,
1809720,,,,,,0,C:\Users\aspen\Desktop\CMPU395\CMPU-395-Project\data\streetview_images\1809720.0_1212.jpg,True,
1809720,,,,,,0,C:\Users\aspen\Desktop\CMPU395\CMPU-395-Project\data\streetview_images\1809720.0_1213.jpg,True,
1810450,,,,,,0,C:\Users\aspen\Desktop\CMPU395\CMPU-395-Project\data\streetview_images\1810450.0_1214.jpg,True,
1811580,,,,,,0,C:\Users\aspen\Desktop\CMPU395\CMPU-395-Project\data\streetview_images\1811580.0_1215.jpg,True,
1811580,,,,,,0,C:\Users\aspen\Desktop\CMPU395\CMPU-395-Project\data\streetview_images\1811580.0_1216.jpg,True,
1811580,,,,,,0,C:\Users\aspen\Desktop\CMPU395\CMPU-395-Project\data\streetview_images\1811580.0_1217.jpg,True,
1811580,,,,,,0,C:\Users\aspen\Desktop\CMPU395\CMPU-395-Project\data\streetview_images\1811580.0_1218.jpg,True,
1903270,,,,,,0,C:\Users\aspen\Desktop\CMPU395\CMPU-395-Project\data\streetview_images\1903270.0_1219.jpg,True,
1903270,,,,,,0,C:\Users\aspen\Desktop\CMPU395\CMPU-395-Project\data\streetview_images\1903270.0_1220.jpg,True,
1903270,,,,,,0,C:\Users\aspen\Desktop\CMPU395\CMPU-395-Project\data\streetview_images\1903270.0_1221.jpg,True,
1906660,,,,,,0,C:\Users\aspen\Desktop\CMPU395\CMPU-395-Project\data\streetview_images\1906660.0_1222.jpg,True,
1906660,,,,,,0,C:\Users\aspen\Desktop\CMPU395\CMPU-395-Project\data\streetview_images\1906660.0_1223.jpg,True,
1906660,,,,,,0,C:\Users\aspen\Desktop\CMPU395\CMPU-395-Project\data\streetview_images\1906660.0_1224.jpg,True,
1906660,,,,,,0,C:\Users\aspen\Desktop\CMPU395\CMPU-395-Project\data\streetview_images\1906660.0_1225.jpg,True,
1906660,,,,,,0,C:\Users\aspen\Desktop\CMPU395\CMPU-395-Project\data\streetview_images\1906660.0_1226.jpg,True,
1906660,,,,,,0,C:\Users\aspen\Desktop\CMPU395\CMPU-395-Project\data\streetview_images\1906660.0_1227.jpg,True,
1906660,,,,,,0,C:\Users\aspen\Desktop\CMPU395\CMPU-395-Project\data\streetview_images\1906660.0_1228.jpg,True,
1906660,,,,,,0,C:\Users\aspen\Desktop\CMPU395\CMPU-395-Project\data\streetview_images\1906660.0_1229.jpg,True,
1906660,,,,,,0,C:\Users\aspen\Desktop\CMPU395\CMPU-395-Project\data\streetview_images\1906660.0_1230.jpg,True,
1906660,,,,,,0,C:\Users\aspen\Desktop\CMPU395\CMPU-395-Project\data\streetview_images\1906660.0_1231.jpg,True,
1906660,,,,,,0,C:\Users\aspen\Desktop\CMPU395\CMPU-395-Project\data\streetview_images\1906660.0_1232.jpg,True,
1907410,,,,,,0,C:\Users\aspen\Desktop\CMPU395\CMPU-395-Project\data\streetview_images\1907410.0_1233.jpg,True,
1907410,,,,,,0,C:\Users\aspen\Desktop\CMPU395\CMPU-395-Project\data\streetview_images\1907410.0_1234.jpg,True,
1907410,,,,,,0,C:\Users\aspen\Desktop\CMPU395\CMPU-395-Project\data\streetview_images\1907410.0_1235.jpg,True,
1909480,,,,,,0,C:\Users\aspen\Desktop\CMPU395\CMPU-395-Project\data\streetview_images\1909480.0_1236.jpg,True,
1909480,,,,,,0,C:\Users\aspen\Desktop\CMPU395\CMPU-395-Project\data\streetview_images\1909480.0_1237.jpg,True,
1909480,,,,,,0,C:\Users\aspen\Desktop\CMPU395\CMPU-395-Project\data\streetview_images\1909480.0_1238.jpg,True,
1909480,,,,,,0,C:\Users\aspen\Desktop\CMPU395\CMPU-395-Project\data\streetview_images\1909480.0_1239.jpg,True,
1909480,,,,,,0,C:\Users\aspen\Desktop\CMPU395\CMPU-395-Project\data\streetview_images\1909480.0_1240.jpg,True,
1909480,,,,,,0,C:\Users\aspen\Desktop\CMPU395\CMPU-395-Project\data\streetview_images\1909480.0_1241.jpg,True,
1909480,,,,,,0,C:\Users\aspen\Desktop\CMPU395\CMPU-395-Project\data\streetview_images\1909480.0_1242.jpg,True,
1909480,,,,,,0,C:\Users\aspen\Desktop\CMPU395\CMPU-395-Project\data\streetview_images\1909480.0_1243.jpg,True,
1909480,,,,,,0,C:\Users\aspen\Desktop\CMPU395\CMPU-395-Project\data\streetview_images\1909480.0_1244.jpg,True,
1909480,,,,,,0,C:\Users\aspen\Desktop\CMPU395\CMPU-395-Project\data\streetview_images\1909480.0_1245.jpg,True,
1909480,,,,,,0,C:\Users\aspen\Desktop\CMPU395\CMPU-395-Project\data\streetview_images\1909480.0_1246.jpg,True,
1918720,,,,,,0,C:\Users\aspen\Desktop\CMPU395\CMPU-395-Project\data\streetview_images\1918720.0_1247.jpg,True,
1918720,,,,,,0,C:\Users\aspen\Desktop\CMPU395\CMPU-395-Project\data\streetview_images\1918720.0_1248.jpg,True,
1918720,,,,,,0,C:\Users\aspen\Desktop\CMPU395\CMPU-395-Project\data\streetview_images\1918720.0_1249.jpg,True,
1918720,,,,,,0,C:\Users\aspen\Desktop\CMPU395\CMPU-395-Project\data\streetview_images\1918720.0_1250.jpg,True,
1921840,,,,,,0,C:\Users\aspen\Desktop\CMPU395\CMPU-395-Project\data\streetview_images\1921840.0_1251.jpg,True,
1921840,,,,,,0,C:\Users\aspen\Desktop\CMPU395\CMPU-395-Project\data\streetview_images\1921840.0_1252.jpg,True,
1921840,,,,,,0,C:\Users\aspen\Desktop\CMPU395\CMPU-395-Project\data\streetview_images\1921840.0_1253.jpg,True,
1921840,,,,,,0,C:\Users\aspen\Desktop\CMPU395\CMPU-395-Project\data\streetview_images\1921840.0_1254.jpg,True,
1921840,,,,,,0,C:\Users\aspen\Desktop\CMPU395\CMPU-395-Project\data\streetview_images\1921840.0_1255.jpg,True,
1921840,,,,,,0,C:\Users\aspen\Desktop\CMPU395\CMPU-395-Project\data\streetview_images\1921840.0_1256.jpg,True,
1930720,,,,,,0,C:\Users\aspen\Desktop\CMPU395\CMPU-395-Project\data\streetview_images\1930720.0_1257.jpg,True,
1930720,,,,,,0,C:\Users\aspen\Desktop\CMPU395\CMPU-395-Project\data\streetview_images\1930720.0_1258.jpg,True,
1930720,,,,,,0,C:\Users\aspen\Desktop\CMPU395\CMPU-395-Project\data\streetview_images\1930720.0_1259.jpg,True,
1930720,,,,,,0,C:\Users\aspen\Desktop\CMPU395\CMPU-395-Project\data\streetview_images\1930720.0_1260.jpg,True,
1930720,,,,,,0,C:\Users\aspen\Desktop\CMPU395\CMPU-395-Project\data\streetview_images\1930720.0_1261.jpg,True,
1930720,,,,,,0,C:\Users\aspen\Desktop\CMPU395\CMPU-395-Project\data\streetview_images\1930720.0_1262.jpg,True,
1930720,,,,,,0,C:\Users\aspen\Desktop\CMPU395\CMPU-395-Project\data\streetview_images\1930720.0_1263.jpg,True,
2000016,,,,,,0,C:\Users\aspen\Desktop\CMPU395\CMPU-395-Project\data\streetview_images\2000016.0_1264.jpg,True,
2000016,,,,,,0,C:\Users\aspen\Desktop\CMPU395\CMPU-395-Project\data\streetview_images\2000016.0_1265.jpg,True,
2000016,,,,,,0,C:\Users\aspen\Desktop\CMPU395\CMPU-395-Project\data\streetview_images\2000016.0_1266.jpg,True,
2000016,,,,,,0,C:\Users\aspen\Desktop\CMPU395\CMPU-395-Project\data\streetview_images\2000016.0_1267.jpg,True,
2005820,,,,,,0,C:\Users\aspen\Desktop\CMPU395\CMPU-395-Project\data\streetview_images\2005820.0_1268.jpg,True,
2005820,,,,,,0,C:\Users\aspen\Desktop\CMPU395\CMPU-395-Project\data\streetview_images\2005820.0_1269.jpg,True,
2005820,,,,,,0,C:\Users\aspen\Desktop\CMPU395\CMPU-395-Project\data\streetview_images\2005820.0_1270.jpg,True,
2006180,,,,,,0,C:\Users\aspen\Desktop\CMPU395\CMPU-395-Project\data\streetview_images\2006180.0_1271.jpg,True,
2006180,,,,,,0,C:\Users\aspen\Desktop\CMPU395\CMPU-395-Project\data\streetview_images\2006180.0_1272.jpg,True,
2006180,,,,,,0,C:\Users\aspen\Desktop\CMPU395\CMPU-395-Project\data\streetview_images\2006180.0_1273.jpg,True,
2006180,,,,,,0,C:\Users\aspen\Desktop\CMPU395\CMPU-395-Project\data\streetview_images\2006180.0_1274.jpg,True,
2006180,,,,,,0,C:\Users\aspen\Desktop\CMPU395\CMPU-395-Project\data\streetview_images\2006180.0_1275.jpg,True,
2006180,,,,,,0,C:\Users\aspen\Desktop\CMPU395\CMPU-395-Project\data\streetview_images\2006180.0_1276.jpg,True,
2007020,,,,,,0,C:\Users\aspen\Desktop\CMPU395\CMPU-395-Project\data\streetview_images\2007020.0_1277.jpg,True,
2007020,,,,,,0,C:\Users\aspen\Desktop\CMPU395\CMPU-395-Project\data\streetview_images\2007020.0_1278.jpg,True,
2007020,,,,,,0,C:\Users\aspen\Desktop\CMPU395\CMPU-395-Project\data\streetview_images\2007020.0_1279.jpg,True,
2007020,,,,,,0,C:\Users\aspen\Desktop\CMPU395\CMPU-395-Project\data\streetview_images\2007020.0_1280.jpg,True,
2007020,,,,,,0,C:\Users\aspen\Desktop\CMPU395\CMPU-395-Project\data\streetview_images\2007020.0_1281.jpg,True,
2009390,,,,,,0,C:\Users\aspen\Desktop\CMPU395\CMPU-395-Project\data\streetview_images\2009390.0_1282.jpg,True,
2009390,,,,,,0,C:\Users\aspen\Desktop\CMPU395\CMPU-395-Project\data\streetview_images\2009390.0_1283.jpg,True,
2009390,,,,,,0,C:\Users\aspen\Desktop\CMPU395\CMPU-395-Project\data\streetview_images\2009390.0_1284.jpg,True,
2009390,,,,,,0,C:\Users\aspen\Desktop\CMPU395\CMPU-395-Project\data\streetview_images\2009390.0_1285.jpg,True,
2009390,,,,,,0,C:\Users\aspen\Desktop\CMPU395\CMPU-395-Project\data\streetview_images\2009390.0_1286.jpg,True,
2009390,,,,,,0,C:\Users\aspen\Desktop\CMPU395\CMPU-395-Project\data\streetview_images\2009390.0_1287.jpg,True,
2009390,,,,,,0,C:\Users\aspen\Desktop\CMPU395\CMPU-395-Project\data\streetview_images\2009390.0_1288.jpg,True,
2009390,,,,,,0,C:\Users\aspen\Desktop\CMPU395\CMPU-395-Project\data\streetview_images\2009390.0_1289.jpg,True,
2009780,,,,,,0,C:\Users\aspen\Desktop\CMPU395\CMPU-395-Project\data\streetview_images\2009780.0_1290.jpg,True,
2009780,,,,,,0,C:\Users\aspen\Desktop\CMPU395\CMPU-395-Project\data\streetview_images\2009780.0_1291.jpg,True,
2009780,,,,,,0,C:\Users\aspen\Desktop\CMPU395\CMPU-395-Project\data\streetview_images\2009780.0_1292.jpg,True,
2009780,,,,,,0,C:\Users\aspen\Desktop\CMPU395\CMPU-395-Project\data\streetview_images\2009780.0_1293.jpg,True,
2009780,,,,,,0,C:\Users\aspen\Desktop\CMPU395\CMPU-395-Project\data\streetview_images\2009780.0_1294.jpg,True,
2009780,,,,,,0,C:\Users\aspen\Desktop\CMPU395\CMPU-395-Project\data\streetview_images\2009780.0_1295.jpg,True,
2009780,,,,,,0,C:\Users\aspen\Desktop\CMPU395\CMPU-395-Project\data\streetview_images\2009780.0_1296.jpg,True,
2009780,,,,,,0,C:\Users\aspen\Desktop\CMPU395\CMPU-395-Project\data\streetview_images\2009780.0_1297.jpg,True,
2009780,,,,,,0,C:\Users\aspen\Desktop\CMPU395\CMPU-395-Project\data\streetview_images\2009780.0_1298.jpg,True,
2009780,,,,,,0,C:\Users\aspen\Desktop\CMPU395\CMPU-395-Project\data\streetview_images\2009780.0_1299.jpg,True,
2009840,,,,,,0,C:\Users\aspen\Desktop\CMPU395\CMPU-395-Project\data\streetview_images\2009840.0_1300.jpg,True,
2009840,,,,,,0,C:\Users\aspen\Desktop\CMPU395\CMPU-395-Project\data\streetview_images\2009840.0_1301.jpg,True,
2009840,,,,,,0,C:\Users\aspen\Desktop\CMPU395\CMPU-395-Project\data\streetview_images\2009840.0_1302.jpg,True,
2009840,,,,,,0,C:\Users\aspen\Desktop\CMPU395\CMPU-395-Project\data\streetview_images\2009840.0_1303.jpg,True,
2009840,,,,,,0,C:\Users\aspen\Desktop\CMPU395\CMPU-395-Project\data\streetview_images\2009840.0_1304.jpg,True,
2009840,,,,,,0,C:\Users\aspen\Desktop\CMPU395\CMPU-395-Project\data\streetview_images\2009840.0_1305.jpg,True,
2009840,,,,,,0,C:\Users\aspen\Desktop\CMPU395\CMPU-395-Project\data\streetview_images\2009840.0_1306.jpg,True,
2009840,,,,,,0,C:\Users\aspen\Desktop\CMPU395\CMPU-395-Project\data\streetview_images\2009840.0_1307.jpg,True,
2009840,,,,,,0,C:\Users\aspen\Desktop\CMPU395\CMPU-395-Project\data\streetview_images\2009840.0_1308.jpg,True,
2009840,,,,,,0,C:\Users\aspen\Desktop\CMPU395\CMPU-395-Project\data\streetview_images\2009840.0_1309.jpg,True,
2009840,,,,,,0,C:\Users\aspen\Desktop\CMPU395\CMPU-395-Project\data\streetview_images\2009840.0_1310.jpg,True,
2009840,,,,,,0,C:\Users\aspen\Desktop\CMPU395\CMPU-395-Project\data\streetview_images\2009840.0_1311.jpg,True,
2009840,,,,,,0,C:\Users\aspen\Desktop\CMPU395\CMPU-395-Project\data\streetview_images\2009840.0_1312.jpg,True,
2009840,,,,,,0,C:\Users\aspen\Desktop\CMPU395\CMPU-395-Project\data\streetview_images\2009840.0_1313.jpg,True,
2009900,,,,,,0,C:\Users\aspen\Desktop\CMPU395\CMPU-395-Project\data\streetview_images\2009900.0_1314.jpg,True,
2009900,,,,,,0,C:\Users\aspen\Desktop\CMPU395\CMPU-395-Project\data\streetview_images\2009900.0_1315.jpg,True,
2011640,,,,,,0,C:\Users\aspen\Desktop\CMPU395\CMPU-395-Project\data\streetview_images\2011640.0_1316.jpg,True,
2011640,,,,,,0,C:\Users\aspen\Desktop\CMPU395\CMPU-395-Project\data\streetview_images\2011640.0_1317.jpg,True,
2011640,,,,,,0,C:\Users\aspen\Desktop\CMPU395\CMPU-395-Project\data\streetview_images\2011640.0_1318.jpg,True,
2011640,,,,,,0,C:\Users\aspen\Desktop\CMPU395\CMPU-395-Project\data\streetview_images\2011640.0_1319.jpg,True,
2011640,,,,,,0,C:\Users\aspen\Desktop\CMPU395\CMPU-395-Project\data\streetview_images\2011640.0_1320.jpg,True,
2011640,,,,,,0,C:\Users\aspen\Desktop\CMPU395\CMPU-395-Project\data\streetview_images\2011640.0_1321.jpg,True,
2011640,,,,,,0,C:\Users\aspen\Desktop\CMPU395\CMPU-395-Project\data\streetview_images\2011640.0_1322.jpg,True,
2011640,,,,,,0,C:\Users\aspen\Desktop\CMPU395\CMPU-395-Project\data\streetview_images\2011640.0_1323.jpg,True,
2011640,,,,,,0,C:\Users\aspen\Desktop\CMPU395\CMPU-395-Project\data\streetview_images\2011640.0_1324.jpg,True,
2011640,,,,,,0,C:\Users\aspen\Desktop\CMPU395\CMPU-395-Project\data\streetview_images\2011640.0_1325.jpg,True,
2011640,,,,,,0,C:\Users\aspen\Desktop\CMPU395\CMPU-395-Project\data\streetview_images\2011640.0_1326.jpg,True,
2011640,,,,,,0,C:\Users\aspen\Desktop\CMPU395\CMPU-395-Project\data\streetview_images\2011640.0_1327.jpg,True,
2011640,,,,,,0,C:\Users\aspen\Desktop\CMPU395\CMPU-395-Project\data\streetview_images\2011640.0_1328.jpg,True,
2011640,,,,,,0,C:\Users\aspen\Desktop\CMPU395\CMPU-395-Project\data\streetview_images\2011640.0_1329.jpg,True,
2011640,,,,,,0,C:\Users\aspen\Desktop\CMPU395\CMPU-395-Project\data\streetview_images\2011640.0_1330.jpg,True,
2011640,,,,,,0,C:\Users\aspen\Desktop\CMPU395\CMPU-395-Project\data\streetview_images\2011640.0_1331.jpg,True,
2011640,,,,,,0,C:\Users\aspen\Desktop\CMPU395\CMPU-395-Project\data\streetview_images\2011640.0_1332.jpg,True,
2011640,,,,,,0,C:\Users\aspen\Desktop\CMPU395\CMPU-395-Project\data\streetview_images\2011640.0_1333.jpg,True,
2011640,,,,,,0,C:\Users\aspen\Desktop\CMPU395\CMPU-395-Project\data\streetview_images\2011640.0_1334.jpg,True,
2011640,,,,,,0,C:\Users\aspen\Desktop\CMPU395\CMPU-395-Project\data\streetview_images\2011640.0_1335.jpg,True,
2011640,,,,,,0,C:\Users\aspen\Desktop\CMPU395\CMPU-395-Project\data\streetview_images\2011640.0_1336.jpg,True,
2011640,,,,,,0,C:\Users\aspen\Desktop\CMPU395\CMPU-395-Project\data\streetview_images\2011640.0_1337.jpg,True,
2011640,,,,,,0,C:\Users\aspen\Desktop\CMPU395\CMPU-395-Project\data\streetview_images\2011640.0_1338.jpg,True,
2011640,,,,,,0,C:\Users\aspen\Desktop\CMPU395\CMPU-395-Project\data\streetview_images\2011640.0_1339.jpg,True,
2011640,,,,,,0,C:\Users\aspen\Desktop\CMPU395\CMPU-395-Project\data\streetview_images\2011640.0_1340.jpg,True,
2011640,,,,,,0,C:\Users\aspen\Desktop\CMPU395\CMPU-395-Project\data\streetview_images\2011640.0_1341.jpg,True,
2011640,,,,,,0,C:\Users\aspen\Desktop\CMPU395\CMPU-395-Project\data\streetview_images\2011640.0_1342.jpg,True,
2011640,,,,,,0,C:\Users\aspen\Desktop\CMPU395\CMPU-395-Project\data\streetview_images\2011640.0_1343.jpg,True,
2011640,,,,,,0,C:\Users\aspen\Desktop\CMPU395\CMPU-395-Project\data\streetview_images\2011640.0_1344.jpg,True,
2011640,,,,,,0,C:\Users\aspen\Desktop\CMPU395\CMPU-395-Project\data\streetview_images\2011640.0_1345.jpg,True,
2011640,,,,,,0,C:\Users\aspen\Desktop\CMPU395\CMPU-395-Project\data\streetview_images\2011640.0_1346.jpg,True,
2011640,,,,,,0,C:\Users\aspen\Desktop\CMPU395\CMPU-395-Project\data\streetview_images\2011640.0_1347.jpg,True,
2011640,,,,,,0,C:\Users\aspen\Desktop\CMPU395\CMPU-395-Project\data\streetview_images\2011640.0_1348.jpg,True,
2011640,,,,,,0,C:\Users\aspen\Desktop\CMPU395\CMPU-395-Project\data\streetview_images\2011640.0_1349.jpg,True,
2011640,,,,,,0,C:\Users\aspen\Desktop\CMPU395\CMPU-395-Project\data\streetview_images\2011640.0_1350.jpg,True,
2011640,,,,,,0,C:\Users\aspen\Desktop\CMPU395\CMPU-395-Project\data\streetview_images\2011640.0_1351.jpg,True,
2011640,,,,,,0,C:\Users\aspen\Desktop\CMPU395\CMPU-395-Project\data\streetview_images\2011640.0_1352.jpg,True,
2011640,,,,,,0,C:\Users\aspen\Desktop\CMPU395\CMPU-395-Project\data\streetview_images\2011640.0_1353.jpg,True,
2011640,,,,,,0,C:\Users\aspen\Desktop\CMPU395\CMPU-395-Project\data\streetview_images\2011640.0_1354.jpg,True,
2011640,,,,,,0,C:\Users\aspen\Desktop\CMPU395\CMPU-395-Project\data\streetview_images\2011640.0_1355.jpg,True,
2011880,,,,,,0,C:\Users\aspen\Desktop\CMPU395\CMPU-395-Project\data\streetview_images\2011880.0_1356.jpg,True,
2011880,,,,,,0,C:\Users\aspen\Desktop\CMPU395\CMPU-395-Project\data\streetview_images\2011880.0_1357.jpg,True,
2012180,,,,,,0,C:\Users\aspen\Desktop\CMPU395\CMPU-395-Project\data\streetview_images\2012180.0_1358.jpg,True,
2012180,,,,,,0,C:\Users\aspen\Desktop\CMPU395\CMPU-395-Project\data\streetview_images\2012180.0_1359.jpg,True,
2012180,,,,,,0,C:\Users\aspen\Desktop\CMPU395\CMPU-395-Project\data\streetview_images\2012180.0_1360.jpg,True,
2012180,,,,,,0,C:\Users\aspen\Desktop\CMPU395\CMPU-395-Project\data\streetview_images\2012180.0_1361.jpg,True,
2012180,,,,,,0,C:\Users\aspen\Desktop\CMPU395\CMPU-395-Project\data\streetview_images\2012180.0_1362.jpg,True,
2012180,,,,,,0,C:\Users\aspen\Desktop\CMPU395\CMPU-395-Project\data\streetview_images\2012180.0_1363.jpg,True,
2012180,,,,,,0,C:\Users\aspen\Desktop\CMPU395\CMPU-395-Project\data\streetview_images\2012180.0_1364.jpg,True,
2012180,,,,,,0,C:\Users\aspen\Desktop\CMPU395\CMPU-395-Project\data\streetview_images\2012180.0_1365.jpg,True,
2012180,,,,,,0,C:\Users\aspen\Desktop\CMPU395\CMPU-395-Project\data\streetview_images\2012180.0_1366.jpg,True,
2012180,,,,,,0,C:\Users\aspen\Desktop\CMPU395\CMPU-395-Project\data\streetview_images\2012180.0_1367.jpg,True,
2012180,,,,,,0,C:\Users\aspen\Desktop\CMPU395\CMPU-395-Project\data\streetview_images\2012180.0_1368.jpg,True,
2012180,,,,,,0,C:\Users\aspen\Desktop\CMPU395\CMPU-395-Project\data\streetview_images\2012180.0_1369.jpg,True,
2012180,,,,,,0,C:\Users\aspen\Desktop\CMPU395\CMPU-395-Project\data\streetview_images\2012180.0_1370.jpg,True,
2012180,,,,,,0,C:\Users\aspen\Desktop\CMPU395\CMPU-395-Project\data\streetview_images\2012180.0_1371.jpg,True,
2012180,,,,,,0,C:\Users\aspen\Desktop\CMPU395\CMPU-395-Project\data\streetview_images\2012180.0_1372.jpg,True,
2012180,,,,,,0,C:\Users\aspen\Desktop\CMPU395\CMPU-395-Project\data\streetview_images\2012180.0_1373.jpg,True,
2100300,,,,,,0,C:\Users\aspen\Desktop\CMPU395\CMPU-395-Project\data\streetview_images\2100300.0_1374.jpg,True,
2100300,,,,,,0,C:\Users\aspen\Desktop\CMPU395\CMPU-395-Project\data\streetview_images\2100300.0_1375.jpg,True,
2100300,,,,,,0,C:\Users\aspen\Desktop\CMPU395\CMPU-395-Project\data\streetview_images\2100300.0_1376.jpg,True,
2100300,,,,,,0,C:\Users\aspen\Desktop\CMPU395\CMPU-395-Project\data\streetview_images\2100300.0_1377.jpg,True,
2100300,,,,,,0,C:\Users\aspen\Desktop\CMPU395\CMPU-395-Project\data\streetview_images\2100300.0_1378.jpg,True,
2100300,,,,,,0,C:\Users\aspen\Desktop\CMPU395\CMPU-395-Project\data\streetview_images\2100300.0_1379.jpg,True,
2100300,,,,,,0,C:\Users\aspen\Desktop\CMPU395\CMPU-395-Project\data\streetview_images\2100300.0_1380.jpg,True,
2100300,,,,,,0,C:\Users\aspen\Desktop\CMPU395\CMPU-395-Project\data\streetview_images\2100300.0_1381.jpg,True,
2100300,,,,,,0,C:\Users\aspen\Desktop\CMPU395\CMPU-395-Project\data\streetview_images\2100300.0_1382.jpg,True,
2100300,,,,,,0,C:\Users\aspen\Desktop\CMPU395\CMPU-395-Project\data\streetview_images\2100300.0_1383.jpg,True,
2100300,,,,,,0,C:\Users\aspen\Desktop\CMPU395\CMPU-395-Project\data\streetview_images\2100300.0_1384.jpg,True,
2100300,,,,,,0,C:\Users\aspen\Desktop\CMPU395\CMPU-395-Project\data\streetview_images\2100300.0_1385.jpg,True,
2100300,,,,,,0,C:\Users\aspen\Desktop\CMPU395\CMPU-395-Project\data\streetview_images\2100300.0_1386.jpg,True,
2100300,,,,,,0,C:\Users\aspen\Desktop\CMPU395\CMPU-395-Project\data\streetview_images\2100300.0_1387.jpg,True,
2100300,,,,,,0,C:\Users\aspen\Desktop\CMPU395\CMPU-395-Project\data\streetview_images\2100300.0_1388.jpg,True,
2100300,,,,,,0,C:\Users\aspen\Desktop\CMPU395\CMPU-395-Project\data\streetview_images\2100300.0_1389.jpg,True,
2100300,,,,,,0,C:\Users\aspen\Desktop\CMPU395\CMPU-395-Project\data\streetview_images\2100300.0_1390.jpg,True,
2100300,,,,,,0,C:\Users\aspen\Desktop\CMPU395\CMPU-395-Project\data\streetview_images\2100300.0_1391.jpg,True,
2101050,,,,,,0,C:\Users\aspen\Desktop\CMPU395\CMPU-395-Project\data\streetview_images\2101050.0_1392.jpg,True,
2101050,,,,,,0,C:\Users\aspen\Desktop\CMPU395\CMPU-395-Project\data\streetview_images\2101050.0_1393.jpg,True,
2101050,,,,,,0,C:\Users\aspen\Desktop\CMPU395\CMPU-395-Project\data\streetview_images\2101050.0_1394.jpg,True,
2101050,,,,,,0,C:\Users\aspen\Desktop\CMPU395\CMPU-395-Project\data\streetview_images\2101050.0_1395.jpg,True,
2101050,,,,,,0,C:\Users\aspen\Desktop\CMPU395\CMPU-395-Project\data\streetview_images\2101050.0_1396.jpg,True,
2101050,,,,,,0,C:\Users\aspen\Desktop\CMPU395\CMPU-395-Project\data\streetview_images\2101050.0_1397.jpg,True,
2101050,,,,,,0,C:\Users\aspen\Desktop\CMPU395\CMPU-395-Project\data\streetview_images\2101050.0_1398.jpg,True,
2101050,,,,,,0,C:\Users\aspen\Desktop\CMPU395\CMPU-395-Project\data\streetview_images\2101050.0_1399.jpg,True,
2101050,,,,,,0,C:\Users\aspen\Desktop\CMPU395\CMPU-395-Project\data\streetview_images\2101050.0_1400.jpg,True,
2101230,,,,,,0,C:\Users\aspen\Desktop\CMPU395\CMPU-395-Project\data\streetview_images\2101230.0_1401.jpg,True,
2101230,,,,,,0,C:\Users\aspen\Desktop\CMPU395\CMPU-395-Project\data\streetview_images\2101230.0_1402.jpg,True,
2101230,,,,,,0,C:\Users\aspen\Desktop\CMPU395\CMPU-395-Project\data\streetview_images\2101230.0_1403.jpg,True,
2101230,,,,,,0,C:\Users\aspen\Desktop\CMPU395\CMPU-395-Project\data\streetview_images\2101230.0_1404.jpg,True,
2101800,,,,,,0,C:\Users\aspen\Desktop\CMPU395\CMPU-395-Project\data\streetview_images\2101800.0_1405.jpg,True,
2101800,,,,,,0,C:\Users\aspen\Desktop\CMPU395\CMPU-395-Project\data\streetview_images\2101800.0_1406.jpg,True,
2101800,,,,,,0,C:\Users\aspen\Desktop\CMPU395\CMPU-395-Project\data\streetview_images\2101800.0_1407.jpg,True,
2101800,,,,,,0,C:\Users\aspen\Desktop\CMPU395\CMPU-395-Project\data\streetview_images\2101800.0_1408.jpg,True,
2101800,,,,,,0,C:\Users\aspen\Desktop\CMPU395\CMPU-395-Project\data\streetview_images\2101800.0_1409.jpg,True,
2101800,,,,,,0,C:\Users\aspen\Desktop\CMPU395\CMPU-395-Project\data\streetview_images\2101800.0_1410.jpg,True,
2101800,,,,,,0,C:\Users\aspen\Desktop\CMPU395\CMPU-395-Project\data\streetview_images\2101800.0_1411.jpg,True,
2101800,,,,,,0,C:\Users\aspen\Desktop\CMPU395\CMPU-395-Project\data\streetview_images\2101800.0_1412.jpg,True,
2101800,,,,,,0,C:\Users\aspen\Desktop\CMPU395\CMPU-395-Project\data\streetview_images\2101800.0_1413.jpg,True,
2101800,,,,,,0,C:\Users\aspen\Desktop\CMPU395\CMPU-395-Project\data\streetview_images\2101800.0_1414.jpg,True,
2101800,,,,,,0,C:\Users\aspen\Desktop\CMPU395\CMPU-395-Project\data\streetview_images\2101800.0_1415.jpg,True,
2101800,,,,,,0,C:\Users\aspen\Desktop\CMPU395\CMPU-395-Project\data\streetview_images\2101800.0_1416.jpg,True,
2101800,,,,,,0,C:\Users\aspen\Desktop\CMPU395\CMPU-395-Project\data\streetview_images\2101800.0_1417.jpg,True,
2101800,,,,,,0,C:\Users\aspen\Desktop\CMPU395\CMPU-395-Project\data\streetview_images\2101800.0_1418.jpg,True,
2101800,,,,,,0,C:\Users\aspen\Desktop\CMPU395\CMPU-395-Project\data\streetview_images\2101800.0_1419.jpg,True,
2101800,,,,,,0,C:\Users\aspen\Desktop\CMPU395\CMPU-395-Project\data\streetview_images\2101800.0_1420.jpg,True,
2101800,,,,,,0,C:\Users\aspen\Desktop\CMPU395\CMPU-395-Project\data\streetview_images\2101800.0_1421.jpg,True,
2101800,,,,,,0,C:\Users\aspen\Desktop\CMPU395\CMPU-395-Project\data\streetview_images\2101800.0_1422.jpg,True,
2101800,,,,,,0,C:\Users\aspen\Desktop\CMPU395\CMPU-395-Project\data\streetview_images\2101800.0_1423.jpg,True,
2101800,,,,,,0,C:\Users\aspen\Desktop\CMPU395\CMPU-395-Project\data\streetview_images\2101800.0_1424.jpg,True,
2101800,,,,,,0,C:\Users\aspen\Desktop\CMPU395\CMPU-395-Project\data\streetview_images\2101800.0_1425.jpg,True,
2101800,,,,,,0,C:\Users\aspen\Desktop\CMPU395\CMPU-395-Project\data\streetview_images\2101800.0_1426.jpg,True,
2101800,,,,,,0,C:\Users\aspen\Desktop\CMPU395\CMPU-395-Project\data\streetview_images\2101800.0_1427.jpg,True,
2101800,,,,,,0,C:\Users\aspen\Desktop\CMPU395\CMPU-395-Project\data\streetview_images\2101800.0_1428.jpg,True,
2101800,,,,,,0,C:\Users\aspen\Desktop\CMPU395\CMPU-395-Project\data\streetview_images\2101800.0_1429.jpg,True,
2101800,,,,,,0,C:\Users\aspen\Desktop\CMPU395\CMPU-395-Project\data\streetview_images\2101800.0_1430.jpg,True,
2101800,,,,,,0,C:\Users\aspen\Desktop\CMPU395\CMPU-395-Project\data\streetview_images\2101800.0_1431.jpg,True,
2101800,,,,,,0,C:\Users\aspen\Desktop\CMPU395\CMPU-395-Project\data\streetview_images\2101800.0_1432.jpg,True,
2101800,,,,,,0,C:\Users\aspen\Desktop\CMPU395\CMPU-395-Project\data\streetview_images\2101800.0_1433.jpg,True,
2101800,,,,,,0,C:\Users\aspen\Desktop\CMPU395\CMPU-395-Project\data\streetview_images\2101800.0_1434.jpg,True,
2101800,,,,,,0,C:\Users\aspen\Desktop\CMPU395\CMPU-395-Project\data\streetview_images\2101800.0_1435.jpg,True,
2101800,,,,,,0,C:\Users\aspen\Desktop\CMPU395\CMPU-395-Project\data\streetview_images\2101800.0_1436.jpg,True,
2101800,,,,,,0,C:\Users\aspen\Desktop\CMPU395\CMPU-395-Project\data\streetview_images\2101800.0_1437.jpg,True,
2101800,,,,,,0,C:\Users\aspen\Desktop\CMPU395\CMPU-395-Project\data\streetview_images\2101800.0_1438.jpg,True,
2101800,,,,,,0,C:\Users\aspen\Desktop\CMPU395\CMPU-395-Project\data\streetview_images\2101800.0_1439.jpg,True,
2101800,,,,,,0,C:\Users\aspen\Desktop\CMPU395\CMPU-395-Project\data\streetview_images\2101800.0_1440.jpg,True,
2101800,,,,,,0,C:\Users\aspen\Desktop\CMPU395\CMPU-395-Project\data\streetview_images\2101800.0_1441.jpg,True,
2101800,,,,,,0,C:\Users\aspen\Desktop\CMPU395\CMPU-395-Project\data\streetview_images\2101800.0_1442.jpg,True,
2101800,,,,,,0,C:\Users\aspen\Desktop\CMPU395\CMPU-395-Project\data\streetview_images\2101800.0_1443.jpg,True,
2101800,,,,,,0,C:\Users\aspen\Desktop\CMPU395\CMPU-395-Project\data\streetview_images\2101800.0_1444.jpg,True,
2104380,,,,,,0,C:\Users\aspen\Desktop\CMPU395\CMPU-395-Project\data\streetview_images\2104380.0_1445.jpg,True,
2104380,,,,,,0,C:\Users\aspen\Desktop\CMPU395\CMPU-395-Project\data\streetview_images\2104380.0_1446.jpg,True,
2104380,,,,,,0,C:\Users\aspen\Desktop\CMPU395\CMPU-395-Project\data\streetview_images\2104380.0_1447.jpg,True,
2104380,,,,,,0,C:\Users\aspen\Desktop\CMPU395\CMPU-395-Project\data\streetview_images\2104380.0_1448.jpg,True,
2104380,,,,,,0,C:\Users\aspen\Desktop\CMPU395\CMPU-395-Project\data\streetview_images\2104380.0_1449.jpg,True,
2104380,,,,,,0,C:\Users\aspen\Desktop\CMPU395\CMPU-395-Project\data\streetview_images\2104380.0_1450.jpg,True,
2104380,,,,,,0,C:\Users\aspen\Desktop\CMPU395\CMPU-395-Project\data\streetview_images\2104380.0_1451.jpg,True,
2104380,,,,,,0,C:\Users\aspen\Desktop\CMPU395\CMPU-395-Project\data\streetview_images\2104380.0_1452.jpg,True,
2104380,,,,,,0,C:\Users\aspen\Desktop\CMPU395\CMPU-395-Project\data\streetview_images\2104380.0_1453.jpg,True,
2104380,,,,,,0,C:\Users\aspen\Desktop\CMPU395\CMPU-395-Project\data\streetview_images\2104380.0_1454.jpg,True,
2104380,,,,,,0,C:\Users\aspen\Desktop\CMPU395\CMPU-395-Project\data\streetview_images\2104380.0_1455.jpg,True,
2104380,,,,,,0,C:\Users\aspen\Desktop\CMPU395\CMPU-395-Project\data\streetview_images\2104380.0_1456.jpg,True,
2104380,,,,,,0,C:\Users\aspen\Desktop\CMPU395\CMPU-395-Project\data\streetview_images\2104380.0_1457.jpg,True,
2104380,,,,,,0,C:\Users\aspen\Desktop\CMPU395\CMPU-395-Project\data\streetview_images\2104380.0_1458.jpg,True,
2104380,,,,,,0,C:\Users\aspen\Desktop\CMPU395\CMPU-395-Project\data\streetview_images\2104380.0_1459.jpg,True,
2104380,,,,,,0,C:\Users\aspen\Desktop\CMPU395\CMPU-395-Project\data\streetview_images\2104380.0_1460.jpg,True,
2104380,,,,,,0,C:\Users\aspen\Desktop\CMPU395\CMPU-395-Project\data\streetview_images\2104380.0_1461.jpg,True,
2104380,,,,,,0,C:\Users\aspen\Desktop\CMPU395\CMPU-395-Project\data\streetview_images\2104380.0_1462.jpg,True,
2104380,,,,,,0,C:\Users\aspen\Desktop\CMPU395\CMPU-395-Project\data\streetview_images\2104380.0_1463.jpg,True,
2104380,,,,,,0,C:\Users\aspen\Desktop\CMPU395\CMPU-395-Project\data\streetview_images\2104380.0_1464.jpg,True,
2104380,,,,,,0,C:\Users\aspen\Desktop\CMPU395\CMPU-395-Project\data\streetview_images\2104380.0_1465.jpg,True,
2104380,,,,,,0,C:\Users\aspen\Desktop\CMPU395\CMPU-395-Project\data\streetview_images\2104380.0_1466.jpg,True,
2104380,,,,,,0,C:\Users\aspen\Desktop\CMPU395\CMPU-395-Project\data\streetview_images\2104380.0_1467.jpg,True,
2104380,,,,,,0,C:\Users\aspen\Desktop\CMPU395\CMPU-395-Project\data\streetview_images\2104380.0_1468.jpg,True,
2104380,,,,,,0,C:\Users\aspen\Desktop\CMPU395\CMPU-395-Project\data\streetview_images\2104380.0_1469.jpg,True,
2104380,,,,,,0,C:\Users\aspen\Desktop\CMPU395\CMPU-395-Project\data\streetview_images\2104380.0_1470.jpg,True,
2104380,,,,,,0,C:\Users\aspen\Desktop\CMPU395\CMPU-395-Project\data\streetview_images\2104380.0_1471.jpg,True,
2104380,,,,,,0,C:\Users\aspen\Desktop\CMPU395\CMPU-395-Project\data\streetview_images\2104380.0_1472.jpg,True,
2104380,,,,,,0,C:\Users\aspen\Desktop\CMPU395\CMPU-395-Project\data\streetview_images\2104380.0_1473.jpg,True,
2104380,,,,,,0,C:\Users\aspen\Desktop\CMPU395\CMPU-395-Project\data\streetview_images\2104380.0_1474.jpg,True,
2104380,,,,,,0,C:\Users\aspen\Desktop\CMPU395\CMPU-395-Project\data\streetview_images\2104380.0_1475.jpg,True,
2104380,,,,,,0,C:\Users\aspen\Desktop\CMPU395\CMPU-395-Project\data\streetview_images\2104380.0_1476.jpg,True,
2104380,,,,,,0,C:\Users\aspen\Desktop\CMPU395\CMPU-395-Project\data\streetview_images\2104380.0_1477.jpg,True,
2104380,,,,,,0,C:\Users\aspen\Desktop\CMPU395\CMPU-395-Project\data\streetview_images\2104380.0_1478.jpg,True,
2104380,,,,,,0,C:\Users\aspen\Desktop\CMPU395\CMPU-395-Project\data\streetview_images\2104380.0_1479.jpg,True,
2104380,,,,,,0,C:\Users\aspen\Desktop\CMPU395\CMPU-395-Project\data\streetview_images\2104380.0_1480.jpg,True,
2104380,,,,,,0,C:\Users\aspen\Desktop\CMPU395\CMPU-395-Project\data\streetview_images\2104380.0_1481.jpg,True,
2104380,,,,,,0,C:\Users\aspen\Desktop\CMPU395\CMPU-395-Project\data\streetview_images\2104380.0_1482.jpg,True,
2104380,,,,,,0,C:\Users\aspen\Desktop\CMPU395\CMPU-395-Project\data\streetview_images\2104380.0_1483.jpg,True,
2104380,,,,,,0,C:\Users\aspen\Desktop\CMPU395\CMPU-395-Project\data\streetview_images\2104380.0_1484.jpg,True,
2105460,,,,,,0,C:\Users\aspen\Desktop\CMPU395\CMPU-395-Project\data\streetview_images\2105460.0_1485.jpg,True,
2105460,,,,,,0,C:\Users\aspen\Desktop\CMPU395\CMPU-395-Project\data\streetview_images\2105460.0_1486.jpg,True,
2105460,,,,,,0,C:\Users\aspen\Desktop\CMPU395\CMPU-395-Project\data\streetview_images\2105460.0_1487.jpg,True,
2105460,,,,,,0,C:\Users\aspen\Desktop\CMPU395\CMPU-395-Project\data\streetview_images\2105460.0_1488.jpg,True,
2105460,,,,,,0,C:\Users\aspen\Desktop\CMPU395\CMPU-395-Project\data\streetview_images\2105460.0_1489.jpg,True,
2105460,,,,,,0,C:\Users\aspen\Desktop\CMPU395\CMPU-395-Project\data\streetview_images\2105460.0_1490.jpg,True,
2105460,,,,,,0,C:\Users\aspen\Desktop\CMPU395\CMPU-395-Project\data\streetview_images\2105460.0_1491.jpg,True,
2105460,,,,,,0,C:\Users\aspen\Desktop\CMPU395\CMPU-395-Project\data\streetview_images\2105460.0_1492.jpg,True,
2105460,,,,,,0,C:\Users\aspen\Desktop\CMPU395\CMPU-395-Project\data\streetview_images\2105460.0_1493.jpg,True,
2105460,,,,,,0,C:\Users\aspen\Desktop\CMPU395\CMPU-395-Project\data\streetview_images\2105460.0_1494.jpg,True,
2105460,,,,,,0,C:\Users\aspen\Desktop\CMPU395\CMPU-395-Project\data\streetview_images\2105460.0_1495.jpg,True,
2105460,,,,,,0,C:\Users\aspen\Desktop\CMPU395\CMPU-395-Project\data\streetview_images\2105460.0_1496.jpg,True,
2105460,,,,,,0,C:\Users\aspen\Desktop\CMPU395\CMPU-395-Project\data\streetview_images\2105460.0_1497.jpg,True,
2105460,,,,,,0,C:\Users\aspen\Desktop\CMPU395\CMPU-395-Project\data\streetview_images\2105460.0_1498.jpg,True,
2105460,,,,,,0,C:\Users\aspen\Desktop\CMPU395\CMPU-395-Project\data\streetview_images\2105460.0_1499.jpg,True,
2105460,,,,,,0,C:\Users\aspen\Desktop\CMPU395\CMPU-395-Project\data\streetview_images\2105460.0_1500.jpg,True,
2105460,,,,,,0,C:\Users\aspen\Desktop\CMPU395\CMPU-395-Project\data\streetview_images\2105460.0_1501.jpg,True,
2105460,,,,,,0,C:\Users\aspen\Desktop\CMPU395\CMPU-395-Project\data\streetview_images\2105460.0_1502.jpg,True,
2105460,,,,,,0,C:\Users\aspen\Desktop\CMPU395\CMPU-395-Project\data\streetview_images\2105460.0_1503.jpg,True,
2105460,,,,,,0,C:\Users\aspen\Desktop\CMPU395\CMPU-395-Project\data\streetview_images\2105460.0_1504.jpg,True,
2105460,,,,,,0,C:\Users\aspen\Desktop\CMPU395\CMPU-395-Project\data\streetview_images\2105460.0_1505.jpg,True,
2105460,,,,,,0,C:\Users\aspen\Desktop\CMPU395\CMPU-395-Project\data\streetview_images\2105460.0_1506.jpg,True,
2105460,,,,,,0,C:\Users\aspen\Desktop\CMPU395\CMPU-395-Project\data\streetview_images\2105460.0_1507.jpg,True,
2105460,,,,,,0,C:\Users\aspen\Desktop\CMPU395\CMPU-395-Project\data\streetview_images\2105460.0_1508.jpg,True,
2105460,,,,,,0,C:\Users\aspen\Desktop\CMPU395\CMPU-395-Project\data\streetview_images\2105460.0_1509.jpg,True,
2105460,,,,,,0,C:\Users\aspen\Desktop\CMPU395\CMPU-395-Project\data\streetview_images\2105460.0_1510.jpg,True,
2105460,,,,,,0,C:\Users\aspen\Desktop\CMPU395\CMPU-395-Project\data\streetview_images\2105460.0_1511.jpg,True,
2105460,,,,,,0,C:\Users\aspen\Desktop\CMPU395\CMPU-395-Project\data\streetview_images\2105460.0_1512.jpg,True,
2105460,,,,,,0,C:\Users\aspen\Desktop\CMPU395\CMPU-395-Project\data\streetview_images\2105460.0_1513.jpg,True,
2105460,,,,,,0,C:\Users\aspen\Desktop\CMPU395\CMPU-395-Project\data\streetview_images\2105460.0_1514.jpg,True,
2105460,,,,,,0,C:\Users\aspen\Desktop\CMPU395\CMPU-395-Project\data\streetview_images\2105460.0_1515.jpg,True,
2105460,,,,,,0,C:\Users\aspen\Desktop\CMPU395\CMPU-395-Project\data\streetview_images\2105460.0_1516.jpg,True,
2105460,,,,,,0,C:\Users\aspen\Desktop\CMPU395\CMPU-395-Project\data\streetview_images\2105460.0_1517.jpg,True,
2105460,,,,,,0,C:\Users\aspen\Desktop\CMPU395\CMPU-395-Project\data\streetview_images\2105460.0_1518.jpg,True,
2105460,,,,,,0,C:\Users\aspen\Desktop\CMPU395\CMPU-395-Project\data\streetview_images\2105460.0_1519.jpg,True,
2105460,,,,,,0,C:\Users\aspen\Desktop\CMPU395\CMPU-395-Project\data\streetview_images\2105460.0_1520.jpg,True,
2105460,,,,,,0,C:\Users\aspen\Desktop\CMPU395\CMPU-395-Project\data\streetview_images\2105460.0_1521.jpg,True,
2105460,,,,,,0,C:\Users\aspen\Desktop\CMPU395\CMPU-395-Project\data\streetview_images\2105460.0_1522.jpg,True,
2105460,,,,,,0,C:\Users\aspen\Desktop\CMPU395\CMPU-395-Project\data\streetview_images\2105460.0_1523.jpg,True,
2105460,,,,,,0,C:\Users\aspen\Desktop\CMPU395\CMPU-395-Project\data\streetview_images\2105460.0_1524.jpg,True,
2200240,,,,,,0,C:\Users\aspen\Desktop\CMPU395\CMPU-395-Project\data\streetview_images\2200240.0_1525.jpg,True,
2200240,,,,,,0,C:\Users\aspen\Desktop\CMPU395\CMPU-395-Project\data\streetview_images\2200240.0_1526.jpg,True,
2200240,,,,,,0,C:\Users\aspen\Desktop\CMPU395\CMPU-395-Project\data\streetview_images\2200240.0_1527.jpg,True,
2200240,,,,,,0,C:\Users\aspen\Desktop\CMPU395\CMPU-395-Project\data\streetview_images\2200240.0_1528.jpg,True,
2200240,,,,,,0,C:\Users\aspen\Desktop\CMPU395\CMPU-395-Project\data\streetview_images\2200240.0_1529.jpg,True,
2200240,,,,,,0,C:\Users\aspen\Desktop\CMPU395\CMPU-395-Project\data\streetview_images\2200240.0_1530.jpg,True,
2200240,,,,,,0,C:\Users\aspen\Desktop\CMPU395\CMPU-395-Project\data\streetview_images\2200240.0_1531.jpg,True,
2200240,,,,,,0,C:\Users\aspen\Desktop\CMPU395\CMPU-395-Project\data\streetview_images\2200240.0_1532.jpg,True,
2200240,,,,,,0,C:\Users\aspen\Desktop\CMPU395\CMPU-395-Project\data\streetview_images\2200240.0_1533.jpg,True,
2200240,,,,,,0,C:\Users\aspen\Desktop\CMPU395\CMPU-395-Project\data\streetview_images\2200240.0_1534.jpg,True,
2200240,,,,,,0,C:\Users\aspen\Desktop\CMPU395\CMPU-395-Project\data\streetview_images\2200240.0_1535.jpg,True,
2200240,,,,,,0,C:\Users\aspen\Desktop\CMPU395\CMPU-395-Project\data\streetview_images\2200240.0_1536.jpg,True,
2200240,,,,,,0,C:\Users\aspen\Desktop\CMPU395\CMPU-395-Project\data\streetview_images\2200240.0_1537.jpg,True,
2200240,,,,,,0,C:\Users\aspen\Desktop\CMPU395\CMPU-395-Project\data\streetview_images\2200240.0_1538.jpg,True,
2200240,,,,,,0,C:\Users\aspen\Desktop\CMPU395\CMPU-395-Project\data\streetview_images\2200240.0_1539.jpg,True,
2200240,,,,,,0,C:\Users\aspen\Desktop\CMPU395\CMPU-395-Project\data\streetview_images\2200240.0_1540.jpg,True,
2200240,,,,,,0,C:\Users\aspen\Desktop\CMPU395\CMPU-395-Project\data\streetview_images\2200240.0_1541.jpg,True,
2200240,,,,,,0,C:\Users\aspen\Desktop\CMPU395\CMPU-395-Project\data\streetview_images\2200240.0_1542.jpg,True,
2200240,,,,,,0,C:\Users\aspen\Desktop\CMPU395\CMPU-395-Project\data\streetview_images\2200240.0_1543.jpg,True,
2200780,,,,,,0,C:\Users\aspen\Desktop\CMPU395\CMPU-395-Project\data\streetview_images\2200780.0_1544.jpg,True,
2200780,,,,,,0,C:\Users\aspen\Desktop\CMPU395\CMPU-395-Project\data\streetview_images\2200780.0_1545.jpg,True,
2200780,,,,,,0,C:\Users\aspen\Desktop\CMPU395\CMPU-395-Project\data\streetview_images\2200780.0_1546.jpg,True,
2200780,,,,,,0,C:\Users\aspen\Desktop\CMPU395\CMPU-395-Project\data\streetview_images\2200780.0_1547.jpg,True,
2300062,,,,,,0,C:\Users\aspen\Desktop\CMPU395\CMPU-395-Project\data\streetview_images\2300062.0_1548.jpg,True,
2300062,,,,,,0,C:\Users\aspen\Desktop\CMPU395\CMPU-395-Project\data\streetview_images\2300062.0_1549.jpg,True,
2307140,,,,,,0,C:\Users\aspen\Desktop\CMPU395\CMPU-395-Project\data\streetview_images\2307140.0_1550.jpg,True,
2307140,,,,,,0,C:\Users\aspen\Desktop\CMPU395\CMPU-395-Project\data\streetview_images\2307140.0_1551.jpg,True,
2307140,,,,,,0,C:\Users\aspen\Desktop\CMPU395\CMPU-395-Project\data\streetview_images\2307140.0_1552.jpg,True,
2307140,,,,,,0,C:\Users\aspen\Desktop\CMPU395\CMPU-395-Project\data\streetview_images\2307140.0_1553.jpg,True,
2307140,,,,,,0,C:\Users\aspen\Desktop\CMPU395\CMPU-395-Project\data\streetview_images\2307140.0_1554.jpg,True,
2307140,,,,,,0,C:\Users\aspen\Desktop\CMPU395\CMPU-395-Project\data\streetview_images\2307140.0_1555.jpg,True,
2307140,,,,,,0,C:\Users\aspen\Desktop\CMPU395\CMPU-395-Project\data\streetview_images\2307140.0_1556.jpg,True,
2307140,,,,,,0,C:\Users\aspen\Desktop\CMPU395\CMPU-395-Project\data\streetview_images\2307140.0_1557.jpg,True,
2307140,,,,,,0,C:\Users\aspen\Desktop\CMPU395\CMPU-395-Project\data\streetview_images\2307140.0_1558.jpg,True,
2307140,,,,,,0,C:\Users\aspen\Desktop\CMPU395\CMPU-395-Project\data\streetview_images\2307140.0_1559.jpg,True,
2307140,,,,,,0,C:\Users\aspen\Desktop\CMPU395\CMPU-395-Project\data\streetview_images\2307140.0_1560.jpg,True,
2307140,,,,,,0,C:\Users\aspen\Desktop\CMPU395\CMPU-395-Project\data\streetview_images\2307140.0_1561.jpg,True,
2307140,,,,,,0,C:\Users\aspen\Desktop\CMPU395\CMPU-395-Project\data\streetview_images\2307140.0_1562.jpg,True,
2307140,,,,,,0,C:\Users\aspen\Desktop\CMPU395\CMPU-395-Project\data\streetview_images\2307140.0_1563.jpg,True,
2307140,,,,,,0,C:\Users\aspen\Desktop\CMPU395\CMPU-395-Project\data\streetview_images\2307140.0_1564.jpg,True,
2307140,,,,,,0,C:\Users\aspen\Desktop\CMPU395\CMPU-395-Project\data\streetview_images\2307140.0_1565.jpg,True,
2307140,,,,,,0,C:\Users\aspen\Desktop\CMPU395\CMPU-395-Project\data\streetview_images\2307140.0_1566.jpg,True,
2307140,,,,,,0,C:\Users\aspen\Desktop\CMPU395\CMPU-395-Project\data\streetview_images\2307140.0_1567.jpg,True,
2307140,,,,,,0,C:\Users\aspen\Desktop\CMPU395\CMPU-395-Project\data\streetview_images\2307140.0_1568.jpg,True,
2307140,,,,,,0,C:\Users\aspen\Desktop\CMPU395\CMPU-395-Project\data\streetview_images\2307140.0_1569.jpg,True,
2307140,,,,,,0,C:\Users\aspen\Desktop\CMPU395\CMPU-395-Project\data\streetview_images\2307140.0_1570.jpg,True,
2307140,,,,,,0,C:\Users\aspen\Desktop\CMPU395\CMPU-395-Project\data\streetview_images\2307140.0_1571.jpg,True,
2307140,,,,,,0,C:\Users\aspen\Desktop\CMPU395\CMPU-395-Project\data\streetview_images\2307140.0_1572.jpg,True,
2307140,,,,,,0,C:\Users\aspen\Desktop\CMPU395\CMPU-395-Project\data\streetview_images\2307140.0_1573.jpg,True,
2311370,,,,,,0,C:\Users\aspen\Desktop\CMPU395\CMPU-395-Project\data\streetview_images\2311370.0_1574.jpg,True,
2311370,,,,,,0,C:\Users\aspen\Desktop\CMPU395\CMPU-395-Project\data\streetview_images\2311370.0_1575.jpg,True,
2311370,,,,,,0,C:\Users\aspen\Desktop\CMPU395\CMPU-395-Project\data\streetview_images\2311370.0_1576.jpg,True,
2311370,,,,,,0,C:\Users\aspen\Desktop\CMPU395\CMPU-395-Project\data\streetview_images\2311370.0_1577.jpg,True,
2311370,,,,,,0,C:\Users\aspen\Desktop\CMPU395\CMPU-395-Project\data\streetview_images\2311370.0_1578.jpg,True,
2311370,,,,,,0,C:\Users\aspen\Desktop\CMPU395\CMPU-395-Project\data\streetview_images\2311370.0_1579.jpg,True,
2311370,,,,,,0,C:\Users\aspen\Desktop\CMPU395\CMPU-395-Project\data\streetview_images\2311370.0_1580.jpg,True,
2311370,,,,,,0,C:\Users\aspen\Desktop\CMPU395\CMPU-395-Project\data\streetview_images\2311370.0_1581.jpg,True,
2311370,,,,,,0,C:\Users\aspen\Desktop\CMPU395\CMPU-395-Project\data\streetview_images\2311370.0_1582.jpg,True,
2311370,,,,,,0,C:\Users\aspen\Desktop\CMPU395\CMPU-395-Project\data\streetview_images\2311370.0_1583.jpg,True,
2312960,,,,,,0,C:\Users\aspen\Desktop\CMPU395\CMPU-395-Project\data\streetview_images\2312960.0_1584.jpg,True,
2312960,,,,,,0,C:\Users\aspen\Desktop\CMPU395\CMPU-395-Project\data\streetview_images\2312960.0_1585.jpg,True,
2312960,,,,,,0,C:\Users\aspen\Desktop\CMPU395\CMPU-395-Project\data\streetview_images\2312960.0_1586.jpg,True,
2314761,,,,,,0,C:\Users\aspen\Desktop\CMPU395\CMPU-395-Project\data\streetview_images\2314761.0_1587.jpg,True,
2314761,,,,,,0,C:\Users\aspen\Desktop\CMPU395\CMPU-395-Project\data\streetview_images\2314761.0_1588.jpg,True,
2314761,,,,,,0,C:\Users\aspen\Desktop\CMPU395\CMPU-395-Project\data\streetview_images\2314761.0_1589.jpg,True,
2314761,,,,,,0,C:\Users\aspen\Desktop\CMPU395\CMPU-395-Project\data\streetview_images\2314761.0_1590.jpg,True,
2314761,,,,,,0,C:\Users\aspen\Desktop\CMPU395\CMPU-395-Project\data\streetview_images\2314761.0_1591.jpg,True,
2314761,,,,,,0,C:\Users\aspen\Desktop\CMPU395\CMPU-395-Project\data\streetview_images\2314761.0_1592.jpg,True,
2314761,,,,,,0,C:\Users\aspen\Desktop\CMPU395\CMPU-395-Project\data\streetview_images\2314761.0_1593.jpg,True,
2314761,,,,,,0,C:\Users\aspen\Desktop\CMPU395\CMPU-395-Project\data\streetview_images\2314761.0_1594.jpg,True,
2508730,,,,,,0,C:\Users\aspen\Desktop\CMPU395\CMPU-395-Project\data\streetview_images\2508730.0_1595.jpg,True,
2508730,,,,,,0,C:\Users\aspen\Desktop\CMPU395\CMPU-395-Project\data\streetview_images\2508730.0_1596.jpg,True,
2508730,,,,,,0,C:\Users\aspen\Desktop\CMPU395\CMPU-395-Project\data\streetview_images\2508730.0_1597.jpg,True,
2508730,,,,,,0,C:\Users\aspen\Desktop\CMPU395\CMPU-395-Project\data\streetview_images\2508730.0_1598.jpg,True,
2508730,,,,,,0,C:\Users\aspen\Desktop\CMPU395\CMPU-395-Project\data\streetview_images\2508730.0_1599.jpg,True,
2508730,,,,,,0,C:\Users\aspen\Desktop\CMPU395\CMPU-395-Project\data\streetview_images\2508730.0_1600.jpg,True,
2508730,,,,,,0,C:\Users\aspen\Desktop\CMPU395\CMPU-395-Project\data\streetview_images\2508730.0_1601.jpg,True,
2508730,,,,,,0,C:\Users\aspen\Desktop\CMPU395\CMPU-395-Project\data\streetview_images\2508730.0_1602.jpg,True,
2508730,,,,,,0,C:\Users\aspen\Desktop\CMPU395\CMPU-395-Project\data\streetview_images\2508730.0_1603.jpg,True,
2508730,,,,,,0,C:\Users\aspen\Desktop\CMPU395\CMPU-395-Project\data\streetview_images\2508730.0_1604.jpg,True,
2508730,,,,,,0,C:\Users\aspen\Desktop\CMPU395\CMPU-395-Project\data\streetview_images\2508730.0_1605.jpg,True,
2508730,,,,,,0,C:\Users\aspen\Desktop\CMPU395\CMPU-395-Project\data\streetview_images\2508730.0_1606.jpg,True,
2508730,,,,,,0,C:\Users\aspen\Desktop\CMPU395\CMPU-395-Project\data\streetview_images\2508730.0_1607.jpg,True,
2508730,,,,,,0,C:\Users\aspen\Desktop\CMPU395\CMPU-395-Project\data\streetview_images\2508730.0_1608.jpg,True,
2508730,,,,,,0,C:\Users\aspen\Desktop\CMPU395\CMPU-395-Project\data\streetview_images\2508730.0_1609.jpg,True,
2508730,,,,,,0,C:\Users\aspen\Desktop\CMPU395\CMPU-395-Project\data\streetview_images\2508730.0_1610.jpg,True,
2508730,,,,,,0,C:\Users\aspen\Desktop\CMPU395\CMPU-395-Project\data\streetview_images\2508730.0_1611.jpg,True,
2508730,,,,,,0,C:\Users\aspen\Desktop\CMPU395\CMPU-395-Project\data\streetview_images\2508730.0_1612.jpg,True,
2508730,,,,,,0,C:\Users\aspen\Desktop\CMPU395\CMPU-395-Project\data\streetview_images\2508730.0_1613.jpg,True,
2508730,,,,,,0,C:\Users\aspen\Desktop\CMPU395\CMPU-395-Project\data\streetview_images\2508730.0_1614.jpg,True,
2508730,,,,,,0,C:\Users\aspen\Desktop\CMPU395\CMPU-395-Project\data\streetview_images\2508730.0_1615.jpg,True,
2508730,,,,,,0,C:\Users\aspen\Desktop\CMPU395\CMPU-395-Project\data\streetview_images\2508730.0_1616.jpg,True,
2508730,,,,,,0,C:\Users\aspen\Desktop\CMPU395\CMPU-395-Project\data\streetview_images\2508730.0_1617.jpg,True,
2508730,,,,,,0,C:\Users\aspen\Desktop\CMPU395\CMPU-395-Project\data\streetview_images\2508730.0_1618.jpg,True,
2508730,,,,,,0,C:\Users\aspen\Desktop\CMPU395\CMPU-395-Project\data\streetview_images\2508730.0_1619.jpg,True,
2508730,,,,,,0,C:\Users\aspen\Desktop\CMPU395\CMPU-395-Project\data\streetview_images\2508730.0_1620.jpg,True,
2508730,,,,,,0,C:\Users\aspen\Desktop\CMPU395\CMPU-395-Project\data\streetview_images\2508730.0_1621.jpg,True,
2508730,,,,,,0,C:\Users\aspen\Desktop\CMPU395\CMPU-395-Project\data\streetview_images\2508730.0_1622.jpg,True,
2508730,,,,,,0,C:\Users\aspen\Desktop\CMPU395\CMPU-395-Project\data\streetview_images\2508730.0_1623.jpg,True,
2508730,,,,,,0,C:\Users\aspen\Desktop\CMPU395\CMPU-395-Project\data\streetview_images\2508730.0_1624.jpg,True,
2508730,,,,,,0,C:\Users\aspen\Desktop\CMPU395\CMPU-395-Project\data\streetview_images\2508730.0_1625.jpg,True,
2508730,,,,,,0,C:\Users\aspen\Desktop\CMPU395\CMPU-395-Project\data\streetview_images\2508730.0_1626.jpg,True,
2508730,,,,,,0,C:\Users\aspen\Desktop\CMPU395\CMPU-395-Project\data\streetview_images\2508730.0_1627.jpg,True,
2508730,,,,,,0,C:\Users\aspen\Desktop\CMPU395\CMPU-395-Project\data\streetview_images\2508730.0_1628.jpg,True,
2508730,,,,,,0,C:\Users\aspen\Desktop\CMPU395\CMPU-395-Project\data\streetview_images\2508730.0_1629.jpg,True,
2508730,,,,,,0,C:\Users\aspen\Desktop\CMPU395\CMPU-395-Project\data\streetview_images\2508730.0_1630.jpg,True,
2508730,,,,,,0,C:\Users\aspen\Desktop\CMPU395\CMPU-395-Project\data\streetview_images\2508730.0_1631.jpg,True,
2508730,,,,,,0,C:\Users\aspen\Desktop\CMPU395\CMPU-395-Project\data\streetview_images\2508730.0_1632.jpg,True,
2508730,,,,,,0,C:\Users\aspen\Desktop\CMPU395\CMPU-395-Project\data\streetview_images\2508730.0_1633.jpg,True,
2508730,,,,,,0,C:\Users\aspen\Desktop\CMPU395\CMPU-395-Project\data\streetview_images\2508730.0_1634.jpg,True,
2508940,,,,,,0,C:\Users\aspen\Desktop\CMPU395\CMPU-395-Project\data\streetview_images\2508940.0_1635.jpg,True,
2508940,,,,,,0,C:\Users\aspen\Desktop\CMPU395\CMPU-395-Project\data\streetview_images\2508940.0_1636.jpg,True,
2508940,,,,,,0,C:\Users\aspen\Desktop\CMPU395\CMPU-395-Project\data\streetview_images\2508940.0_1637.jpg,True,
2508940,,,,,,0,C:\Users\aspen\Desktop\CMPU395\CMPU-395-Project\data\streetview_images\2508940.0_1638.jpg,True,
2508940,,,,,,0,C:\Users\aspen\Desktop\CMPU395\CMPU-395-Project\data\streetview_images\2508940.0_1639.jpg,True,
2508940,,,,,,0,C:\Users\aspen\Desktop\CMPU395\CMPU-395-Project\data\streetview_images\2508940.0_1640.jpg,True,
2508940,,,,,,0,C:\Users\aspen\Desktop\CMPU395\CMPU-395-Project\data\streetview_images\2508940.0_1641.jpg,True,
2508940,,,,,,0,C:\Users\aspen\Desktop\CMPU395\CMPU-395-Project\data\streetview_images\2508940.0_1642.jpg,True,
2508940,,,,,,0,C:\Users\aspen\Desktop\CMPU395\CMPU-395-Project\data\streetview_images\2508940.0_1643.jpg,True,
2508940,,,,,,0,C:\Users\aspen\Desktop\CMPU395\CMPU-395-Project\data\streetview_images\2508940.0_1644.jpg,True,
2508940,,,,,,0,C:\Users\aspen\Desktop\CMPU395\CMPU-395-Project\data\streetview_images\2508940.0_1645.jpg,True,
2508940,,,,,,0,C:\Users\aspen\Desktop\CMPU395\CMPU-395-Project\data\streetview_images\2508940.0_1646.jpg,True,
2508940,,,,,,0,C:\Users\aspen\Desktop\CMPU395\CMPU-395-Project\data\streetview_images\2508940.0_1647.jpg,True,
2508940,,,,,,0,C:\Users\aspen\Desktop\CMPU395\CMPU-395-Project\data\streetview_images\2508940.0_1648.jpg,True,
2508940,,,,,,0,C:\Users\aspen\Desktop\CMPU395\CMPU-395-Project\data\streetview_images\2508940.0_1649.jpg,True,
2508940,,,,,,0,C:\Users\aspen\Desktop\CMPU395\CMPU-395-Project\data\streetview_images\2508940.0_1650.jpg,True,
2508940,,,,,,0,C:\Users\aspen\Desktop\CMPU395\CMPU-395-Project\data\streetview_images\2508940.0_1651.jpg,True,
2508940,,,,,,0,C:\Users\aspen\Desktop\CMPU395\CMPU-395-Project\data\streetview_images\2508940.0_1652.jpg,True,
2508940,,,,,,0,C:\Users\aspen\Desktop\CMPU395\CMPU-395-Project\data\streetview_images\2508940.0_1653.jpg,True,
2508940,,,,,,0,C:\Users\aspen\Desktop\CMPU395\CMPU-395-Project\data\streetview_images\2508940.0_1654.jpg,True,
2508940,,,,,,0,C:\Users\aspen\Desktop\CMPU395\CMPU-395-Project\data\streetview_images\2508940.0_1655.jpg,True,
2508940,,,,,,0,C:\Users\aspen\Desktop\CMPU395\CMPU-395-Project\data\streetview_images\2508940.0_1656.jpg,True,
2508940,,,,,,0,C:\Users\aspen\Desktop\CMPU395\CMPU-395-Project\data\streetview_images\2508940.0_1657.jpg,True,
2508940,,,,,,0,C:\Users\aspen\Desktop\CMPU395\CMPU-395-Project\data\streetview_images\2508940.0_1658.jpg,True,
2508940,,,,,,0,C:\Users\aspen\Desktop\CMPU395\CMPU-395-Project\data\streetview_images\2508940.0_1659.jpg,True,
2509090,,,,,,0,C:\Users\aspen\Desktop\CMPU395\CMPU-395-Project\data\streetview_images\2509090.0_1660.jpg,True,
2509090,,,,,,0,C:\Users\aspen\Desktop\CMPU395\CMPU-395-Project\data\streetview_images\2509090.0_1661.jpg,True,
2509090,,,,,,0,C:\Users\aspen\Desktop\CMPU395\CMPU-395-Project\data\streetview_images\2509090.0_1662.jpg,True,
2509090,,,,,,0,C:\Users\aspen\Desktop\CMPU395\CMPU-395-Project\data\streetview_images\2509090.0_1663.jpg,True,
2509090,,,,,,0,C:\Users\aspen\Desktop\CMPU395\CMPU-395-Project\data\streetview_images\2509090.0_1664.jpg,True,
2511970,,,,,,0,C:\Users\aspen\Desktop\CMPU395\CMPU-395-Project\data\streetview_images\2511970.0_1665.jpg,True,
2511970,,,,,,0,C:\Users\aspen\Desktop\CMPU395\CMPU-395-Project\data\streetview_images\2511970.0_1666.jpg,True,
2511970,,,,,,0,C:\Users\aspen\Desktop\CMPU395\CMPU-395-Project\data\streetview_images\2511970.0_1667.jpg,True,
2511970,,,,,,0,C:\Users\aspen\Desktop\CMPU395\CMPU-395-Project\data\streetview_images\2511970.0_1668.jpg,True,
2511970,,,,,,0,C:\Users\aspen\Desktop\CMPU395\CMPU-395-Project\data\streetview_images\2511970.0_1669.jpg,True,
2511970,,,,,,0,C:\Users\aspen\Desktop\CMPU395\CMPU-395-Project\data\streetview_images\2511970.0_1670.jpg,True,
2511970,,,,,,0,C:\Users\aspen\Desktop\CMPU395\CMPU-395-Project\data\streetview_images\2511970.0_1671.jpg,True,
2511970,,,,,,0,C:\Users\aspen\Desktop\CMPU395\CMPU-395-Project\data\streetview_images\2511970.0_1672.jpg,True,
2511970,,,,,,0,C:\Users\aspen\Desktop\CMPU395\CMPU-395-Project\data\streetview_images\2511970.0_1673.jpg,True,
2511970,,,,,,0,C:\Users\aspen\Desktop\CMPU395\CMPU-395-Project\data\streetview_images\2511970.0_1674.jpg,True,
2511970,,,,,,0,C:\Users\aspen\Desktop\CMPU395\CMPU-395-Project\data\streetview_images\2511970.0_1675.jpg,True,
2511970,,,,,,0,C:\Users\aspen\Desktop\CMPU395\CMPU-395-Project\data\streetview_images\2511970.0_1676.jpg,True,
2511970,,,,,,0,C:\Users\aspen\Desktop\CMPU395\CMPU-395-Project\data\streetview_images\2511970.0_1677.jpg,True,
2511970,,,,,,0,C:\Users\aspen\Desktop\CMPU395\CMPU-395-Project\data\streetview_images\2511970.0_1678.jpg,True,
2511970,,,,,,0,C:\Users\aspen\Desktop\CMPU395\CMPU-395-Project\data\streetview_images\2511970.0_1679.jpg,True,
2511970,,,,,,0,C:\Users\aspen\Desktop\CMPU395\CMPU-395-Project\data\streetview_images\2511970.0_1680.jpg,True,
2511970,,,,,,0,C:\Users\aspen\Desktop\CMPU395\CMPU-395-Project\data\streetview_images\2511970.0_1681.jpg,True,
2511970,,,,,,0,C:\Users\aspen\Desktop\CMPU395\CMPU-395-Project\data\streetview_images\2511970.0_1682.jpg,True,
2511970,,,,,,0,C:\Users\aspen\Desktop\CMPU395\CMPU-395-Project\data\streetview_images\2511970.0_1683.jpg,True,
2511970,,,,,,0,C:\Users\aspen\Desktop\CMPU395\CMPU-395-Project\data\streetview_images\2511970.0_1684.jpg,True,
2511970,,,,,,0,C:\Users\aspen\Desktop\CMPU395\CMPU-395-Project\data\streetview_images\2511970.0_1685.jpg,True,
2511970,,,,,,0,C:\Users\aspen\Desktop\CMPU395\CMPU-395-Project\data\streetview_images\2511970.0_1686.jpg,True,
2511970,,,,,,0,C:\Users\aspen\Desktop\CMPU395\CMPU-395-Project\data\streetview_images\2511970.0_1687.jpg,True,
2511970,,,,,,0,C:\Users\aspen\Desktop\CMPU395\CMPU-395-Project\data\streetview_images\2511970.0_1688.jpg,True,
2511970,,,,,,0,C:\Users\aspen\Desktop\CMPU395\CMPU-395-Project\data\streetview_images\2511970.0_1689.jpg,True,
2511970,,,,,,0,C:\Users\aspen\Desktop\CMPU395\CMPU-395-Project\data\streetview_images\2511970.0_1690.jpg,True,
2511970,,,,,,0,C:\Users\aspen\Desktop\CMPU395\CMPU-395-Project\data\streetview_images\2511970.0_1691.jpg,True,
2511970,,,,,,0,C:\Users\aspen\Desktop\CMPU395\CMPU-395-Project\data\streetview_images\2511970.0_1692.jpg,True,
2604620,,,,,,0,C:\Users\aspen\Desktop\CMPU395\CMPU-395-Project\data\streetview_images\2604620.0_1693.jpg,True,
2604620,,,,,,0,C:\Users\aspen\Desktop\CMPU395\CMPU-395-Project\data\streetview_images\2604620.0_1694.jpg,True,
2604620,,,,,,0,C:\Users\aspen\Desktop\CMPU395\CMPU-395-Project\data\streetview_images\2604620.0_1695.jpg,True,
2604620,,,,,,0,C:\Users\aspen\Desktop\CMPU395\CMPU-395-Project\data\streetview_images\2604620.0_1696.jpg,True,
2604620,,,,,,0,C:\Users\aspen\Desktop\CMPU395\CMPU-395-Project\data\streetview_images\2604620.0_1697.jpg,True,
2604620,,,,,,0,C:\Users\aspen\Desktop\CMPU395\CMPU-395-Project\data\streetview_images\2604620.0_1698.jpg,True,
2615060,,,,,,0,C:\Users\aspen\Desktop\CMPU395\CMPU-395-Project\data\streetview_images\2615060.0_1699.jpg,True,
2615060,,,,,,0,C:\Users\aspen\Desktop\CMPU395\CMPU-395-Project\data\streetview_images\2615060.0_1700.jpg,True,
2615060,,,,,,0,C:\Users\aspen\Desktop\CMPU395\CMPU-395-Project\data\streetview_images\2615060.0_1701.jpg,True,
2615060,,,,,,0,C:\Users\aspen\Desktop\CMPU395\CMPU-395-Project\data\streetview_images\2615060.0_1702.jpg,True,
2615060,,,,,,0,C:\Users\aspen\Desktop\CMPU395\CMPU-395-Project\data\streetview_images\2615060.0_1703.jpg,True,
2615060,,,,,,0,C:\Users\aspen\Desktop\CMPU395\CMPU-395-Project\data\streetview_images\2615060.0_1704.jpg,True,
2615060,,,,,,0,C:\Users\aspen\Desktop\CMPU395\CMPU-395-Project\data\streetview_images\2615060.0_1705.jpg,True,
2615060,,,,,,0,C:\Users\aspen\Desktop\CMPU395\CMPU-395-Project\data\streetview_images\2615060.0_1706.jpg,True,
2615060,,,,,,0,C:\Users\aspen\Desktop\CMPU395\CMPU-395-Project\data\streetview_images\2615060.0_1707.jpg,True,
2615060,,,,,,0,C:\Users\aspen\Desktop\CMPU395\CMPU-395-Project\data\streetview_images\2615060.0_1708.jpg,True,
2615060,,,,,,0,C:\Users\aspen\Desktop\CMPU395\CMPU-395-Project\data\streetview_images\2615060.0_1709.jpg,True,
2617880,,,,,,0,C:\Users\aspen\Desktop\CMPU395\CMPU-395-Project\data\streetview_images\2617880.0_1710.jpg,True,
2617880,,,,,,0,C:\Users\aspen\Desktop\CMPU395\CMPU-395-Project\data\streetview_images\2617880.0_1711.jpg,True,
2617880,,,,,,0,C:\Users\aspen\Desktop\CMPU395\CMPU-395-Project\data\streetview_images\2617880.0_1712.jpg,True,
2617880,,,,,,0,C:\Users\aspen\Desktop\CMPU395\CMPU-395-Project\data\streetview_images\2617880.0_1713.jpg,True,
2617880,,,,,,0,C:\Users\aspen\Desktop\CMPU395\CMPU-395-Project\data\streetview_images\2617880.0_1714.jpg,True,
2617880,,,,,,0,C:\Users\aspen\Desktop\CMPU395\CMPU-395-Project\data\streetview_images\2617880.0_1715.jpg,True,
2620610,,,,,,0,C:\Users\aspen\Desktop\CMPU395\CMPU-395-Project\data\streetview_images\2620610.0_1716.jpg,True,
2620610,,,,,,0,C:\Users\aspen\Desktop\CMPU395\CMPU-395-Project\data\streetview_images\2620610.0_1717.jpg,True,
2620610,,,,,,0,C:\Users\aspen\Desktop\CMPU395\CMPU-395-Project\data\streetview_images\2620610.0_1718.jpg,True,
2620610,,,,,,0,C:\Users\aspen\Desktop\CMPU395\CMPU-395-Project\data\streetview_images\2620610.0_1719.jpg,True,
2627660,,,,,,0,C:\Users\aspen\Desktop\CMPU395\CMPU-395-Project\data\streetview_images\2627660.0_1720.jpg,True,
2627660,,,,,,0,C:\Users\aspen\Desktop\CMPU395\CMPU-395-Project\data\streetview_images\2627660.0_1721.jpg,True,
2627660,,,,,,0,C:\Users\aspen\Desktop\CMPU395\CMPU-395-Project\data\streetview_images\2627660.0_1722.jpg,True,
2627660,,,,,,0,C:\Users\aspen\Desktop\CMPU395\CMPU-395-Project\data\streetview_images\2627660.0_1723.jpg,True,
2627660,,,,,,0,C:\Users\aspen\Desktop\CMPU395\CMPU-395-Project\data\streetview_images\2627660.0_1724.jpg,True,
2627660,,,,,,0,C:\Users\aspen\Desktop\CMPU395\CMPU-395-Project\data\streetview_images\2627660.0_1725.jpg,True,
2627660,,,,,,0,C:\Users\aspen\Desktop\CMPU395\CMPU-395-Project\data\streetview_images\2627660.0_1726.jpg,True,
2627660,,,,,,0,C:\Users\aspen\Desktop\CMPU395\CMPU-395-Project\data\streetview_images\2627660.0_1727.jpg,True,
2627660,,,,,,0,C:\Users\aspen\Desktop\CMPU395\CMPU-395-Project\data\streetview_images\2627660.0_1728.jpg,True,
2627660,,,,,,0,C:\Users\aspen\Desktop\CMPU395\CMPU-395-Project\data\streetview_images\2627660.0_1729.jpg,True,
2627660,,,,,,0,C:\Users\aspen\Desktop\CMPU395\CMPU-395-Project\data\streetview_images\2627660.0_1730.jpg,True,
2627660,,,,,,0,C:\Users\aspen\Desktop\CMPU395\CMPU-395-Project\data\streetview_images\2627660.0_1731.jpg,True,
2636270,,,,,,0,C:\Users\aspen\Desktop\CMPU395\CMPU-395-Project\data\streetview_images\2636270.0_1732.jpg,True,
2636270,,,,,,0,C:\Users\aspen\Desktop\CMPU395\CMPU-395-Project\data\streetview_images\2636270.0_1733.jpg,True,
2636270,,,,,,0,C:\Users\aspen\Desktop\CMPU395\CMPU-395-Project\data\streetview_images\2636270.0_1734.jpg,True,
2636270,,,,,,0,C:\Users\aspen\Desktop\CMPU395\CMPU-395-Project\data\streetview_images\2636270.0_1735.jpg,True,
2636270,,,,,,0,C:\Users\aspen\Desktop\CMPU395\CMPU-395-Project\data\streetview_images\2636270.0_1736.jpg,True,
2636270,,,,,,0,C:\Users\aspen\Desktop\CMPU395\CMPU-395-Project\data\streetview_images\2636270.0_1737.jpg,True,
2636270,,,,,,0,C:\Users\aspen\Desktop\CMPU395\CMPU-395-Project\data\streetview_images\2636270.0_1738.jpg,True,
2636270,,,,,,0,C:\Users\aspen\Desktop\CMPU395\CMPU-395-Project\data\streetview_images\2636270.0_1739.jpg,True,
2636270,,,,,,0,C:\Users\aspen\Desktop\CMPU395\CMPU-395-Project\data\streetview_images\2636270.0_1740.jpg,True,
2636270,,,,,,0,C:\Users\aspen\Desktop\CMPU395\CMPU-395-Project\data\streetview_images\2636270.0_1741.jpg,True,
2636270,,,,,,0,C:\Users\aspen\Desktop\CMPU395\CMPU-395-Project\data\streetview_images\2636270.0_1742.jpg,True,
2636270,,,,,,0,C:\Users\aspen\Desktop\CMPU395\CMPU-395-Project\data\streetview_images\2636270.0_1743.jpg,True,
2636270,,,,,,0,C:\Users\aspen\Desktop\CMPU395\CMPU-395-Project\data\streetview_images\2636270.0_1744.jpg,True,
2636270,,,,,,0,C:\Users\aspen\Desktop\CMPU395\CMPU-395-Project\data\streetview_images\2636270.0_1745.jpg,True,
2636270,,,,,,0,C:\Users\aspen\Desktop\CMPU395\CMPU-395-Project\data\streetview_images\2636270.0_1746.jpg,True,
2636270,,,,,,0,C:\Users\aspen\Desktop\CMPU395\CMPU-395-Project\data\streetview_images\2636270.0_1747.jpg,True,
2636270,,,,,,0,C:\Users\aspen\Desktop\CMPU395\CMPU-395-Project\data\streetview_images\2636270.0_1748.jpg,True,
2636270,,,,,,0,C:\Users\aspen\Desktop\CMPU395\CMPU-395-Project\data\streetview_images\2636270.0_1749.jpg,True,
2636270,,,,,,0,C:\Users\aspen\Desktop\CMPU395\CMPU-395-Project\data\streetview_images\2636270.0_1750.jpg,True,
2636270,,,,,,0,C:\Users\aspen\Desktop\CMPU395\CMPU-395-Project\data\streetview_images\2636270.0_1751.jpg,True,
2636270,,,,,,0,C:\Users\aspen\Desktop\CMPU395\CMPU-395-Project\data\streetview_images\2636270.0_1752.jpg,True,
2636270,,,,,,0,C:\Users\aspen\Desktop\CMPU395\CMPU-395-Project\data\streetview_images\2636270.0_1753.jpg,True,
2636270,,,,,,0,C:\Users\aspen\Desktop\CMPU395\CMPU-395-Project\data\streetview_images\2636270.0_1754.jpg,True,
2636270,,,,,,0,C:\Users\aspen\Desktop\CMPU395\CMPU-395-Project\data\streetview_images\2636270.0_1755.jpg,True,
2636270,,,,,,0,C:\Users\aspen\Desktop\CMPU395\CMPU-395-Project\data\streetview_images\2636270.0_1756.jpg,True,
2636270,,,,,,0,C:\Users\aspen\Desktop\CMPU395\CMPU-395-Project\data\streetview_images\2636270.0_1757.jpg,True,
2702640,,,,,,0,C:\Users\aspen\Desktop\CMPU395\CMPU-395-Project\data\streetview_images\2702640.0_1758.jpg,True,
2702640,,,,,,0,C:\Users\aspen\Desktop\CMPU395\CMPU-395-Project\data\streetview_images\2702640.0_1759.jpg,True,
2702640,,,,,,0,C:\Users\aspen\Desktop\CMPU395\CMPU-395-Project\data\streetview_images\2702640.0_1760.jpg,True,
2702640,,,,,,0,C:\Users\aspen\Desktop\CMPU395\CMPU-395-Project\data\streetview_images\2702640.0_1761.jpg,True,
2702720,,,,,,0,C:\Users\aspen\Desktop\CMPU395\CMPU-395-Project\data\streetview_images\2702720.0_1762.jpg,True,
2702720,,,,,,0,C:\Users\aspen\Desktop\CMPU395\CMPU-395-Project\data\streetview_images\2702720.0_1763.jpg,True,
2702720,,,,,,0,C:\Users\aspen\Desktop\CMPU395\CMPU-395-Project\data\streetview_images\2702720.0_1764.jpg,True,
2707470,,,,,,0,C:\Users\aspen\Desktop\CMPU395\CMPU-395-Project\data\streetview_images\2707470.0_1765.jpg,True,
2707470,,,,,,0,C:\Users\aspen\Desktop\CMPU395\CMPU-395-Project\data\streetview_images\2707470.0_1766.jpg,True,
2707470,,,,,,0,C:\Users\aspen\Desktop\CMPU395\CMPU-395-Project\data\streetview_images\2707470.0_1767.jpg,True,
2707590,,,,,,0,C:\Users\aspen\Desktop\CMPU395\CMPU-395-Project\data\streetview_images\2707590.0_1768.jpg,True,
2707590,,,,,,0,C:\Users\aspen\Desktop\CMPU395\CMPU-395-Project\data\streetview_images\2707590.0_1769.jpg,True,
2707590,,,,,,0,C:\Users\aspen\Desktop\CMPU395\CMPU-395-Project\data\streetview_images\2707590.0_1770.jpg,True,
2707590,,,,,,0,C:\Users\aspen\Desktop\CMPU395\CMPU-395-Project\data\streetview_images\2707590.0_1771.jpg,True,
2707590,,,,,,0,C:\Users\aspen\Desktop\CMPU395\CMPU-395-Project\data\streetview_images\2707590.0_1772.jpg,True,
2707590,,,,,,0,C:\Users\aspen\Desktop\CMPU395\CMPU-395-Project\data\streetview_images\2707590.0_1773.jpg,True,
2707590,,,,,,0,C:\Users\aspen\Desktop\CMPU395\CMPU-395-Project\data\streetview_images\2707590.0_1774.jpg,True,
2707590,,,,,,0,C:\Users\aspen\Desktop\CMPU395\CMPU-395-Project\data\streetview_images\2707590.0_1775.jpg,True,
2709510,,,,,,0,C:\Users\aspen\Desktop\CMPU395\CMPU-395-Project\data\streetview_images\2709510.0_1776.jpg,True,
2709510,,,,,,0,C:\Users\aspen\Desktop\CMPU395\CMPU-395-Project\data\streetview_images\2709510.0_1777.jpg,True,
2709510,,,,,,0,C:\Users\aspen\Desktop\CMPU395\CMPU-395-Project\data\streetview_images\2709510.0_1778.jpg,True,
2709510,,,,,,0,C:\Users\aspen\Desktop\CMPU395\CMPU-395-Project\data\streetview_images\2709510.0_1779.jpg,True,
2709510,,,,,,0,C:\Users\aspen\Desktop\CMPU395\CMPU-395-Project\data\streetview_images\2709510.0_1780.jpg,True,
2709510,,,,,,0,C:\Users\aspen\Desktop\CMPU395\CMPU-395-Project\data\streetview_images\2709510.0_1781.jpg,True,
2709510,,,,,,0,C:\Users\aspen\Desktop\CMPU395\CMPU-395-Project\data\streetview_images\2709510.0_1782.jpg,True,
2709510,,,,,,0,C:\Users\aspen\Desktop\CMPU395\CMPU-395-Project\data\streetview_images\2709510.0_1783.jpg,True,
2709510,,,,,,0,C:\Users\aspen\Desktop\CMPU395\CMPU-395-Project\data\streetview_images\2709510.0_1784.jpg,True,
2709510,,,,,,0,C:\Users\aspen\Desktop\CMPU395\CMPU-395-Project\data\streetview_images\2709510.0_1785.jpg,True,
2709510,,,,,,0,C:\Users\aspen\Desktop\CMPU395\CMPU-395-Project\data\streetview_images\2709510.0_1786.jpg,True,
2709510,,,,,,0,C:\Users\aspen\Desktop\CMPU395\CMPU-395-Project\data\streetview_images\2709510.0_1787.jpg,True,
2709510,,,,,,0,C:\Users\aspen\Desktop\CMPU395\CMPU-395-Project\data\streetview_images\2709510.0_1788.jpg,True,
2709510,,,,,,0,C:\Users\aspen\Desktop\CMPU395\CMPU-395-Project\data\streetview_images\2709510.0_1789.jpg,True,
2709510,,,,,,0,C:\Users\aspen\Desktop\CMPU395\CMPU-395-Project\data\streetview_images\2709510.0_1790.jpg,True,
2709510,,,,,,0,C:\Users\aspen\Desktop\CMPU395\CMPU-395-Project\data\streetview_images\2709510.0_1791.jpg,True,
2709510,,,,,,0,C:\Users\aspen\Desktop\CMPU395\CMPU-395-Project\data\streetview_images\2709510.0_1792.jpg,True,
2709510,,,,,,0,C:\Users\aspen\Desktop\CMPU395\CMPU-395-Project\data\streetview_images\2709510.0_1793.jpg,True,
2709510,,,,,,0,C:\Users\aspen\Desktop\CMPU395\CMPU-395-Project\data\streetview_images\2709510.0_1794.jpg,True,
2709510,,,,,,0,C:\Users\aspen\Desktop\CMPU395\CMPU-395-Project\data\streetview_images\2709510.0_1795.jpg,True,
2709510,,,,,,0,C:\Users\aspen\Desktop\CMPU395\CMPU-395-Project\data\streetview_images\2709510.0_1796.jpg,True,
2709510,,,,,,0,C:\Users\aspen\Desktop\CMPU395\CMPU-395-Project\data\streetview_images\2709510.0_1797.jpg,True,
2709510,,,,,,0,C:\Users\aspen\Desktop\CMPU395\CMPU-395-Project\data\streetview_images\2709510.0_1798.jpg,True,
2709510,,,,,,0,C:\Users\aspen\Desktop\CMPU395\CMPU-395-Project\data\streetview_images\2709510.0_1799.jpg,True,
2709510,,,,,,0,C:\Users\aspen\Desktop\CMPU395\CMPU-395-Project\data\streetview_images\2709510.0_1800.jpg,True,
2709510,,,,,,0,C:\Users\aspen\Desktop\CMPU395\CMPU-395-Project\data\streetview_images\2709510.0_1801.jpg,True,
2709510,,,,,,0,C:\Users\aspen\Desktop\CMPU395\CMPU-395-Project\data\streetview_images\2709510.0_1802.jpg,True,
2709510,,,,,,0,C:\Users\aspen\Desktop\CMPU395\CMPU-395-Project\data\streetview_images\2709510.0_1803.jpg,True,
2709510,,,,,,0,C:\Users\aspen\Desktop\CMPU395\CMPU-395-Project\data\streetview_images\2709510.0_1804.jpg,True,
2709510,,,,,,0,C:\Users\aspen\Desktop\CMPU395\CMPU-395-Project\data\streetview_images\2709510.0_1805.jpg,True,
2709510,,,,,,0,C:\Users\aspen\Desktop\CMPU395\CMPU-395-Project\data\streetview_images\2709510.0_1806.jpg,True,
2709510,,,,,,0,C:\Users\aspen\Desktop\CMPU395\CMPU-395-Project\data\streetview_images\2709510.0_1807.jpg,True,
2709510,,,,,,0,C:\Users\aspen\Desktop\CMPU395\CMPU-395-Project\data\streetview_images\2709510.0_1808.jpg,True,
2709510,,,,,,0,C:\Users\aspen\Desktop\CMPU395\CMPU-395-Project\data\streetview_images\2709510.0_1809.jpg,True,
2709510,,,,,,0,C:\Users\aspen\Desktop\CMPU395\CMPU-395-Project\data\streetview_images\2709510.0_1810.jpg,True,
2709510,,,,,,0,C:\Users\aspen\Desktop\CMPU395\CMPU-395-Project\data\streetview_images\2709510.0_1811.jpg,True,
2709510,,,,,,0,C:\Users\aspen\Desktop\CMPU395\CMPU-395-Project\data\streetview_images\2709510.0_1812.jpg,True,
2709510,,,,,,0,C:\Users\aspen\Desktop\CMPU395\CMPU-395-Project\data\streetview_images\2709510.0_1813.jpg,True,
2709510,,,,,,0,C:\Users\aspen\Desktop\CMPU395\CMPU-395-Project\data\streetview_images\2709510.0_1814.jpg,True,
2709510,,,,,,0,C:\Users\aspen\Desktop\CMPU395\CMPU-395-Project\data\streetview_images\2709510.0_1815.jpg,True,
2709750,,,,,,0,C:\Users\aspen\Desktop\CMPU395\CMPU-395-Project\data\streetview_images\2709750.0_1816.jpg,True,
2709750,,,,,,0,C:\Users\aspen\Desktop\CMPU395\CMPU-395-Project\data\streetview_images\2709750.0_1817.jpg,True,
2718360,,,,,,0,C:\Users\aspen\Desktop\CMPU395\CMPU-395-Project\data\streetview_images\2718360.0_1818.jpg,True,
2718360,,,,,,0,C:\Users\aspen\Desktop\CMPU395\CMPU-395-Project\data\streetview_images\2718360.0_1819.jpg,True,
2718360,,,,,,0,C:\Users\aspen\Desktop\CMPU395\CMPU-395-Project\data\streetview_images\2718360.0_1820.jpg,True,
2718360,,,,,,0,C:\Users\aspen\Desktop\CMPU395\CMPU-395-Project\data\streetview_images\2718360.0_1821.jpg,True,
2718360,,,,,,0,C:\Users\aspen\Desktop\CMPU395\CMPU-395-Project\data\streetview_images\2718360.0_1822.jpg,True,
2718360,,,,,,0,C:\Users\aspen\Desktop\CMPU395\CMPU-395-Project\data\streetview_images\2718360.0_1823.jpg,True,
2718360,,,,,,0,C:\Users\aspen\Desktop\CMPU395\CMPU-395-Project\data\streetview_images\2718360.0_1824.jpg,True,
2718360,,,,,,0,C:\Users\aspen\Desktop\CMPU395\CMPU-395-Project\data\streetview_images\2718360.0_1825.jpg,True,
2718960,,,,,,0,C:\Users\aspen\Desktop\CMPU395\CMPU-395-Project\data\streetview_images\2718960.0_1826.jpg,True,
2718960,,,,,,0,C:\Users\aspen\Desktop\CMPU395\CMPU-395-Project\data\streetview_images\2718960.0_1827.jpg,True,
2725050,,,,,,0,C:\Users\aspen\Desktop\CMPU395\CMPU-395-Project\data\streetview_images\2725050.0_1828.jpg,True,
2725050,,,,,,0,C:\Users\aspen\Desktop\CMPU395\CMPU-395-Project\data\streetview_images\2725050.0_1829.jpg,True,
2728380,,,,,,0,C:\Users\aspen\Desktop\CMPU395\CMPU-395-Project\data\streetview_images\2728380.0_1830.jpg,True,
2728380,,,,,,0,C:\Users\aspen\Desktop\CMPU395\CMPU-395-Project\data\streetview_images\2728380.0_1831.jpg,True,
2728380,,,,,,0,C:\Users\aspen\Desktop\CMPU395\CMPU-395-Project\data\streetview_images\2728380.0_1832.jpg,True,
2728380,,,,,,0,C:\Users\aspen\Desktop\CMPU395\CMPU-395-Project\data\streetview_images\2728380.0_1833.jpg,True,
2732550,,,,,,0,C:\Users\aspen\Desktop\CMPU395\CMPU-395-Project\data\streetview_images\2732550.0_1834.jpg,True,
2732550,,,,,,0,C:\Users\aspen\Desktop\CMPU395\CMPU-395-Project\data\streetview_images\2732550.0_1835.jpg,True,
2732550,,,,,,0,C:\Users\aspen\Desktop\CMPU395\CMPU-395-Project\data\streetview_images\2732550.0_1836.jpg,True,
2732550,,,,,,0,C:\Users\aspen\Desktop\CMPU395\CMPU-395-Project\data\streetview_images\2732550.0_1837.jpg,True,
2732550,,,,,,0,C:\Users\aspen\Desktop\CMPU395\CMPU-395-Project\data\streetview_images\2732550.0_1838.jpg,True,
2732550,,,,,,0,C:\Users\aspen\Desktop\CMPU395\CMPU-395-Project\data\streetview_images\2732550.0_1839.jpg,True,
2732550,,,,,,0,C:\Users\aspen\Desktop\CMPU395\CMPU-395-Project\data\streetview_images\2732550.0_1840.jpg,True,
2800187,,,,,,0,C:\Users\aspen\Desktop\CMPU395\CMPU-395-Project\data\streetview_images\2800187.0_1841.jpg,True,
2800187,,,,,,0,C:\Users\aspen\Desktop\CMPU395\CMPU-395-Project\data\streetview_images\2800187.0_1842.jpg,True,
2802280,,,,,,0,C:\Users\aspen\Desktop\CMPU395\CMPU-395-Project\data\streetview_images\2802280.0_1843.jpg,True,
2802280,,,,,,0,C:\Users\aspen\Desktop\CMPU395\CMPU-395-Project\data\streetview_images\2802280.0_1844.jpg,True,
2802280,,,,,,0,C:\Users\aspen\Desktop\CMPU395\CMPU-395-Project\data\streetview_images\2802280.0_1845.jpg,True,
2802280,,,,,,0,C:\Users\aspen\Desktop\CMPU395\CMPU-395-Project\data\streetview_images\2802280.0_1846.jpg,True,
2802280,,,,,,0,C:\Users\aspen\Desktop\CMPU395\CMPU-395-Project\data\streetview_images\2802280.0_1847.jpg,True,
2802280,,,,,,0,C:\Users\aspen\Desktop\CMPU395\CMPU-395-Project\data\streetview_images\2802280.0_1848.jpg,True,
2802280,,,,,,0,C:\Users\aspen\Desktop\CMPU395\CMPU-395-Project\data\streetview_images\2802280.0_1849.jpg,True,
2802280,,,,,,0,C:\Users\aspen\Desktop\CMPU395\CMPU-395-Project\data\streetview_images\2802280.0_1850.jpg,True,
2802280,,,,,,0,C:\Users\aspen\Desktop\CMPU395\CMPU-395-Project\data\streetview_images\2802280.0_1851.jpg,True,
2802280,,,,,,0,C:\Users\aspen\Desktop\CMPU395\CMPU-395-Project\data\streetview_images\2802280.0_1852.jpg,True,
2802280,,,,,,0,C:\Users\aspen\Desktop\CMPU395\CMPU-395-Project\data\streetview_images\2802280.0_1853.jpg,True,
2802280,,,,,,0,C:\Users\aspen\Desktop\CMPU395\CMPU-395-Project\data\streetview_images\2802280.0_1854.jpg,True,
2802280,,,,,,0,C:\Users\aspen\Desktop\CMPU395\CMPU-395-Project\data\streetview_images\2802280.0_1855.jpg,True,
2802280,,,,,,0,C:\Users\aspen\Desktop\CMPU395\CMPU-395-Project\data\streetview_images\2802280.0_1856.jpg,True,
2802280,,,,,,0,C:\Users\aspen\Desktop\CMPU395\CMPU-395-Project\data\streetview_images\2802280.0_1857.jpg,True,
2802280,,,,,,0,C:\Users\aspen\Desktop\CMPU395\CMPU-395-Project\data\streetview_images\2802280.0_1858.jpg,True,
2802280,,,,,,0,C:\Users\aspen\Desktop\CMPU395\CMPU-395-Project\data\streetview_images\2802280.0_1859.jpg,True,
2803090,,,,,,0,C:\Users\aspen\Desktop\CMPU395\CMPU-395-Project\data\streetview_images\2803090.0_1860.jpg,True,
2803090,,,,,,0,C:\Users\aspen\Desktop\CMPU395\CMPU-395-Project\data\streetview_images\2803090.0_1861.jpg,True,
2803090,,,,,,0,C:\Users\aspen\Desktop\CMPU395\CMPU-395-Project\data\streetview_images\2803090.0_1862.jpg,True,
2803090,,,,,,0,C:\Users\aspen\Desktop\CMPU395\CMPU-395-Project\data\streetview_images\2803090.0_1863.jpg,True,
2803090,,,,,,0,C:\Users\aspen\Desktop\CMPU395\CMPU-395-Project\data\streetview_images\2803090.0_1864.jpg,True,
2803090,,,,,,0,C:\Users\aspen\Desktop\CMPU395\CMPU-395-Project\data\streetview_images\2803090.0_1865.jpg,True,
2803090,,,,,,0,C:\Users\aspen\Desktop\CMPU395\CMPU-395-Project\data\streetview_images\2803090.0_1866.jpg,True,
2803090,,,,,,0,C:\Users\aspen\Desktop\CMPU395\CMPU-395-Project\data\streetview_images\2803090.0_1867.jpg,True,
2803090,,,,,,0,C:\Users\aspen\Desktop\CMPU395\CMPU-395-Project\data\streetview_images\2803090.0_1868.jpg,True,
2803360,,,,,,0,C:\Users\aspen\Desktop\CMPU395\CMPU-395-Project\data\streetview_images\2803360.0_1869.jpg,True,
2803360,,,,,,0,C:\Users\aspen\Desktop\CMPU395\CMPU-395-Project\data\streetview_images\2803360.0_1870.jpg,True,
2803360,,,,,,0,C:\Users\aspen\Desktop\CMPU395\CMPU-395-Project\data\streetview_images\2803360.0_1871.jpg,True,
2803360,,,,,,0,C:\Users\aspen\Desktop\CMPU395\CMPU-395-Project\data\streetview_images\2803360.0_1872.jpg,True,
2803360,,,,,,0,C:\Users\aspen\Desktop\CMPU395\CMPU-395-Project\data\streetview_images\2803360.0_1873.jpg,True,
2803360,,,,,,0,C:\Users\aspen\Desktop\CMPU395\CMPU-395-Project\data\streetview_images\2803360.0_1874.jpg,True,
2803360,,,,,,0,C:\Users\aspen\Desktop\CMPU395\CMPU-395-Project\data\streetview_images\2803360.0_1875.jpg,True,
2803360,,,,,,0,C:\Users\aspen\Desktop\CMPU395\CMPU-395-Project\data\streetview_images\2803360.0_1876.jpg,True,
2803360,,,,,,0,C:\Users\aspen\Desktop\CMPU395\CMPU-395-Project\data\streetview_images\2803360.0_1877.jpg,True,
2803360,,,,,,0,C:\Users\aspen\Desktop\CMPU395\CMPU-395-Project\data\streetview_images\2803360.0_1878.jpg,True,
2803360,,,,,,0,C:\Users\aspen\Desktop\CMPU395\CMPU-395-Project\data\streetview_images\2803360.0_1879.jpg,True,
2803360,,,,,,0,C:\Users\aspen\Desktop\CMPU395\CMPU-395-Project\data\streetview_images\2803360.0_1880.jpg,True,
2803360,,,,,,0,C:\Users\aspen\Desktop\CMPU395\CMPU-395-Project\data\streetview_images\2803360.0_1881.jpg,True,
2803360,,,,,,0,C:\Users\aspen\Desktop\CMPU395\CMPU-395-Project\data\streetview_images\2803360.0_1882.jpg,True,
2803360,,,,,,0,C:\Users\aspen\Desktop\CMPU395\CMPU-395-Project\data\streetview_images\2803360.0_1883.jpg,True,
2803360,,,,,,0,C:\Users\aspen\Desktop\CMPU395\CMPU-395-Project\data\streetview_images\2803360.0_1884.jpg,True,
2803360,,,,,,0,C:\Users\aspen\Desktop\CMPU395\CMPU-395-Project\data\streetview_images\2803360.0_1885.jpg,True,
2803360,,,,,,0,C:\Users\aspen\Desktop\CMPU395\CMPU-395-Project\data\streetview_images\2803360.0_1886.jpg,True,
2803360,,,,,,0,C:\Users\aspen\Desktop\CMPU395\CMPU-395-Project\data\streetview_images\2803360.0_1887.jpg,True,
2803360,,,,,,0,C:\Users\aspen\Desktop\CMPU395\CMPU-395-Project\data\streetview_images\2803360.0_1888.jpg,True,
2803360,,,,,,0,C:\Users\aspen\Desktop\CMPU395\CMPU-395-Project\data\streetview_images\2803360.0_1889.jpg,True,
2803360,,,,,,0,C:\Users\aspen\Desktop\CMPU395\CMPU-395-Project\data\streetview_images\2803360.0_1890.jpg,True,
2803360,,,,,,0,C:\Users\aspen\Desktop\CMPU395\CMPU-395-Project\data\streetview_images\2803360.0_1891.jpg,True,
2803360,,,,,,0,C:\Users\aspen\Desktop\CMPU395\CMPU-395-Project\data\streetview_images\2803360.0_1892.jpg,True,
2803360,,,,,,0,C:\Users\aspen\Desktop\CMPU395\CMPU-395-Project\data\streetview_images\2803360.0_1893.jpg,True,
2803360,,,,,,0,C:\Users\aspen\Desktop\CMPU395\CMPU-395-Project\data\streetview_images\2803360.0_1894.jpg,True,
2803360,,,,,,0,C:\Users\aspen\Desktop\CMPU395\CMPU-395-Project\data\streetview_images\2803360.0_1895.jpg,True,
2803360,,,,,,0,C:\Users\aspen\Desktop\CMPU395\CMPU-395-Project\data\streetview_images\2803360.0_1896.jpg,True,
2803360,,,,,,0,C:\Users\aspen\Desktop\CMPU395\CMPU-395-Project\data\streetview_images\2803360.0_1897.jpg,True,
2803360,,,,,,0,C:\Users\aspen\Desktop\CMPU395\CMPU-395-Project\data\streetview_images\2803360.0_1898.jpg,True,
2803360,,,,,,0,C:\Users\aspen\Desktop\CMPU395\CMPU-395-Project\data\streetview_images\2803360.0_1899.jpg,True,
2803360,,,,,,0,C:\Users\aspen\Desktop\CMPU395\CMPU-395-Project\data\streetview_images\2803360.0_1900.jpg,True,
2803360,,,,,,0,C:\Users\aspen\Desktop\CMPU395\CMPU-395-Project\data\streetview_images\2803360.0_1901.jpg,True,
2803360,,,,,,0,C:\Users\aspen\Desktop\CMPU395\CMPU-395-Project\data\streetview_images\2803360.0_1902.jpg,True,
2803360,,,,,,0,C:\Users\aspen\Desktop\CMPU395\CMPU-395-Project\data\streetview_images\2803360.0_1903.jpg,True,
2803360,,,,,,0,C:\Users\aspen\Desktop\CMPU395\CMPU-395-Project\data\streetview_images\2803360.0_1904.jpg,True,
2803360,,,,,,0,C:\Users\aspen\Desktop\CMPU395\CMPU-395-Project\data\streetview_images\2803360.0_1905.jpg,True,
2803360,,,,,,0,C:\Users\aspen\Desktop\CMPU395\CMPU-395-Project\data\streetview_images\2803360.0_1906.jpg,True,
2803360,,,,,,0,C:\Users\aspen\Desktop\CMPU395\CMPU-395-Project\data\streetview_images\2803360.0_1907.jpg,True,
2905250,,,,,,0,C:\Users\aspen\Desktop\CMPU395\CMPU-395-Project\data\streetview_images\2905250.0_1908.jpg,True,
2905250,,,,,,0,C:\Users\aspen\Desktop\CMPU395\CMPU-395-Project\data\streetview_images\2905250.0_1909.jpg,True,
2905250,,,,,,0,C:\Users\aspen\Desktop\CMPU395\CMPU-395-Project\data\streetview_images\2905250.0_1910.jpg,True,
2908250,,,,,,0,C:\Users\aspen\Desktop\CMPU395\CMPU-395-Project\data\streetview_images\2908250.0_1911.jpg,True,
2908250,,,,,,0,C:\Users\aspen\Desktop\CMPU395\CMPU-395-Project\data\streetview_images\2908250.0_1912.jpg,True,
2908250,,,,,,0,C:\Users\aspen\Desktop\CMPU395\CMPU-395-Project\data\streetview_images\2908250.0_1913.jpg,True,
2908250,,,,,,0,C:\Users\aspen\Desktop\CMPU395\CMPU-395-Project\data\streetview_images\2908250.0_1914.jpg,True,
2908250,,,,,,0,C:\Users\aspen\Desktop\CMPU395\CMPU-395-Project\data\streetview_images\2908250.0_1915.jpg,True,
2908250,,,,,,0,C:\Users\aspen\Desktop\CMPU395\CMPU-395-Project\data\streetview_images\2908250.0_1916.jpg,True,
2908250,,,,,,0,C:\Users\aspen\Desktop\CMPU395\CMPU-395-Project\data\streetview_images\2908250.0_1917.jpg,True,
2908250,,,,,,0,C:\Users\aspen\Desktop\CMPU395\CMPU-395-Project\data\streetview_images\2908250.0_1918.jpg,True,
2908250,,,,,,0,C:\Users\aspen\Desktop\CMPU395\CMPU-395-Project\data\streetview_images\2908250.0_1919.jpg,True,
2908250,,,,,,0,C:\Users\aspen\Desktop\CMPU395\CMPU-395-Project\data\streetview_images\2908250.0_1920.jpg,True,
2908250,,,,,,0,C:\Users\aspen\Desktop\CMPU395\CMPU-395-Project\data\streetview_images\2908250.0_1921.jpg,True,
2908250,,,,,,0,C:\Users\aspen\Desktop\CMPU395\CMPU-395-Project\data\streetview_images\2908250.0_1922.jpg,True,
2908250,,,,,,0,C:\Users\aspen\Desktop\CMPU395\CMPU-395-Project\data\streetview_images\2908250.0_1923.jpg,True,
2908250,,,,,,0,C:\Users\aspen\Desktop\CMPU395\CMPU-395-Project\data\streetview_images\2908250.0_1924.jpg,True,
2908250,,,,,,0,C:\Users\aspen\Desktop\CMPU395\CMPU-395-Project\data\streetview_images\2908250.0_1925.jpg,True,
2908250,,,,,,0,C:\Users\aspen\Desktop\CMPU395\CMPU-395-Project\data\streetview_images\2908250.0_1926.jpg,True,
2908250,,,,,,0,C:\Users\aspen\Desktop\CMPU395\CMPU-395-Project\data\streetview_images\2908250.0_1927.jpg,True,
2908250,,,,,,0,C:\Users\aspen\Desktop\CMPU395\CMPU-395-Project\data\streetview_images\2908250.0_1928.jpg,True,
2908250,,,,,,0,C:\Users\aspen\Desktop\CMPU395\CMPU-395-Project\data\streetview_images\2908250.0_1929.jpg,True,
2908250,,,,,,0,C:\Users\aspen\Desktop\CMPU395\CMPU-395-Project\data\streetview_images\2908250.0_1930.jpg,True,
2908250,,,,,,0,C:\Users\aspen\Desktop\CMPU395\CMPU-395-Project\data\streetview_images\2908250.0_1931.jpg,True,
2908250,,,,,,0,C:\Users\aspen\Desktop\CMPU395\CMPU-395-Project\data\streetview_images\2908250.0_1932.jpg,True,
2908250,,,,,,0,C:\Users\aspen\Desktop\CMPU395\CMPU-395-Project\data\streetview_images\2908250.0_1933.jpg,True,
2908250,,,,,,0,C:\Users\aspen\Desktop\CMPU395\CMPU-395-Project\data\streetview_images\2908250.0_1934.jpg,True,
2908250,,,,,,0,C:\Users\aspen\Desktop\CMPU395\CMPU-395-Project\data\streetview_images\2908250.0_1935.jpg,True,
2908250,,,,,,0,C:\Users\aspen\Desktop\CMPU395\CMPU-395-Project\data\streetview_images\2908250.0_1936.jpg,True,
2908250,,,,,,0,C:\Users\aspen\Desktop\CMPU395\CMPU-395-Project\data\streetview_images\2908250.0_1937.jpg,True,
2908250,,,,,,0,C:\Users\aspen\Desktop\CMPU395\CMPU-395-Project\data\streetview_images\2908250.0_1938.jpg,True,
2908250,,,,,,0,C:\Users\aspen\Desktop\CMPU395\CMPU-395-Project\data\streetview_images\2908250.0_1939.jpg,True,
2908250,,,,,,0,C:\Users\aspen\Desktop\CMPU395\CMPU-395-Project\data\streetview_images\2908250.0_1940.jpg,True,
2908250,,,,,,0,C:\Users\aspen\Desktop\CMPU395\CMPU-395-Project\data\streetview_images\2908250.0_1941.jpg,True,
2908250,,,,,,0,C:\Users\aspen\Desktop\CMPU395\CMPU-395-Project\data\streetview_images\2908250.0_1942.jpg,True,
2908250,,,,,,0,C:\Users\aspen\Desktop\CMPU395\CMPU-395-Project\data\streetview_images\2908250.0_1943.jpg,True,
2908250,,,,,,0,C:\Users\aspen\Desktop\CMPU395\CMPU-395-Project\data\streetview_images\2908250.0_1944.jpg,True,
2908250,,,,,,0,C:\Users\aspen\Desktop\CMPU395\CMPU-395-Project\data\streetview_images\2908250.0_1945.jpg,True,
2908250,,,,,,0,C:\Users\aspen\Desktop\CMPU395\CMPU-395-Project\data\streetview_images\2908250.0_1946.jpg,True,
2908250,,,,,,0,C:\Users\aspen\Desktop\CMPU395\CMPU-395-Project\data\streetview_images\2908250.0_1947.jpg,True,
2908250,,,,,,0,C:\Users\aspen\Desktop\CMPU395\CMPU-395-Project\data\streetview_images\2908250.0_1948.jpg,True,
2908250,,,,,,0,C:\Users\aspen\Desktop\CMPU395\CMPU-395-Project\data\streetview_images\2908250.0_1949.jpg,True,
2908250,,,,,,0,C:\Users\aspen\Desktop\CMPU395\CMPU-395-Project\data\streetview_images\2908250.0_1950.jpg,True,
2908320,,,,,,0,C:\Users\aspen\Desktop\CMPU395\CMPU-395-Project\data\streetview_images\2908320.0_1951.jpg,True,
2908320,,,,,,0,C:\Users\aspen\Desktop\CMPU395\CMPU-395-Project\data\streetview_images\2908320.0_1952.jpg,True,
2908320,,,,,,0,C:\Users\aspen\Desktop\CMPU395\CMPU-395-Project\data\streetview_images\2908320.0_1953.jpg,True,
2908320,,,,,,0,C:\Users\aspen\Desktop\CMPU395\CMPU-395-Project\data\streetview_images\2908320.0_1954.jpg,True,
2908320,,,,,,0,C:\Users\aspen\Desktop\CMPU395\CMPU-395-Project\data\streetview_images\2908320.0_1955.jpg,True,
2908320,,,,,,0,C:\Users\aspen\Desktop\CMPU395\CMPU-395-Project\data\streetview_images\2908320.0_1956.jpg,True,
2908320,,,,,,0,C:\Users\aspen\Desktop\CMPU395\CMPU-395-Project\data\streetview_images\2908320.0_1957.jpg,True,
2912600,,,,,,0,C:\Users\aspen\Desktop\CMPU395\CMPU-395-Project\data\streetview_images\2912600.0_1958.jpg,True,
2912600,,,,,,0,C:\Users\aspen\Desktop\CMPU395\CMPU-395-Project\data\streetview_images\2912600.0_1959.jpg,True,
2912600,,,,,,0,C:\Users\aspen\Desktop\CMPU395\CMPU-395-Project\data\streetview_images\2912600.0_1960.jpg,True,
2918330,,,,,,0,C:\Users\aspen\Desktop\CMPU395\CMPU-395-Project\data\streetview_images\2918330.0_1961.jpg,True,
2918330,,,,,,0,C:\Users\aspen\Desktop\CMPU395\CMPU-395-Project\data\streetview_images\2918330.0_1962.jpg,True,
2918330,,,,,,0,C:\Users\aspen\Desktop\CMPU395\CMPU-395-Project\data\streetview_images\2918330.0_1963.jpg,True,
2919380,,,,,,0,C:\Users\aspen\Desktop\CMPU395\CMPU-395-Project\data\streetview_images\2919380.0_1964.jpg,True,
2919380,,,,,,0,C:\Users\aspen\Desktop\CMPU395\CMPU-395-Project\data\streetview_images\2919380.0_1965.jpg,True,
2919380,,,,,,0,C:\Users\aspen\Desktop\CMPU395\CMPU-395-Project\data\streetview_images\2919380.0_1966.jpg,True,
2919380,,,,,,0,C:\Users\aspen\Desktop\CMPU395\CMPU-395-Project\data\streetview_images\2919380.0_1967.jpg,True,
2923430,,,,,,0,C:\Users\aspen\Desktop\CMPU395\CMPU-395-Project\data\streetview_images\2923430.0_1968.jpg,True,
2923430,,,,,,0,C:\Users\aspen\Desktop\CMPU395\CMPU-395-Project\data\streetview_images\2923430.0_1969.jpg,True,
2923430,,,,,,0,C:\Users\aspen\Desktop\CMPU395\CMPU-395-Project\data\streetview_images\2923430.0_1970.jpg,True,
2923430,,,,,,0,C:\Users\aspen\Desktop\CMPU395\CMPU-395-Project\data\streetview_images\2923430.0_1971.jpg,True,
2923430,,,,,,0,C:\Users\aspen\Desktop\CMPU395\CMPU-395-Project\data\streetview_images\2923430.0_1972.jpg,True,
2923430,,,,,,0,C:\Users\aspen\Desktop\CMPU395\CMPU-395-Project\data\streetview_images\2923430.0_1973.jpg,True,
2923430,,,,,,0,C:\Users\aspen\Desktop\CMPU395\CMPU-395-Project\data\streetview_images\2923430.0_1974.jpg,True,
2923430,,,,,,0,C:\Users\aspen\Desktop\CMPU395\CMPU-395-Project\data\streetview_images\2923430.0_1975.jpg,True,
2923430,,,,,,0,C:\Users\aspen\Desktop\CMPU395\CMPU-395-Project\data\streetview_images\2923430.0_1976.jpg,True,
2923430,,,,,,0,C:\Users\aspen\Desktop\CMPU395\CMPU-395-Project\data\streetview_images\2923430.0_1977.jpg,True,
2923430,,,,,,0,C:\Users\aspen\Desktop\CMPU395\CMPU-395-Project\data\streetview_images\2923430.0_1978.jpg,True,
2923430,,,,,,0,C:\Users\aspen\Desktop\CMPU395\CMPU-395-Project\data\streetview_images\2923430.0_1979.jpg,True,
2923430,,,,,,0,C:\Users\aspen\Desktop\CMPU395\CMPU-395-Project\data\streetview_images\2923430.0_1980.jpg,True,
2923430,,,,,,0,C:\Users\aspen\Desktop\CMPU395\CMPU-395-Project\data\streetview_images\2923430.0_1981.jpg,True,
2923430,,,,,,0,C:\Users\aspen\Desktop\CMPU395\CMPU-395-Project\data\streetview_images\2923430.0_1982.jpg,True,
2923430,,,,,,0,C:\Users\aspen\Desktop\CMPU395\CMPU-395-Project\data\streetview_images\2923430.0_1983.jpg,True,
2923430,,,,,,0,C:\Users\aspen\Desktop\CMPU395\CMPU-395-Project\data\streetview_images\2923430.0_1984.jpg,True,
2923430,,,,,,0,C:\Users\aspen\Desktop\CMPU395\CMPU-395-Project\data\streetview_images\2923430.0_1985.jpg,True,
2923430,,,,,,0,C:\Users\aspen\Desktop\CMPU395\CMPU-395-Project\data\streetview_images\2923430.0_1986.jpg,True,
2923430,,,,,,0,C:\Users\aspen\Desktop\CMPU395\CMPU-395-Project\data\streetview_images\2923430.0_1987.jpg,True,
2923430,,,,,,0,C:\Users\aspen\Desktop\CMPU395\CMPU-395-Project\data\streetview_images\2923430.0_1988.jpg,True,
2925410,,,,,,0,C:\Users\aspen\Desktop\CMPU395\CMPU-395-Project\data\streetview_images\2925410.0_1989.jpg,True,
2925410,,,,,,0,C:\Users\aspen\Desktop\CMPU395\CMPU-395-Project\data\streetview_images\2925410.0_1990.jpg,True,
2926970,,,,,,0,C:\Users\aspen\Desktop\CMPU395\CMPU-395-Project\data\streetview_images\2926970.0_1991.jpg,True,
2926970,,,,,,0,C:\Users\aspen\Desktop\CMPU395\CMPU-395-Project\data\streetview_images\2926970.0_1992.jpg,True,
2926970,,,,,,0,C:\Users\aspen\Desktop\CMPU395\CMPU-395-Project\data\streetview_images\2926970.0_1993.jpg,True,
2926970,,,,,,0,C:\Users\aspen\Desktop\CMPU395\CMPU-395-Project\data\streetview_images\2926970.0_1994.jpg,True,
2926970,,,,,,0,C:\Users\aspen\Desktop\CMPU395\CMPU-395-Project\data\streetview_images\2926970.0_1995.jpg,True,
2926970,,,,,,0,C:\Users\aspen\Desktop\CMPU395\CMPU-395-Project\data\streetview_images\2926970.0_1996.jpg,True,
2926970,,,,,,0,C:\Users\aspen\Desktop\CMPU395\CMPU-395-Project\data\streetview_images\2926970.0_1997.jpg,True,
2926970,,,,,,0,C:\Users\aspen\Desktop\CMPU395\CMPU-395-Project\data\streetview_images\2926970.0_1998.jpg,True,
2927570,,,,,,0,C:\Users\aspen\Desktop\CMPU395\CMPU-395-Project\data\streetview_images\2927570.0_1999.jpg,True,
2927570,,,,,,0,C:\Users\aspen\Desktop\CMPU395\CMPU-395-Project\data\streetview_images\2927570.0_2000.jpg,True,
2927570,,,,,,0,C:\Users\aspen\Desktop\CMPU395\CMPU-395-Project\data\streetview_images\2927570.0_2001.jpg,True,
2927570,,,,,,0,C:\Users\aspen\Desktop\CMPU395\CMPU-395-Project\data\streetview_images\2927570.0_2002.jpg,True,
2927570,,,,,,0,C:\Users\aspen\Desktop\CMPU395\CMPU-395-Project\data\streetview_images\2927570.0_2003.jpg,True,
2927570,,,,,,0,C:\Users\aspen\Desktop\CMPU395\CMPU-395-Project\data\streetview_images\2927570.0_2004.jpg,True,
2927570,,,,,,0,C:\Users\aspen\Desktop\CMPU395\CMPU-395-Project\data\streetview_images\2927570.0_2005.jpg,True,
3000003,,,,,,0,C:\Users\aspen\Desktop\CMPU395\CMPU-395-Project\data\streetview_images\3000003.0_2006.jpg,True,
3000003,,,,,,0,C:\Users\aspen\Desktop\CMPU395\CMPU-395-Project\data\streetview_images\3000003.0_2007.jpg,True,
3000003,,,,,,0,C:\Users\aspen\Desktop\CMPU395\CMPU-395-Project\data\streetview_images\3000003.0_2008.jpg,True,
3020670,,,,,,0,C:\Users\aspen\Desktop\CMPU395\CMPU-395-Project\data\streetview_images\3020670.0_2009.jpg,True,
3020670,,,,,,0,C:\Users\aspen\Desktop\CMPU395\CMPU-395-Project\data\streetview_images\3020670.0_2010.jpg,True,
3020790,,,,,,0,C:\Users\aspen\Desktop\CMPU395\CMPU-395-Project\data\streetview_images\3020790.0_2011.jpg,True,
3020790,,,,,,0,C:\Users\aspen\Desktop\CMPU395\CMPU-395-Project\data\streetview_images\3020790.0_2012.jpg,True,
3020790,,,,,,0,C:\Users\aspen\Desktop\CMPU395\CMPU-395-Project\data\streetview_images\3020790.0_2013.jpg,True,
3020790,,,,,,0,C:\Users\aspen\Desktop\CMPU395\CMPU-395-Project\data\streetview_images\3020790.0_2014.jpg,True,
3020790,,,,,,0,C:\Users\aspen\Desktop\CMPU395\CMPU-395-Project\data\streetview_images\3020790.0_2015.jpg,True,
3020790,,,,,,0,C:\Users\aspen\Desktop\CMPU395\CMPU-395-Project\data\streetview_images\3020790.0_2016.jpg,True,
3020790,,,,,,0,C:\Users\aspen\Desktop\CMPU395\CMPU-395-Project\data\streetview_images\3020790.0_2017.jpg,True,
3020790,,,,,,0,C:\Users\aspen\Desktop\CMPU395\CMPU-395-Project\data\streetview_images\3020790.0_2018.jpg,True,
3020790,,,,,,0,C:\Users\aspen\Desktop\CMPU395\CMPU-395-Project\data\streetview_images\3020790.0_2019.jpg,True,
3020790,,,,,,0,C:\Users\aspen\Desktop\CMPU395\CMPU-395-Project\data\streetview_images\3020790.0_2020.jpg,True,
3020790,,,,,,0,C:\Users\aspen\Desktop\CMPU395\CMPU-395-Project\data\streetview_images\3020790.0_2021.jpg,True,
3020790,,,,,,0,C:\Users\aspen\Desktop\CMPU395\CMPU-395-Project\data\streetview_images\3020790.0_2022.jpg,True,
3020790,,,,,,0,C:\Users\aspen\Desktop\CMPU395\CMPU-395-Project\data\streetview_images\3020790.0_2023.jpg,True,
3100097,,,,,,0,C:\Users\aspen\Desktop\CMPU395\CMPU-395-Project\data\streetview_images\3100097.0_2024.jpg,True,
3100097,,,,,,0,C:\Users\aspen\Desktop\CMPU395\CMPU-395-Project\data\streetview_images\3100097.0_2025.jpg,True,
3100097,,,,,,0,C:\Users\aspen\Desktop\CMPU395\CMPU-395-Project\data\streetview_images\3100097.0_2026.jpg,True,
3100097,,,,,,0,C:\Users\aspen\Desktop\CMPU395\CMPU-395-Project\data\streetview_images\3100097.0_2027.jpg,True,
3100097,,,,,,0,C:\Users\aspen\Desktop\CMPU395\CMPU-395-Project\data\streetview_images\3100097.0_2028.jpg,True,
3103060,,,,,,0,C:\Users\aspen\Desktop\CMPU395\CMPU-395-Project\data\streetview_images\3103060.0_2029.jpg,True,
3103060,,,,,,0,C:\Users\aspen\Desktop\CMPU395\CMPU-395-Project\data\streetview_images\3103060.0_2030.jpg,True,
3103060,,,,,,0,C:\Users\aspen\Desktop\CMPU395\CMPU-395-Project\data\streetview_images\3103060.0_2031.jpg,True,
3171520,,,,,,0,C:\Users\aspen\Desktop\CMPU395\CMPU-395-Project\data\streetview_images\3171520.0_2032.jpg,True,
3173740,,,,,,0,C:\Users\aspen\Desktop\CMPU395\CMPU-395-Project\data\streetview_images\3173740.0_2033.jpg,True,
3173740,,,,,,0,C:\Users\aspen\Desktop\CMPU395\CMPU-395-Project\data\streetview_images\3173740.0_2034.jpg,True,
3173740,,,,,,0,C:\Users\aspen\Desktop\CMPU395\CMPU-395-Project\data\streetview_images\3173740.0_2035.jpg,True,
3173740,,,,,,0,C:\Users\aspen\Desktop\CMPU395\CMPU-395-Project\data\streetview_images\3173740.0_2036.jpg,True,
3173740,,,,,,0,C:\Users\aspen\Desktop\CMPU395\CMPU-395-Project\data\streetview_images\3173740.0_2037.jpg,True,
3173740,,,,,,0,C:\Users\aspen\Desktop\CMPU395\CMPU-395-Project\data\streetview_images\3173740.0_2038.jpg,True,
3173740,,,,,,0,C:\Users\aspen\Desktop\CMPU395\CMPU-395-Project\data\streetview_images\3173740.0_2039.jpg,True,
3173740,,,,,,0,C:\Users\aspen\Desktop\CMPU395\CMPU-395-Project\data\streetview_images\3173740.0_2040.jpg,True,
3173740,,,,,,0,C:\Users\aspen\Desktop\CMPU395\CMPU-395-Project\data\streetview_images\3173740.0_2041.jpg,True,
3173740,,,,,,0,C:\Users\aspen\Desktop\CMPU395\CMPU-395-Project\data\streetview_images\3173740.0_2042.jpg,True,
3173740,,,,,,0,C:\Users\aspen\Desktop\CMPU395\CMPU-395-Project\data\streetview_images\3173740.0_2043.jpg,True,
3173740,,,,,,0,C:\Users\aspen\Desktop\CMPU395\CMPU-395-Project\data\streetview_images\3173740.0_2044.jpg,True,
3173740,,,,,,0,C:\Users\aspen\Desktop\CMPU395\CMPU-395-Project\data\streetview_images\3173740.0_2045.jpg,True,
3173740,,,,,,0,C:\Users\aspen\Desktop\CMPU395\CMPU-395-Project\data\streetview_images\3173740.0_2046.jpg,True,
3173740,,,,,,0,C:\Users\aspen\Desktop\CMPU395\CMPU-395-Project\data\streetview_images\3173740.0_2047.jpg,True,
3173740,,,,,,0,C:\Users\aspen\Desktop\CMPU395\CMPU-395-Project\data\streetview_images\3173740.0_2048.jpg,True,
3173740,,,,,,0,C:\Users\aspen\Desktop\CMPU395\CMPU-395-Project\data\streetview_images\3173740.0_2049.jpg,True,
3173740,,,,,,0,C:\Users\aspen\Desktop\CMPU395\CMPU-395-Project\data\streetview_images\3173740.0_2050.jpg,True,
3173740,,,,,,0,C:\Users\aspen\Desktop\CMPU395\CMPU-395-Project\data\streetview_images\3173740.0_2051.jpg,True,
3173740,,,,,,0,C:\Users\aspen\Desktop\CMPU395\CMPU-395-Project\data\streetview_images\3173740.0_2052.jpg,True,
3173740,,,,,,0,C:\Users\aspen\Desktop\CMPU395\CMPU-395-Project\data\streetview_images\3173740.0_2053.jpg,True,
3173740,,,,,,0,C:\Users\aspen\Desktop\CMPU395\CMPU-395-Project\data\streetview_images\3173740.0_2054.jpg,True,
3173740,,,,,,0,C:\Users\aspen\Desktop\CMPU395\CMPU-395-Project\data\streetview_images\3173740.0_2055.jpg,True,
3173740,,,,,,0,C:\Users\aspen\Desktop\CMPU395\CMPU-395-Project\data\streetview_images\3173740.0_2056.jpg,True,
3173740,,,,,,0,C:\Users\aspen\Desktop\CMPU395\CMPU-395-Project\data\streetview_images\3173740.0_2057.jpg,True,
3173740,,,,,,0,C:\Users\aspen\Desktop\CMPU395\CMPU-395-Project\data\streetview_images\3173740.0_2058.jpg,True,
3173740,,,,,,0,C:\Users\aspen\Desktop\CMPU395\CMPU-395-Project\data\streetview_images\3173740.0_2059.jpg,True,
3173740,,,,,,0,C:\Users\aspen\Desktop\CMPU395\CMPU-395-Project\data\streetview_images\3173740.0_2060.jpg,True,
3173740,,,,,,0,C:\Users\aspen\Desktop\CMPU395\CMPU-395-Project\data\streetview_images\3173740.0_2061.jpg,True,
3173740,,,,,,0,C:\Users\aspen\Desktop\CMPU395\CMPU-395-Project\data\streetview_images\3173740.0_2062.jpg,True,
3173740,,,,,,0,C:\Users\aspen\Desktop\CMPU395\CMPU-395-Project\data\streetview_images\3173740.0_2063.jpg,True,
3173740,,,,,,0,C:\Users\aspen\Desktop\CMPU395\CMPU-395-Project\data\streetview_images\3173740.0_2064.jpg,True,
3173740,,,,,,0,C:\Users\aspen\Desktop\CMPU395\CMPU-395-Project\data\streetview_images\3173740.0_2065.jpg,True,
3173740,,,,,,0,C:\Users\aspen\Desktop\CMPU395\CMPU-395-Project\data\streetview_images\3173740.0_2066.jpg,True,
3173740,,,,,,0,C:\Users\aspen\Desktop\CMPU395\CMPU-395-Project\data\streetview_images\3173740.0_2067.jpg,True,
3173740,,,,,,0,C:\Users\aspen\Desktop\CMPU395\CMPU-395-Project\data\streetview_images\3173740.0_2068.jpg,True,
3173740,,,,,,0,C:\Users\aspen\Desktop\CMPU395\CMPU-395-Project\data\streetview_images\3173740.0_2069.jpg,True,
3173740,,,,,,0,C:\Users\aspen\Desktop\CMPU395\CMPU-395-Project\data\streetview_images\3173740.0_2070.jpg,True,
3173740,,,,,,0,C:\Users\aspen\Desktop\CMPU395\CMPU-395-Project\data\streetview_images\3173740.0_2071.jpg,True,
3173740,,,,,,0,C:\Users\aspen\Desktop\CMPU395\CMPU-395-Project\data\streetview_images\3173740.0_2072.jpg,True,
3175510,,,,,,0,C:\Users\aspen\Desktop\CMPU395\CMPU-395-Project\data\streetview_images\3175510.0_2073.jpg,True,
3175510,,,,,,0,C:\Users\aspen\Desktop\CMPU395\CMPU-395-Project\data\streetview_images\3175510.0_2074.jpg,True,
3175510,,,,,,0,C:\Users\aspen\Desktop\CMPU395\CMPU-395-Project\data\streetview_images\3175510.0_2075.jpg,True,
3175510,,,,,,0,C:\Users\aspen\Desktop\CMPU395\CMPU-395-Project\data\streetview_images\3175510.0_2076.jpg,True,
3175510,,,,,,0,C:\Users\aspen\Desktop\CMPU395\CMPU-395-Project\data\streetview_images\3175510.0_2077.jpg,True,
3175510,,,,,,0,C:\Users\aspen\Desktop\CMPU395\CMPU-395-Project\data\streetview_images\3175510.0_2078.jpg,True,
3175510,,,,,,0,C:\Users\aspen\Desktop\CMPU395\CMPU-395-Project\data\streetview_images\3175510.0_2079.jpg,True,
3200060,,,,,,0,C:\Users\aspen\Desktop\CMPU395\CMPU-395-Project\data\streetview_images\3200060.0_2080.jpg,True,
3200060,,,,,,0,C:\Users\aspen\Desktop\CMPU395\CMPU-395-Project\data\streetview_images\3200060.0_2081.jpg,True,
3200060,,,,,,0,C:\Users\aspen\Desktop\CMPU395\CMPU-395-Project\data\streetview_images\3200060.0_2082.jpg,True,
3303540,,,,,,0,C:\Users\aspen\Desktop\CMPU395\CMPU-395-Project\data\streetview_images\3303540.0_2083.jpg,True,
3303540,,,,,,0,C:\Users\aspen\Desktop\CMPU395\CMPU-395-Project\data\streetview_images\3303540.0_2084.jpg,True,
3303540,,,,,,0,C:\Users\aspen\Desktop\CMPU395\CMPU-395-Project\data\streetview_images\3303540.0_2085.jpg,True,
3303540,,,,,,0,C:\Users\aspen\Desktop\CMPU395\CMPU-395-Project\data\streetview_images\3303540.0_2086.jpg,True,
3303540,,,,,,0,C:\Users\aspen\Desktop\CMPU395\CMPU-395-Project\data\streetview_images\3303540.0_2087.jpg,True,
3303540,,,,,,0,C:\Users\aspen\Desktop\CMPU395\CMPU-395-Project\data\streetview_images\3303540.0_2088.jpg,True,
3303540,,,,,,0,C:\Users\aspen\Desktop\CMPU395\CMPU-395-Project\data\streetview_images\3303540.0_2089.jpg,True,
3303540,,,,,,0,C:\Users\aspen\Desktop\CMPU395\CMPU-395-Project\data\streetview_images\3303540.0_2090.jpg,True,
3303540,,,,,,0,C:\Users\aspen\Desktop\CMPU395\CMPU-395-Project\data\streetview_images\3303540.0_2091.jpg,True,
3303540,,,,,,0,C:\Users\aspen\Desktop\CMPU395\CMPU-395-Project\data\streetview_images\3303540.0_2092.jpg,True,
3303540,,,,,,0,C:\Users\aspen\Desktop\CMPU395\CMPU-395-Project\data\streetview_images\3303540.0_2093.jpg,True,
3303540,,,,,,0,C:\Users\aspen\Desktop\CMPU395\CMPU-395-Project\data\streetview_images\3303540.0_2094.jpg,True,
3303540,,,,,,0,C:\Users\aspen\Desktop\CMPU395\CMPU-395-Project\data\streetview_images\3303540.0_2095.jpg,True,
3303540,,,,,,0,C:\Users\aspen\Desktop\CMPU395\CMPU-395-Project\data\streetview_images\3303540.0_2096.jpg,True,
3303540,,,,,,0,C:\Users\aspen\Desktop\CMPU395\CMPU-395-Project\data\streetview_images\3303540.0_2097.jpg,True,
3303540,,,,,,0,C:\Users\aspen\Desktop\CMPU395\CMPU-395-Project\data\streetview_images\3303540.0_2098.jpg,True,
3303540,,,,,,0,C:\Users\aspen\Desktop\CMPU395\CMPU-395-Project\data\streetview_images\3303540.0_2099.jpg,True,
3303540,,,,,,0,C:\Users\aspen\Desktop\CMPU395\CMPU-395-Project\data\streetview_images\3303540.0_2100.jpg,True,
3303540,,,,,,0,C:\Users\aspen\Desktop\CMPU395\CMPU-395-Project\data\streetview_images\3303540.0_2101.jpg,True,
3303540,,,,,,0,C:\Users\aspen\Desktop\CMPU395\CMPU-395-Project\data\streetview_images\3303540.0_2102.jpg,True,
3303540,,,,,,0,C:\Users\aspen\Desktop\CMPU395\CMPU-395-Project\data\streetview_images\3303540.0_2103.jpg,True,
3303540,,,,,,0,C:\Users\aspen\Desktop\CMPU395\CMPU-395-Project\data\streetview_images\3303540.0_2104.jpg,True,
3303540,,,,,,0,C:\Users\aspen\Desktop\CMPU395\CMPU-395-Project\data\streetview_images\3303540.0_2105.jpg,True,
3303540,,,,,,0,C:\Users\aspen\Desktop\CMPU395\CMPU-395-Project\data\streetview_images\3303540.0_2106.jpg,True,
3304030,,,,,,0,C:\Users\aspen\Desktop\CMPU395\CMPU-395-Project\data\streetview_images\3304030.0_0.jpg,True,
3304030,,,,,,0,C:\Users\aspen\Desktop\CMPU395\CMPU-395-Project\data\streetview_images\3304030.0_1.jpg,True,
3304030,,,,,,0,C:\Users\aspen\Desktop\CMPU395\CMPU-395-Project\data\streetview_images\3304030.0_10.jpg,True,
3304030,,,,,,0,C:\Users\aspen\Desktop\CMPU395\CMPU-395-Project\data\streetview_images\3304030.0_11.jpg,True,
3304030,,,,,,0,C:\Users\aspen\Desktop\CMPU395\CMPU-395-Project\data\streetview_images\3304030.0_12.jpg,True,
3304030,,,,,,0,C:\Users\aspen\Desktop\CMPU395\CMPU-395-Project\data\streetview_images\3304030.0_13.jpg,True,
3304030,,,,,,0,C:\Users\aspen\Desktop\CMPU395\CMPU-395-Project\data\streetview_images\3304030.0_14.jpg,True,
3304030,,,,,,0,C:\Users\aspen\Desktop\CMPU395\CMPU-395-Project\data\streetview_images\3304030.0_2.jpg,True,
3304030,,,,,,0,C:\Users\aspen\Desktop\CMPU395\CMPU-395-Project\data\streetview_images\3304030.0_2107.jpg,True,
3304030,,,,,,0,C:\Users\aspen\Desktop\CMPU395\CMPU-395-Project\data\streetview_images\3304030.0_2108.jpg,True,
3304030,,,,,,0,C:\Users\aspen\Desktop\CMPU395\CMPU-395-Project\data\streetview_images\3304030.0_2109.jpg,True,
3304030,,,,,,0,C:\Users\aspen\Desktop\CMPU395\CMPU-395-Project\data\streetview_images\3304030.0_2110.jpg,True,
3304030,,,,,,0,C:\Users\aspen\Desktop\CMPU395\CMPU-395-Project\data\streetview_images\3304030.0_2111.jpg,True,
3304030,,,,,,0,C:\Users\aspen\Desktop\CMPU395\CMPU-395-Project\data\streetview_images\3304030.0_2112.jpg,True,
3304030,,,,,,0,C:\Users\aspen\Desktop\CMPU395\CMPU-395-Project\data\streetview_images\3304030.0_2113.jpg,True,
3304030,,,,,,0,C:\Users\aspen\Desktop\CMPU395\CMPU-395-Project\data\streetview_images\3304030.0_2114.jpg,True,
3304030,,,,,,0,C:\Users\aspen\Desktop\CMPU395\CMPU-395-Project\data\streetview_images\3304030.0_2115.jpg,True,
3304030,,,,,,0,C:\Users\aspen\Desktop\CMPU395\CMPU-395-Project\data\streetview_images\3304030.0_2116.jpg,True,
3304030,,,,,,0,C:\Users\aspen\Desktop\CMPU395\CMPU-395-Project\data\streetview_images\3304030.0_2117.jpg,True,
3304030,,,,,,0,C:\Users\aspen\Desktop\CMPU395\CMPU-395-Project\data\streetview_images\3304030.0_2118.jpg,True,
3304030,,,,,,0,C:\Users\aspen\Desktop\CMPU395\CMPU-395-Project\data\streetview_images\3304030.0_2119.jpg,True,
3304030,,,,,,0,C:\Users\aspen\Desktop\CMPU395\CMPU-395-Project\data\streetview_images\3304030.0_2120.jpg,True,
3304030,,,,,,0,C:\Users\aspen\Desktop\CMPU395\CMPU-395-Project\data\streetview_images\3304030.0_2121.jpg,True,
3304030,,,,,,0,C:\Users\aspen\Desktop\CMPU395\CMPU-395-Project\data\streetview_images\3304030.0_3.jpg,True,
3304030,,,,,,0,C:\Users\aspen\Desktop\CMPU395\CMPU-395-Project\data\streetview_images\3304030.0_4.jpg,True,
3304030,,,,,,0,C:\Users\aspen\Desktop\CMPU395\CMPU-395-Project\data\streetview_images\3304030.0_5.jpg,True,
3304030,,,,,,0,C:\Users\aspen\Desktop\CMPU395\CMPU-395-Project\data\streetview_images\3304030.0_6.jpg,True,
3304030,,,,,,0,C:\Users\aspen\Desktop\CMPU395\CMPU-395-Project\data\streetview_images\3304030.0_7.jpg,True,
3304030,,,,,,0,C:\Users\aspen\Desktop\CMPU395\CMPU-395-Project\data\streetview_images\3304030.0_8.jpg,True,
3304030,,,,,,0,C:\Users\aspen\Desktop\CMPU395\CMPU-395-Project\data\streetview_images\3304030.0_9.jpg,True,
3304040,,,,,,0,C:\Users\aspen\Desktop\CMPU395\CMPU-395-Project\data\streetview_images\3304040.0_2122.jpg,True,
3304040,,,,,,0,C:\Users\aspen\Desktop\CMPU395\CMPU-395-Project\data\streetview_images\3304040.0_2123.jpg,True,
3304040,,,,,,0,C:\Users\aspen\Desktop\CMPU395\CMPU-395-Project\data\streetview_images\3304040.0_2124.jpg,True,
3304040,,,,,,0,C:\Users\aspen\Desktop\CMPU395\CMPU-395-Project\data\streetview_images\3304040.0_2125.jpg,True,
3304040,,,,,,0,C:\Users\aspen\Desktop\CMPU395\CMPU-395-Project\data\streetview_images\3304040.0_2126.jpg,True,
3304040,,,,,,0,C:\Users\aspen\Desktop\CMPU395\CMPU-395-Project\data\streetview_images\3304040.0_2127.jpg,True,
3305940,,,,,,0,C:\Users\aspen\Desktop\CMPU395\CMPU-395-Project\data\streetview_images\3305940.0_2128.jpg,True,
3305940,,,,,,0,C:\Users\aspen\Desktop\CMPU395\CMPU-395-Project\data\streetview_images\3305940.0_2129.jpg,True,
3305940,,,,,,0,C:\Users\aspen\Desktop\CMPU395\CMPU-395-Project\data\streetview_images\3305940.0_2130.jpg,True,
3305940,,,,,,0,C:\Users\aspen\Desktop\CMPU395\CMPU-395-Project\data\streetview_images\3305940.0_2131.jpg,True,
3305940,,,,,,0,C:\Users\aspen\Desktop\CMPU395\CMPU-395-Project\data\streetview_images\3305940.0_2132.jpg,True,
3305940,,,,,,0,C:\Users\aspen\Desktop\CMPU395\CMPU-395-Project\data\streetview_images\3305940.0_2133.jpg,True,
3305940,,,,,,0,C:\Users\aspen\Desktop\CMPU395\CMPU-395-Project\data\streetview_images\3305940.0_2134.jpg,True,
3305940,,,,,,0,C:\Users\aspen\Desktop\CMPU395\CMPU-395-Project\data\streetview_images\3305940.0_2135.jpg,True,
3305940,,,,,,0,C:\Users\aspen\Desktop\CMPU395\CMPU-395-Project\data\streetview_images\3305940.0_2136.jpg,True,
3305940,,,,,,0,C:\Users\aspen\Desktop\CMPU395\CMPU-395-Project\data\streetview_images\3305940.0_2137.jpg,True,
3305940,,,,,,0,C:\Users\aspen\Desktop\CMPU395\CMPU-395-Project\data\streetview_images\3305940.0_2138.jpg,True,
3305940,,,,,,0,C:\Users\aspen\Desktop\CMPU395\CMPU-395-Project\data\streetview_images\3305940.0_2139.jpg,True,
3305940,,,,,,0,C:\Users\aspen\Desktop\CMPU395\CMPU-395-Project\data\streetview_images\3305940.0_2140.jpg,True,
3305940,,,,,,0,C:\Users\aspen\Desktop\CMPU395\CMPU-395-Project\data\streetview_images\3305940.0_2141.jpg,True,
3305940,,,,,,0,C:\Users\aspen\Desktop\CMPU395\CMPU-395-Project\data\streetview_images\3305940.0_2142.jpg,True,
3305940,,,,,,0,C:\Users\aspen\Desktop\CMPU395\CMPU-395-Project\data\streetview_images\3305940.0_2143.jpg,True,
3305940,,,,,,0,C:\Users\aspen\Desktop\CMPU395\CMPU-395-Project\data\streetview_images\3305940.0_2144.jpg,True,
3305940,,,,,,0,C:\Users\aspen\Desktop\CMPU395\CMPU-395-Project\data\streetview_images\3305940.0_2145.jpg,True,
3305940,,,,,,0,C:\Users\aspen\Desktop\CMPU395\CMPU-395-Project\data\streetview_images\3305940.0_2146.jpg,True,
3305940,,,,,,0,C:\Users\aspen\Desktop\CMPU395\CMPU-395-Project\data\streetview_images\3305940.0_2147.jpg,True,
3305940,,,,,,0,C:\Users\aspen\Desktop\CMPU395\CMPU-395-Project\data\streetview_images\3305940.0_2148.jpg,True,
3305940,,,,,,0,C:\Users\aspen\Desktop\CMPU395\CMPU-395-Project\data\streetview_images\3305940.0_2149.jpg,True,
3305940,,,,,,0,C:\Users\aspen\Desktop\CMPU395\CMPU-395-Project\data\streetview_images\3305940.0_2150.jpg,True,
3305940,,,,,,0,C:\Users\aspen\Desktop\CMPU395\CMPU-395-Project\data\streetview_images\3305940.0_2151.jpg,True,
3305940,,,,,,0,C:\Users\aspen\Desktop\CMPU395\CMPU-395-Project\data\streetview_images\3305940.0_2152.jpg,True,
3305940,,,,,,0,C:\Users\aspen\Desktop\CMPU395\CMPU-395-Project\data\streetview_images\3305940.0_2153.jpg,True,
3305940,,,,,,0,C:\Users\aspen\Desktop\CMPU395\CMPU-395-Project\data\streetview_images\3305940.0_2154.jpg,True,
3305940,,,,,,0,C:\Users\aspen\Desktop\CMPU395\CMPU-395-Project\data\streetview_images\3305940.0_2155.jpg,True,
3305940,,,,,,0,C:\Users\aspen\Desktop\CMPU395\CMPU-395-Project\data\streetview_images\3305940.0_2156.jpg,True,
3305940,,,,,,0,C:\Users\aspen\Desktop\CMPU395\CMPU-395-Project\data\streetview_images\3305940.0_2157.jpg,True,
3404200,,,,,,0,C:\Users\aspen\Desktop\CMPU395\CMPU-395-Project\data\streetview_images\3404200.0_2158.jpg,True,
3404200,,,,,,0,C:\Users\aspen\Desktop\CMPU395\CMPU-395-Project\data\streetview_images\3404200.0_2159.jpg,True,
3404200,,,,,,0,C:\Users\aspen\Desktop\CMPU395\CMPU-395-Project\data\streetview_images\3404200.0_2160.jpg,True,
3404200,,,,,,0,C:\Users\aspen\Desktop\CMPU395\CMPU-395-Project\data\streetview_images\3404200.0_2161.jpg,True,
3404200,,,,,,0,C:\Users\aspen\Desktop\CMPU395\CMPU-395-Project\data\streetview_images\3404200.0_2162.jpg,True,
3404200,,,,,,0,C:\Users\aspen\Desktop\CMPU395\CMPU-395-Project\data\streetview_images\3404200.0_2163.jpg,True,
3404200,,,,,,0,C:\Users\aspen\Desktop\CMPU395\CMPU-395-Project\data\streetview_images\3404200.0_2164.jpg,True,
3404200,,,,,,0,C:\Users\aspen\Desktop\CMPU395\CMPU-395-Project\data\streetview_images\3404200.0_2165.jpg,True,
3404200,,,,,,0,C:\Users\aspen\Desktop\CMPU395\CMPU-395-Project\data\streetview_images\3404200.0_2166.jpg,True,
3404200,,,,,,0,C:\Users\aspen\Desktop\CMPU395\CMPU-395-Project\data\streetview_images\3404200.0_2167.jpg,True,
3404200,,,,,,0,C:\Users\aspen\Desktop\CMPU395\CMPU-395-Project\data\streetview_images\3404200.0_2168.jpg,True,
3404200,,,,,,0,C:\Users\aspen\Desktop\CMPU395\CMPU-395-Project\data\streetview_images\3404200.0_2169.jpg,True,
3404200,,,,,,0,C:\Users\aspen\Desktop\CMPU395\CMPU-395-Project\data\streetview_images\3404200.0_2170.jpg,True,
3404200,,,,,,0,C:\Users\aspen\Desktop\CMPU395\CMPU-395-Project\data\streetview_images\3404200.0_2171.jpg,True,
3404200,,,,,,0,C:\Users\aspen\Desktop\CMPU395\CMPU-395-Project\data\streetview_images\3404200.0_2172.jpg,True,
3404200,,,,,,0,C:\Users\aspen\Desktop\CMPU395\CMPU-395-Project\data\streetview_images\3404200.0_2173.jpg,True,
3404200,,,,,,0,C:\Users\aspen\Desktop\CMPU395\CMPU-395-Project\data\streetview_images\3404200.0_2174.jpg,True,
3404200,,,,,,0,C:\Users\aspen\Desktop\CMPU395\CMPU-395-Project\data\streetview_images\3404200.0_2175.jpg,True,
3404200,,,,,,0,C:\Users\aspen\Desktop\CMPU395\CMPU-395-Project\data\streetview_images\3404200.0_2176.jpg,True,
3404200,,,,,,0,C:\Users\aspen\Desktop\CMPU395\CMPU-395-Project\data\streetview_images\3404200.0_2177.jpg,True,
3404200,,,,,,0,C:\Users\aspen\Desktop\CMPU395\CMPU-395-Project\data\streetview_images\3404200.0_2178.jpg,True,
3404200,,,,,,0,C:\Users\aspen\Desktop\CMPU395\CMPU-395-Project\data\streetview_images\3404200.0_2179.jpg,True,
3404200,,,,,,0,C:\Users\aspen\Desktop\CMPU395\CMPU-395-Project\data\streetview_images\3404200.0_2180.jpg,True,
3404200,,,,,,0,C:\Users\aspen\Desktop\CMPU395\CMPU-395-Project\data\streetview_images\3404200.0_2181.jpg,True,
3404200,,,,,,0,C:\Users\aspen\Desktop\CMPU395\CMPU-395-Project\data\streetview_images\3404200.0_2182.jpg,True,
3404200,,,,,,0,C:\Users\aspen\Desktop\CMPU395\CMPU-395-Project\data\streetview_images\3404200.0_2183.jpg,True,
3404200,,,,,,0,C:\Users\aspen\Desktop\CMPU395\CMPU-395-Project\data\streetview_images\3404200.0_2184.jpg,True,
3404200,,,,,,0,C:\Users\aspen\Desktop\CMPU395\CMPU-395-Project\data\streetview_images\3404200.0_2185.jpg,True,
3404200,,,,,,0,C:\Users\aspen\Desktop\CMPU395\CMPU-395-Project\data\streetview_images\3404200.0_2186.jpg,True,
3404200,,,,,,0,C:\Users\aspen\Desktop\CMPU395\CMPU-395-Project\data\streetview_images\3404200.0_2187.jpg,True,
3404200,,,,,,0,C:\Users\aspen\Desktop\CMPU395\CMPU-395-Project\data\streetview_images\3404200.0_2188.jpg,True,
3404200,,,,,,0,C:\Users\aspen\Desktop\CMPU395\CMPU-395-Project\data\streetview_images\3404200.0_2189.jpg,True,
3404200,,,,,,0,C:\Users\aspen\Desktop\CMPU395\CMPU-395-Project\data\streetview_images\3404200.0_2190.jpg,True,
3404200,,,,,,0,C:\Users\aspen\Desktop\CMPU395\CMPU-395-Project\data\streetview_images\3404200.0_2191.jpg,True,
3404200,,,,,,0,C:\Users\aspen\Desktop\CMPU395\CMPU-395-Project\data\streetview_images\3404200.0_2192.jpg,True,
3404200,,,,,,0,C:\Users\aspen\Desktop\CMPU395\CMPU-395-Project\data\streetview_images\3404200.0_2193.jpg,True,
3404200,,,,,,0,C:\Users\aspen\Desktop\CMPU395\CMPU-395-Project\data\streetview_images\3404200.0_2194.jpg,True,
3404200,,,,,,0,C:\Users\aspen\Desktop\CMPU395\CMPU-395-Project\data\streetview_images\3404200.0_2195.jpg,True,
3404200,,,,,,0,C:\Users\aspen\Desktop\CMPU395\CMPU-395-Project\data\streetview_images\3404200.0_2196.jpg,True,
3404200,,,,,,0,C:\Users\aspen\Desktop\CMPU395\CMPU-395-Project\data\streetview_images\3404200.0_2197.jpg,True,
3404410,,,,,,0,C:\Users\aspen\Desktop\CMPU395\CMPU-395-Project\data\streetview_images\3404410.0_2198.jpg,True,
3404410,,,,,,0,C:\Users\aspen\Desktop\CMPU395\CMPU-395-Project\data\streetview_images\3404410.0_2199.jpg,True,
3404410,,,,,,0,C:\Users\aspen\Desktop\CMPU395\CMPU-395-Project\data\streetview_images\3404410.0_2200.jpg,True,
3404410,,,,,,0,C:\Users\aspen\Desktop\CMPU395\CMPU-395-Project\data\streetview_images\3404410.0_2201.jpg,True,
3404410,,,,,,0,C:\Users\aspen\Desktop\CMPU395\CMPU-395-Project\data\streetview_images\3404410.0_2202.jpg,True,
3404410,,,,,,0,C:\Users\aspen\Desktop\CMPU395\CMPU-395-Project\data\streetview_images\3404410.0_2203.jpg,True,
3404410,,,,,,0,C:\Users\aspen\Desktop\CMPU395\CMPU-395-Project\data\streetview_images\3404410.0_2204.jpg,True,
3404410,,,,,,0,C:\Users\aspen\Desktop\CMPU395\CMPU-395-Project\data\streetview_images\3404410.0_2205.jpg,True,
3404410,,,,,,0,C:\Users\aspen\Desktop\CMPU395\CMPU-395-Project\data\streetview_images\3404410.0_2206.jpg,True,
3404410,,,,,,0,C:\Users\aspen\Desktop\CMPU395\CMPU-395-Project\data\streetview_images\3404410.0_2207.jpg,True,
3404410,,,,,,0,C:\Users\aspen\Desktop\CMPU395\CMPU-395-Project\data\streetview_images\3404410.0_2208.jpg,True,
3404410,,,,,,0,C:\Users\aspen\Desktop\CMPU395\CMPU-395-Project\data\streetview_images\3404410.0_2209.jpg,True,
3404410,,,,,,0,C:\Users\aspen\Desktop\CMPU395\CMPU-395-Project\data\streetview_images\3404410.0_2210.jpg,True,
3404410,,,,,,0,C:\Users\aspen\Desktop\CMPU395\CMPU-395-Project\data\streetview_images\3404410.0_2211.jpg,True,
3404410,,,,,,0,C:\Users\aspen\Desktop\CMPU395\CMPU-395-Project\data\streetview_images\3404410.0_2212.jpg,True,
3404410,,,,,,0,C:\Users\aspen\Desktop\CMPU395\CMPU-395-Project\data\streetview_images\3404410.0_2213.jpg,True,
3404410,,,,,,0,C:\Users\aspen\Desktop\CMPU395\CMPU-395-Project\data\streetview_images\3404410.0_2214.jpg,True,
3404410,,,,,,0,C:\Users\aspen\Desktop\CMPU395\CMPU-395-Project\data\streetview_images\3404410.0_2215.jpg,True,
3404410,,,,,,0,C:\Users\aspen\Desktop\CMPU395\CMPU-395-Project\data\streetview_images\3404410.0_2216.jpg,True,
3404410,,,,,,0,C:\Users\aspen\Desktop\CMPU395\CMPU-395-Project\data\streetview_images\3404410.0_2217.jpg,True,
3404410,,,,,,0,C:\Users\aspen\Desktop\CMPU395\CMPU-395-Project\data\streetview_images\3404410.0_2218.jpg,True,
3404410,,,,,,0,C:\Users\aspen\Desktop\CMPU395\CMPU-395-Project\data\streetview_images\3404410.0_2219.jpg,True,
3404410,,,,,,0,C:\Users\aspen\Desktop\CMPU395\CMPU-395-Project\data\streetview_images\3404410.0_2220.jpg,True,
3404410,,,,,,0,C:\Users\aspen\Desktop\CMPU395\CMPU-395-Project\data\streetview_images\3404410.0_2221.jpg,True,
3404410,,,,,,0,C:\Users\aspen\Desktop\CMPU395\CMPU-395-Project\data\streetview_images\3404410.0_2222.jpg,True,
3404410,,,,,,0,C:\Users\aspen\Desktop\CMPU395\CMPU-395-Project\data\streetview_images\3404410.0_2223.jpg,True,
3404410,,,,,,0,C:\Users\aspen\Desktop\CMPU395\CMPU-395-Project\data\streetview_images\3404410.0_2224.jpg,True,
3404410,,,,,,0,C:\Users\aspen\Desktop\CMPU395\CMPU-395-Project\data\streetview_images\3404410.0_2225.jpg,True,
3404410,,,,,,0,C:\Users\aspen\Desktop\CMPU395\CMPU-395-Project\data\streetview_images\3404410.0_2226.jpg,True,
3404410,,,,,,0,C:\Users\aspen\Desktop\CMPU395\CMPU-395-Project\data\streetview_images\3404410.0_2227.jpg,True,
3404410,,,,,,0,C:\Users\aspen\Desktop\CMPU395\CMPU-395-Project\data\streetview_images\3404410.0_2228.jpg,True,
3404410,,,,,,0,C:\Users\aspen\Desktop\CMPU395\CMPU-395-Project\data\streetview_images\3404410.0_2229.jpg,True,
3404410,,,,,,0,C:\Users\aspen\Desktop\CMPU395\CMPU-395-Project\data\streetview_images\3404410.0_2230.jpg,True,
3404410,,,,,,0,C:\Users\aspen\Desktop\CMPU395\CMPU-395-Project\data\streetview_images\3404410.0_2231.jpg,True,
3404410,,,,,,0,C:\Users\aspen\Desktop\CMPU395\CMPU-395-Project\data\streetview_images\3404410.0_2232.jpg,True,
3404410,,,,,,0,C:\Users\aspen\Desktop\CMPU395\CMPU-395-Project\data\streetview_images\3404410.0_2233.jpg,True,
3404410,,,,,,0,C:\Users\aspen\Desktop\CMPU395\CMPU-395-Project\data\streetview_images\3404410.0_2234.jpg,True,
3404410,,,,,,0,C:\Users\aspen\Desktop\CMPU395\CMPU-395-Project\data\streetview_images\3404410.0_2235.jpg,True,
3404410,,,,,,0,C:\Users\aspen\Desktop\CMPU395\CMPU-395-Project\data\streetview_images\3404410.0_2236.jpg,True,
3404410,,,,,,0,C:\Users\aspen\Desktop\CMPU395\CMPU-395-Project\data\streetview_images\3404410.0_2237.jpg,True,
3404660,,,,,,0,C:\Users\aspen\Desktop\CMPU395\CMPU-395-Project\data\streetview_images\3404660.0_2238.jpg,True,
3404660,,,,,,0,C:\Users\aspen\Desktop\CMPU395\CMPU-395-Project\data\streetview_images\3404660.0_2239.jpg,True,
3404660,,,,,,0,C:\Users\aspen\Desktop\CMPU395\CMPU-395-Project\data\streetview_images\3404660.0_2240.jpg,True,
3404660,,,,,,0,C:\Users\aspen\Desktop\CMPU395\CMPU-395-Project\data\streetview_images\3404660.0_2241.jpg,True,
3404660,,,,,,0,C:\Users\aspen\Desktop\CMPU395\CMPU-395-Project\data\streetview_images\3404660.0_2242.jpg,True,
3404660,,,,,,0,C:\Users\aspen\Desktop\CMPU395\CMPU-395-Project\data\streetview_images\3404660.0_2243.jpg,True,
3404660,,,,,,0,C:\Users\aspen\Desktop\CMPU395\CMPU-395-Project\data\streetview_images\3404660.0_2244.jpg,True,
3404660,,,,,,0,C:\Users\aspen\Desktop\CMPU395\CMPU-395-Project\data\streetview_images\3404660.0_2245.jpg,True,
3404660,,,,,,0,C:\Users\aspen\Desktop\CMPU395\CMPU-395-Project\data\streetview_images\3404660.0_2246.jpg,True,
3404660,,,,,,0,C:\Users\aspen\Desktop\CMPU395\CMPU-395-Project\data\streetview_images\3404660.0_2247.jpg,True,
3404660,,,,,,0,C:\Users\aspen\Desktop\CMPU395\CMPU-395-Project\data\streetview_images\3404660.0_2248.jpg,True,
3404660,,,,,,0,C:\Users\aspen\Desktop\CMPU395\CMPU-395-Project\data\streetview_images\3404660.0_2249.jpg,True,
3404660,,,,,,0,C:\Users\aspen\Desktop\CMPU395\CMPU-395-Project\data\streetview_images\3404660.0_2250.jpg,True,
3404660,,,,,,0,C:\Users\aspen\Desktop\CMPU395\CMPU-395-Project\data\streetview_images\3404660.0_2251.jpg,True,
3404660,,,,,,0,C:\Users\aspen\Desktop\CMPU395\CMPU-395-Project\data\streetview_images\3404660.0_2252.jpg,True,
3404660,,,,,,0,C:\Users\aspen\Desktop\CMPU395\CMPU-395-Project\data\streetview_images\3404660.0_2253.jpg,True,
3404660,,,,,,0,C:\Users\aspen\Desktop\CMPU395\CMPU-395-Project\data\streetview_images\3404660.0_2254.jpg,True,
3404660,,,,,,0,C:\Users\aspen\Desktop\CMPU395\CMPU-395-Project\data\streetview_images\3404660.0_2255.jpg,True,
3404660,,,,,,0,C:\Users\aspen\Desktop\CMPU395\CMPU-395-Project\data\streetview_images\3404660.0_2256.jpg,True,
3404660,,,,,,0,C:\Users\aspen\Desktop\CMPU395\CMPU-395-Project\data\streetview_images\3404660.0_2257.jpg,True,
3404660,,,,,,0,C:\Users\aspen\Desktop\CMPU395\CMPU-395-Project\data\streetview_images\3404660.0_2258.jpg,True,
3404660,,,,,,0,C:\Users\aspen\Desktop\CMPU395\CMPU-395-Project\data\streetview_images\3404660.0_2259.jpg,True,
3404660,,,,,,0,C:\Users\aspen\Desktop\CMPU395\CMPU-395-Project\data\streetview_images\3404660.0_2260.jpg,True,
3404660,,,,,,0,C:\Users\aspen\Desktop\CMPU395\CMPU-395-Project\data\streetview_images\3404660.0_2261.jpg,True,
3404660,,,,,,0,C:\Users\aspen\Desktop\CMPU395\CMPU-395-Project\data\streetview_images\3404660.0_2262.jpg,True,
3404660,,,,,,0,C:\Users\aspen\Desktop\CMPU395\CMPU-395-Project\data\streetview_images\3404660.0_2263.jpg,True,
3404660,,,,,,0,C:\Users\aspen\Desktop\CMPU395\CMPU-395-Project\data\streetview_images\3404660.0_2264.jpg,True,
3404660,,,,,,0,C:\Users\aspen\Desktop\CMPU395\CMPU-395-Project\data\streetview_images\3404660.0_2265.jpg,True,
3404660,,,,,,0,C:\Users\aspen\Desktop\CMPU395\CMPU-395-Project\data\streetview_images\3404660.0_2266.jpg,True,
3404660,,,,,,0,C:\Users\aspen\Desktop\CMPU395\CMPU-395-Project\data\streetview_images\3404660.0_2267.jpg,True,
3404660,,,,,,0,C:\Users\aspen\Desktop\CMPU395\CMPU-395-Project\data\streetview_images\3404660.0_2268.jpg,True,
3404660,,,,,,0,C:\Users\aspen\Desktop\CMPU395\CMPU-395-Project\data\streetview_images\3404660.0_2269.jpg,True,
3404660,,,,,,0,C:\Users\aspen\Desktop\CMPU395\CMPU-395-Project\data\streetview_images\3404660.0_2270.jpg,True,
3404660,,,,,,0,C:\Users\aspen\Desktop\CMPU395\CMPU-395-Project\data\streetview_images\3404660.0_2271.jpg,True,
3404660,,,,,,0,C:\Users\aspen\Desktop\CMPU395\CMPU-395-Project\data\streetview_images\3404660.0_2272.jpg,True,
3404660,,,,,,0,C:\Users\aspen\Desktop\CMPU395\CMPU-395-Project\data\streetview_images\3404660.0_2273.jpg,True,
3404660,,,,,,0,C:\Users\aspen\Desktop\CMPU395\CMPU-395-Project\data\streetview_images\3404660.0_2274.jpg,True,
3404660,,,,,,0,C:\Users\aspen\Desktop\CMPU395\CMPU-395-Project\data\streetview_images\3404660.0_2275.jpg,True,
3404660,,,,,,0,C:\Users\aspen\Desktop\CMPU395\CMPU-395-Project\data\streetview_images\3404660.0_2276.jpg,True,
3404660,,,,,,0,C:\Users\aspen\Desktop\CMPU395\CMPU-395-Project\data\streetview_images\3404660.0_2277.jpg,True,
3404710,,,,,,0,C:\Users\aspen\Desktop\CMPU395\CMPU-395-Project\data\streetview_images\3404710.0_2278.jpg,True,
3404710,,,,,,0,C:\Users\aspen\Desktop\CMPU395\CMPU-395-Project\data\streetview_images\3404710.0_2279.jpg,True,
3404710,,,,,,0,C:\Users\aspen\Desktop\CMPU395\CMPU-395-Project\data\streetview_images\3404710.0_2280.jpg,True,
3404710,,,,,,0,C:\Users\aspen\Desktop\CMPU395\CMPU-395-Project\data\streetview_images\3404710.0_2281.jpg,True,
3404710,,,,,,0,C:\Users\aspen\Desktop\CMPU395\CMPU-395-Project\data\streetview_images\3404710.0_2282.jpg,True,
3404710,,,,,,0,C:\Users\aspen\Desktop\CMPU395\CMPU-395-Project\data\streetview_images\3404710.0_2283.jpg,True,
3404710,,,,,,0,C:\Users\aspen\Desktop\CMPU395\CMPU-395-Project\data\streetview_images\3404710.0_2284.jpg,True,
3404710,,,,,,0,C:\Users\aspen\Desktop\CMPU395\CMPU-395-Project\data\streetview_images\3404710.0_2285.jpg,True,
3404710,,,,,,0,C:\Users\aspen\Desktop\CMPU395\CMPU-395-Project\data\streetview_images\3404710.0_2286.jpg,True,
3404710,,,,,,0,C:\Users\aspen\Desktop\CMPU395\CMPU-395-Project\data\streetview_images\3404710.0_2287.jpg,True,
3404710,,,,,,0,C:\Users\aspen\Desktop\CMPU395\CMPU-395-Project\data\streetview_images\3404710.0_2288.jpg,True,
3404710,,,,,,0,C:\Users\aspen\Desktop\CMPU395\CMPU-395-Project\data\streetview_images\3404710.0_2289.jpg,True,
3404710,,,,,,0,C:\Users\aspen\Desktop\CMPU395\CMPU-395-Project\data\streetview_images\3404710.0_2290.jpg,True,
3404710,,,,,,0,C:\Users\aspen\Desktop\CMPU395\CMPU-395-Project\data\streetview_images\3404710.0_2291.jpg,True,
3404710,,,,,,0,C:\Users\aspen\Desktop\CMPU395\CMPU-395-Project\data\streetview_images\3404710.0_2292.jpg,True,
3404710,,,,,,0,C:\Users\aspen\Desktop\CMPU395\CMPU-395-Project\data\streetview_images\3404710.0_2293.jpg,True,
3404710,,,,,,0,C:\Users\aspen\Desktop\CMPU395\CMPU-395-Project\data\streetview_images\3404710.0_2294.jpg,True,
3404710,,,,,,0,C:\Users\aspen\Desktop\CMPU395\CMPU-395-Project\data\streetview_images\3404710.0_2295.jpg,True,
3404710,,,,,,0,C:\Users\aspen\Desktop\CMPU395\CMPU-395-Project\data\streetview_images\3404710.0_2296.jpg,True,
3404710,,,,,,0,C:\Users\aspen\Desktop\CMPU395\CMPU-395-Project\data\streetview_images\3404710.0_2297.jpg,True,
3404710,,,,,,0,C:\Users\aspen\Desktop\CMPU395\CMPU-395-Project\data\streetview_images\3404710.0_2298.jpg,True,
3404710,,,,,,0,C:\Users\aspen\Desktop\CMPU395\CMPU-395-Project\data\streetview_images\3404710.0_2299.jpg,True,
3404710,,,,,,0,C:\Users\aspen\Desktop\CMPU395\CMPU-395-Project\data\streetview_images\3404710.0_2300.jpg,True,
3404710,,,,,,0,C:\Users\aspen\Desktop\CMPU395\CMPU-395-Project\data\streetview_images\3404710.0_2301.jpg,True,
3404710,,,,,,0,C:\Users\aspen\Desktop\CMPU395\CMPU-395-Project\data\streetview_images\3404710.0_2302.jpg,True,
3404710,,,,,,0,C:\Users\aspen\Desktop\CMPU395\CMPU-395-Project\data\streetview_images\3404710.0_2303.jpg,True,
3404710,,,,,,0,C:\Users\aspen\Desktop\CMPU395\CMPU-395-Project\data\streetview_images\3404710.0_2304.jpg,True,
3404710,,,,,,0,C:\Users\aspen\Desktop\CMPU395\CMPU-395-Project\data\streetview_images\3404710.0_2305.jpg,True,
3404710,,,,,,0,C:\Users\aspen\Desktop\CMPU395\CMPU-395-Project\data\streetview_images\3404710.0_2306.jpg,True,
3404710,,,,,,0,C:\Users\aspen\Desktop\CMPU395\CMPU-395-Project\data\streetview_images\3404710.0_2307.jpg,True,
3404710,,,,,,0,C:\Users\aspen\Desktop\CMPU395\CMPU-395-Project\data\streetview_images\3404710.0_2308.jpg,True,
3404710,,,,,,0,C:\Users\aspen\Desktop\CMPU395\CMPU-395-Project\data\streetview_images\3404710.0_2309.jpg,True,
3404710,,,,,,0,C:\Users\aspen\Desktop\CMPU395\CMPU-395-Project\data\streetview_images\3404710.0_2310.jpg,True,
3404710,,,,,,0,C:\Users\aspen\Desktop\CMPU395\CMPU-395-Project\data\streetview_images\3404710.0_2311.jpg,True,
3404710,,,,,,0,C:\Users\aspen\Desktop\CMPU395\CMPU-395-Project\data\streetview_images\3404710.0_2312.jpg,True,
3404710,,,,,,0,C:\Users\aspen\Desktop\CMPU395\CMPU-395-Project\data\streetview_images\3404710.0_2313.jpg,True,
3404710,,,,,,0,C:\Users\aspen\Desktop\CMPU395\CMPU-395-Project\data\streetview_images\3404710.0_2314.jpg,True,
3404710,,,,,,0,C:\Users\aspen\Desktop\CMPU395\CMPU-395-Project\data\streetview_images\3404710.0_2315.jpg,True,
3404710,,,,,,0,C:\Users\aspen\Desktop\CMPU395\CMPU-395-Project\data\streetview_images\3404710.0_2316.jpg,True,
3404710,,,,,,0,C:\Users\aspen\Desktop\CMPU395\CMPU-395-Project\data\streetview_images\3404710.0_2317.jpg,True,
3405520,,,,,,0,C:\Users\aspen\Desktop\CMPU395\CMPU-395-Project\data\streetview_images\3405520.0_2318.jpg,True,
3405520,,,,,,0,C:\Users\aspen\Desktop\CMPU395\CMPU-395-Project\data\streetview_images\3405520.0_2319.jpg,True,
3405520,,,,,,0,C:\Users\aspen\Desktop\CMPU395\CMPU-395-Project\data\streetview_images\3405520.0_2320.jpg,True,
3405520,,,,,,0,C:\Users\aspen\Desktop\CMPU395\CMPU-395-Project\data\streetview_images\3405520.0_2321.jpg,True,
3405520,,,,,,0,C:\Users\aspen\Desktop\CMPU395\CMPU-395-Project\data\streetview_images\3405520.0_2322.jpg,True,
3405520,,,,,,0,C:\Users\aspen\Desktop\CMPU395\CMPU-395-Project\data\streetview_images\3405520.0_2323.jpg,True,
3405520,,,,,,0,C:\Users\aspen\Desktop\CMPU395\CMPU-395-Project\data\streetview_images\3405520.0_2324.jpg,True,
3405520,,,,,,0,C:\Users\aspen\Desktop\CMPU395\CMPU-395-Project\data\streetview_images\3405520.0_2325.jpg,True,
3405520,,,,,,0,C:\Users\aspen\Desktop\CMPU395\CMPU-395-Project\data\streetview_images\3405520.0_2326.jpg,True,
3405520,,,,,,0,C:\Users\aspen\Desktop\CMPU395\CMPU-395-Project\data\streetview_images\3405520.0_2327.jpg,True,
3405520,,,,,,0,C:\Users\aspen\Desktop\CMPU395\CMPU-395-Project\data\streetview_images\3405520.0_2328.jpg,True,
3405520,,,,,,0,C:\Users\aspen\Desktop\CMPU395\CMPU-395-Project\data\streetview_images\3405520.0_2329.jpg,True,
3405520,,,,,,0,C:\Users\aspen\Desktop\CMPU395\CMPU-395-Project\data\streetview_images\3405520.0_2330.jpg,True,
3405520,,,,,,0,C:\Users\aspen\Desktop\CMPU395\CMPU-395-Project\data\streetview_images\3405520.0_2331.jpg,True,
3405520,,,,,,0,C:\Users\aspen\Desktop\CMPU395\CMPU-395-Project\data\streetview_images\3405520.0_2332.jpg,True,
3405520,,,,,,0,C:\Users\aspen\Desktop\CMPU395\CMPU-395-Project\data\streetview_images\3405520.0_2333.jpg,True,
3405880,,,,,,0,C:\Users\aspen\Desktop\CMPU395\CMPU-395-Project\data\streetview_images\3405880.0_2334.jpg,True,
3405880,,,,,,0,C:\Users\aspen\Desktop\CMPU395\CMPU-395-Project\data\streetview_images\3405880.0_2335.jpg,True,
3405880,,,,,,0,C:\Users\aspen\Desktop\CMPU395\CMPU-395-Project\data\streetview_images\3405880.0_2336.jpg,True,
3405880,,,,,,0,C:\Users\aspen\Desktop\CMPU395\CMPU-395-Project\data\streetview_images\3405880.0_2337.jpg,True,
3405880,,,,,,0,C:\Users\aspen\Desktop\CMPU395\CMPU-395-Project\data\streetview_images\3405880.0_2338.jpg,True,
3405880,,,,,,0,C:\Users\aspen\Desktop\CMPU395\CMPU-395-Project\data\streetview_images\3405880.0_2339.jpg,True,
3405880,,,,,,0,C:\Users\aspen\Desktop\CMPU395\CMPU-395-Project\data\streetview_images\3405880.0_2340.jpg,True,
3405880,,,,,,0,C:\Users\aspen\Desktop\CMPU395\CMPU-395-Project\data\streetview_images\3405880.0_2341.jpg,True,
3405880,,,,,,0,C:\Users\aspen\Desktop\CMPU395\CMPU-395-Project\data\streetview_images\3405880.0_2342.jpg,True,
3405880,,,,,,0,C:\Users\aspen\Desktop\CMPU395\CMPU-395-Project\data\streetview_images\3405880.0_2343.jpg,True,
3405880,,,,,,0,C:\Users\aspen\Desktop\CMPU395\CMPU-395-Project\data\streetview_images\3405880.0_2344.jpg,True,
3405880,,,,,,0,C:\Users\aspen\Desktop\CMPU395\CMPU-395-Project\data\streetview_images\3405880.0_2345.jpg,True,
3405880,,,,,,0,C:\Users\aspen\Desktop\CMPU395\CMPU-395-Project\data\streetview_images\3405880.0_2346.jpg,True,
3405880,,,,,,0,C:\Users\aspen\Desktop\CMPU395\CMPU-395-Project\data\streetview_images\3405880.0_2347.jpg,True,
3405880,,,,,,0,C:\Users\aspen\Desktop\CMPU395\CMPU-395-Project\data\streetview_images\3405880.0_2348.jpg,True,
3405880,,,,,,0,C:\Users\aspen\Desktop\CMPU395\CMPU-395-Project\data\streetview_images\3405880.0_2349.jpg,True,
3405880,,,,,,0,C:\Users\aspen\Desktop\CMPU395\CMPU-395-Project\data\streetview_images\3405880.0_2350.jpg,True,
3405880,,,,,,0,C:\Users\aspen\Desktop\CMPU395\CMPU-395-Project\data\streetview_images\3405880.0_2351.jpg,True,
3405880,,,,,,0,C:\Users\aspen\Desktop\CMPU395\CMPU-395-Project\data\streetview_images\3405880.0_2352.jpg,True,
3405880,,,,,,0,C:\Users\aspen\Desktop\CMPU395\CMPU-395-Project\data\streetview_images\3405880.0_2353.jpg,True,
3405880,,,,,,0,C:\Users\aspen\Desktop\CMPU395\CMPU-395-Project\data\streetview_images\3405880.0_2354.jpg,True,
3405880,,,,,,0,C:\Users\aspen\Desktop\CMPU395\CMPU-395-Project\data\streetview_images\3405880.0_2355.jpg,True,
3405880,,,,,,0,C:\Users\aspen\Desktop\CMPU395\CMPU-395-Project\data\streetview_images\3405880.0_2356.jpg,True,
3405880,,,,,,0,C:\Users\aspen\Desktop\CMPU395\CMPU-395-Project\data\streetview_images\3405880.0_2357.jpg,True,
3405880,,,,,,0,C:\Users\aspen\Desktop\CMPU395\CMPU-395-Project\data\streetview_images\3405880.0_2358.jpg,True,
3405880,,,,,,0,C:\Users\aspen\Desktop\CMPU395\CMPU-395-Project\data\streetview_images\3405880.0_2359.jpg,True,
3405880,,,,,,0,C:\Users\aspen\Desktop\CMPU395\CMPU-395-Project\data\streetview_images\3405880.0_2360.jpg,True,
3405880,,,,,,0,C:\Users\aspen\Desktop\CMPU395\CMPU-395-Project\data\streetview_images\3405880.0_2361.jpg,True,
3405880,,,,,,0,C:\Users\aspen\Desktop\CMPU395\CMPU-395-Project\data\streetview_images\3405880.0_2362.jpg,True,
3405880,,,,,,0,C:\Users\aspen\Desktop\CMPU395\CMPU-395-Project\data\streetview_images\3405880.0_2363.jpg,True,
3405880,,,,,,0,C:\Users\aspen\Desktop\CMPU395\CMPU-395-Project\data\streetview_images\3405880.0_2364.jpg,True,
3405880,,,,,,0,C:\Users\aspen\Desktop\CMPU395\CMPU-395-Project\data\streetview_images\3405880.0_2365.jpg,True,
3405880,,,,,,0,C:\Users\aspen\Desktop\CMPU395\CMPU-395-Project\data\streetview_images\3405880.0_2366.jpg,True,
3405880,,,,,,0,C:\Users\aspen\Desktop\CMPU395\CMPU-395-Project\data\streetview_images\3405880.0_2367.jpg,True,
3405880,,,,,,0,C:\Users\aspen\Desktop\CMPU395\CMPU-395-Project\data\streetview_images\3405880.0_2368.jpg,True,
3405880,,,,,,0,C:\Users\aspen\Desktop\CMPU395\CMPU-395-Project\data\streetview_images\3405880.0_2369.jpg,True,
3405880,,,,,,0,C:\Users\aspen\Desktop\CMPU395\CMPU-395-Project\data\streetview_images\3405880.0_2370.jpg,True,
3405880,,,,,,0,C:\Users\aspen\Desktop\CMPU395\CMPU-395-Project\data\streetview_images\3405880.0_2371.jpg,True,
3405880,,,,,,0,C:\Users\aspen\Desktop\CMPU395\CMPU-395-Project\data\streetview_images\3405880.0_2372.jpg,True,
3407830,,,,,,0,C:\Users\aspen\Desktop\CMPU395\CMPU-395-Project\data\streetview_images\3407830.0_2373.jpg,True,
3407830,,,,,,0,C:\Users\aspen\Desktop\CMPU395\CMPU-395-Project\data\streetview_images\3407830.0_2374.jpg,True,
3407830,,,,,,0,C:\Users\aspen\Desktop\CMPU395\CMPU-395-Project\data\streetview_images\3407830.0_2375.jpg,True,
3407830,,,,,,0,C:\Users\aspen\Desktop\CMPU395\CMPU-395-Project\data\streetview_images\3407830.0_2376.jpg,True,
3407830,,,,,,0,C:\Users\aspen\Desktop\CMPU395\CMPU-395-Project\data\streetview_images\3407830.0_2377.jpg,True,
3407830,,,,,,0,C:\Users\aspen\Desktop\CMPU395\CMPU-395-Project\data\streetview_images\3407830.0_2378.jpg,True,
3407830,,,,,,0,C:\Users\aspen\Desktop\CMPU395\CMPU-395-Project\data\streetview_images\3407830.0_2379.jpg,True,
3407830,,,,,,0,C:\Users\aspen\Desktop\CMPU395\CMPU-395-Project\data\streetview_images\3407830.0_2380.jpg,True,
3407830,,,,,,0,C:\Users\aspen\Desktop\CMPU395\CMPU-395-Project\data\streetview_images\3407830.0_2381.jpg,True,
3407830,,,,,,0,C:\Users\aspen\Desktop\CMPU395\CMPU-395-Project\data\streetview_images\3407830.0_2382.jpg,True,
3407830,,,,,,0,C:\Users\aspen\Desktop\CMPU395\CMPU-395-Project\data\streetview_images\3407830.0_2383.jpg,True,
3407830,,,,,,0,C:\Users\aspen\Desktop\CMPU395\CMPU-395-Project\data\streetview_images\3407830.0_2384.jpg,True,
3407830,,,,,,0,C:\Users\aspen\Desktop\CMPU395\CMPU-395-Project\data\streetview_images\3407830.0_2385.jpg,True,
3407830,,,,,,0,C:\Users\aspen\Desktop\CMPU395\CMPU-395-Project\data\streetview_images\3407830.0_2386.jpg,True,
3407830,,,,,,0,C:\Users\aspen\Desktop\CMPU395\CMPU-395-Project\data\streetview_images\3407830.0_2387.jpg,True,
3407830,,,,,,0,C:\Users\aspen\Desktop\CMPU395\CMPU-395-Project\data\streetview_images\3407830.0_2388.jpg,True,
3407830,,,,,,0,C:\Users\aspen\Desktop\CMPU395\CMPU-395-Project\data\streetview_images\3407830.0_2389.jpg,True,
3407830,,,,,,0,C:\Users\aspen\Desktop\CMPU395\CMPU-395-Project\data\streetview_images\3407830.0_2390.jpg,True,
3407830,,,,,,0,C:\Users\aspen\Desktop\CMPU395\CMPU-395-Project\data\streetview_images\3407830.0_2391.jpg,True,
3407830,,,,,,0,C:\Users\aspen\Desktop\CMPU395\CMPU-395-Project\data\streetview_images\3407830.0_2392.jpg,True,
3407830,,,,,,0,C:\Users\aspen\Desktop\CMPU395\CMPU-395-Project\data\streetview_images\3407830.0_2393.jpg,True,
3407830,,,,,,0,C:\Users\aspen\Desktop\CMPU395\CMPU-395-Project\data\streetview_images\3407830.0_2394.jpg,True,
3407830,,,,,,0,C:\Users\aspen\Desktop\CMPU395\CMPU-395-Project\data\streetview_images\3407830.0_2395.jpg,True,
3407830,,,,,,0,C:\Users\aspen\Desktop\CMPU395\CMPU-395-Project\data\streetview_images\3407830.0_2396.jpg,True,
3407830,,,,,,0,C:\Users\aspen\Desktop\CMPU395\CMPU-395-Project\data\streetview_images\3407830.0_2397.jpg,True,
3407830,,,,,,0,C:\Users\aspen\Desktop\CMPU395\CMPU-395-Project\data\streetview_images\3407830.0_2398.jpg,True,
3407830,,,,,,0,C:\Users\aspen\Desktop\CMPU395\CMPU-395-Project\data\streetview_images\3407830.0_2399.jpg,True,
3407830,,,,,,0,C:\Users\aspen\Desktop\CMPU395\CMPU-395-Project\data\streetview_images\3407830.0_2400.jpg,True,
3407830,,,,,,0,C:\Users\aspen\Desktop\CMPU395\CMPU-395-Project\data\streetview_images\3407830.0_2401.jpg,True,
3407830,,,,,,0,C:\Users\aspen\Desktop\CMPU395\CMPU-395-Project\data\streetview_images\3407830.0_2402.jpg,True,
3407830,,,,,,0,C:\Users\aspen\Desktop\CMPU395\CMPU-395-Project\data\streetview_images\3407830.0_2403.jpg,True,
3407830,,,,,,0,C:\Users\aspen\Desktop\CMPU395\CMPU-395-Project\data\streetview_images\3407830.0_2404.jpg,True,
3407830,,,,,,0,C:\Users\aspen\Desktop\CMPU395\CMPU-395-Project\data\streetview_images\3407830.0_2405.jpg,True,
3407830,,,,,,0,C:\Users\aspen\Desktop\CMPU395\CMPU-395-Project\data\streetview_images\3407830.0_2406.jpg,True,
3407830,,,,,,0,C:\Users\aspen\Desktop\CMPU395\CMPU-395-Project\data\streetview_images\3407830.0_2407.jpg,True,
3407830,,,,,,0,C:\Users\aspen\Desktop\CMPU395\CMPU-395-Project\data\streetview_images\3407830.0_2408.jpg,True,
3407830,,,,,,0,C:\Users\aspen\Desktop\CMPU395\CMPU-395-Project\data\streetview_images\3407830.0_2409.jpg,True,
3407830,,,,,,0,C:\Users\aspen\Desktop\CMPU395\CMPU-395-Project\data\streetview_images\3407830.0_2410.jpg,True,
3407830,,,,,,0,C:\Users\aspen\Desktop\CMPU395\CMPU-395-Project\data\streetview_images\3407830.0_2411.jpg,True,
3407830,,,,,,0,C:\Users\aspen\Desktop\CMPU395\CMPU-395-Project\data\streetview_images\3407830.0_2412.jpg,True,
3407920,,,,,,0,C:\Users\aspen\Desktop\CMPU395\CMPU-395-Project\data\streetview_images\3407920.0_2413.jpg,True,
3407920,,,,,,0,C:\Users\aspen\Desktop\CMPU395\CMPU-395-Project\data\streetview_images\3407920.0_2414.jpg,True,
3407920,,,,,,0,C:\Users\aspen\Desktop\CMPU395\CMPU-395-Project\data\streetview_images\3407920.0_2415.jpg,True,
3407920,,,,,,0,C:\Users\aspen\Desktop\CMPU395\CMPU-395-Project\data\streetview_images\3407920.0_2416.jpg,True,
3407920,,,,,,0,C:\Users\aspen\Desktop\CMPU395\CMPU-395-Project\data\streetview_images\3407920.0_2417.jpg,True,
3407920,,,,,,0,C:\Users\aspen\Desktop\CMPU395\CMPU-395-Project\data\streetview_images\3407920.0_2418.jpg,True,
3407920,,,,,,0,C:\Users\aspen\Desktop\CMPU395\CMPU-395-Project\data\streetview_images\3407920.0_2419.jpg,True,
3407920,,,,,,0,C:\Users\aspen\Desktop\CMPU395\CMPU-395-Project\data\streetview_images\3407920.0_2420.jpg,True,
3407920,,,,,,0,C:\Users\aspen\Desktop\CMPU395\CMPU-395-Project\data\streetview_images\3407920.0_2421.jpg,True,
3407920,,,,,,0,C:\Users\aspen\Desktop\CMPU395\CMPU-395-Project\data\streetview_images\3407920.0_2422.jpg,True,
3407920,,,,,,0,C:\Users\aspen\Desktop\CMPU395\CMPU-395-Project\data\streetview_images\3407920.0_2423.jpg,True,
3407920,,,,,,0,C:\Users\aspen\Desktop\CMPU395\CMPU-395-Project\data\streetview_images\3407920.0_2424.jpg,True,
3407920,,,,,,0,C:\Users\aspen\Desktop\CMPU395\CMPU-395-Project\data\streetview_images\3407920.0_2425.jpg,True,
3407920,,,,,,0,C:\Users\aspen\Desktop\CMPU395\CMPU-395-Project\data\streetview_images\3407920.0_2426.jpg,True,
3407920,,,,,,0,C:\Users\aspen\Desktop\CMPU395\CMPU-395-Project\data\streetview_images\3407920.0_2427.jpg,True,
3407920,,,,,,0,C:\Users\aspen\Desktop\CMPU395\CMPU-395-Project\data\streetview_images\3407920.0_2428.jpg,True,
3407920,,,,,,0,C:\Users\aspen\Desktop\CMPU395\CMPU-395-Project\data\streetview_images\3407920.0_2429.jpg,True,
3407920,,,,,,0,C:\Users\aspen\Desktop\CMPU395\CMPU-395-Project\data\streetview_images\3407920.0_2430.jpg,True,
3407920,,,,,,0,C:\Users\aspen\Desktop\CMPU395\CMPU-395-Project\data\streetview_images\3407920.0_2431.jpg,True,
3407920,,,,,,0,C:\Users\aspen\Desktop\CMPU395\CMPU-395-Project\data\streetview_images\3407920.0_2432.jpg,True,
3407920,,,,,,0,C:\Users\aspen\Desktop\CMPU395\CMPU-395-Project\data\streetview_images\3407920.0_2433.jpg,True,
3407920,,,,,,0,C:\Users\aspen\Desktop\CMPU395\CMPU-395-Project\data\streetview_images\3407920.0_2434.jpg,True,
3407920,,,,,,0,C:\Users\aspen\Desktop\CMPU395\CMPU-395-Project\data\streetview_images\3407920.0_2435.jpg,True,
3407920,,,,,,0,C:\Users\aspen\Desktop\CMPU395\CMPU-395-Project\data\streetview_images\3407920.0_2436.jpg,True,
3407920,,,,,,0,C:\Users\aspen\Desktop\CMPU395\CMPU-395-Project\data\streetview_images\3407920.0_2437.jpg,True,
3407920,,,,,,0,C:\Users\aspen\Desktop\CMPU395\CMPU-395-Project\data\streetview_images\3407920.0_2438.jpg,True,
3407920,,,,,,0,C:\Users\aspen\Desktop\CMPU395\CMPU-395-Project\data\streetview_images\3407920.0_2439.jpg,True,
3407920,,,,,,0,C:\Users\aspen\Desktop\CMPU395\CMPU-395-Project\data\streetview_images\3407920.0_2440.jpg,True,
3407920,,,,,,0,C:\Users\aspen\Desktop\CMPU395\CMPU-395-Project\data\streetview_images\3407920.0_2441.jpg,True,
3407920,,,,,,0,C:\Users\aspen\Desktop\CMPU395\CMPU-395-Project\data\streetview_images\3407920.0_2442.jpg,True,
3407920,,,,,,0,C:\Users\aspen\Desktop\CMPU395\CMPU-395-Project\data\streetview_images\3407920.0_2443.jpg,True,
3407920,,,,,,0,C:\Users\aspen\Desktop\CMPU395\CMPU-395-Project\data\streetview_images\3407920.0_2444.jpg,True,
3407920,,,,,,0,C:\Users\aspen\Desktop\CMPU395\CMPU-395-Project\data\streetview_images\3407920.0_2445.jpg,True,
3407920,,,,,,0,C:\Users\aspen\Desktop\CMPU395\CMPU-395-Project\data\streetview_images\3407920.0_2446.jpg,True,
3407920,,,,,,0,C:\Users\aspen\Desktop\CMPU395\CMPU-395-Project\data\streetview_images\3407920.0_2447.jpg,True,
3407920,,,,,,0,C:\Users\aspen\Desktop\CMPU395\CMPU-395-Project\data\streetview_images\3407920.0_2448.jpg,True,
3407920,,,,,,0,C:\Users\aspen\Desktop\CMPU395\CMPU-395-Project\data\streetview_images\3407920.0_2449.jpg,True,
3407920,,,,,,0,C:\Users\aspen\Desktop\CMPU395\CMPU-395-Project\data\streetview_images\3407920.0_2450.jpg,True,
3407920,,,,,,0,C:\Users\aspen\Desktop\CMPU395\CMPU-395-Project\data\streetview_images\3407920.0_2451.jpg,True,
3407920,,,,,,0,C:\Users\aspen\Desktop\CMPU395\CMPU-395-Project\data\streetview_images\3407920.0_2452.jpg,True,
3409750,,,,,,0,C:\Users\aspen\Desktop\CMPU395\CMPU-395-Project\data\streetview_images\3409750.0_2453.jpg,True,
3409750,,,,,,0,C:\Users\aspen\Desktop\CMPU395\CMPU-395-Project\data\streetview_images\3409750.0_2454.jpg,True,
3409750,,,,,,0,C:\Users\aspen\Desktop\CMPU395\CMPU-395-Project\data\streetview_images\3409750.0_2455.jpg,True,
3409750,,,,,,0,C:\Users\aspen\Desktop\CMPU395\CMPU-395-Project\data\streetview_images\3409750.0_2456.jpg,True,
3409750,,,,,,0,C:\Users\aspen\Desktop\CMPU395\CMPU-395-Project\data\streetview_images\3409750.0_2457.jpg,True,
3409750,,,,,,0,C:\Users\aspen\Desktop\CMPU395\CMPU-395-Project\data\streetview_images\3409750.0_2458.jpg,True,
3409750,,,,,,0,C:\Users\aspen\Desktop\CMPU395\CMPU-395-Project\data\streetview_images\3409750.0_2459.jpg,True,
3409750,,,,,,0,C:\Users\aspen\Desktop\CMPU395\CMPU-395-Project\data\streetview_images\3409750.0_2460.jpg,True,
3409750,,,,,,0,C:\Users\aspen\Desktop\CMPU395\CMPU-395-Project\data\streetview_images\3409750.0_2461.jpg,True,
3409750,,,,,,0,C:\Users\aspen\Desktop\CMPU395\CMPU-395-Project\data\streetview_images\3409750.0_2462.jpg,True,
3409750,,,,,,0,C:\Users\aspen\Desktop\CMPU395\CMPU-395-Project\data\streetview_images\3409750.0_2463.jpg,True,
3409750,,,,,,0,C:\Users\aspen\Desktop\CMPU395\CMPU-395-Project\data\streetview_images\3409750.0_2464.jpg,True,
3409750,,,,,,0,C:\Users\aspen\Desktop\CMPU395\CMPU-395-Project\data\streetview_images\3409750.0_2465.jpg,True,
3409750,,,,,,0,C:\Users\aspen\Desktop\CMPU395\CMPU-395-Project\data\streetview_images\3409750.0_2466.jpg,True,
3409750,,,,,,0,C:\Users\aspen\Desktop\CMPU395\CMPU-395-Project\data\streetview_images\3409750.0_2467.jpg,True,
3409750,,,,,,0,C:\Users\aspen\Desktop\CMPU395\CMPU-395-Project\data\streetview_images\3409750.0_2468.jpg,True,
3409750,,,,,,0,C:\Users\aspen\Desktop\CMPU395\CMPU-395-Project\data\streetview_images\3409750.0_2469.jpg,True,
3409750,,,,,,0,C:\Users\aspen\Desktop\CMPU395\CMPU-395-Project\data\streetview_images\3409750.0_2470.jpg,True,
3409750,,,,,,0,C:\Users\aspen\Desktop\CMPU395\CMPU-395-Project\data\streetview_images\3409750.0_2471.jpg,True,
3409750,,,,,,0,C:\Users\aspen\Desktop\CMPU395\CMPU-395-Project\data\streetview_images\3409750.0_2472.jpg,True,
3409750,,,,,,0,C:\Users\aspen\Desktop\CMPU395\CMPU-395-Project\data\streetview_images\3409750.0_2473.jpg,True,
3409750,,,,,,0,C:\Users\aspen\Desktop\CMPU395\CMPU-395-Project\data\streetview_images\3409750.0_2474.jpg,True,
3409750,,,,,,0,C:\Users\aspen\Desktop\CMPU395\CMPU-395-Project\data\streetview_images\3409750.0_2475.jpg,True,
3409750,,,,,,0,C:\Users\aspen\Desktop\CMPU395\CMPU-395-Project\data\streetview_images\3409750.0_2476.jpg,True,
3409750,,,,,,0,C:\Users\aspen\Desktop\CMPU395\CMPU-395-Project\data\streetview_images\3409750.0_2477.jpg,True,
3409750,,,,,,0,C:\Users\aspen\Desktop\CMPU395\CMPU-395-Project\data\streetview_images\3409750.0_2478.jpg,True,
3409750,,,,,,0,C:\Users\aspen\Desktop\CMPU395\CMPU-395-Project\data\streetview_images\3409750.0_2479.jpg,True,
3409750,,,,,,0,C:\Users\aspen\Desktop\CMPU395\CMPU-395-Project\data\streetview_images\3409750.0_2480.jpg,True,
3409750,,,,,,0,C:\Users\aspen\Desktop\CMPU395\CMPU-395-Project\data\streetview_images\3409750.0_2481.jpg,True,
3409750,,,,,,0,C:\Users\aspen\Desktop\CMPU395\CMPU-395-Project\data\streetview_images\3409750.0_2482.jpg,True,
3409750,,,,,,0,C:\Users\aspen\Desktop\CMPU395\CMPU-395-Project\data\streetview_images\3409750.0_2483.jpg,True,
3409750,,,,,,0,C:\Users\aspen\Desktop\CMPU395\CMPU-395-Project\data\streetview_images\3409750.0_2484.jpg,True,
3409750,,,,,,0,C:\Users\aspen\Desktop\CMPU395\CMPU-395-Project\data\streetview_images\3409750.0_2485.jpg,True,
3409750,,,,,,0,C:\Users\aspen\Desktop\CMPU395\CMPU-395-Project\data\streetview_images\3409750.0_2486.jpg,True,
3409750,,,,,,0,C:\Users\aspen\Desktop\CMPU395\CMPU-395-Project\data\streetview_images\3409750.0_2487.jpg,True,
3409750,,,,,,0,C:\Users\aspen\Desktop\CMPU395\CMPU-395-Project\data\streetview_images\3409750.0_2488.jpg,True,
3409750,,,,,,0,C:\Users\aspen\Desktop\CMPU395\CMPU-395-Project\data\streetview_images\3409750.0_2489.jpg,True,
3409750,,,,,,0,C:\Users\aspen\Desktop\CMPU395\CMPU-395-Project\data\streetview_images\3409750.0_2490.jpg,True,
3409750,,,,,,0,C:\Users\aspen\Desktop\CMPU395\CMPU-395-Project\data\streetview_images\3409750.0_2491.jpg,True,
3409750,,,,,,0,C:\Users\aspen\Desktop\CMPU395\CMPU-395-Project\data\streetview_images\3409750.0_2492.jpg,True,
3411310,,,,,,0,C:\Users\aspen\Desktop\CMPU395\CMPU-395-Project\data\streetview_images\3411310.0_2493.jpg,True,
3411310,,,,,,0,C:\Users\aspen\Desktop\CMPU395\CMPU-395-Project\data\streetview_images\3411310.0_2494.jpg,True,
3411310,,,,,,0,C:\Users\aspen\Desktop\CMPU395\CMPU-395-Project\data\streetview_images\3411310.0_2495.jpg,True,
3411310,,,,,,0,C:\Users\aspen\Desktop\CMPU395\CMPU-395-Project\data\streetview_images\3411310.0_2496.jpg,True,
3411310,,,,,,0,C:\Users\aspen\Desktop\CMPU395\CMPU-395-Project\data\streetview_images\3411310.0_2497.jpg,True,
3411310,,,,,,0,C:\Users\aspen\Desktop\CMPU395\CMPU-395-Project\data\streetview_images\3411310.0_2498.jpg,True,
3411310,,,,,,0,C:\Users\aspen\Desktop\CMPU395\CMPU-395-Project\data\streetview_images\3411310.0_2499.jpg,True,
3411310,,,,,,0,C:\Users\aspen\Desktop\CMPU395\CMPU-395-Project\data\streetview_images\3411310.0_2500.jpg,True,
3411310,,,,,,0,C:\Users\aspen\Desktop\CMPU395\CMPU-395-Project\data\streetview_images\3411310.0_2501.jpg,True,
3411310,,,,,,0,C:\Users\aspen\Desktop\CMPU395\CMPU-395-Project\data\streetview_images\3411310.0_2502.jpg,True,
3411310,,,,,,0,C:\Users\aspen\Desktop\CMPU395\CMPU-395-Project\data\streetview_images\3411310.0_2503.jpg,True,
3411310,,,,,,0,C:\Users\aspen\Desktop\CMPU395\CMPU-395-Project\data\streetview_images\3411310.0_2504.jpg,True,
3411310,,,,,,0,C:\Users\aspen\Desktop\CMPU395\CMPU-395-Project\data\streetview_images\3411310.0_2505.jpg,True,
3411310,,,,,,0,C:\Users\aspen\Desktop\CMPU395\CMPU-395-Project\data\streetview_images\3411310.0_2506.jpg,True,
3411310,,,,,,0,C:\Users\aspen\Desktop\CMPU395\CMPU-395-Project\data\streetview_images\3411310.0_2507.jpg,True,
3411310,,,,,,0,C:\Users\aspen\Desktop\CMPU395\CMPU-395-Project\data\streetview_images\3411310.0_2508.jpg,True,
3411310,,,,,,0,C:\Users\aspen\Desktop\CMPU395\CMPU-395-Project\data\streetview_images\3411310.0_2509.jpg,True,
3411310,,,,,,0,C:\Users\aspen\Desktop\CMPU395\CMPU-395-Project\data\streetview_images\3411310.0_2510.jpg,True,
3411310,,,,,,0,C:\Users\aspen\Desktop\CMPU395\CMPU-395-Project\data\streetview_images\3411310.0_2511.jpg,True,
3411310,,,,,,0,C:\Users\aspen\Desktop\CMPU395\CMPU-395-Project\data\streetview_images\3411310.0_2512.jpg,True,
3411310,,,,,,0,C:\Users\aspen\Desktop\CMPU395\CMPU-395-Project\data\streetview_images\3411310.0_2513.jpg,True,
3411310,,,,,,0,C:\Users\aspen\Desktop\CMPU395\CMPU-395-Project\data\streetview_images\3411310.0_2514.jpg,True,
3411310,,,,,,0,C:\Users\aspen\Desktop\CMPU395\CMPU-395-Project\data\streetview_images\3411310.0_2515.jpg,True,
3411310,,,,,,0,C:\Users\aspen\Desktop\CMPU395\CMPU-395-Project\data\streetview_images\3411310.0_2516.jpg,True,
3411310,,,,,,0,C:\Users\aspen\Desktop\CMPU395\CMPU-395-Project\data\streetview_images\3411310.0_2517.jpg,True,
3411310,,,,,,0,C:\Users\aspen\Desktop\CMPU395\CMPU-395-Project\data\streetview_images\3411310.0_2518.jpg,True,
3411310,,,,,,0,C:\Users\aspen\Desktop\CMPU395\CMPU-395-Project\data\streetview_images\3411310.0_2519.jpg,True,
3411310,,,,,,0,C:\Users\aspen\Desktop\CMPU395\CMPU-395-Project\data\streetview_images\3411310.0_2520.jpg,True,
3411310,,,,,,0,C:\Users\aspen\Desktop\CMPU395\CMPU-395-Project\data\streetview_images\3411310.0_2521.jpg,True,
3411310,,,,,,0,C:\Users\aspen\Desktop\CMPU395\CMPU-395-Project\data\streetview_images\3411310.0_2522.jpg,True,
3411310,,,,,,0,C:\Users\aspen\Desktop\CMPU395\CMPU-395-Project\data\streetview_images\3411310.0_2523.jpg,True,
3411310,,,,,,0,C:\Users\aspen\Desktop\CMPU395\CMPU-395-Project\data\streetview_images\3411310.0_2524.jpg,True,
3411310,,,,,,0,C:\Users\aspen\Desktop\CMPU395\CMPU-395-Project\data\streetview_images\3411310.0_2525.jpg,True,
3411310,,,,,,0,C:\Users\aspen\Desktop\CMPU395\CMPU-395-Project\data\streetview_images\3411310.0_2526.jpg,True,
3411310,,,,,,0,C:\Users\aspen\Desktop\CMPU395\CMPU-395-Project\data\streetview_images\3411310.0_2527.jpg,True,
3411310,,,,,,0,C:\Users\aspen\Desktop\CMPU395\CMPU-395-Project\data\streetview_images\3411310.0_2528.jpg,True,
3411310,,,,,,0,C:\Users\aspen\Desktop\CMPU395\CMPU-395-Project\data\streetview_images\3411310.0_2529.jpg,True,
3411310,,,,,,0,C:\Users\aspen\Desktop\CMPU395\CMPU-395-Project\data\streetview_images\3411310.0_2530.jpg,True,
3411310,,,,,,0,C:\Users\aspen\Desktop\CMPU395\CMPU-395-Project\data\streetview_images\3411310.0_2531.jpg,True,
3411310,,,,,,0,C:\Users\aspen\Desktop\CMPU395\CMPU-395-Project\data\streetview_images\3411310.0_2532.jpg,True,
3413470,,,,,,0,C:\Users\aspen\Desktop\CMPU395\CMPU-395-Project\data\streetview_images\3413470.0_2533.jpg,True,
3413470,,,,,,0,C:\Users\aspen\Desktop\CMPU395\CMPU-395-Project\data\streetview_images\3413470.0_2534.jpg,True,
3413470,,,,,,0,C:\Users\aspen\Desktop\CMPU395\CMPU-395-Project\data\streetview_images\3413470.0_2535.jpg,True,
3413470,,,,,,0,C:\Users\aspen\Desktop\CMPU395\CMPU-395-Project\data\streetview_images\3413470.0_2536.jpg,True,
3413470,,,,,,0,C:\Users\aspen\Desktop\CMPU395\CMPU-395-Project\data\streetview_images\3413470.0_2537.jpg,True,
3413470,,,,,,0,C:\Users\aspen\Desktop\CMPU395\CMPU-395-Project\data\streetview_images\3413470.0_2538.jpg,True,
3413470,,,,,,0,C:\Users\aspen\Desktop\CMPU395\CMPU-395-Project\data\streetview_images\3413470.0_2539.jpg,True,
3413470,,,,,,0,C:\Users\aspen\Desktop\CMPU395\CMPU-395-Project\data\streetview_images\3413470.0_2540.jpg,True,
3413470,,,,,,0,C:\Users\aspen\Desktop\CMPU395\CMPU-395-Project\data\streetview_images\3413470.0_2541.jpg,True,
3413470,,,,,,0,C:\Users\aspen\Desktop\CMPU395\CMPU-395-Project\data\streetview_images\3413470.0_2542.jpg,True,
3413470,,,,,,0,C:\Users\aspen\Desktop\CMPU395\CMPU-395-Project\data\streetview_images\3413470.0_2543.jpg,True,
3413470,,,,,,0,C:\Users\aspen\Desktop\CMPU395\CMPU-395-Project\data\streetview_images\3413470.0_2544.jpg,True,
3413470,,,,,,0,C:\Users\aspen\Desktop\CMPU395\CMPU-395-Project\data\streetview_images\3413470.0_2545.jpg,True,
3413470,,,,,,0,C:\Users\aspen\Desktop\CMPU395\CMPU-395-Project\data\streetview_images\3413470.0_2546.jpg,True,
3413470,,,,,,0,C:\Users\aspen\Desktop\CMPU395\CMPU-395-Project\data\streetview_images\3413470.0_2547.jpg,True,
3413470,,,,,,0,C:\Users\aspen\Desktop\CMPU395\CMPU-395-Project\data\streetview_images\3413470.0_2548.jpg,True,
3413470,,,,,,0,C:\Users\aspen\Desktop\CMPU395\CMPU-395-Project\data\streetview_images\3413470.0_2549.jpg,True,
3413470,,,,,,0,C:\Users\aspen\Desktop\CMPU395\CMPU-395-Project\data\streetview_images\3413470.0_2550.jpg,True,
3413470,,,,,,0,C:\Users\aspen\Desktop\CMPU395\CMPU-395-Project\data\streetview_images\3413470.0_2551.jpg,True,
3413470,,,,,,0,C:\Users\aspen\Desktop\CMPU395\CMPU-395-Project\data\streetview_images\3413470.0_2552.jpg,True,
3413470,,,,,,0,C:\Users\aspen\Desktop\CMPU395\CMPU-395-Project\data\streetview_images\3413470.0_2553.jpg,True,
3413470,,,,,,0,C:\Users\aspen\Desktop\CMPU395\CMPU-395-Project\data\streetview_images\3413470.0_2554.jpg,True,
3413470,,,,,,0,C:\Users\aspen\Desktop\CMPU395\CMPU-395-Project\data\streetview_images\3413470.0_2555.jpg,True,
3413470,,,,,,0,C:\Users\aspen\Desktop\CMPU395\CMPU-395-Project\data\streetview_images\3413470.0_2556.jpg,True,
3413470,,,,,,0,C:\Users\aspen\Desktop\CMPU395\CMPU-395-Project\data\streetview_images\3413470.0_2557.jpg,True,
3413470,,,,,,0,C:\Users\aspen\Desktop\CMPU395\CMPU-395-Project\data\streetview_images\3413470.0_2558.jpg,True,
3413470,,,,,,0,C:\Users\aspen\Desktop\CMPU395\CMPU-395-Project\data\streetview_images\3413470.0_2559.jpg,True,
3413470,,,,,,0,C:\Users\aspen\Desktop\CMPU395\CMPU-395-Project\data\streetview_images\3413470.0_2560.jpg,True,
3413470,,,,,,0,C:\Users\aspen\Desktop\CMPU395\CMPU-395-Project\data\streetview_images\3413470.0_2561.jpg,True,
3413470,,,,,,0,C:\Users\aspen\Desktop\CMPU395\CMPU-395-Project\data\streetview_images\3413470.0_2562.jpg,True,
3413470,,,,,,0,C:\Users\aspen\Desktop\CMPU395\CMPU-395-Project\data\streetview_images\3413470.0_2563.jpg,True,
3413470,,,,,,0,C:\Users\aspen\Desktop\CMPU395\CMPU-395-Project\data\streetview_images\3413470.0_2564.jpg,True,
3413470,,,,,,0,C:\Users\aspen\Desktop\CMPU395\CMPU-395-Project\data\streetview_images\3413470.0_2565.jpg,True,
3413470,,,,,,0,C:\Users\aspen\Desktop\CMPU395\CMPU-395-Project\data\streetview_images\3413470.0_2566.jpg,True,
3413470,,,,,,0,C:\Users\aspen\Desktop\CMPU395\CMPU-395-Project\data\streetview_images\3413470.0_2567.jpg,True,
3413470,,,,,,0,C:\Users\aspen\Desktop\CMPU395\CMPU-395-Project\data\streetview_images\3413470.0_2568.jpg,True,
3413470,,,,,,0,C:\Users\aspen\Desktop\CMPU395\CMPU-395-Project\data\streetview_images\3413470.0_2569.jpg,True,
3413470,,,,,,0,C:\Users\aspen\Desktop\CMPU395\CMPU-395-Project\data\streetview_images\3413470.0_2570.jpg,True,
3413470,,,,,,0,C:\Users\aspen\Desktop\CMPU395\CMPU-395-Project\data\streetview_images\3413470.0_2571.jpg,True,
3413470,,,,,,0,C:\Users\aspen\Desktop\CMPU395\CMPU-395-Project\data\streetview_images\3413470.0_2572.jpg,True,
3414220,,,,,,0,C:\Users\aspen\Desktop\CMPU395\CMPU-395-Project\data\streetview_images\3414220.0_2573.jpg,True,
3414220,,,,,,0,C:\Users\aspen\Desktop\CMPU395\CMPU-395-Project\data\streetview_images\3414220.0_2574.jpg,True,
3414220,,,,,,0,C:\Users\aspen\Desktop\CMPU395\CMPU-395-Project\data\streetview_images\3414220.0_2575.jpg,True,
3414220,,,,,,0,C:\Users\aspen\Desktop\CMPU395\CMPU-395-Project\data\streetview_images\3414220.0_2576.jpg,True,
3414220,,,,,,0,C:\Users\aspen\Desktop\CMPU395\CMPU-395-Project\data\streetview_images\3414220.0_2577.jpg,True,
3414220,,,,,,0,C:\Users\aspen\Desktop\CMPU395\CMPU-395-Project\data\streetview_images\3414220.0_2578.jpg,True,
3414220,,,,,,0,C:\Users\aspen\Desktop\CMPU395\CMPU-395-Project\data\streetview_images\3414220.0_2579.jpg,True,
3414220,,,,,,0,C:\Users\aspen\Desktop\CMPU395\CMPU-395-Project\data\streetview_images\3414220.0_2580.jpg,True,
3414220,,,,,,0,C:\Users\aspen\Desktop\CMPU395\CMPU-395-Project\data\streetview_images\3414220.0_2581.jpg,True,
3414220,,,,,,0,C:\Users\aspen\Desktop\CMPU395\CMPU-395-Project\data\streetview_images\3414220.0_2582.jpg,True,
3414220,,,,,,0,C:\Users\aspen\Desktop\CMPU395\CMPU-395-Project\data\streetview_images\3414220.0_2583.jpg,True,
3414220,,,,,,0,C:\Users\aspen\Desktop\CMPU395\CMPU-395-Project\data\streetview_images\3414220.0_2584.jpg,True,
3414220,,,,,,0,C:\Users\aspen\Desktop\CMPU395\CMPU-395-Project\data\streetview_images\3414220.0_2585.jpg,True,
3414220,,,,,,0,C:\Users\aspen\Desktop\CMPU395\CMPU-395-Project\data\streetview_images\3414220.0_2586.jpg,True,
3414220,,,,,,0,C:\Users\aspen\Desktop\CMPU395\CMPU-395-Project\data\streetview_images\3414220.0_2587.jpg,True,
3414220,,,,,,0,C:\Users\aspen\Desktop\CMPU395\CMPU-395-Project\data\streetview_images\3414220.0_2588.jpg,True,
3414220,,,,,,0,C:\Users\aspen\Desktop\CMPU395\CMPU-395-Project\data\streetview_images\3414220.0_2589.jpg,True,
3414220,,,,,,0,C:\Users\aspen\Desktop\CMPU395\CMPU-395-Project\data\streetview_images\3414220.0_2590.jpg,True,
3415030,,,,,,0,C:\Users\aspen\Desktop\CMPU395\CMPU-395-Project\data\streetview_images\3415030.0_2591.jpg,True,
3415030,,,,,,0,C:\Users\aspen\Desktop\CMPU395\CMPU-395-Project\data\streetview_images\3415030.0_2592.jpg,True,
3415030,,,,,,0,C:\Users\aspen\Desktop\CMPU395\CMPU-395-Project\data\streetview_images\3415030.0_2593.jpg,True,
3415030,,,,,,0,C:\Users\aspen\Desktop\CMPU395\CMPU-395-Project\data\streetview_images\3415030.0_2594.jpg,True,
3415030,,,,,,0,C:\Users\aspen\Desktop\CMPU395\CMPU-395-Project\data\streetview_images\3415030.0_2595.jpg,True,
3415030,,,,,,0,C:\Users\aspen\Desktop\CMPU395\CMPU-395-Project\data\streetview_images\3415030.0_2596.jpg,True,
3415030,,,,,,0,C:\Users\aspen\Desktop\CMPU395\CMPU-395-Project\data\streetview_images\3415030.0_2597.jpg,True,
3415030,,,,,,0,C:\Users\aspen\Desktop\CMPU395\CMPU-395-Project\data\streetview_images\3415030.0_2598.jpg,True,
3415030,,,,,,0,C:\Users\aspen\Desktop\CMPU395\CMPU-395-Project\data\streetview_images\3415030.0_2599.jpg,True,
3415030,,,,,,0,C:\Users\aspen\Desktop\CMPU395\CMPU-395-Project\data\streetview_images\3415030.0_2600.jpg,True,
3415030,,,,,,0,C:\Users\aspen\Desktop\CMPU395\CMPU-395-Project\data\streetview_images\3415030.0_2601.jpg,True,
3415030,,,,,,0,C:\Users\aspen\Desktop\CMPU395\CMPU-395-Project\data\streetview_images\3415030.0_2602.jpg,True,
3415030,,,,,,0,C:\Users\aspen\Desktop\CMPU395\CMPU-395-Project\data\streetview_images\3415030.0_2603.jpg,True,
3415030,,,,,,0,C:\Users\aspen\Desktop\CMPU395\CMPU-395-Project\data\streetview_images\3415030.0_2604.jpg,True,
3415030,,,,,,0,C:\Users\aspen\Desktop\CMPU395\CMPU-395-Project\data\streetview_images\3415030.0_2605.jpg,True,
3415030,,,,,,0,C:\Users\aspen\Desktop\CMPU395\CMPU-395-Project\data\streetview_images\3415030.0_2606.jpg,True,
3415030,,,,,,0,C:\Users\aspen\Desktop\CMPU395\CMPU-395-Project\data\streetview_images\3415030.0_2607.jpg,True,
3415030,,,,,,0,C:\Users\aspen\Desktop\CMPU395\CMPU-395-Project\data\streetview_images\3415030.0_2608.jpg,True,
3415030,,,,,,0,C:\Users\aspen\Desktop\CMPU395\CMPU-395-Project\data\streetview_images\3415030.0_2609.jpg,True,
3415030,,,,,,0,C:\Users\aspen\Desktop\CMPU395\CMPU-395-Project\data\streetview_images\3415030.0_2610.jpg,True,
3415030,,,,,,0,C:\Users\aspen\Desktop\CMPU395\CMPU-395-Project\data\streetview_images\3415030.0_2611.jpg,True,
3415030,,,,,,0,C:\Users\aspen\Desktop\CMPU395\CMPU-395-Project\data\streetview_images\3415030.0_2612.jpg,True,
3415030,,,,,,0,C:\Users\aspen\Desktop\CMPU395\CMPU-395-Project\data\streetview_images\3415030.0_2613.jpg,True,
3415030,,,,,,0,C:\Users\aspen\Desktop\CMPU395\CMPU-395-Project\data\streetview_images\3415030.0_2614.jpg,True,
3415030,,,,,,0,C:\Users\aspen\Desktop\CMPU395\CMPU-395-Project\data\streetview_images\3415030.0_2615.jpg,True,
3415030,,,,,,0,C:\Users\aspen\Desktop\CMPU395\CMPU-395-Project\data\streetview_images\3415030.0_2616.jpg,True,
3415030,,,,,,0,C:\Users\aspen\Desktop\CMPU395\CMPU-395-Project\data\streetview_images\3415030.0_2617.jpg,True,
3415030,,,,,,0,C:\Users\aspen\Desktop\CMPU395\CMPU-395-Project\data\streetview_images\3415030.0_2618.jpg,True,
3415030,,,,,,0,C:\Users\aspen\Desktop\CMPU395\CMPU-395-Project\data\streetview_images\3415030.0_2619.jpg,True,
3415030,,,,,,0,C:\Users\aspen\Desktop\CMPU395\CMPU-395-Project\data\streetview_images\3415030.0_2620.jpg,True,
3415030,,,,,,0,C:\Users\aspen\Desktop\CMPU395\CMPU-395-Project\data\streetview_images\3415030.0_2621.jpg,True,
3415030,,,,,,0,C:\Users\aspen\Desktop\CMPU395\CMPU-395-Project\data\streetview_images\3415030.0_2622.jpg,True,
3415030,,,,,,0,C:\Users\aspen\Desktop\CMPU395\CMPU-395-Project\data\streetview_images\3415030.0_2623.jpg,True,
3415030,,,,,,0,C:\Users\aspen\Desktop\CMPU395\CMPU-395-Project\data\streetview_images\3415030.0_2624.jpg,True,
3415030,,,,,,0,C:\Users\aspen\Desktop\CMPU395\CMPU-395-Project\data\streetview_images\3415030.0_2625.jpg,True,
3415030,,,,,,0,C:\Users\aspen\Desktop\CMPU395\CMPU-395-Project\data\streetview_images\3415030.0_2626.jpg,True,
3415030,,,,,,0,C:\Users\aspen\Desktop\CMPU395\CMPU-395-Project\data\streetview_images\3415030.0_2627.jpg,True,
3415030,,,,,,0,C:\Users\aspen\Desktop\CMPU395\CMPU-395-Project\data\streetview_images\3415030.0_2628.jpg,True,
3415030,,,,,,0,C:\Users\aspen\Desktop\CMPU395\CMPU-395-Project\data\streetview_images\3415030.0_2629.jpg,True,
3415030,,,,,,0,C:\Users\aspen\Desktop\CMPU395\CMPU-395-Project\data\streetview_images\3415030.0_2630.jpg,True,
3416200,,,,,,0,C:\Users\aspen\Desktop\CMPU395\CMPU-395-Project\data\streetview_images\3416200.0_2631.jpg,True,
3416200,,,,,,0,C:\Users\aspen\Desktop\CMPU395\CMPU-395-Project\data\streetview_images\3416200.0_2632.jpg,True,
3416200,,,,,,0,C:\Users\aspen\Desktop\CMPU395\CMPU-395-Project\data\streetview_images\3416200.0_2633.jpg,True,
3416200,,,,,,0,C:\Users\aspen\Desktop\CMPU395\CMPU-395-Project\data\streetview_images\3416200.0_2634.jpg,True,
3416200,,,,,,0,C:\Users\aspen\Desktop\CMPU395\CMPU-395-Project\data\streetview_images\3416200.0_2635.jpg,True,
3416200,,,,,,0,C:\Users\aspen\Desktop\CMPU395\CMPU-395-Project\data\streetview_images\3416200.0_2636.jpg,True,
3416200,,,,,,0,C:\Users\aspen\Desktop\CMPU395\CMPU-395-Project\data\streetview_images\3416200.0_2637.jpg,True,
3416200,,,,,,0,C:\Users\aspen\Desktop\CMPU395\CMPU-395-Project\data\streetview_images\3416200.0_2638.jpg,True,
3416200,,,,,,0,C:\Users\aspen\Desktop\CMPU395\CMPU-395-Project\data\streetview_images\3416200.0_2639.jpg,True,
3416200,,,,,,0,C:\Users\aspen\Desktop\CMPU395\CMPU-395-Project\data\streetview_images\3416200.0_2640.jpg,True,
3416200,,,,,,0,C:\Users\aspen\Desktop\CMPU395\CMPU-395-Project\data\streetview_images\3416200.0_2641.jpg,True,
3416200,,,,,,0,C:\Users\aspen\Desktop\CMPU395\CMPU-395-Project\data\streetview_images\3416200.0_2642.jpg,True,
3416200,,,,,,0,C:\Users\aspen\Desktop\CMPU395\CMPU-395-Project\data\streetview_images\3416200.0_2643.jpg,True,
3416200,,,,,,0,C:\Users\aspen\Desktop\CMPU395\CMPU-395-Project\data\streetview_images\3416200.0_2644.jpg,True,
3416200,,,,,,0,C:\Users\aspen\Desktop\CMPU395\CMPU-395-Project\data\streetview_images\3416200.0_2645.jpg,True,
3416200,,,,,,0,C:\Users\aspen\Desktop\CMPU395\CMPU-395-Project\data\streetview_images\3416200.0_2646.jpg,True,
3416200,,,,,,0,C:\Users\aspen\Desktop\CMPU395\CMPU-395-Project\data\streetview_images\3416200.0_2647.jpg,True,
3416200,,,,,,0,C:\Users\aspen\Desktop\CMPU395\CMPU-395-Project\data\streetview_images\3416200.0_2648.jpg,True,
3416200,,,,,,0,C:\Users\aspen\Desktop\CMPU395\CMPU-395-Project\data\streetview_images\3416200.0_2649.jpg,True,
3416200,,,,,,0,C:\Users\aspen\Desktop\CMPU395\CMPU-395-Project\data\streetview_images\3416200.0_2650.jpg,True,
3416200,,,,,,0,C:\Users\aspen\Desktop\CMPU395\CMPU-395-Project\data\streetview_images\3416200.0_2651.jpg,True,
3416200,,,,,,0,C:\Users\aspen\Desktop\CMPU395\CMPU-395-Project\data\streetview_images\3416200.0_2652.jpg,True,
3416200,,,,,,0,C:\Users\aspen\Desktop\CMPU395\CMPU-395-Project\data\streetview_images\3416200.0_2653.jpg,True,
3416200,,,,,,0,C:\Users\aspen\Desktop\CMPU395\CMPU-395-Project\data\streetview_images\3416200.0_2654.jpg,True,
3416200,,,,,,0,C:\Users\aspen\Desktop\CMPU395\CMPU-395-Project\data\streetview_images\3416200.0_2655.jpg,True,
3416200,,,,,,0,C:\Users\aspen\Desktop\CMPU395\CMPU-395-Project\data\streetview_images\3416200.0_2656.jpg,True,
3416200,,,,,,0,C:\Users\aspen\Desktop\CMPU395\CMPU-395-Project\data\streetview_images\3416200.0_2657.jpg,True,
3416200,,,,,,0,C:\Users\aspen\Desktop\CMPU395\CMPU-395-Project\data\streetview_images\3416200.0_2658.jpg,True,
3416200,,,,,,0,C:\Users\aspen\Desktop\CMPU395\CMPU-395-Project\data\streetview_images\3416200.0_2659.jpg,True,
3416200,,,,,,0,C:\Users\aspen\Desktop\CMPU395\CMPU-395-Project\data\streetview_images\3416200.0_2660.jpg,True,
3416200,,,,,,0,C:\Users\aspen\Desktop\CMPU395\CMPU-395-Project\data\streetview_images\3416200.0_2661.jpg,True,
3416200,,,,,,0,C:\Users\aspen\Desktop\CMPU395\CMPU-395-Project\data\streetview_images\3416200.0_2662.jpg,True,
3416200,,,,,,0,C:\Users\aspen\Desktop\CMPU395\CMPU-395-Project\data\streetview_images\3416200.0_2663.jpg,True,
3416200,,,,,,0,C:\Users\aspen\Desktop\CMPU395\CMPU-395-Project\data\streetview_images\3416200.0_2664.jpg,True,
3416200,,,,,,0,C:\Users\aspen\Desktop\CMPU395\CMPU-395-Project\data\streetview_images\3416200.0_2665.jpg,True,
3416200,,,,,,0,C:\Users\aspen\Desktop\CMPU395\CMPU-395-Project\data\streetview_images\3416200.0_2666.jpg,True,
3416200,,,,,,0,C:\Users\aspen\Desktop\CMPU395\CMPU-395-Project\data\streetview_images\3416200.0_2667.jpg,True,
3416200,,,,,,0,C:\Users\aspen\Desktop\CMPU395\CMPU-395-Project\data\streetview_images\3416200.0_2668.jpg,True,
3416200,,,,,,0,C:\Users\aspen\Desktop\CMPU395\CMPU-395-Project\data\streetview_images\3416200.0_2669.jpg,True,
3416200,,,,,,0,C:\Users\aspen\Desktop\CMPU395\CMPU-395-Project\data\streetview_images\3416200.0_2670.jpg,True,
3417520,,,,,,0,C:\Users\aspen\Desktop\CMPU395\CMPU-395-Project\data\streetview_images\3417520.0_2671.jpg,True,
3417520,,,,,,0,C:\Users\aspen\Desktop\CMPU395\CMPU-395-Project\data\streetview_images\3417520.0_2672.jpg,True,
3417520,,,,,,0,C:\Users\aspen\Desktop\CMPU395\CMPU-395-Project\data\streetview_images\3417520.0_2673.jpg,True,
3417520,,,,,,0,C:\Users\aspen\Desktop\CMPU395\CMPU-395-Project\data\streetview_images\3417520.0_2674.jpg,True,
3417520,,,,,,0,C:\Users\aspen\Desktop\CMPU395\CMPU-395-Project\data\streetview_images\3417520.0_2675.jpg,True,
3417520,,,,,,0,C:\Users\aspen\Desktop\CMPU395\CMPU-395-Project\data\streetview_images\3417520.0_2676.jpg,True,
3417520,,,,,,0,C:\Users\aspen\Desktop\CMPU395\CMPU-395-Project\data\streetview_images\3417520.0_2677.jpg,True,
3417520,,,,,,0,C:\Users\aspen\Desktop\CMPU395\CMPU-395-Project\data\streetview_images\3417520.0_2678.jpg,True,
3417520,,,,,,0,C:\Users\aspen\Desktop\CMPU395\CMPU-395-Project\data\streetview_images\3417520.0_2679.jpg,True,
3417520,,,,,,0,C:\Users\aspen\Desktop\CMPU395\CMPU-395-Project\data\streetview_images\3417520.0_2680.jpg,True,
3417520,,,,,,0,C:\Users\aspen\Desktop\CMPU395\CMPU-395-Project\data\streetview_images\3417520.0_2681.jpg,True,
3417520,,,,,,0,C:\Users\aspen\Desktop\CMPU395\CMPU-395-Project\data\streetview_images\3417520.0_2682.jpg,True,
3417520,,,,,,0,C:\Users\aspen\Desktop\CMPU395\CMPU-395-Project\data\streetview_images\3417520.0_2683.jpg,True,
3417520,,,,,,0,C:\Users\aspen\Desktop\CMPU395\CMPU-395-Project\data\streetview_images\3417520.0_2684.jpg,True,
3418240,,,,,,0,C:\Users\aspen\Desktop\CMPU395\CMPU-395-Project\data\streetview_images\3418240.0_2685.jpg,True,
3418240,,,,,,0,C:\Users\aspen\Desktop\CMPU395\CMPU-395-Project\data\streetview_images\3418240.0_2686.jpg,True,
3418240,,,,,,0,C:\Users\aspen\Desktop\CMPU395\CMPU-395-Project\data\streetview_images\3418240.0_2687.jpg,True,
3418240,,,,,,0,C:\Users\aspen\Desktop\CMPU395\CMPU-395-Project\data\streetview_images\3418240.0_2688.jpg,True,
3418240,,,,,,0,C:\Users\aspen\Desktop\CMPU395\CMPU-395-Project\data\streetview_images\3418240.0_2689.jpg,True,
3700530,,,,,,0,C:\Users\aspen\Desktop\CMPU395\CMPU-395-Project\data\streetview_images\3700530.0_2690.jpg,True,
3700530,,,,,,0,C:\Users\aspen\Desktop\CMPU395\CMPU-395-Project\data\streetview_images\3700530.0_2691.jpg,True,
3700530,,,,,,0,C:\Users\aspen\Desktop\CMPU395\CMPU-395-Project\data\streetview_images\3700530.0_2692.jpg,True,
3700530,,,,,,0,C:\Users\aspen\Desktop\CMPU395\CMPU-395-Project\data\streetview_images\3700530.0_2693.jpg,True,
3700530,,,,,,0,C:\Users\aspen\Desktop\CMPU395\CMPU-395-Project\data\streetview_images\3700530.0_2694.jpg,True,
3700530,,,,,,0,C:\Users\aspen\Desktop\CMPU395\CMPU-395-Project\data\streetview_images\3700530.0_2695.jpg,True,
3700530,,,,,,0,C:\Users\aspen\Desktop\CMPU395\CMPU-395-Project\data\streetview_images\3700530.0_2696.jpg,True,
3700530,,,,,,0,C:\Users\aspen\Desktop\CMPU395\CMPU-395-Project\data\streetview_images\3700530.0_2697.jpg,True,
3700530,,,,,,0,C:\Users\aspen\Desktop\CMPU395\CMPU-395-Project\data\streetview_images\3700530.0_2698.jpg,True,
3700530,,,,,,0,C:\Users\aspen\Desktop\CMPU395\CMPU-395-Project\data\streetview_images\3700530.0_2699.jpg,True,
3700530,,,,,,0,C:\Users\aspen\Desktop\CMPU395\CMPU-395-Project\data\streetview_images\3700530.0_2700.jpg,True,
3700530,,,,,,0,C:\Users\aspen\Desktop\CMPU395\CMPU-395-Project\data\streetview_images\3700530.0_2701.jpg,True,
3700530,,,,,,0,C:\Users\aspen\Desktop\CMPU395\CMPU-395-Project\data\streetview_images\3700530.0_2702.jpg,True,
3700530,,,,,,0,C:\Users\aspen\Desktop\CMPU395\CMPU-395-Project\data\streetview_images\3700530.0_2703.jpg,True,
3700530,,,,,,0,C:\Users\aspen\Desktop\CMPU395\CMPU-395-Project\data\streetview_images\3700530.0_2704.jpg,True,
3700530,,,,,,0,C:\Users\aspen\Desktop\CMPU395\CMPU-395-Project\data\streetview_images\3700530.0_2705.jpg,True,
3700530,,,,,,0,C:\Users\aspen\Desktop\CMPU395\CMPU-395-Project\data\streetview_images\3700530.0_2706.jpg,True,
3700530,,,,,,0,C:\Users\aspen\Desktop\CMPU395\CMPU-395-Project\data\streetview_images\3700530.0_2707.jpg,True,
3701140,,,,,,0,C:\Users\aspen\Desktop\CMPU395\CMPU-395-Project\data\streetview_images\3701140.0_2708.jpg,True,
3701140,,,,,,0,C:\Users\aspen\Desktop\CMPU395\CMPU-395-Project\data\streetview_images\3701140.0_2709.jpg,True,
3701140,,,,,,0,C:\Users\aspen\Desktop\CMPU395\CMPU-395-Project\data\streetview_images\3701140.0_2710.jpg,True,
3701140,,,,,,0,C:\Users\aspen\Desktop\CMPU395\CMPU-395-Project\data\streetview_images\3701140.0_2711.jpg,True,
3701140,,,,,,0,C:\Users\aspen\Desktop\CMPU395\CMPU-395-Project\data\streetview_images\3701140.0_2712.jpg,True,
3701140,,,,,,0,C:\Users\aspen\Desktop\CMPU395\CMPU-395-Project\data\streetview_images\3701140.0_2713.jpg,True,
3701140,,,,,,0,C:\Users\aspen\Desktop\CMPU395\CMPU-395-Project\data\streetview_images\3701140.0_2714.jpg,True,
3701140,,,,,,0,C:\Users\aspen\Desktop\CMPU395\CMPU-395-Project\data\streetview_images\3701140.0_2715.jpg,True,
3701140,,,,,,0,C:\Users\aspen\Desktop\CMPU395\CMPU-395-Project\data\streetview_images\3701140.0_2716.jpg,True,
3701140,,,,,,0,C:\Users\aspen\Desktop\CMPU395\CMPU-395-Project\data\streetview_images\3701140.0_2717.jpg,True,
3701140,,,,,,0,C:\Users\aspen\Desktop\CMPU395\CMPU-395-Project\data\streetview_images\3701140.0_2718.jpg,True,
3701140,,,,,,0,C:\Users\aspen\Desktop\CMPU395\CMPU-395-Project\data\streetview_images\3701140.0_2719.jpg,True,
3701140,,,,,,0,C:\Users\aspen\Desktop\CMPU395\CMPU-395-Project\data\streetview_images\3701140.0_2720.jpg,True,
3701140,,,,,,0,C:\Users\aspen\Desktop\CMPU395\CMPU-395-Project\data\streetview_images\3701140.0_2721.jpg,True,
3701140,,,,,,0,C:\Users\aspen\Desktop\CMPU395\CMPU-395-Project\data\streetview_images\3701140.0_2722.jpg,True,
3701140,,,,,,0,C:\Users\aspen\Desktop\CMPU395\CMPU-395-Project\data\streetview_images\3701140.0_2723.jpg,True,
3701140,,,,,,0,C:\Users\aspen\Desktop\CMPU395\CMPU-395-Project\data\streetview_images\3701140.0_2724.jpg,True,
3701140,,,,,,0,C:\Users\aspen\Desktop\CMPU395\CMPU-395-Project\data\streetview_images\3701140.0_2725.jpg,True,
3701140,,,,,,0,C:\Users\aspen\Desktop\CMPU395\CMPU-395-Project\data\streetview_images\3701140.0_2726.jpg,True,
3701140,,,,,,0,C:\Users\aspen\Desktop\CMPU395\CMPU-395-Project\data\streetview_images\3701140.0_2727.jpg,True,
3701140,,,,,,0,C:\Users\aspen\Desktop\CMPU395\CMPU-395-Project\data\streetview_images\3701140.0_2728.jpg,True,
3701140,,,,,,0,C:\Users\aspen\Desktop\CMPU395\CMPU-395-Project\data\streetview_images\3701140.0_2729.jpg,True,
3701140,,,,,,0,C:\Users\aspen\Desktop\CMPU395\CMPU-395-Project\data\streetview_images\3701140.0_2730.jpg,True,
3701140,,,,,,0,C:\Users\aspen\Desktop\CMPU395\CMPU-395-Project\data\streetview_images\3701140.0_2731.jpg,True,
3701140,,,,,,0,C:\Users\aspen\Desktop\CMPU395\CMPU-395-Project\data\streetview_images\3701140.0_2732.jpg,True,
3701140,,,,,,0,C:\Users\aspen\Desktop\CMPU395\CMPU-395-Project\data\streetview_images\3701140.0_2733.jpg,True,
3704320,,,,,,0,C:\Users\aspen\Desktop\CMPU395\CMPU-395-Project\data\streetview_images\3704320.0_2734.jpg,True,
3704320,,,,,,0,C:\Users\aspen\Desktop\CMPU395\CMPU-395-Project\data\streetview_images\3704320.0_2735.jpg,True,
3704320,,,,,,0,C:\Users\aspen\Desktop\CMPU395\CMPU-395-Project\data\streetview_images\3704320.0_2736.jpg,True,
3704320,,,,,,0,C:\Users\aspen\Desktop\CMPU395\CMPU-395-Project\data\streetview_images\3704320.0_2737.jpg,True,
3704320,,,,,,0,C:\Users\aspen\Desktop\CMPU395\CMPU-395-Project\data\streetview_images\3704320.0_2738.jpg,True,
3704320,,,,,,0,C:\Users\aspen\Desktop\CMPU395\CMPU-395-Project\data\streetview_images\3704320.0_2739.jpg,True,
3704320,,,,,,0,C:\Users\aspen\Desktop\CMPU395\CMPU-395-Project\data\streetview_images\3704320.0_2740.jpg,True,
3704320,,,,,,0,C:\Users\aspen\Desktop\CMPU395\CMPU-395-Project\data\streetview_images\3704320.0_2741.jpg,True,
3704320,,,,,,0,C:\Users\aspen\Desktop\CMPU395\CMPU-395-Project\data\streetview_images\3704320.0_2742.jpg,True,
3704320,,,,,,0,C:\Users\aspen\Desktop\CMPU395\CMPU-395-Project\data\streetview_images\3704320.0_2743.jpg,True,
3704320,,,,,,0,C:\Users\aspen\Desktop\CMPU395\CMPU-395-Project\data\streetview_images\3704320.0_2744.jpg,True,
3704320,,,,,,0,C:\Users\aspen\Desktop\CMPU395\CMPU-395-Project\data\streetview_images\3704320.0_2745.jpg,True,
3704320,,,,,,0,C:\Users\aspen\Desktop\CMPU395\CMPU-395-Project\data\streetview_images\3704320.0_2746.jpg,True,
3704320,,,,,,0,C:\Users\aspen\Desktop\CMPU395\CMPU-395-Project\data\streetview_images\3704320.0_2747.jpg,True,
3805340,,,,,,0,C:\Users\aspen\Desktop\CMPU395\CMPU-395-Project\data\streetview_images\3805340.0_2748.jpg,True,
3805340,,,,,,0,C:\Users\aspen\Desktop\CMPU395\CMPU-395-Project\data\streetview_images\3805340.0_2749.jpg,True,
3805340,,,,,,0,C:\Users\aspen\Desktop\CMPU395\CMPU-395-Project\data\streetview_images\3805340.0_2750.jpg,True,
3805340,,,,,,0,C:\Users\aspen\Desktop\CMPU395\CMPU-395-Project\data\streetview_images\3805340.0_2751.jpg,True,
3805340,,,,,,0,C:\Users\aspen\Desktop\CMPU395\CMPU-395-Project\data\streetview_images\3805340.0_2752.jpg,True,
3806930,,,,,,0,C:\Users\aspen\Desktop\CMPU395\CMPU-395-Project\data\streetview_images\3806930.0_2753.jpg,True,
3812720,,,,,,0,C:\Users\aspen\Desktop\CMPU395\CMPU-395-Project\data\streetview_images\3812720.0_2754.jpg,True,
3812720,,,,,,0,C:\Users\aspen\Desktop\CMPU395\CMPU-395-Project\data\streetview_images\3812720.0_2755.jpg,True,
3812720,,,,,,0,C:\Users\aspen\Desktop\CMPU395\CMPU-395-Project\data\streetview_images\3812720.0_2756.jpg,True,
3820190,,,,,,0,C:\Users\aspen\Desktop\CMPU395\CMPU-395-Project\data\streetview_images\3820190.0_2757.jpg,True,
3820190,,,,,,0,C:\Users\aspen\Desktop\CMPU395\CMPU-395-Project\data\streetview_images\3820190.0_2758.jpg,True,
3904371,,,,,,0,C:\Users\aspen\Desktop\CMPU395\CMPU-395-Project\data\streetview_images\3904371.0_2759.jpg,True,
3904371,,,,,,0,C:\Users\aspen\Desktop\CMPU395\CMPU-395-Project\data\streetview_images\3904371.0_2760.jpg,True,
3904371,,,,,,0,C:\Users\aspen\Desktop\CMPU395\CMPU-395-Project\data\streetview_images\3904371.0_2761.jpg,True,
3904371,,,,,,0,C:\Users\aspen\Desktop\CMPU395\CMPU-395-Project\data\streetview_images\3904371.0_2762.jpg,True,
3904371,,,,,,0,C:\Users\aspen\Desktop\CMPU395\CMPU-395-Project\data\streetview_images\3904371.0_2763.jpg,True,
3904371,,,,,,0,C:\Users\aspen\Desktop\CMPU395\CMPU-395-Project\data\streetview_images\3904371.0_2764.jpg,True,
3904371,,,,,,0,C:\Users\aspen\Desktop\CMPU395\CMPU-395-Project\data\streetview_images\3904371.0_2765.jpg,True,
3904371,,,,,,0,C:\Users\aspen\Desktop\CMPU395\CMPU-395-Project\data\streetview_images\3904371.0_2766.jpg,True,
3904371,,,,,,0,C:\Users\aspen\Desktop\CMPU395\CMPU-395-Project\data\streetview_images\3904371.0_2767.jpg,True,
3904371,,,,,,0,C:\Users\aspen\Desktop\CMPU395\CMPU-395-Project\data\streetview_images\3904371.0_2768.jpg,True,
3904371,,,,,,0,C:\Users\aspen\Desktop\CMPU395\CMPU-395-Project\data\streetview_images\3904371.0_2769.jpg,True,
3904371,,,,,,0,C:\Users\aspen\Desktop\CMPU395\CMPU-395-Project\data\streetview_images\3904371.0_2770.jpg,True,
3904371,,,,,,0,C:\Users\aspen\Desktop\CMPU395\CMPU-395-Project\data\streetview_images\3904371.0_2771.jpg,True,
3904371,,,,,,0,C:\Users\aspen\Desktop\CMPU395\CMPU-395-Project\data\streetview_images\3904371.0_2772.jpg,True,
3904371,,,,,,0,C:\Users\aspen\Desktop\CMPU395\CMPU-395-Project\data\streetview_images\3904371.0_2773.jpg,True,
3904371,,,,,,0,C:\Users\aspen\Desktop\CMPU395\CMPU-395-Project\data\streetview_images\3904371.0_2774.jpg,True,
3904371,,,,,,0,C:\Users\aspen\Desktop\CMPU395\CMPU-395-Project\data\streetview_images\3904371.0_2775.jpg,True,
3904371,,,,,,0,C:\Users\aspen\Desktop\CMPU395\CMPU-395-Project\data\streetview_images\3904371.0_2776.jpg,True,
3904371,,,,,,0,C:\Users\aspen\Desktop\CMPU395\CMPU-395-Project\data\streetview_images\3904371.0_2777.jpg,True,
3904371,,,,,,0,C:\Users\aspen\Desktop\CMPU395\CMPU-395-Project\data\streetview_images\3904371.0_2778.jpg,True,
3904371,,,,,,0,C:\Users\aspen\Desktop\CMPU395\CMPU-395-Project\data\streetview_images\3904371.0_2779.jpg,True,
3904371,,,,,,0,C:\Users\aspen\Desktop\CMPU395\CMPU-395-Project\data\streetview_images\3904371.0_2780.jpg,True,
3904371,,,,,,0,C:\Users\aspen\Desktop\CMPU395\CMPU-395-Project\data\streetview_images\3904371.0_2781.jpg,True,
3904371,,,,,,0,C:\Users\aspen\Desktop\CMPU395\CMPU-395-Project\data\streetview_images\3904371.0_2782.jpg,True,
3904371,,,,,,0,C:\Users\aspen\Desktop\CMPU395\CMPU-395-Project\data\streetview_images\3904371.0_2783.jpg,True,
3904371,,,,,,0,C:\Users\aspen\Desktop\CMPU395\CMPU-395-Project\data\streetview_images\3904371.0_2784.jpg,True,
3904371,,,,,,0,C:\Users\aspen\Desktop\CMPU395\CMPU-395-Project\data\streetview_images\3904371.0_2785.jpg,True,
3904371,,,,,,0,C:\Users\aspen\Desktop\CMPU395\CMPU-395-Project\data\streetview_images\3904371.0_2786.jpg,True,
3904371,,,,,,0,C:\Users\aspen\Desktop\CMPU395\CMPU-395-Project\data\streetview_images\3904371.0_2787.jpg,True,
3904371,,,,,,0,C:\Users\aspen\Desktop\CMPU395\CMPU-395-Project\data\streetview_images\3904371.0_2788.jpg,True,
3904371,,,,,,0,C:\Users\aspen\Desktop\CMPU395\CMPU-395-Project\data\streetview_images\3904371.0_2789.jpg,True,
3904371,,,,,,0,C:\Users\aspen\Desktop\CMPU395\CMPU-395-Project\data\streetview_images\3904371.0_2790.jpg,True,
3904371,,,,,,0,C:\Users\aspen\Desktop\CMPU395\CMPU-395-Project\data\streetview_images\3904371.0_2791.jpg,True,
3904371,,,,,,0,C:\Users\aspen\Desktop\CMPU395\CMPU-395-Project\data\streetview_images\3904371.0_2792.jpg,True,
3904371,,,,,,0,C:\Users\aspen\Desktop\CMPU395\CMPU-395-Project\data\streetview_images\3904371.0_2793.jpg,True,
3904371,,,,,,0,C:\Users\aspen\Desktop\CMPU395\CMPU-395-Project\data\streetview_images\3904371.0_2794.jpg,True,
3904371,,,,,,0,C:\Users\aspen\Desktop\CMPU395\CMPU-395-Project\data\streetview_images\3904371.0_2795.jpg,True,
3904371,,,,,,0,C:\Users\aspen\Desktop\CMPU395\CMPU-395-Project\data\streetview_images\3904371.0_2796.jpg,True,
3904371,,,,,,0,C:\Users\aspen\Desktop\CMPU395\CMPU-395-Project\data\streetview_images\3904371.0_2797.jpg,True,
3904371,,,,,,0,C:\Users\aspen\Desktop\CMPU395\CMPU-395-Project\data\streetview_images\3904371.0_2798.jpg,True,
3904495,,,,,,0,C:\Users\aspen\Desktop\CMPU395\CMPU-395-Project\data\streetview_images\3904495.0_2799.jpg,True,
3904495,,,,,,0,C:\Users\aspen\Desktop\CMPU395\CMPU-395-Project\data\streetview_images\3904495.0_2800.jpg,True,
3904495,,,,,,0,C:\Users\aspen\Desktop\CMPU395\CMPU-395-Project\data\streetview_images\3904495.0_2801.jpg,True,
3904495,,,,,,0,C:\Users\aspen\Desktop\CMPU395\CMPU-395-Project\data\streetview_images\3904495.0_2802.jpg,True,
3904495,,,,,,0,C:\Users\aspen\Desktop\CMPU395\CMPU-395-Project\data\streetview_images\3904495.0_2803.jpg,True,
3904495,,,,,,0,C:\Users\aspen\Desktop\CMPU395\CMPU-395-Project\data\streetview_images\3904495.0_2804.jpg,True,
3904495,,,,,,0,C:\Users\aspen\Desktop\CMPU395\CMPU-395-Project\data\streetview_images\3904495.0_2805.jpg,True,
3904495,,,,,,0,C:\Users\aspen\Desktop\CMPU395\CMPU-395-Project\data\streetview_images\3904495.0_2806.jpg,True,
3904495,,,,,,0,C:\Users\aspen\Desktop\CMPU395\CMPU-395-Project\data\streetview_images\3904495.0_2807.jpg,True,
3904495,,,,,,0,C:\Users\aspen\Desktop\CMPU395\CMPU-395-Project\data\streetview_images\3904495.0_2808.jpg,True,
3904495,,,,,,0,C:\Users\aspen\Desktop\CMPU395\CMPU-395-Project\data\streetview_images\3904495.0_2809.jpg,True,
3904495,,,,,,0,C:\Users\aspen\Desktop\CMPU395\CMPU-395-Project\data\streetview_images\3904495.0_2810.jpg,True,
3904495,,,,,,0,C:\Users\aspen\Desktop\CMPU395\CMPU-395-Project\data\streetview_images\3904495.0_2811.jpg,True,
3904495,,,,,,0,C:\Users\aspen\Desktop\CMPU395\CMPU-395-Project\data\streetview_images\3904495.0_2812.jpg,True,
3904495,,,,,,0,C:\Users\aspen\Desktop\CMPU395\CMPU-395-Project\data\streetview_images\3904495.0_2813.jpg,True,
3904495,,,,,,0,C:\Users\aspen\Desktop\CMPU395\CMPU-395-Project\data\streetview_images\3904495.0_2814.jpg,True,
3904495,,,,,,0,C:\Users\aspen\Desktop\CMPU395\CMPU-395-Project\data\streetview_images\3904495.0_2815.jpg,True,
3904495,,,,,,0,C:\Users\aspen\Desktop\CMPU395\CMPU-395-Project\data\streetview_images\3904495.0_2816.jpg,True,
3904495,,,,,,0,C:\Users\aspen\Desktop\CMPU395\CMPU-395-Project\data\streetview_images\3904495.0_2817.jpg,True,
3904495,,,,,,0,C:\Users\aspen\Desktop\CMPU395\CMPU-395-Project\data\streetview_images\3904495.0_2818.jpg,True,
3904495,,,,,,0,C:\Users\aspen\Desktop\CMPU395\CMPU-395-Project\data\streetview_images\3904495.0_2819.jpg,True,
3904495,,,,,,0,C:\Users\aspen\Desktop\CMPU395\CMPU-395-Project\data\streetview_images\3904495.0_2820.jpg,True,
3904495,,,,,,0,C:\Users\aspen\Desktop\CMPU395\CMPU-395-Project\data\streetview_images\3904495.0_2821.jpg,True,
3904495,,,,,,0,C:\Users\aspen\Desktop\CMPU395\CMPU-395-Project\data\streetview_images\3904495.0_2822.jpg,True,
3904495,,,,,,0,C:\Users\aspen\Desktop\CMPU395\CMPU-395-Project\data\streetview_images\3904495.0_2823.jpg,True,
3904495,,,,,,0,C:\Users\aspen\Desktop\CMPU395\CMPU-395-Project\data\streetview_images\3904495.0_2824.jpg,True,
3904495,,,,,,0,C:\Users\aspen\Desktop\CMPU395\CMPU-395-Project\data\streetview_images\3904495.0_2825.jpg,True,
3904495,,,,,,0,C:\Users\aspen\Desktop\CMPU395\CMPU-395-Project\data\streetview_images\3904495.0_2826.jpg,True,
3904495,,,,,,0,C:\Users\aspen\Desktop\CMPU395\CMPU-395-Project\data\streetview_images\3904495.0_2827.jpg,True,
3904500,,,,,,0,C:\Users\aspen\Desktop\CMPU395\CMPU-395-Project\data\streetview_images\3904500.0_2828.jpg,True,
3904500,,,,,,0,C:\Users\aspen\Desktop\CMPU395\CMPU-395-Project\data\streetview_images\3904500.0_2829.jpg,True,
3904500,,,,,,0,C:\Users\aspen\Desktop\CMPU395\CMPU-395-Project\data\streetview_images\3904500.0_2830.jpg,True,
3904500,,,,,,0,C:\Users\aspen\Desktop\CMPU395\CMPU-395-Project\data\streetview_images\3904500.0_2831.jpg,True,
3904500,,,,,,0,C:\Users\aspen\Desktop\CMPU395\CMPU-395-Project\data\streetview_images\3904500.0_2832.jpg,True,
3904500,,,,,,0,C:\Users\aspen\Desktop\CMPU395\CMPU-395-Project\data\streetview_images\3904500.0_2833.jpg,True,
3904500,,,,,,0,C:\Users\aspen\Desktop\CMPU395\CMPU-395-Project\data\streetview_images\3904500.0_2834.jpg,True,
3904500,,,,,,0,C:\Users\aspen\Desktop\CMPU395\CMPU-395-Project\data\streetview_images\3904500.0_2835.jpg,True,
3904500,,,,,,0,C:\Users\aspen\Desktop\CMPU395\CMPU-395-Project\data\streetview_images\3904500.0_2836.jpg,True,
3904500,,,,,,0,C:\Users\aspen\Desktop\CMPU395\CMPU-395-Project\data\streetview_images\3904500.0_2837.jpg,True,
3904500,,,,,,0,C:\Users\aspen\Desktop\CMPU395\CMPU-395-Project\data\streetview_images\3904500.0_2838.jpg,True,
3904500,,,,,,0,C:\Users\aspen\Desktop\CMPU395\CMPU-395-Project\data\streetview_images\3904500.0_2839.jpg,True,
3904500,,,,,,0,C:\Users\aspen\Desktop\CMPU395\CMPU-395-Project\data\streetview_images\3904500.0_2840.jpg,True,
3904500,,,,,,0,C:\Users\aspen\Desktop\CMPU395\CMPU-395-Project\data\streetview_images\3904500.0_2841.jpg,True,
3904500,,,,,,0,C:\Users\aspen\Desktop\CMPU395\CMPU-395-Project\data\streetview_images\3904500.0_2842.jpg,True,
3904500,,,,,,0,C:\Users\aspen\Desktop\CMPU395\CMPU-395-Project\data\streetview_images\3904500.0_2843.jpg,True,
3904500,,,,,,0,C:\Users\aspen\Desktop\CMPU395\CMPU-395-Project\data\streetview_images\3904500.0_2844.jpg,True,
3904500,,,,,,0,C:\Users\aspen\Desktop\CMPU395\CMPU-395-Project\data\streetview_images\3904500.0_2845.jpg,True,
3904500,,,,,,0,C:\Users\aspen\Desktop\CMPU395\CMPU-395-Project\data\streetview_images\3904500.0_2846.jpg,True,
3904500,,,,,,0,C:\Users\aspen\Desktop\CMPU395\CMPU-395-Project\data\streetview_images\3904500.0_2847.jpg,True,
3904500,,,,,,0,C:\Users\aspen\Desktop\CMPU395\CMPU-395-Project\data\streetview_images\3904500.0_2848.jpg,True,
3904500,,,,,,0,C:\Users\aspen\Desktop\CMPU395\CMPU-395-Project\data\streetview_images\3904500.0_2849.jpg,True,
3904500,,,,,,0,C:\Users\aspen\Desktop\CMPU395\CMPU-395-Project\data\streetview_images\3904500.0_2850.jpg,True,
3904500,,,,,,0,C:\Users\aspen\Desktop\CMPU395\CMPU-395-Project\data\streetview_images\3904500.0_2851.jpg,True,
3904500,,,,,,0,C:\Users\aspen\Desktop\CMPU395\CMPU-395-Project\data\streetview_images\3904500.0_2852.jpg,True,
3904500,,,,,,0,C:\Users\aspen\Desktop\CMPU395\CMPU-395-Project\data\streetview_images\3904500.0_2853.jpg,True,
3904500,,,,,,0,C:\Users\aspen\Desktop\CMPU395\CMPU-395-Project\data\streetview_images\3904500.0_2854.jpg,True,
3904500,,,,,,0,C:\Users\aspen\Desktop\CMPU395\CMPU-395-Project\data\streetview_images\3904500.0_2855.jpg,True,
3904500,,,,,,0,C:\Users\aspen\Desktop\CMPU395\CMPU-395-Project\data\streetview_images\3904500.0_2856.jpg,True,
3904500,,,,,,0,C:\Users\aspen\Desktop\CMPU395\CMPU-395-Project\data\streetview_images\3904500.0_2857.jpg,True,
3904500,,,,,,0,C:\Users\aspen\Desktop\CMPU395\CMPU-395-Project\data\streetview_images\3904500.0_2858.jpg,True,
3904500,,,,,,0,C:\Users\aspen\Desktop\CMPU395\CMPU-395-Project\data\streetview_images\3904500.0_2859.jpg,True,
3904500,,,,,,0,C:\Users\aspen\Desktop\CMPU395\CMPU-395-Project\data\streetview_images\3904500.0_2860.jpg,True,
3904500,,,,,,0,C:\Users\aspen\Desktop\CMPU395\CMPU-395-Project\data\streetview_images\3904500.0_2861.jpg,True,
3904500,,,,,,0,C:\Users\aspen\Desktop\CMPU395\CMPU-395-Project\data\streetview_images\3904500.0_2862.jpg,True,
3904500,,,,,,0,C:\Users\aspen\Desktop\CMPU395\CMPU-395-Project\data\streetview_images\3904500.0_2863.jpg,True,
3904500,,,,,,0,C:\Users\aspen\Desktop\CMPU395\CMPU-395-Project\data\streetview_images\3904500.0_2864.jpg,True,
3904500,,,,,,0,C:\Users\aspen\Desktop\CMPU395\CMPU-395-Project\data\streetview_images\3904500.0_2865.jpg,True,
3904500,,,,,,0,C:\Users\aspen\Desktop\CMPU395\CMPU-395-Project\data\streetview_images\3904500.0_2866.jpg,True,
3904500,,,,,,0,C:\Users\aspen\Desktop\CMPU395\CMPU-395-Project\data\streetview_images\3904500.0_2867.jpg,True,
3904505,,,,,,0,C:\Users\aspen\Desktop\CMPU395\CMPU-395-Project\data\streetview_images\3904505.0_2868.jpg,True,
3904505,,,,,,0,C:\Users\aspen\Desktop\CMPU395\CMPU-395-Project\data\streetview_images\3904505.0_2869.jpg,True,
3904505,,,,,,0,C:\Users\aspen\Desktop\CMPU395\CMPU-395-Project\data\streetview_images\3904505.0_2870.jpg,True,
3904505,,,,,,0,C:\Users\aspen\Desktop\CMPU395\CMPU-395-Project\data\streetview_images\3904505.0_2871.jpg,True,
3904505,,,,,,0,C:\Users\aspen\Desktop\CMPU395\CMPU-395-Project\data\streetview_images\3904505.0_2872.jpg,True,
3904505,,,,,,0,C:\Users\aspen\Desktop\CMPU395\CMPU-395-Project\data\streetview_images\3904505.0_2873.jpg,True,
3904505,,,,,,0,C:\Users\aspen\Desktop\CMPU395\CMPU-395-Project\data\streetview_images\3904505.0_2874.jpg,True,
3904505,,,,,,0,C:\Users\aspen\Desktop\CMPU395\CMPU-395-Project\data\streetview_images\3904505.0_2875.jpg,True,
3904505,,,,,,0,C:\Users\aspen\Desktop\CMPU395\CMPU-395-Project\data\streetview_images\3904505.0_2876.jpg,True,
3904505,,,,,,0,C:\Users\aspen\Desktop\CMPU395\CMPU-395-Project\data\streetview_images\3904505.0_2877.jpg,True,
3904505,,,,,,0,C:\Users\aspen\Desktop\CMPU395\CMPU-395-Project\data\streetview_images\3904505.0_2878.jpg,True,
3904505,,,,,,0,C:\Users\aspen\Desktop\CMPU395\CMPU-395-Project\data\streetview_images\3904505.0_2879.jpg,True,
3904505,,,,,,0,C:\Users\aspen\Desktop\CMPU395\CMPU-395-Project\data\streetview_images\3904505.0_2880.jpg,True,
3904505,,,,,,0,C:\Users\aspen\Desktop\CMPU395\CMPU-395-Project\data\streetview_images\3904505.0_2881.jpg,True,
3904505,,,,,,0,C:\Users\aspen\Desktop\CMPU395\CMPU-395-Project\data\streetview_images\3904505.0_2882.jpg,True,
3904505,,,,,,0,C:\Users\aspen\Desktop\CMPU395\CMPU-395-Project\data\streetview_images\3904505.0_2883.jpg,True,
3904505,,,,,,0,C:\Users\aspen\Desktop\CMPU395\CMPU-395-Project\data\streetview_images\3904505.0_2884.jpg,True,
3904505,,,,,,0,C:\Users\aspen\Desktop\CMPU395\CMPU-395-Project\data\streetview_images\3904505.0_2885.jpg,True,
3904505,,,,,,0,C:\Users\aspen\Desktop\CMPU395\CMPU-395-Project\data\streetview_images\3904505.0_2886.jpg,True,
3904505,,,,,,0,C:\Users\aspen\Desktop\CMPU395\CMPU-395-Project\data\streetview_images\3904505.0_2887.jpg,True,
3904505,,,,,,0,C:\Users\aspen\Desktop\CMPU395\CMPU-395-Project\data\streetview_images\3904505.0_2888.jpg,True,
3904505,,,,,,0,C:\Users\aspen\Desktop\CMPU395\CMPU-395-Project\data\streetview_images\3904505.0_2889.jpg,True,
3904505,,,,,,0,C:\Users\aspen\Desktop\CMPU395\CMPU-395-Project\data\streetview_images\3904505.0_2890.jpg,True,
3904505,,,,,,0,C:\Users\aspen\Desktop\CMPU395\CMPU-395-Project\data\streetview_images\3904505.0_2891.jpg,True,
3904505,,,,,,0,C:\Users\aspen\Desktop\CMPU395\CMPU-395-Project\data\streetview_images\3904505.0_2892.jpg,True,
3904505,,,,,,0,C:\Users\aspen\Desktop\CMPU395\CMPU-395-Project\data\streetview_images\3904505.0_2893.jpg,True,
3904505,,,,,,0,C:\Users\aspen\Desktop\CMPU395\CMPU-395-Project\data\streetview_images\3904505.0_2894.jpg,True,
3904505,,,,,,0,C:\Users\aspen\Desktop\CMPU395\CMPU-395-Project\data\streetview_images\3904505.0_2895.jpg,True,
3904505,,,,,,0,C:\Users\aspen\Desktop\CMPU395\CMPU-395-Project\data\streetview_images\3904505.0_2896.jpg,True,
3904505,,,,,,0,C:\Users\aspen\Desktop\CMPU395\CMPU-395-Project\data\streetview_images\3904505.0_2897.jpg,True,
3904505,,,,,,0,C:\Users\aspen\Desktop\CMPU395\CMPU-395-Project\data\streetview_images\3904505.0_2898.jpg,True,
3904505,,,,,,0,C:\Users\aspen\Desktop\CMPU395\CMPU-395-Project\data\streetview_images\3904505.0_2899.jpg,True,
3904505,,,,,,0,C:\Users\aspen\Desktop\CMPU395\CMPU-395-Project\data\streetview_images\3904505.0_2900.jpg,True,
3904505,,,,,,0,C:\Users\aspen\Desktop\CMPU395\CMPU-395-Project\data\streetview_images\3904505.0_2901.jpg,True,
3904505,,,,,,0,C:\Users\aspen\Desktop\CMPU395\CMPU-395-Project\data\streetview_images\3904505.0_2902.jpg,True,
3904505,,,,,,0,C:\Users\aspen\Desktop\CMPU395\CMPU-395-Project\data\streetview_images\3904505.0_2903.jpg,True,
3904505,,,,,,0,C:\Users\aspen\Desktop\CMPU395\CMPU-395-Project\data\streetview_images\3904505.0_2904.jpg,True,
3904505,,,,,,0,C:\Users\aspen\Desktop\CMPU395\CMPU-395-Project\data\streetview_images\3904505.0_2905.jpg,True,
3904505,,,,,,0,C:\Users\aspen\Desktop\CMPU395\CMPU-395-Project\data\streetview_images\3904505.0_2906.jpg,True,
3904505,,,,,,0,C:\Users\aspen\Desktop\CMPU395\CMPU-395-Project\data\streetview_images\3904505.0_2907.jpg,True,
3904583,,,,,,0,C:\Users\aspen\Desktop\CMPU395\CMPU-395-Project\data\streetview_images\3904583.0_2908.jpg,True,
3904583,,,,,,0,C:\Users\aspen\Desktop\CMPU395\CMPU-395-Project\data\streetview_images\3904583.0_2909.jpg,True,
3904583,,,,,,0,C:\Users\aspen\Desktop\CMPU395\CMPU-395-Project\data\streetview_images\3904583.0_2910.jpg,True,
3904583,,,,,,0,C:\Users\aspen\Desktop\CMPU395\CMPU-395-Project\data\streetview_images\3904583.0_2911.jpg,True,
3904583,,,,,,0,C:\Users\aspen\Desktop\CMPU395\CMPU-395-Project\data\streetview_images\3904583.0_2912.jpg,True,
3904583,,,,,,0,C:\Users\aspen\Desktop\CMPU395\CMPU-395-Project\data\streetview_images\3904583.0_2913.jpg,True,
3904583,,,,,,0,C:\Users\aspen\Desktop\CMPU395\CMPU-395-Project\data\streetview_images\3904583.0_2914.jpg,True,
3904583,,,,,,0,C:\Users\aspen\Desktop\CMPU395\CMPU-395-Project\data\streetview_images\3904583.0_2915.jpg,True,
3904583,,,,,,0,C:\Users\aspen\Desktop\CMPU395\CMPU-395-Project\data\streetview_images\3904583.0_2916.jpg,True,
3904700,,,,,,0,C:\Users\aspen\Desktop\CMPU395\CMPU-395-Project\data\streetview_images\3904700.0_2917.jpg,True,
3904700,,,,,,0,C:\Users\aspen\Desktop\CMPU395\CMPU-395-Project\data\streetview_images\3904700.0_2918.jpg,True,
3904700,,,,,,0,C:\Users\aspen\Desktop\CMPU395\CMPU-395-Project\data\streetview_images\3904700.0_2919.jpg,True,
3904700,,,,,,0,C:\Users\aspen\Desktop\CMPU395\CMPU-395-Project\data\streetview_images\3904700.0_2920.jpg,True,
3904700,,,,,,0,C:\Users\aspen\Desktop\CMPU395\CMPU-395-Project\data\streetview_images\3904700.0_2921.jpg,True,
3904700,,,,,,0,C:\Users\aspen\Desktop\CMPU395\CMPU-395-Project\data\streetview_images\3904700.0_2922.jpg,True,
3904700,,,,,,0,C:\Users\aspen\Desktop\CMPU395\CMPU-395-Project\data\streetview_images\3904700.0_2923.jpg,True,
3904700,,,,,,0,C:\Users\aspen\Desktop\CMPU395\CMPU-395-Project\data\streetview_images\3904700.0_2924.jpg,True,
3904700,,,,,,0,C:\Users\aspen\Desktop\CMPU395\CMPU-395-Project\data\streetview_images\3904700.0_2925.jpg,True,
3904700,,,,,,0,C:\Users\aspen\Desktop\CMPU395\CMPU-395-Project\data\streetview_images\3904700.0_2926.jpg,True,
3904700,,,,,,0,C:\Users\aspen\Desktop\CMPU395\CMPU-395-Project\data\streetview_images\3904700.0_2927.jpg,True,
3904700,,,,,,0,C:\Users\aspen\Desktop\CMPU395\CMPU-395-Project\data\streetview_images\3904700.0_2928.jpg,True,
3904700,,,,,,0,C:\Users\aspen\Desktop\CMPU395\CMPU-395-Project\data\streetview_images\3904700.0_2929.jpg,True,
3904700,,,,,,0,C:\Users\aspen\Desktop\CMPU395\CMPU-395-Project\data\streetview_images\3904700.0_2930.jpg,True,
3904700,,,,,,0,C:\Users\aspen\Desktop\CMPU395\CMPU-395-Project\data\streetview_images\3904700.0_2931.jpg,True,
3904700,,,,,,0,C:\Users\aspen\Desktop\CMPU395\CMPU-395-Project\data\streetview_images\3904700.0_2932.jpg,True,
3904700,,,,,,0,C:\Users\aspen\Desktop\CMPU395\CMPU-395-Project\data\streetview_images\3904700.0_2933.jpg,True,
3904700,,,,,,0,C:\Users\aspen\Desktop\CMPU395\CMPU-395-Project\data\streetview_images\3904700.0_2934.jpg,True,
3904700,,,,,,0,C:\Users\aspen\Desktop\CMPU395\CMPU-395-Project\data\streetview_images\3904700.0_2935.jpg,True,
3904700,,,,,,0,C:\Users\aspen\Desktop\CMPU395\CMPU-395-Project\data\streetview_images\3904700.0_2936.jpg,True,
3904700,,,,,,0,C:\Users\aspen\Desktop\CMPU395\CMPU-395-Project\data\streetview_images\3904700.0_2937.jpg,True,
3904700,,,,,,0,C:\Users\aspen\Desktop\CMPU395\CMPU-395-Project\data\streetview_images\3904700.0_2938.jpg,True,
3904700,,,,,,0,C:\Users\aspen\Desktop\CMPU395\CMPU-395-Project\data\streetview_images\3904700.0_2939.jpg,True,
3904700,,,,,,0,C:\Users\aspen\Desktop\CMPU395\CMPU-395-Project\data\streetview_images\3904700.0_2940.jpg,True,
3904700,,,,,,0,C:\Users\aspen\Desktop\CMPU395\CMPU-395-Project\data\streetview_images\3904700.0_2941.jpg,True,
3904700,,,,,,0,C:\Users\aspen\Desktop\CMPU395\CMPU-395-Project\data\streetview_images\3904700.0_2942.jpg,True,
3904700,,,,,,0,C:\Users\aspen\Desktop\CMPU395\CMPU-395-Project\data\streetview_images\3904700.0_2943.jpg,True,
3904700,,,,,,0,C:\Users\aspen\Desktop\CMPU395\CMPU-395-Project\data\streetview_images\3904700.0_2944.jpg,True,
3904700,,,,,,0,C:\Users\aspen\Desktop\CMPU395\CMPU-395-Project\data\streetview_images\3904700.0_2945.jpg,True,
3904700,,,,,,0,C:\Users\aspen\Desktop\CMPU395\CMPU-395-Project\data\streetview_images\3904700.0_2946.jpg,True,
3904700,,,,,,0,C:\Users\aspen\Desktop\CMPU395\CMPU-395-Project\data\streetview_images\3904700.0_2947.jpg,True,
3904700,,,,,,0,C:\Users\aspen\Desktop\CMPU395\CMPU-395-Project\data\streetview_images\3904700.0_2948.jpg,True,
3904700,,,,,,0,C:\Users\aspen\Desktop\CMPU395\CMPU-395-Project\data\streetview_images\3904700.0_2949.jpg,True,
3904700,,,,,,0,C:\Users\aspen\Desktop\CMPU395\CMPU-395-Project\data\streetview_images\3904700.0_2950.jpg,True,
3904700,,,,,,0,C:\Users\aspen\Desktop\CMPU395\CMPU-395-Project\data\streetview_images\3904700.0_2951.jpg,True,
3904700,,,,,,0,C:\Users\aspen\Desktop\CMPU395\CMPU-395-Project\data\streetview_images\3904700.0_2952.jpg,True,
3904700,,,,,,0,C:\Users\aspen\Desktop\CMPU395\CMPU-395-Project\data\streetview_images\3904700.0_2953.jpg,True,
3904700,,,,,,0,C:\Users\aspen\Desktop\CMPU395\CMPU-395-Project\data\streetview_images\3904700.0_2954.jpg,True,
3904700,,,,,,0,C:\Users\aspen\Desktop\CMPU395\CMPU-395-Project\data\streetview_images\3904700.0_2955.jpg,True,
3904700,,,,,,0,C:\Users\aspen\Desktop\CMPU395\CMPU-395-Project\data\streetview_images\3904700.0_2956.jpg,True,
3904708,,,,,,0,C:\Users\aspen\Desktop\CMPU395\CMPU-395-Project\data\streetview_images\3904708.0_2957.jpg,True,
3904708,,,,,,0,C:\Users\aspen\Desktop\CMPU395\CMPU-395-Project\data\streetview_images\3904708.0_2958.jpg,True,
3904708,,,,,,0,C:\Users\aspen\Desktop\CMPU395\CMPU-395-Project\data\streetview_images\3904708.0_2959.jpg,True,
3904708,,,,,,0,C:\Users\aspen\Desktop\CMPU395\CMPU-395-Project\data\streetview_images\3904708.0_2960.jpg,True,
3904708,,,,,,0,C:\Users\aspen\Desktop\CMPU395\CMPU-395-Project\data\streetview_images\3904708.0_2961.jpg,True,
3904708,,,,,,0,C:\Users\aspen\Desktop\CMPU395\CMPU-395-Project\data\streetview_images\3904708.0_2962.jpg,True,
3904708,,,,,,0,C:\Users\aspen\Desktop\CMPU395\CMPU-395-Project\data\streetview_images\3904708.0_2963.jpg,True,
3904708,,,,,,0,C:\Users\aspen\Desktop\CMPU395\CMPU-395-Project\data\streetview_images\3904708.0_2964.jpg,True,
3904708,,,,,,0,C:\Users\aspen\Desktop\CMPU395\CMPU-395-Project\data\streetview_images\3904708.0_2965.jpg,True,
3904708,,,,,,0,C:\Users\aspen\Desktop\CMPU395\CMPU-395-Project\data\streetview_images\3904708.0_2966.jpg,True,
3904708,,,,,,0,C:\Users\aspen\Desktop\CMPU395\CMPU-395-Project\data\streetview_images\3904708.0_2967.jpg,True,
3904708,,,,,,0,C:\Users\aspen\Desktop\CMPU395\CMPU-395-Project\data\streetview_images\3904708.0_2968.jpg,True,
3904708,,,,,,0,C:\Users\aspen\Desktop\CMPU395\CMPU-395-Project\data\streetview_images\3904708.0_2969.jpg,True,
3904708,,,,,,0,C:\Users\aspen\Desktop\CMPU395\CMPU-395-Project\data\streetview_images\3904708.0_2970.jpg,True,
3904708,,,,,,0,C:\Users\aspen\Desktop\CMPU395\CMPU-395-Project\data\streetview_images\3904708.0_2971.jpg,True,
3904708,,,,,,0,C:\Users\aspen\Desktop\CMPU395\CMPU-395-Project\data\streetview_images\3904708.0_2972.jpg,True,
3904821,,,,,,0,C:\Users\aspen\Desktop\CMPU395\CMPU-395-Project\data\streetview_images\3904821.0_2973.jpg,True,
3904821,,,,,,0,C:\Users\aspen\Desktop\CMPU395\CMPU-395-Project\data\streetview_images\3904821.0_2974.jpg,True,
3904821,,,,,,0,C:\Users\aspen\Desktop\CMPU395\CMPU-395-Project\data\streetview_images\3904821.0_2975.jpg,True,
3904821,,,,,,0,C:\Users\aspen\Desktop\CMPU395\CMPU-395-Project\data\streetview_images\3904821.0_2976.jpg,True,
3904821,,,,,,0,C:\Users\aspen\Desktop\CMPU395\CMPU-395-Project\data\streetview_images\3904821.0_2977.jpg,True,
3904821,,,,,,0,C:\Users\aspen\Desktop\CMPU395\CMPU-395-Project\data\streetview_images\3904821.0_2978.jpg,True,
3904821,,,,,,0,C:\Users\aspen\Desktop\CMPU395\CMPU-395-Project\data\streetview_images\3904821.0_2979.jpg,True,
3904821,,,,,,0,C:\Users\aspen\Desktop\CMPU395\CMPU-395-Project\data\streetview_images\3904821.0_2980.jpg,True,
3904821,,,,,,0,C:\Users\aspen\Desktop\CMPU395\CMPU-395-Project\data\streetview_images\3904821.0_2981.jpg,True,
3904821,,,,,,0,C:\Users\aspen\Desktop\CMPU395\CMPU-395-Project\data\streetview_images\3904821.0_2982.jpg,True,
3904821,,,,,,0,C:\Users\aspen\Desktop\CMPU395\CMPU-395-Project\data\streetview_images\3904821.0_2983.jpg,True,
3904821,,,,,,0,C:\Users\aspen\Desktop\CMPU395\CMPU-395-Project\data\streetview_images\3904821.0_2984.jpg,True,
3904821,,,,,,0,C:\Users\aspen\Desktop\CMPU395\CMPU-395-Project\data\streetview_images\3904821.0_2985.jpg,True,
3904821,,,,,,0,C:\Users\aspen\Desktop\CMPU395\CMPU-395-Project\data\streetview_images\3904821.0_2986.jpg,True,
3904821,,,,,,0,C:\Users\aspen\Desktop\CMPU395\CMPU-395-Project\data\streetview_images\3904821.0_2987.jpg,True,
3904821,,,,,,0,C:\Users\aspen\Desktop\CMPU395\CMPU-395-Project\data\streetview_images\3904821.0_2988.jpg,True,
3904821,,,,,,0,C:\Users\aspen\Desktop\CMPU395\CMPU-395-Project\data\streetview_images\3904821.0_2989.jpg,True,
3904821,,,,,,0,C:\Users\aspen\Desktop\CMPU395\CMPU-395-Project\data\streetview_images\3904821.0_2990.jpg,True,
3904821,,,,,,0,C:\Users\aspen\Desktop\CMPU395\CMPU-395-Project\data\streetview_images\3904821.0_2991.jpg,True,
3904821,,,,,,0,C:\Users\aspen\Desktop\CMPU395\CMPU-395-Project\data\streetview_images\3904821.0_2992.jpg,True,
3904821,,,,,,0,C:\Users\aspen\Desktop\CMPU395\CMPU-395-Project\data\streetview_images\3904821.0_2993.jpg,True,
3904821,,,,,,0,C:\Users\aspen\Desktop\CMPU395\CMPU-395-Project\data\streetview_images\3904821.0_2994.jpg,True,
3904821,,,,,,0,C:\Users\aspen\Desktop\CMPU395\CMPU-395-Project\data\streetview_images\3904821.0_2995.jpg,True,
3904821,,,,,,0,C:\Users\aspen\Desktop\CMPU395\CMPU-395-Project\data\streetview_images\3904821.0_2996.jpg,True,
3904821,,,,,,0,C:\Users\aspen\Desktop\CMPU395\CMPU-395-Project\data\streetview_images\3904821.0_2997.jpg,True,
3904821,,,,,,0,C:\Users\aspen\Desktop\CMPU395\CMPU-395-Project\data\streetview_images\3904821.0_2998.jpg,True,
3904821,,,,,,0,C:\Users\aspen\Desktop\CMPU395\CMPU-395-Project\data\streetview_images\3904821.0_2999.jpg,True,
3904821,,,,,,0,C:\Users\aspen\Desktop\CMPU395\CMPU-395-Project\data\streetview_images\3904821.0_3000.jpg,True,
3904821,,,,,,0,C:\Users\aspen\Desktop\CMPU395\CMPU-395-Project\data\streetview_images\3904821.0_3001.jpg,True,
3904821,,,,,,0,C:\Users\aspen\Desktop\CMPU395\CMPU-395-Project\data\streetview_images\3904821.0_3002.jpg,True,
3904821,,,,,,0,C:\Users\aspen\Desktop\CMPU395\CMPU-395-Project\data\streetview_images\3904821.0_3003.jpg,True,
3904821,,,,,,0,C:\Users\aspen\Desktop\CMPU395\CMPU-395-Project\data\streetview_images\3904821.0_3004.jpg,True,
3904821,,,,,,0,C:\Users\aspen\Desktop\CMPU395\CMPU-395-Project\data\streetview_images\3904821.0_3005.jpg,True,
3904821,,,,,,0,C:\Users\aspen\Desktop\CMPU395\CMPU-395-Project\data\streetview_images\3904821.0_3006.jpg,True,
3904821,,,,,,0,C:\Users\aspen\Desktop\CMPU395\CMPU-395-Project\data\streetview_images\3904821.0_3007.jpg,True,
3904821,,,,,,0,C:\Users\aspen\Desktop\CMPU395\CMPU-395-Project\data\streetview_images\3904821.0_3008.jpg,True,
3904821,,,,,,0,C:\Users\aspen\Desktop\CMPU395\CMPU-395-Project\data\streetview_images\3904821.0_3009.jpg,True,
3904821,,,,,,0,C:\Users\aspen\Desktop\CMPU395\CMPU-395-Project\data\streetview_images\3904821.0_3010.jpg,True,
3904821,,,,,,0,C:\Users\aspen\Desktop\CMPU395\CMPU-395-Project\data\streetview_images\3904821.0_3011.jpg,True,
3904821,,,,,,0,C:\Users\aspen\Desktop\CMPU395\CMPU-395-Project\data\streetview_images\3904821.0_3012.jpg,True,
3904837,,,,,,0,C:\Users\aspen\Desktop\CMPU395\CMPU-395-Project\data\streetview_images\3904837.0_3013.jpg,True,
3904837,,,,,,0,C:\Users\aspen\Desktop\CMPU395\CMPU-395-Project\data\streetview_images\3904837.0_3014.jpg,True,
3904837,,,,,,0,C:\Users\aspen\Desktop\CMPU395\CMPU-395-Project\data\streetview_images\3904837.0_3015.jpg,True,
3904837,,,,,,0,C:\Users\aspen\Desktop\CMPU395\CMPU-395-Project\data\streetview_images\3904837.0_3016.jpg,True,
3904837,,,,,,0,C:\Users\aspen\Desktop\CMPU395\CMPU-395-Project\data\streetview_images\3904837.0_3017.jpg,True,
3904837,,,,,,0,C:\Users\aspen\Desktop\CMPU395\CMPU-395-Project\data\streetview_images\3904837.0_3018.jpg,True,
3904837,,,,,,0,C:\Users\aspen\Desktop\CMPU395\CMPU-395-Project\data\streetview_images\3904837.0_3019.jpg,True,
3904837,,,,,,0,C:\Users\aspen\Desktop\CMPU395\CMPU-395-Project\data\streetview_images\3904837.0_3020.jpg,True,
3904837,,,,,,0,C:\Users\aspen\Desktop\CMPU395\CMPU-395-Project\data\streetview_images\3904837.0_3021.jpg,True,
3904837,,,,,,0,C:\Users\aspen\Desktop\CMPU395\CMPU-395-Project\data\streetview_images\3904837.0_3022.jpg,True,
3904837,,,,,,0,C:\Users\aspen\Desktop\CMPU395\CMPU-395-Project\data\streetview_images\3904837.0_3023.jpg,True,
3904837,,,,,,0,C:\Users\aspen\Desktop\CMPU395\CMPU-395-Project\data\streetview_images\3904837.0_3024.jpg,True,
3904837,,,,,,0,C:\Users\aspen\Desktop\CMPU395\CMPU-395-Project\data\streetview_images\3904837.0_3025.jpg,True,
3904837,,,,,,0,C:\Users\aspen\Desktop\CMPU395\CMPU-395-Project\data\streetview_images\3904837.0_3026.jpg,True,
3904837,,,,,,0,C:\Users\aspen\Desktop\CMPU395\CMPU-395-Project\data\streetview_images\3904837.0_3027.jpg,True,
3904837,,,,,,0,C:\Users\aspen\Desktop\CMPU395\CMPU-395-Project\data\streetview_images\3904837.0_3028.jpg,True,
3904837,,,,,,0,C:\Users\aspen\Desktop\CMPU395\CMPU-395-Project\data\streetview_images\3904837.0_3029.jpg,True,
3904837,,,,,,0,C:\Users\aspen\Desktop\CMPU395\CMPU-395-Project\data\streetview_images\3904837.0_3030.jpg,True,
3904847,,,,,,0,C:\Users\aspen\Desktop\CMPU395\CMPU-395-Project\data\streetview_images\3904847.0_3031.jpg,True,
3904847,,,,,,0,C:\Users\aspen\Desktop\CMPU395\CMPU-395-Project\data\streetview_images\3904847.0_3032.jpg,True,
3904847,,,,,,0,C:\Users\aspen\Desktop\CMPU395\CMPU-395-Project\data\streetview_images\3904847.0_3033.jpg,True,
3904847,,,,,,0,C:\Users\aspen\Desktop\CMPU395\CMPU-395-Project\data\streetview_images\3904847.0_3034.jpg,True,
3904847,,,,,,0,C:\Users\aspen\Desktop\CMPU395\CMPU-395-Project\data\streetview_images\3904847.0_3035.jpg,True,
3904847,,,,,,0,C:\Users\aspen\Desktop\CMPU395\CMPU-395-Project\data\streetview_images\3904847.0_3036.jpg,True,
3904847,,,,,,0,C:\Users\aspen\Desktop\CMPU395\CMPU-395-Project\data\streetview_images\3904847.0_3037.jpg,True,
3904847,,,,,,0,C:\Users\aspen\Desktop\CMPU395\CMPU-395-Project\data\streetview_images\3904847.0_3038.jpg,True,
3904847,,,,,,0,C:\Users\aspen\Desktop\CMPU395\CMPU-395-Project\data\streetview_images\3904847.0_3039.jpg,True,
3904847,,,,,,0,C:\Users\aspen\Desktop\CMPU395\CMPU-395-Project\data\streetview_images\3904847.0_3040.jpg,True,
3904847,,,,,,0,C:\Users\aspen\Desktop\CMPU395\CMPU-395-Project\data\streetview_images\3904847.0_3041.jpg,True,
3904847,,,,,,0,C:\Users\aspen\Desktop\CMPU395\CMPU-395-Project\data\streetview_images\3904847.0_3042.jpg,True,
3904847,,,,,,0,C:\Users\aspen\Desktop\CMPU395\CMPU-395-Project\data\streetview_images\3904847.0_3043.jpg,True,
3904847,,,,,,0,C:\Users\aspen\Desktop\CMPU395\CMPU-395-Project\data\streetview_images\3904847.0_3044.jpg,True,
3904847,,,,,,0,C:\Users\aspen\Desktop\CMPU395\CMPU-395-Project\data\streetview_images\3904847.0_3045.jpg,True,
3904847,,,,,,0,C:\Users\aspen\Desktop\CMPU395\CMPU-395-Project\data\streetview_images\3904847.0_3046.jpg,True,
3904847,,,,,,0,C:\Users\aspen\Desktop\CMPU395\CMPU-395-Project\data\streetview_images\3904847.0_3047.jpg,True,
3904847,,,,,,0,C:\Users\aspen\Desktop\CMPU395\CMPU-395-Project\data\streetview_images\3904847.0_3048.jpg,True,
3904859,,,,,,0,C:\Users\aspen\Desktop\CMPU395\CMPU-395-Project\data\streetview_images\3904859.0_3049.jpg,True,
3904859,,,,,,0,C:\Users\aspen\Desktop\CMPU395\CMPU-395-Project\data\streetview_images\3904859.0_3050.jpg,True,
3904859,,,,,,0,C:\Users\aspen\Desktop\CMPU395\CMPU-395-Project\data\streetview_images\3904859.0_3051.jpg,True,
3904859,,,,,,0,C:\Users\aspen\Desktop\CMPU395\CMPU-395-Project\data\streetview_images\3904859.0_3052.jpg,True,
3904859,,,,,,0,C:\Users\aspen\Desktop\CMPU395\CMPU-395-Project\data\streetview_images\3904859.0_3053.jpg,True,
3904859,,,,,,0,C:\Users\aspen\Desktop\CMPU395\CMPU-395-Project\data\streetview_images\3904859.0_3054.jpg,True,
3904859,,,,,,0,C:\Users\aspen\Desktop\CMPU395\CMPU-395-Project\data\streetview_images\3904859.0_3055.jpg,True,
3904859,,,,,,0,C:\Users\aspen\Desktop\CMPU395\CMPU-395-Project\data\streetview_images\3904859.0_3056.jpg,True,
3904859,,,,,,0,C:\Users\aspen\Desktop\CMPU395\CMPU-395-Project\data\streetview_images\3904859.0_3057.jpg,True,
3904859,,,,,,0,C:\Users\aspen\Desktop\CMPU395\CMPU-395-Project\data\streetview_images\3904859.0_3058.jpg,True,
3904859,,,,,,0,C:\Users\aspen\Desktop\CMPU395\CMPU-395-Project\data\streetview_images\3904859.0_3059.jpg,True,
3904859,,,,,,0,C:\Users\aspen\Desktop\CMPU395\CMPU-395-Project\data\streetview_images\3904859.0_3060.jpg,True,
3904859,,,,,,0,C:\Users\aspen\Desktop\CMPU395\CMPU-395-Project\data\streetview_images\3904859.0_3061.jpg,True,
3904859,,,,,,0,C:\Users\aspen\Desktop\CMPU395\CMPU-395-Project\data\streetview_images\3904859.0_3062.jpg,True,
3904859,,,,,,0,C:\Users\aspen\Desktop\CMPU395\CMPU-395-Project\data\streetview_images\3904859.0_3063.jpg,True,
3904859,,,,,,0,C:\Users\aspen\Desktop\CMPU395\CMPU-395-Project\data\streetview_images\3904859.0_3064.jpg,True,
3904865,,,,,,0,C:\Users\aspen\Desktop\CMPU395\CMPU-395-Project\data\streetview_images\3904865.0_3065.jpg,True,
3904865,,,,,,0,C:\Users\aspen\Desktop\CMPU395\CMPU-395-Project\data\streetview_images\3904865.0_3066.jpg,True,
3904865,,,,,,0,C:\Users\aspen\Desktop\CMPU395\CMPU-395-Project\data\streetview_images\3904865.0_3067.jpg,True,
3904865,,,,,,0,C:\Users\aspen\Desktop\CMPU395\CMPU-395-Project\data\streetview_images\3904865.0_3068.jpg,True,
3904865,,,,,,0,C:\Users\aspen\Desktop\CMPU395\CMPU-395-Project\data\streetview_images\3904865.0_3069.jpg,True,
3904928,,,,,,0,C:\Users\aspen\Desktop\CMPU395\CMPU-395-Project\data\streetview_images\3904928.0_3070.jpg,True,
3904928,,,,,,0,C:\Users\aspen\Desktop\CMPU395\CMPU-395-Project\data\streetview_images\3904928.0_3071.jpg,True,
3904928,,,,,,0,C:\Users\aspen\Desktop\CMPU395\CMPU-395-Project\data\streetview_images\3904928.0_3072.jpg,True,
3904928,,,,,,0,C:\Users\aspen\Desktop\CMPU395\CMPU-395-Project\data\streetview_images\3904928.0_3073.jpg,True,
3904928,,,,,,0,C:\Users\aspen\Desktop\CMPU395\CMPU-395-Project\data\streetview_images\3904928.0_3074.jpg,True,
3904928,,,,,,0,C:\Users\aspen\Desktop\CMPU395\CMPU-395-Project\data\streetview_images\3904928.0_3075.jpg,True,
3904928,,,,,,0,C:\Users\aspen\Desktop\CMPU395\CMPU-395-Project\data\streetview_images\3904928.0_3076.jpg,True,
3904928,,,,,,0,C:\Users\aspen\Desktop\CMPU395\CMPU-395-Project\data\streetview_images\3904928.0_3077.jpg,True,
3904928,,,,,,0,C:\Users\aspen\Desktop\CMPU395\CMPU-395-Project\data\streetview_images\3904928.0_3078.jpg,True,
3904928,,,,,,0,C:\Users\aspen\Desktop\CMPU395\CMPU-395-Project\data\streetview_images\3904928.0_3079.jpg,True,
3904928,,,,,,0,C:\Users\aspen\Desktop\CMPU395\CMPU-395-Project\data\streetview_images\3904928.0_3080.jpg,True,
3904928,,,,,,0,C:\Users\aspen\Desktop\CMPU395\CMPU-395-Project\data\streetview_images\3904928.0_3081.jpg,True,
3904928,,,,,,0,C:\Users\aspen\Desktop\CMPU395\CMPU-395-Project\data\streetview_images\3904928.0_3082.jpg,True,
3905000,,,,,,0,C:\Users\aspen\Desktop\CMPU395\CMPU-395-Project\data\streetview_images\3905000.0_3083.jpg,True,
3905000,,,,,,0,C:\Users\aspen\Desktop\CMPU395\CMPU-395-Project\data\streetview_images\3905000.0_3084.jpg,True,
3905000,,,,,,0,C:\Users\aspen\Desktop\CMPU395\CMPU-395-Project\data\streetview_images\3905000.0_3085.jpg,True,
3905000,,,,,,0,C:\Users\aspen\Desktop\CMPU395\CMPU-395-Project\data\streetview_images\3905000.0_3086.jpg,True,
3905000,,,,,,0,C:\Users\aspen\Desktop\CMPU395\CMPU-395-Project\data\streetview_images\3905000.0_3087.jpg,True,
3905000,,,,,,0,C:\Users\aspen\Desktop\CMPU395\CMPU-395-Project\data\streetview_images\3905000.0_3088.jpg,True,
3905000,,,,,,0,C:\Users\aspen\Desktop\CMPU395\CMPU-395-Project\data\streetview_images\3905000.0_3089.jpg,True,
3905000,,,,,,0,C:\Users\aspen\Desktop\CMPU395\CMPU-395-Project\data\streetview_images\3905000.0_3090.jpg,True,
3905000,,,,,,0,C:\Users\aspen\Desktop\CMPU395\CMPU-395-Project\data\streetview_images\3905000.0_3091.jpg,True,
3905000,,,,,,0,C:\Users\aspen\Desktop\CMPU395\CMPU-395-Project\data\streetview_images\3905000.0_3092.jpg,True,
3905000,,,,,,0,C:\Users\aspen\Desktop\CMPU395\CMPU-395-Project\data\streetview_images\3905000.0_3093.jpg,True,
3905000,,,,,,0,C:\Users\aspen\Desktop\CMPU395\CMPU-395-Project\data\streetview_images\3905000.0_3094.jpg,True,
3905000,,,,,,0,C:\Users\aspen\Desktop\CMPU395\CMPU-395-Project\data\streetview_images\3905000.0_3095.jpg,True,
3905000,,,,,,0,C:\Users\aspen\Desktop\CMPU395\CMPU-395-Project\data\streetview_images\3905000.0_3096.jpg,True,
3905000,,,,,,0,C:\Users\aspen\Desktop\CMPU395\CMPU-395-Project\data\streetview_images\3905000.0_3097.jpg,True,
3905000,,,,,,0,C:\Users\aspen\Desktop\CMPU395\CMPU-395-Project\data\streetview_images\3905000.0_3098.jpg,True,
3905000,,,,,,0,C:\Users\aspen\Desktop\CMPU395\CMPU-395-Project\data\streetview_images\3905000.0_3099.jpg,True,
3905000,,,,,,0,C:\Users\aspen\Desktop\CMPU395\CMPU-395-Project\data\streetview_images\3905000.0_3100.jpg,True,
3905000,,,,,,0,C:\Users\aspen\Desktop\CMPU395\CMPU-395-Project\data\streetview_images\3905000.0_3101.jpg,True,
3905000,,,,,,0,C:\Users\aspen\Desktop\CMPU395\CMPU-395-Project\data\streetview_images\3905000.0_3102.jpg,True,
3905000,,,,,,0,C:\Users\aspen\Desktop\CMPU395\CMPU-395-Project\data\streetview_images\3905000.0_3103.jpg,True,
3905000,,,,,,0,C:\Users\aspen\Desktop\CMPU395\CMPU-395-Project\data\streetview_images\3905000.0_3104.jpg,True,
3905000,,,,,,0,C:\Users\aspen\Desktop\CMPU395\CMPU-395-Project\data\streetview_images\3905000.0_3105.jpg,True,
3905000,,,,,,0,C:\Users\aspen\Desktop\CMPU395\CMPU-395-Project\data\streetview_images\3905000.0_3106.jpg,True,
3905000,,,,,,0,C:\Users\aspen\Desktop\CMPU395\CMPU-395-Project\data\streetview_images\3905000.0_3107.jpg,True,
3905000,,,,,,0,C:\Users\aspen\Desktop\CMPU395\CMPU-395-Project\data\streetview_images\3905000.0_3108.jpg,True,
3905009,,,,,,0,C:\Users\aspen\Desktop\CMPU395\CMPU-395-Project\data\streetview_images\3905009.0_3109.jpg,True,
3905009,,,,,,0,C:\Users\aspen\Desktop\CMPU395\CMPU-395-Project\data\streetview_images\3905009.0_3110.jpg,True,
3905009,,,,,,0,C:\Users\aspen\Desktop\CMPU395\CMPU-395-Project\data\streetview_images\3905009.0_3111.jpg,True,
3905009,,,,,,0,C:\Users\aspen\Desktop\CMPU395\CMPU-395-Project\data\streetview_images\3905009.0_3112.jpg,True,
3905009,,,,,,0,C:\Users\aspen\Desktop\CMPU395\CMPU-395-Project\data\streetview_images\3905009.0_3113.jpg,True,
3905009,,,,,,0,C:\Users\aspen\Desktop\CMPU395\CMPU-395-Project\data\streetview_images\3905009.0_3114.jpg,True,
3905009,,,,,,0,C:\Users\aspen\Desktop\CMPU395\CMPU-395-Project\data\streetview_images\3905009.0_3115.jpg,True,
3905009,,,,,,0,C:\Users\aspen\Desktop\CMPU395\CMPU-395-Project\data\streetview_images\3905009.0_3116.jpg,True,
3905019,,,,,,0,C:\Users\aspen\Desktop\CMPU395\CMPU-395-Project\data\streetview_images\3905019.0_3117.jpg,True,
3905019,,,,,,0,C:\Users\aspen\Desktop\CMPU395\CMPU-395-Project\data\streetview_images\3905019.0_3118.jpg,True,
3905019,,,,,,0,C:\Users\aspen\Desktop\CMPU395\CMPU-395-Project\data\streetview_images\3905019.0_3119.jpg,True,
3905019,,,,,,0,C:\Users\aspen\Desktop\CMPU395\CMPU-395-Project\data\streetview_images\3905019.0_3120.jpg,True,
3905019,,,,,,0,C:\Users\aspen\Desktop\CMPU395\CMPU-395-Project\data\streetview_images\3905019.0_3121.jpg,True,
3905019,,,,,,0,C:\Users\aspen\Desktop\CMPU395\CMPU-395-Project\data\streetview_images\3905019.0_3122.jpg,True,
3905019,,,,,,0,C:\Users\aspen\Desktop\CMPU395\CMPU-395-Project\data\streetview_images\3905019.0_3123.jpg,True,
3905019,,,,,,0,C:\Users\aspen\Desktop\CMPU395\CMPU-395-Project\data\streetview_images\3905019.0_3124.jpg,True,
3905019,,,,,,0,C:\Users\aspen\Desktop\CMPU395\CMPU-395-Project\data\streetview_images\3905019.0_3125.jpg,True,
3905019,,,,,,0,C:\Users\aspen\Desktop\CMPU395\CMPU-395-Project\data\streetview_images\3905019.0_3126.jpg,True,
3905019,,,,,,0,C:\Users\aspen\Desktop\CMPU395\CMPU-395-Project\data\streetview_images\3905019.0_3127.jpg,True,
3905019,,,,,,0,C:\Users\aspen\Desktop\CMPU395\CMPU-395-Project\data\streetview_images\3905019.0_3128.jpg,True,
3905019,,,,,,0,C:\Users\aspen\Desktop\CMPU395\CMPU-395-Project\data\streetview_images\3905019.0_3129.jpg,True,
3905019,,,,,,0,C:\Users\aspen\Desktop\CMPU395\CMPU-395-Project\data\streetview_images\3905019.0_3130.jpg,True,
3905019,,,,,,0,C:\Users\aspen\Desktop\CMPU395\CMPU-395-Project\data\streetview_images\3905019.0_3131.jpg,True,
3905019,,,,,,0,C:\Users\aspen\Desktop\CMPU395\CMPU-395-Project\data\streetview_images\3905019.0_3132.jpg,True,
3905019,,,,,,0,C:\Users\aspen\Desktop\CMPU395\CMPU-395-Project\data\streetview_images\3905019.0_3133.jpg,True,
3905019,,,,,,0,C:\Users\aspen\Desktop\CMPU395\CMPU-395-Project\data\streetview_images\3905019.0_3134.jpg,True,
3905019,,,,,,0,C:\Users\aspen\Desktop\CMPU395\CMPU-395-Project\data\streetview_images\3905019.0_3135.jpg,True,
3905019,,,,,,0,C:\Users\aspen\Desktop\CMPU395\CMPU-395-Project\data\streetview_images\3905019.0_3136.jpg,True,
3905019,,,,,,0,C:\Users\aspen\Desktop\CMPU395\CMPU-395-Project\data\streetview_images\3905019.0_3137.jpg,True,
3905019,,,,,,0,C:\Users\aspen\Desktop\CMPU395\CMPU-395-Project\data\streetview_images\3905019.0_3138.jpg,True,
3905019,,,,,,0,C:\Users\aspen\Desktop\CMPU395\CMPU-395-Project\data\streetview_images\3905019.0_3139.jpg,True,
3905019,,,,,,0,C:\Users\aspen\Desktop\CMPU395\CMPU-395-Project\data\streetview_images\3905019.0_3140.jpg,True,
3905019,,,,,,0,C:\Users\aspen\Desktop\CMPU395\CMPU-395-Project\data\streetview_images\3905019.0_3141.jpg,True,
3905019,,,,,,0,C:\Users\aspen\Desktop\CMPU395\CMPU-395-Project\data\streetview_images\3905019.0_3142.jpg,True,
3905019,,,,,,0,C:\Users\aspen\Desktop\CMPU395\CMPU-395-Project\data\streetview_images\3905019.0_3143.jpg,True,
3905019,,,,,,0,C:\Users\aspen\Desktop\CMPU395\CMPU-395-Project\data\streetview_images\3905019.0_3144.jpg,True,
3905019,,,,,,0,C:\Users\aspen\Desktop\CMPU395\CMPU-395-Project\data\streetview_images\3905019.0_3145.jpg,True,
4002550,,,,,,0,C:\Users\aspen\Desktop\CMPU395\CMPU-395-Project\data\streetview_images\4002550.0_3146.jpg,True,
4002550,,,,,,0,C:\Users\aspen\Desktop\CMPU395\CMPU-395-Project\data\streetview_images\4002550.0_3147.jpg,True,
400295,,,,,,0,C:\Users\aspen\Desktop\CMPU395\CMPU-395-Project\data\streetview_images\400295.0_129.jpg,True,
400295,,,,,,0,C:\Users\aspen\Desktop\CMPU395\CMPU-395-Project\data\streetview_images\400295.0_130.jpg,True,
400295,,,,,,0,C:\Users\aspen\Desktop\CMPU395\CMPU-395-Project\data\streetview_images\400295.0_131.jpg,True,
4014730,,,,,,0,C:\Users\aspen\Desktop\CMPU395\CMPU-395-Project\data\streetview_images\4014730.0_3148.jpg,True,
4021510,,,,,,0,C:\Users\aspen\Desktop\CMPU395\CMPU-395-Project\data\streetview_images\4021510.0_3149.jpg,True,
4021510,,,,,,0,C:\Users\aspen\Desktop\CMPU395\CMPU-395-Project\data\streetview_images\4021510.0_3150.jpg,True,
4021510,,,,,,0,C:\Users\aspen\Desktop\CMPU395\CMPU-395-Project\data\streetview_images\4021510.0_3151.jpg,True,
4021510,,,,,,0,C:\Users\aspen\Desktop\CMPU395\CMPU-395-Project\data\streetview_images\4021510.0_3152.jpg,True,
4021510,,,,,,0,C:\Users\aspen\Desktop\CMPU395\CMPU-395-Project\data\streetview_images\4021510.0_3153.jpg,True,
4021510,,,,,,0,C:\Users\aspen\Desktop\CMPU395\CMPU-395-Project\data\streetview_images\4021510.0_3154.jpg,True,
4021510,,,,,,0,C:\Users\aspen\Desktop\CMPU395\CMPU-395-Project\data\streetview_images\4021510.0_3155.jpg,True,
4021510,,,,,,0,C:\Users\aspen\Desktop\CMPU395\CMPU-395-Project\data\streetview_images\4021510.0_3156.jpg,True,
4021510,,,,,,0,C:\Users\aspen\Desktop\CMPU395\CMPU-395-Project\data\streetview_images\4021510.0_3157.jpg,True,
4021510,,,,,,0,C:\Users\aspen\Desktop\CMPU395\CMPU-395-Project\data\streetview_images\4021510.0_3158.jpg,True,
4021510,,,,,,0,C:\Users\aspen\Desktop\CMPU395\CMPU-395-Project\data\streetview_images\4021510.0_3159.jpg,True,
4021510,,,,,,0,C:\Users\aspen\Desktop\CMPU395\CMPU-395-Project\data\streetview_images\4021510.0_3160.jpg,True,
4021510,,,,,,0,C:\Users\aspen\Desktop\CMPU395\CMPU-395-Project\data\streetview_images\4021510.0_3161.jpg,True,
4021510,,,,,,0,C:\Users\aspen\Desktop\CMPU395\CMPU-395-Project\data\streetview_images\4021510.0_3162.jpg,True,
4021510,,,,,,0,C:\Users\aspen\Desktop\CMPU395\CMPU-395-Project\data\streetview_images\4021510.0_3163.jpg,True,
4021510,,,,,,0,C:\Users\aspen\Desktop\CMPU395\CMPU-395-Project\data\streetview_images\4021510.0_3164.jpg,True,
4021510,,,,,,0,C:\Users\aspen\Desktop\CMPU395\CMPU-395-Project\data\streetview_images\4021510.0_3165.jpg,True,
4021510,,,,,,0,C:\Users\aspen\Desktop\CMPU395\CMPU-395-Project\data\streetview_images\4021510.0_3166.jpg,True,
4021510,,,,,,0,C:\Users\aspen\Desktop\CMPU395\CMPU-395-Project\data\streetview_images\4021510.0_3167.jpg,True,
4021510,,,,,,0,C:\Users\aspen\Desktop\CMPU395\CMPU-395-Project\data\streetview_images\4021510.0_3168.jpg,True,
4021600,,,,,,0,C:\Users\aspen\Desktop\CMPU395\CMPU-395-Project\data\streetview_images\4021600.0_3169.jpg,True,
4021600,,,,,,0,C:\Users\aspen\Desktop\CMPU395\CMPU-395-Project\data\streetview_images\4021600.0_3170.jpg,True,
4021600,,,,,,0,C:\Users\aspen\Desktop\CMPU395\CMPU-395-Project\data\streetview_images\4021600.0_3171.jpg,True,
4021600,,,,,,0,C:\Users\aspen\Desktop\CMPU395\CMPU-395-Project\data\streetview_images\4021600.0_3172.jpg,True,
4021600,,,,,,0,C:\Users\aspen\Desktop\CMPU395\CMPU-395-Project\data\streetview_images\4021600.0_3173.jpg,True,
4024510,,,,,,0,C:\Users\aspen\Desktop\CMPU395\CMPU-395-Project\data\streetview_images\4024510.0_3174.jpg,True,
4024510,,,,,,0,C:\Users\aspen\Desktop\CMPU395\CMPU-395-Project\data\streetview_images\4024510.0_3175.jpg,True,
4024510,,,,,,0,C:\Users\aspen\Desktop\CMPU395\CMPU-395-Project\data\streetview_images\4024510.0_3176.jpg,True,
4024510,,,,,,0,C:\Users\aspen\Desktop\CMPU395\CMPU-395-Project\data\streetview_images\4024510.0_3177.jpg,True,
4024510,,,,,,0,C:\Users\aspen\Desktop\CMPU395\CMPU-395-Project\data\streetview_images\4024510.0_3178.jpg,True,
4024510,,,,,,0,C:\Users\aspen\Desktop\CMPU395\CMPU-395-Project\data\streetview_images\4024510.0_3179.jpg,True,
4028650,,,,,,0,C:\Users\aspen\Desktop\CMPU395\CMPU-395-Project\data\streetview_images\4028650.0_3180.jpg,True,
4032640,,,,,,0,C:\Users\aspen\Desktop\CMPU395\CMPU-395-Project\data\streetview_images\4032640.0_3181.jpg,True,
4032640,,,,,,0,C:\Users\aspen\Desktop\CMPU395\CMPU-395-Project\data\streetview_images\4032640.0_3182.jpg,True,
4032640,,,,,,0,C:\Users\aspen\Desktop\CMPU395\CMPU-395-Project\data\streetview_images\4032640.0_3183.jpg,True,
4032640,,,,,,0,C:\Users\aspen\Desktop\CMPU395\CMPU-395-Project\data\streetview_images\4032640.0_3184.jpg,True,
4032640,,,,,,0,C:\Users\aspen\Desktop\CMPU395\CMPU-395-Project\data\streetview_images\4032640.0_3185.jpg,True,
404230,,,,,,0,C:\Users\aspen\Desktop\CMPU395\CMPU-395-Project\data\streetview_images\404230.0_132.jpg,True,
404230,,,,,,0,C:\Users\aspen\Desktop\CMPU395\CMPU-395-Project\data\streetview_images\404230.0_133.jpg,True,
404230,,,,,,0,C:\Users\aspen\Desktop\CMPU395\CMPU-395-Project\data\streetview_images\404230.0_134.jpg,True,
404230,,,,,,0,C:\Users\aspen\Desktop\CMPU395\CMPU-395-Project\data\streetview_images\404230.0_135.jpg,True,
404230,,,,,,0,C:\Users\aspen\Desktop\CMPU395\CMPU-395-Project\data\streetview_images\404230.0_136.jpg,True,
404230,,,,,,0,C:\Users\aspen\Desktop\CMPU395\CMPU-395-Project\data\streetview_images\404230.0_137.jpg,True,
404230,,,,,,0,C:\Users\aspen\Desktop\CMPU395\CMPU-395-Project\data\streetview_images\404230.0_138.jpg,True,
404230,,,,,,0,C:\Users\aspen\Desktop\CMPU395\CMPU-395-Project\data\streetview_images\404230.0_139.jpg,True,
404230,,,,,,0,C:\Users\aspen\Desktop\CMPU395\CMPU-395-Project\data\streetview_images\404230.0_140.jpg,True,
404230,,,,,,0,C:\Users\aspen\Desktop\CMPU395\CMPU-395-Project\data\streetview_images\404230.0_141.jpg,True,
404230,,,,,,0,C:\Users\aspen\Desktop\CMPU395\CMPU-395-Project\data\streetview_images\404230.0_142.jpg,True,
404230,,,,,,0,C:\Users\aspen\Desktop\CMPU395\CMPU-395-Project\data\streetview_images\404230.0_143.jpg,True,
404230,,,,,,0,C:\Users\aspen\Desktop\CMPU395\CMPU-395-Project\data\streetview_images\404230.0_144.jpg,True,
404230,,,,,,0,C:\Users\aspen\Desktop\CMPU395\CMPU-395-Project\data\streetview_images\404230.0_145.jpg,True,
404230,,,,,,0,C:\Users\aspen\Desktop\CMPU395\CMPU-395-Project\data\streetview_images\404230.0_146.jpg,True,
404230,,,,,,0,C:\Users\aspen\Desktop\CMPU395\CMPU-395-Project\data\streetview_images\404230.0_147.jpg,True,
404230,,,,,,0,C:\Users\aspen\Desktop\CMPU395\CMPU-395-Project\data\streetview_images\404230.0_148.jpg,True,
404230,,,,,,0,C:\Users\aspen\Desktop\CMPU395\CMPU-395-Project\data\streetview_images\404230.0_149.jpg,True,
404230,,,,,,0,C:\Users\aspen\Desktop\CMPU395\CMPU-395-Project\data\streetview_images\404230.0_150.jpg,True,
404230,,,,,,0,C:\Users\aspen\Desktop\CMPU395\CMPU-395-Project\data\streetview_images\404230.0_151.jpg,True,
404230,,,,,,0,C:\Users\aspen\Desktop\CMPU395\CMPU-395-Project\data\streetview_images\404230.0_152.jpg,True,
404230,,,,,,0,C:\Users\aspen\Desktop\CMPU395\CMPU-395-Project\data\streetview_images\404230.0_153.jpg,True,
404230,,,,,,0,C:\Users\aspen\Desktop\CMPU395\CMPU-395-Project\data\streetview_images\404230.0_154.jpg,True,
404230,,,,,,0,C:\Users\aspen\Desktop\CMPU395\CMPU-395-Project\data\streetview_images\404230.0_155.jpg,True,
404230,,,,,,0,C:\Users\aspen\Desktop\CMPU395\CMPU-395-Project\data\streetview_images\404230.0_156.jpg,True,
404230,,,,,,0,C:\Users\aspen\Desktop\CMPU395\CMPU-395-Project\data\streetview_images\404230.0_157.jpg,True,
405530,,,,,,0,C:\Users\aspen\Desktop\CMPU395\CMPU-395-Project\data\streetview_images\405530.0_158.jpg,True,
406300,,,,,,0,C:\Users\aspen\Desktop\CMPU395\CMPU-395-Project\data\streetview_images\406300.0_159.jpg,True,
406300,,,,,,0,C:\Users\aspen\Desktop\CMPU395\CMPU-395-Project\data\streetview_images\406300.0_160.jpg,True,
406300,,,,,,0,C:\Users\aspen\Desktop\CMPU395\CMPU-395-Project\data\streetview_images\406300.0_161.jpg,True,
406300,,,,,,0,C:\Users\aspen\Desktop\CMPU395\CMPU-395-Project\data\streetview_images\406300.0_162.jpg,True,
406300,,,,,,0,C:\Users\aspen\Desktop\CMPU395\CMPU-395-Project\data\streetview_images\406300.0_163.jpg,True,
406300,,,,,,0,C:\Users\aspen\Desktop\CMPU395\CMPU-395-Project\data\streetview_images\406300.0_164.jpg,True,
406300,,,,,,0,C:\Users\aspen\Desktop\CMPU395\CMPU-395-Project\data\streetview_images\406300.0_165.jpg,True,
406300,,,,,,0,C:\Users\aspen\Desktop\CMPU395\CMPU-395-Project\data\streetview_images\406300.0_166.jpg,True,
406300,,,,,,0,C:\Users\aspen\Desktop\CMPU395\CMPU-395-Project\data\streetview_images\406300.0_167.jpg,True,
406300,,,,,,0,C:\Users\aspen\Desktop\CMPU395\CMPU-395-Project\data\streetview_images\406300.0_168.jpg,True,
406300,,,,,,0,C:\Users\aspen\Desktop\CMPU395\CMPU-395-Project\data\streetview_images\406300.0_169.jpg,True,
406300,,,,,,0,C:\Users\aspen\Desktop\CMPU395\CMPU-395-Project\data\streetview_images\406300.0_170.jpg,True,
406300,,,,,,0,C:\Users\aspen\Desktop\CMPU395\CMPU-395-Project\data\streetview_images\406300.0_171.jpg,True,
406300,,,,,,0,C:\Users\aspen\Desktop\CMPU395\CMPU-395-Project\data\streetview_images\406300.0_172.jpg,True,
406300,,,,,,0,C:\Users\aspen\Desktop\CMPU395\CMPU-395-Project\data\streetview_images\406300.0_173.jpg,True,
406300,,,,,,0,C:\Users\aspen\Desktop\CMPU395\CMPU-395-Project\data\streetview_images\406300.0_174.jpg,True,
406300,,,,,,0,C:\Users\aspen\Desktop\CMPU395\CMPU-395-Project\data\streetview_images\406300.0_175.jpg,True,
406300,,,,,,0,C:\Users\aspen\Desktop\CMPU395\CMPU-395-Project\data\streetview_images\406300.0_176.jpg,True,
406300,,,,,,0,C:\Users\aspen\Desktop\CMPU395\CMPU-395-Project\data\streetview_images\406300.0_177.jpg,True,
406300,,,,,,0,C:\Users\aspen\Desktop\CMPU395\CMPU-395-Project\data\streetview_images\406300.0_178.jpg,True,
406300,,,,,,0,C:\Users\aspen\Desktop\CMPU395\CMPU-395-Project\data\streetview_images\406300.0_179.jpg,True,
406300,,,,,,0,C:\Users\aspen\Desktop\CMPU395\CMPU-395-Project\data\streetview_images\406300.0_180.jpg,True,
406300,,,,,,0,C:\Users\aspen\Desktop\CMPU395\CMPU-395-Project\data\streetview_images\406300.0_181.jpg,True,
406300,,,,,,0,C:\Users\aspen\Desktop\CMPU395\CMPU-395-Project\data\streetview_images\406300.0_182.jpg,True,
406300,,,,,,0,C:\Users\aspen\Desktop\CMPU395\CMPU-395-Project\data\streetview_images\406300.0_183.jpg,True,
406300,,,,,,0,C:\Users\aspen\Desktop\CMPU395\CMPU-395-Project\data\streetview_images\406300.0_184.jpg,True,
406300,,,,,,0,C:\Users\aspen\Desktop\CMPU395\CMPU-395-Project\data\streetview_images\406300.0_185.jpg,True,
406300,,,,,,0,C:\Users\aspen\Desktop\CMPU395\CMPU-395-Project\data\streetview_images\406300.0_186.jpg,True,
406300,,,,,,0,C:\Users\aspen\Desktop\CMPU395\CMPU-395-Project\data\streetview_images\406300.0_187.jpg,True,
406300,,,,,,0,C:\Users\aspen\Desktop\CMPU395\CMPU-395-Project\data\streetview_images\406300.0_188.jpg,True,
406300,,,,,,0,C:\Users\aspen\Desktop\CMPU395\CMPU-395-Project\data\streetview_images\406300.0_189.jpg,True,
406300,,,,,,0,C:\Users\aspen\Desktop\CMPU395\CMPU-395-Project\data\streetview_images\406300.0_190.jpg,True,
406300,,,,,,0,C:\Users\aspen\Desktop\CMPU395\CMPU-395-Project\data\streetview_images\406300.0_191.jpg,True,
406300,,,,,,0,C:\Users\aspen\Desktop\CMPU395\CMPU-395-Project\data\streetview_images\406300.0_192.jpg,True,
406300,,,,,,0,C:\Users\aspen\Desktop\CMPU395\CMPU-395-Project\data\streetview_images\406300.0_193.jpg,True,
406300,,,,,,0,C:\Users\aspen\Desktop\CMPU395\CMPU-395-Project\data\streetview_images\406300.0_194.jpg,True,
406300,,,,,,0,C:\Users\aspen\Desktop\CMPU395\CMPU-395-Project\data\streetview_images\406300.0_195.jpg,True,
406300,,,,,,0,C:\Users\aspen\Desktop\CMPU395\CMPU-395-Project\data\streetview_images\406300.0_196.jpg,True,
406300,,,,,,0,C:\Users\aspen\Desktop\CMPU395\CMPU-395-Project\data\streetview_images\406300.0_197.jpg,True,
406300,,,,,,0,C:\Users\aspen\Desktop\CMPU395\CMPU-395-Project\data\streetview_images\406300.0_198.jpg,True,
4100016,,,,,,0,C:\Users\aspen\Desktop\CMPU395\CMPU-395-Project\data\streetview_images\4100016.0_3186.jpg,True,
4110560,,,,,,0,C:\Users\aspen\Desktop\CMPU395\CMPU-395-Project\data\streetview_images\4110560.0_3187.jpg,True,
4110560,,,,,,0,C:\Users\aspen\Desktop\CMPU395\CMPU-395-Project\data\streetview_images\4110560.0_3188.jpg,True,
4110560,,,,,,0,C:\Users\aspen\Desktop\CMPU395\CMPU-395-Project\data\streetview_images\4110560.0_3189.jpg,True,
4110560,,,,,,0,C:\Users\aspen\Desktop\CMPU395\CMPU-395-Project\data\streetview_images\4110560.0_3190.jpg,True,
4110560,,,,,,0,C:\Users\aspen\Desktop\CMPU395\CMPU-395-Project\data\streetview_images\4110560.0_3191.jpg,True,
4110560,,,,,,0,C:\Users\aspen\Desktop\CMPU395\CMPU-395-Project\data\streetview_images\4110560.0_3192.jpg,True,
4110560,,,,,,0,C:\Users\aspen\Desktop\CMPU395\CMPU-395-Project\data\streetview_images\4110560.0_3193.jpg,True,
4110560,,,,,,0,C:\Users\aspen\Desktop\CMPU395\CMPU-395-Project\data\streetview_images\4110560.0_3194.jpg,True,
4110560,,,,,,0,C:\Users\aspen\Desktop\CMPU395\CMPU-395-Project\data\streetview_images\4110560.0_3195.jpg,True,
4110560,,,,,,0,C:\Users\aspen\Desktop\CMPU395\CMPU-395-Project\data\streetview_images\4110560.0_3196.jpg,True,
4110560,,,,,,0,C:\Users\aspen\Desktop\CMPU395\CMPU-395-Project\data\streetview_images\4110560.0_3197.jpg,True,
4110560,,,,,,0,C:\Users\aspen\Desktop\CMPU395\CMPU-395-Project\data\streetview_images\4110560.0_3198.jpg,True,
4110560,,,,,,0,C:\Users\aspen\Desktop\CMPU395\CMPU-395-Project\data\streetview_images\4110560.0_3199.jpg,True,
4110560,,,,,,0,C:\Users\aspen\Desktop\CMPU395\CMPU-395-Project\data\streetview_images\4110560.0_3200.jpg,True,
4110560,,,,,,0,C:\Users\aspen\Desktop\CMPU395\CMPU-395-Project\data\streetview_images\4110560.0_3201.jpg,True,
4110560,,,,,,0,C:\Users\aspen\Desktop\CMPU395\CMPU-395-Project\data\streetview_images\4110560.0_3202.jpg,True,
4110560,,,,,,0,C:\Users\aspen\Desktop\CMPU395\CMPU-395-Project\data\streetview_images\4110560.0_3203.jpg,True,
4110560,,,,,,0,C:\Users\aspen\Desktop\CMPU395\CMPU-395-Project\data\streetview_images\4110560.0_3204.jpg,True,
4110560,,,,,,0,C:\Users\aspen\Desktop\CMPU395\CMPU-395-Project\data\streetview_images\4110560.0_3205.jpg,True,
4110560,,,,,,0,C:\Users\aspen\Desktop\CMPU395\CMPU-395-Project\data\streetview_images\4110560.0_3206.jpg,True,
4110560,,,,,,0,C:\Users\aspen\Desktop\CMPU395\CMPU-395-Project\data\streetview_images\4110560.0_3207.jpg,True,
4110560,,,,,,0,C:\Users\aspen\Desktop\CMPU395\CMPU-395-Project\data\streetview_images\4110560.0_3208.jpg,True,
4110560,,,,,,0,C:\Users\aspen\Desktop\CMPU395\CMPU-395-Project\data\streetview_images\4110560.0_3209.jpg,True,
4110560,,,,,,0,C:\Users\aspen\Desktop\CMPU395\CMPU-395-Project\data\streetview_images\4110560.0_3210.jpg,True,
4110560,,,,,,0,C:\Users\aspen\Desktop\CMPU395\CMPU-395-Project\data\streetview_images\4110560.0_3211.jpg,True,
4110560,,,,,,0,C:\Users\aspen\Desktop\CMPU395\CMPU-395-Project\data\streetview_images\4110560.0_3212.jpg,True,
4110560,,,,,,0,C:\Users\aspen\Desktop\CMPU395\CMPU-395-Project\data\streetview_images\4110560.0_3213.jpg,True,
4110560,,,,,,0,C:\Users\aspen\Desktop\CMPU395\CMPU-395-Project\data\streetview_images\4110560.0_3214.jpg,True,
4110560,,,,,,0,C:\Users\aspen\Desktop\CMPU395\CMPU-395-Project\data\streetview_images\4110560.0_3215.jpg,True,
4110560,,,,,,0,C:\Users\aspen\Desktop\CMPU395\CMPU-395-Project\data\streetview_images\4110560.0_3216.jpg,True,
4110560,,,,,,0,C:\Users\aspen\Desktop\CMPU395\CMPU-395-Project\data\streetview_images\4110560.0_3217.jpg,True,
4110560,,,,,,0,C:\Users\aspen\Desktop\CMPU395\CMPU-395-Project\data\streetview_images\4110560.0_3218.jpg,True,
4110560,,,,,,0,C:\Users\aspen\Desktop\CMPU395\CMPU-395-Project\data\streetview_images\4110560.0_3219.jpg,True,
4110560,,,,,,0,C:\Users\aspen\Desktop\CMPU395\CMPU-395-Project\data\streetview_images\4110560.0_3220.jpg,True,
4110560,,,,,,0,C:\Users\aspen\Desktop\CMPU395\CMPU-395-Project\data\streetview_images\4110560.0_3221.jpg,True,
4110560,,,,,,0,C:\Users\aspen\Desktop\CMPU395\CMPU-395-Project\data\streetview_images\4110560.0_3222.jpg,True,
4110560,,,,,,0,C:\Users\aspen\Desktop\CMPU395\CMPU-395-Project\data\streetview_images\4110560.0_3223.jpg,True,
4110560,,,,,,0,C:\Users\aspen\Desktop\CMPU395\CMPU-395-Project\data\streetview_images\4110560.0_3224.jpg,True,
4110560,,,,,,0,C:\Users\aspen\Desktop\CMPU395\CMPU-395-Project\data\streetview_images\4110560.0_3225.jpg,True,
4110560,,,,,,0,C:\Users\aspen\Desktop\CMPU395\CMPU-395-Project\data\streetview_images\4110560.0_3226.jpg,True,
4202820,,,,,,0,C:\Users\aspen\Desktop\CMPU395\CMPU-395-Project\data\streetview_images\4202820.0_3227.jpg,True,
4202820,,,,,,0,C:\Users\aspen\Desktop\CMPU395\CMPU-395-Project\data\streetview_images\4202820.0_3228.jpg,True,
4202820,,,,,,0,C:\Users\aspen\Desktop\CMPU395\CMPU-395-Project\data\streetview_images\4202820.0_3229.jpg,True,
4202820,,,,,,0,C:\Users\aspen\Desktop\CMPU395\CMPU-395-Project\data\streetview_images\4202820.0_3230.jpg,True,
4202820,,,,,,0,C:\Users\aspen\Desktop\CMPU395\CMPU-395-Project\data\streetview_images\4202820.0_3231.jpg,True,
4202820,,,,,,0,C:\Users\aspen\Desktop\CMPU395\CMPU-395-Project\data\streetview_images\4202820.0_3232.jpg,True,
4202820,,,,,,0,C:\Users\aspen\Desktop\CMPU395\CMPU-395-Project\data\streetview_images\4202820.0_3233.jpg,True,
4202820,,,,,,0,C:\Users\aspen\Desktop\CMPU395\CMPU-395-Project\data\streetview_images\4202820.0_3234.jpg,True,
4202820,,,,,,0,C:\Users\aspen\Desktop\CMPU395\CMPU-395-Project\data\streetview_images\4202820.0_3235.jpg,True,
4202820,,,,,,0,C:\Users\aspen\Desktop\CMPU395\CMPU-395-Project\data\streetview_images\4202820.0_3236.jpg,True,
4202820,,,,,,0,C:\Users\aspen\Desktop\CMPU395\CMPU-395-Project\data\streetview_images\4202820.0_3237.jpg,True,
4202820,,,,,,0,C:\Users\aspen\Desktop\CMPU395\CMPU-395-Project\data\streetview_images\4202820.0_3238.jpg,True,
4202820,,,,,,0,C:\Users\aspen\Desktop\CMPU395\CMPU-395-Project\data\streetview_images\4202820.0_3239.jpg,True,
4202820,,,,,,0,C:\Users\aspen\Desktop\CMPU395\CMPU-395-Project\data\streetview_images\4202820.0_3240.jpg,True,
4202820,,,,,,0,C:\Users\aspen\Desktop\CMPU395\CMPU-395-Project\data\streetview_images\4202820.0_3241.jpg,True,
4202820,,,,,,0,C:\Users\aspen\Desktop\CMPU395\CMPU-395-Project\data\streetview_images\4202820.0_3242.jpg,True,
4202820,,,,,,0,C:\Users\aspen\Desktop\CMPU395\CMPU-395-Project\data\streetview_images\4202820.0_3243.jpg,True,
4202820,,,,,,0,C:\Users\aspen\Desktop\CMPU395\CMPU-395-Project\data\streetview_images\4202820.0_3244.jpg,True,
4202820,,,,,,0,C:\Users\aspen\Desktop\CMPU395\CMPU-395-Project\data\streetview_images\4202820.0_3245.jpg,True,
4202820,,,,,,0,C:\Users\aspen\Desktop\CMPU395\CMPU-395-Project\data\streetview_images\4202820.0_3246.jpg,True,
4202820,,,,,,0,C:\Users\aspen\Desktop\CMPU395\CMPU-395-Project\data\streetview_images\4202820.0_3247.jpg,True,
4202820,,,,,,0,C:\Users\aspen\Desktop\CMPU395\CMPU-395-Project\data\streetview_images\4202820.0_3248.jpg,True,
4202820,,,,,,0,C:\Users\aspen\Desktop\CMPU395\CMPU-395-Project\data\streetview_images\4202820.0_3249.jpg,True,
4202820,,,,,,0,C:\Users\aspen\Desktop\CMPU395\CMPU-395-Project\data\streetview_images\4202820.0_3250.jpg,True,
4202820,,,,,,0,C:\Users\aspen\Desktop\CMPU395\CMPU-395-Project\data\streetview_images\4202820.0_3251.jpg,True,
4202820,,,,,,0,C:\Users\aspen\Desktop\CMPU395\CMPU-395-Project\data\streetview_images\4202820.0_3252.jpg,True,
4202820,,,,,,0,C:\Users\aspen\Desktop\CMPU395\CMPU-395-Project\data\streetview_images\4202820.0_3253.jpg,True,
4202820,,,,,,0,C:\Users\aspen\Desktop\CMPU395\CMPU-395-Project\data\streetview_images\4202820.0_3254.jpg,True,
4202820,,,,,,0,C:\Users\aspen\Desktop\CMPU395\CMPU-395-Project\data\streetview_images\4202820.0_3255.jpg,True,
4202820,,,,,,0,C:\Users\aspen\Desktop\CMPU395\CMPU-395-Project\data\streetview_images\4202820.0_3256.jpg,True,
4202820,,,,,,0,C:\Users\aspen\Desktop\CMPU395\CMPU-395-Project\data\streetview_images\4202820.0_3257.jpg,True,
4202820,,,,,,0,C:\Users\aspen\Desktop\CMPU395\CMPU-395-Project\data\streetview_images\4202820.0_3258.jpg,True,
4202820,,,,,,0,C:\Users\aspen\Desktop\CMPU395\CMPU-395-Project\data\streetview_images\4202820.0_3259.jpg,True,
4202820,,,,,,0,C:\Users\aspen\Desktop\CMPU395\CMPU-395-Project\data\streetview_images\4202820.0_3260.jpg,True,
4202820,,,,,,0,C:\Users\aspen\Desktop\CMPU395\CMPU-395-Project\data\streetview_images\4202820.0_3261.jpg,True,
4202820,,,,,,0,C:\Users\aspen\Desktop\CMPU395\CMPU-395-Project\data\streetview_images\4202820.0_3262.jpg,True,
4202820,,,,,,0,C:\Users\aspen\Desktop\CMPU395\CMPU-395-Project\data\streetview_images\4202820.0_3263.jpg,True,
4203240,,,,,,0,C:\Users\aspen\Desktop\CMPU395\CMPU-395-Project\data\streetview_images\4203240.0_3264.jpg,True,
4203240,,,,,,0,C:\Users\aspen\Desktop\CMPU395\CMPU-395-Project\data\streetview_images\4203240.0_3265.jpg,True,
4203240,,,,,,0,C:\Users\aspen\Desktop\CMPU395\CMPU-395-Project\data\streetview_images\4203240.0_3266.jpg,True,
4203240,,,,,,0,C:\Users\aspen\Desktop\CMPU395\CMPU-395-Project\data\streetview_images\4203240.0_3267.jpg,True,
4203240,,,,,,0,C:\Users\aspen\Desktop\CMPU395\CMPU-395-Project\data\streetview_images\4203240.0_3268.jpg,True,
4203240,,,,,,0,C:\Users\aspen\Desktop\CMPU395\CMPU-395-Project\data\streetview_images\4203240.0_3269.jpg,True,
4203240,,,,,,0,C:\Users\aspen\Desktop\CMPU395\CMPU-395-Project\data\streetview_images\4203240.0_3270.jpg,True,
4203240,,,,,,0,C:\Users\aspen\Desktop\CMPU395\CMPU-395-Project\data\streetview_images\4203240.0_3271.jpg,True,
4203240,,,,,,0,C:\Users\aspen\Desktop\CMPU395\CMPU-395-Project\data\streetview_images\4203240.0_3272.jpg,True,
4203240,,,,,,0,C:\Users\aspen\Desktop\CMPU395\CMPU-395-Project\data\streetview_images\4203240.0_3273.jpg,True,
4203240,,,,,,0,C:\Users\aspen\Desktop\CMPU395\CMPU-395-Project\data\streetview_images\4203240.0_3274.jpg,True,
4203240,,,,,,0,C:\Users\aspen\Desktop\CMPU395\CMPU-395-Project\data\streetview_images\4203240.0_3275.jpg,True,
4203240,,,,,,0,C:\Users\aspen\Desktop\CMPU395\CMPU-395-Project\data\streetview_images\4203240.0_3276.jpg,True,
4203240,,,,,,0,C:\Users\aspen\Desktop\CMPU395\CMPU-395-Project\data\streetview_images\4203240.0_3277.jpg,True,
4203390,,,,,,0,C:\Users\aspen\Desktop\CMPU395\CMPU-395-Project\data\streetview_images\4203390.0_3278.jpg,True,
4203390,,,,,,0,C:\Users\aspen\Desktop\CMPU395\CMPU-395-Project\data\streetview_images\4203390.0_3279.jpg,True,
4203390,,,,,,0,C:\Users\aspen\Desktop\CMPU395\CMPU-395-Project\data\streetview_images\4203390.0_3280.jpg,True,
4203390,,,,,,0,C:\Users\aspen\Desktop\CMPU395\CMPU-395-Project\data\streetview_images\4203390.0_3281.jpg,True,
4203390,,,,,,0,C:\Users\aspen\Desktop\CMPU395\CMPU-395-Project\data\streetview_images\4203390.0_3282.jpg,True,
4203390,,,,,,0,C:\Users\aspen\Desktop\CMPU395\CMPU-395-Project\data\streetview_images\4203390.0_3283.jpg,True,
4203390,,,,,,0,C:\Users\aspen\Desktop\CMPU395\CMPU-395-Project\data\streetview_images\4203390.0_3284.jpg,True,
4203390,,,,,,0,C:\Users\aspen\Desktop\CMPU395\CMPU-395-Project\data\streetview_images\4203390.0_3285.jpg,True,
4203510,,,,,,0,C:\Users\aspen\Desktop\CMPU395\CMPU-395-Project\data\streetview_images\4203510.0_3286.jpg,True,
4203510,,,,,,0,C:\Users\aspen\Desktop\CMPU395\CMPU-395-Project\data\streetview_images\4203510.0_3287.jpg,True,
4203510,,,,,,0,C:\Users\aspen\Desktop\CMPU395\CMPU-395-Project\data\streetview_images\4203510.0_3288.jpg,True,
4203510,,,,,,0,C:\Users\aspen\Desktop\CMPU395\CMPU-395-Project\data\streetview_images\4203510.0_3289.jpg,True,
4203510,,,,,,0,C:\Users\aspen\Desktop\CMPU395\CMPU-395-Project\data\streetview_images\4203510.0_3290.jpg,True,
4203510,,,,,,0,C:\Users\aspen\Desktop\CMPU395\CMPU-395-Project\data\streetview_images\4203510.0_3291.jpg,True,
4203510,,,,,,0,C:\Users\aspen\Desktop\CMPU395\CMPU-395-Project\data\streetview_images\4203510.0_3292.jpg,True,
4203510,,,,,,0,C:\Users\aspen\Desktop\CMPU395\CMPU-395-Project\data\streetview_images\4203510.0_3293.jpg,True,
4203510,,,,,,0,C:\Users\aspen\Desktop\CMPU395\CMPU-395-Project\data\streetview_images\4203510.0_3294.jpg,True,
4203510,,,,,,0,C:\Users\aspen\Desktop\CMPU395\CMPU-395-Project\data\streetview_images\4203510.0_3295.jpg,True,
4203510,,,,,,0,C:\Users\aspen\Desktop\CMPU395\CMPU-395-Project\data\streetview_images\4203510.0_3296.jpg,True,
4203510,,,,,,0,C:\Users\aspen\Desktop\CMPU395\CMPU-395-Project\data\streetview_images\4203510.0_3297.jpg,True,
4203510,,,,,,0,C:\Users\aspen\Desktop\CMPU395\CMPU-395-Project\data\streetview_images\4203510.0_3298.jpg,True,
4203510,,,,,,0,C:\Users\aspen\Desktop\CMPU395\CMPU-395-Project\data\streetview_images\4203510.0_3299.jpg,True,
4203510,,,,,,0,C:\Users\aspen\Desktop\CMPU395\CMPU-395-Project\data\streetview_images\4203510.0_3300.jpg,True,
4203510,,,,,,0,C:\Users\aspen\Desktop\CMPU395\CMPU-395-Project\data\streetview_images\4203510.0_3301.jpg,True,
4203510,,,,,,0,C:\Users\aspen\Desktop\CMPU395\CMPU-395-Project\data\streetview_images\4203510.0_3302.jpg,True,
4203510,,,,,,0,C:\Users\aspen\Desktop\CMPU395\CMPU-395-Project\data\streetview_images\4203510.0_3303.jpg,True,
4203510,,,,,,0,C:\Users\aspen\Desktop\CMPU395\CMPU-395-Project\data\streetview_images\4203510.0_3304.jpg,True,
4203510,,,,,,0,C:\Users\aspen\Desktop\CMPU395\CMPU-395-Project\data\streetview_images\4203510.0_3305.jpg,True,
4203510,,,,,,0,C:\Users\aspen\Desktop\CMPU395\CMPU-395-Project\data\streetview_images\4203510.0_3306.jpg,True,
4203510,,,,,,0,C:\Users\aspen\Desktop\CMPU395\CMPU-395-Project\data\streetview_images\4203510.0_3307.jpg,True,
4203510,,,,,,0,C:\Users\aspen\Desktop\CMPU395\CMPU-395-Project\data\streetview_images\4203510.0_3308.jpg,True,
4203510,,,,,,0,C:\Users\aspen\Desktop\CMPU395\CMPU-395-Project\data\streetview_images\4203510.0_3309.jpg,True,
4203510,,,,,,0,C:\Users\aspen\Desktop\CMPU395\CMPU-395-Project\data\streetview_images\4203510.0_3310.jpg,True,
4203510,,,,,,0,C:\Users\aspen\Desktop\CMPU395\CMPU-395-Project\data\streetview_images\4203510.0_3311.jpg,True,
4203510,,,,,,0,C:\Users\aspen\Desktop\CMPU395\CMPU-395-Project\data\streetview_images\4203510.0_3312.jpg,True,
4203510,,,,,,0,C:\Users\aspen\Desktop\CMPU395\CMPU-395-Project\data\streetview_images\4203510.0_3313.jpg,True,
4203510,,,,,,0,C:\Users\aspen\Desktop\CMPU395\CMPU-395-Project\data\streetview_images\4203510.0_3314.jpg,True,
4203510,,,,,,0,C:\Users\aspen\Desktop\CMPU395\CMPU-395-Project\data\streetview_images\4203510.0_3315.jpg,True,
4203510,,,,,,0,C:\Users\aspen\Desktop\CMPU395\CMPU-395-Project\data\streetview_images\4203510.0_3316.jpg,True,
4203510,,,,,,0,C:\Users\aspen\Desktop\CMPU395\CMPU-395-Project\data\streetview_images\4203510.0_3317.jpg,True,
4203510,,,,,,0,C:\Users\aspen\Desktop\CMPU395\CMPU-395-Project\data\streetview_images\4203510.0_3318.jpg,True,
4203510,,,,,,0,C:\Users\aspen\Desktop\CMPU395\CMPU-395-Project\data\streetview_images\4203510.0_3319.jpg,True,
4203510,,,,,,0,C:\Users\aspen\Desktop\CMPU395\CMPU-395-Project\data\streetview_images\4203510.0_3320.jpg,True,
4203510,,,,,,0,C:\Users\aspen\Desktop\CMPU395\CMPU-395-Project\data\streetview_images\4203510.0_3321.jpg,True,
4203510,,,,,,0,C:\Users\aspen\Desktop\CMPU395\CMPU-395-Project\data\streetview_images\4203510.0_3322.jpg,True,
4203510,,,,,,0,C:\Users\aspen\Desktop\CMPU395\CMPU-395-Project\data\streetview_images\4203510.0_3323.jpg,True,
4203510,,,,,,0,C:\Users\aspen\Desktop\CMPU395\CMPU-395-Project\data\streetview_images\4203510.0_3324.jpg,True,
4203510,,,,,,0,C:\Users\aspen\Desktop\CMPU395\CMPU-395-Project\data\streetview_images\4203510.0_3325.jpg,True,
4204920,,,,,,0,C:\Users\aspen\Desktop\CMPU395\CMPU-395-Project\data\streetview_images\4204920.0_3326.jpg,True,
4204920,,,,,,0,C:\Users\aspen\Desktop\CMPU395\CMPU-395-Project\data\streetview_images\4204920.0_3327.jpg,True,
4205700,,,,,,0,C:\Users\aspen\Desktop\CMPU395\CMPU-395-Project\data\streetview_images\4205700.0_3328.jpg,True,
4205700,,,,,,0,C:\Users\aspen\Desktop\CMPU395\CMPU-395-Project\data\streetview_images\4205700.0_3329.jpg,True,
4205700,,,,,,0,C:\Users\aspen\Desktop\CMPU395\CMPU-395-Project\data\streetview_images\4205700.0_3330.jpg,True,
4205700,,,,,,0,C:\Users\aspen\Desktop\CMPU395\CMPU-395-Project\data\streetview_images\4205700.0_3331.jpg,True,
4205700,,,,,,0,C:\Users\aspen\Desktop\CMPU395\CMPU-395-Project\data\streetview_images\4205700.0_3332.jpg,True,
4205700,,,,,,0,C:\Users\aspen\Desktop\CMPU395\CMPU-395-Project\data\streetview_images\4205700.0_3333.jpg,True,
4205700,,,,,,0,C:\Users\aspen\Desktop\CMPU395\CMPU-395-Project\data\streetview_images\4205700.0_3334.jpg,True,
4205700,,,,,,0,C:\Users\aspen\Desktop\CMPU395\CMPU-395-Project\data\streetview_images\4205700.0_3335.jpg,True,
4205700,,,,,,0,C:\Users\aspen\Desktop\CMPU395\CMPU-395-Project\data\streetview_images\4205700.0_3336.jpg,True,
4205700,,,,,,0,C:\Users\aspen\Desktop\CMPU395\CMPU-395-Project\data\streetview_images\4205700.0_3337.jpg,True,
4205700,,,,,,0,C:\Users\aspen\Desktop\CMPU395\CMPU-395-Project\data\streetview_images\4205700.0_3338.jpg,True,
4205700,,,,,,0,C:\Users\aspen\Desktop\CMPU395\CMPU-395-Project\data\streetview_images\4205700.0_3339.jpg,True,
4205700,,,,,,0,C:\Users\aspen\Desktop\CMPU395\CMPU-395-Project\data\streetview_images\4205700.0_3340.jpg,True,
4205700,,,,,,0,C:\Users\aspen\Desktop\CMPU395\CMPU-395-Project\data\streetview_images\4205700.0_3341.jpg,True,
4205700,,,,,,0,C:\Users\aspen\Desktop\CMPU395\CMPU-395-Project\data\streetview_images\4205700.0_3342.jpg,True,
4205700,,,,,,0,C:\Users\aspen\Desktop\CMPU395\CMPU-395-Project\data\streetview_images\4205700.0_3343.jpg,True,
4205700,,,,,,0,C:\Users\aspen\Desktop\CMPU395\CMPU-395-Project\data\streetview_images\4205700.0_3344.jpg,True,
4205700,,,,,,0,C:\Users\aspen\Desktop\CMPU395\CMPU-395-Project\data\streetview_images\4205700.0_3345.jpg,True,
4205700,,,,,,0,C:\Users\aspen\Desktop\CMPU395\CMPU-395-Project\data\streetview_images\4205700.0_3346.jpg,True,
4205700,,,,,,0,C:\Users\aspen\Desktop\CMPU395\CMPU-395-Project\data\streetview_images\4205700.0_3347.jpg,True,
4205700,,,,,,0,C:\Users\aspen\Desktop\CMPU395\CMPU-395-Project\data\streetview_images\4205700.0_3348.jpg,True,
4205700,,,,,,0,C:\Users\aspen\Desktop\CMPU395\CMPU-395-Project\data\streetview_images\4205700.0_3349.jpg,True,
4205700,,,,,,0,C:\Users\aspen\Desktop\CMPU395\CMPU-395-Project\data\streetview_images\4205700.0_3350.jpg,True,
4205700,,,,,,0,C:\Users\aspen\Desktop\CMPU395\CMPU-395-Project\data\streetview_images\4205700.0_3351.jpg,True,
4205700,,,,,,0,C:\Users\aspen\Desktop\CMPU395\CMPU-395-Project\data\streetview_images\4205700.0_3352.jpg,True,
4205700,,,,,,0,C:\Users\aspen\Desktop\CMPU395\CMPU-395-Project\data\streetview_images\4205700.0_3353.jpg,True,
4205700,,,,,,0,C:\Users\aspen\Desktop\CMPU395\CMPU-395-Project\data\streetview_images\4205700.0_3354.jpg,True,
4205700,,,,,,0,C:\Users\aspen\Desktop\CMPU395\CMPU-395-Project\data\streetview_images\4205700.0_3355.jpg,True,
4205700,,,,,,0,C:\Users\aspen\Desktop\CMPU395\CMPU-395-Project\data\streetview_images\4205700.0_3356.jpg,True,
4205700,,,,,,0,C:\Users\aspen\Desktop\CMPU395\CMPU-395-Project\data\streetview_images\4205700.0_3357.jpg,True,
4205700,,,,,,0,C:\Users\aspen\Desktop\CMPU395\CMPU-395-Project\data\streetview_images\4205700.0_3358.jpg,True,
4205700,,,,,,0,C:\Users\aspen\Desktop\CMPU395\CMPU-395-Project\data\streetview_images\4205700.0_3359.jpg,True,
4205700,,,,,,0,C:\Users\aspen\Desktop\CMPU395\CMPU-395-Project\data\streetview_images\4205700.0_3360.jpg,True,
4205700,,,,,,0,C:\Users\aspen\Desktop\CMPU395\CMPU-395-Project\data\streetview_images\4205700.0_3361.jpg,True,
4205700,,,,,,0,C:\Users\aspen\Desktop\CMPU395\CMPU-395-Project\data\streetview_images\4205700.0_3362.jpg,True,
4205700,,,,,,0,C:\Users\aspen\Desktop\CMPU395\CMPU-395-Project\data\streetview_images\4205700.0_3363.jpg,True,
4205700,,,,,,0,C:\Users\aspen\Desktop\CMPU395\CMPU-395-Project\data\streetview_images\4205700.0_3364.jpg,True,
4205700,,,,,,0,C:\Users\aspen\Desktop\CMPU395\CMPU-395-Project\data\streetview_images\4205700.0_3365.jpg,True,
4205700,,,,,,0,C:\Users\aspen\Desktop\CMPU395\CMPU-395-Project\data\streetview_images\4205700.0_3366.jpg,True,
4205700,,,,,,0,C:\Users\aspen\Desktop\CMPU395\CMPU-395-Project\data\streetview_images\4205700.0_3367.jpg,True,
4206240,,,,,,0,C:\Users\aspen\Desktop\CMPU395\CMPU-395-Project\data\streetview_images\4206240.0_3368.jpg,True,
4206240,,,,,,0,C:\Users\aspen\Desktop\CMPU395\CMPU-395-Project\data\streetview_images\4206240.0_3369.jpg,True,
4206240,,,,,,0,C:\Users\aspen\Desktop\CMPU395\CMPU-395-Project\data\streetview_images\4206240.0_3370.jpg,True,
4206240,,,,,,0,C:\Users\aspen\Desktop\CMPU395\CMPU-395-Project\data\streetview_images\4206240.0_3371.jpg,True,
4206240,,,,,,0,C:\Users\aspen\Desktop\CMPU395\CMPU-395-Project\data\streetview_images\4206240.0_3372.jpg,True,
4206240,,,,,,0,C:\Users\aspen\Desktop\CMPU395\CMPU-395-Project\data\streetview_images\4206240.0_3373.jpg,True,
4206240,,,,,,0,C:\Users\aspen\Desktop\CMPU395\CMPU-395-Project\data\streetview_images\4206240.0_3374.jpg,True,
4206240,,,,,,0,C:\Users\aspen\Desktop\CMPU395\CMPU-395-Project\data\streetview_images\4206240.0_3375.jpg,True,
4206240,,,,,,0,C:\Users\aspen\Desktop\CMPU395\CMPU-395-Project\data\streetview_images\4206240.0_3376.jpg,True,
4206240,,,,,,0,C:\Users\aspen\Desktop\CMPU395\CMPU-395-Project\data\streetview_images\4206240.0_3377.jpg,True,
4206240,,,,,,0,C:\Users\aspen\Desktop\CMPU395\CMPU-395-Project\data\streetview_images\4206240.0_3378.jpg,True,
4206240,,,,,,0,C:\Users\aspen\Desktop\CMPU395\CMPU-395-Project\data\streetview_images\4206240.0_3379.jpg,True,
4206240,,,,,,0,C:\Users\aspen\Desktop\CMPU395\CMPU-395-Project\data\streetview_images\4206240.0_3380.jpg,True,
4206240,,,,,,0,C:\Users\aspen\Desktop\CMPU395\CMPU-395-Project\data\streetview_images\4206240.0_3381.jpg,True,
4206240,,,,,,0,C:\Users\aspen\Desktop\CMPU395\CMPU-395-Project\data\streetview_images\4206240.0_3382.jpg,True,
4206240,,,,,,0,C:\Users\aspen\Desktop\CMPU395\CMPU-395-Project\data\streetview_images\4206240.0_3383.jpg,True,
4206240,,,,,,0,C:\Users\aspen\Desktop\CMPU395\CMPU-395-Project\data\streetview_images\4206240.0_3384.jpg,True,
4206240,,,,,,0,C:\Users\aspen\Desktop\CMPU395\CMPU-395-Project\data\streetview_images\4206240.0_3385.jpg,True,
4206240,,,,,,0,C:\Users\aspen\Desktop\CMPU395\CMPU-395-Project\data\streetview_images\4206240.0_3386.jpg,True,
4206240,,,,,,0,C:\Users\aspen\Desktop\CMPU395\CMPU-395-Project\data\streetview_images\4206240.0_3387.jpg,True,
4206240,,,,,,0,C:\Users\aspen\Desktop\CMPU395\CMPU-395-Project\data\streetview_images\4206240.0_3388.jpg,True,
4206240,,,,,,0,C:\Users\aspen\Desktop\CMPU395\CMPU-395-Project\data\streetview_images\4206240.0_3389.jpg,True,
4206240,,,,,,0,C:\Users\aspen\Desktop\CMPU395\CMPU-395-Project\data\streetview_images\4206240.0_3390.jpg,True,
4206240,,,,,,0,C:\Users\aspen\Desktop\CMPU395\CMPU-395-Project\data\streetview_images\4206240.0_3391.jpg,True,
4206240,,,,,,0,C:\Users\aspen\Desktop\CMPU395\CMPU-395-Project\data\streetview_images\4206240.0_3392.jpg,True,
4206240,,,,,,0,C:\Users\aspen\Desktop\CMPU395\CMPU-395-Project\data\streetview_images\4206240.0_3393.jpg,True,
4206240,,,,,,0,C:\Users\aspen\Desktop\CMPU395\CMPU-395-Project\data\streetview_images\4206240.0_3394.jpg,True,
4206240,,,,,,0,C:\Users\aspen\Desktop\CMPU395\CMPU-395-Project\data\streetview_images\4206240.0_3395.jpg,True,
4206240,,,,,,0,C:\Users\aspen\Desktop\CMPU395\CMPU-395-Project\data\streetview_images\4206240.0_3396.jpg,True,
4206240,,,,,,0,C:\Users\aspen\Desktop\CMPU395\CMPU-395-Project\data\streetview_images\4206240.0_3397.jpg,True,
4206660,,,,,,0,C:\Users\aspen\Desktop\CMPU395\CMPU-395-Project\data\streetview_images\4206660.0_3398.jpg,True,
4206660,,,,,,0,C:\Users\aspen\Desktop\CMPU395\CMPU-395-Project\data\streetview_images\4206660.0_3399.jpg,True,
4206660,,,,,,0,C:\Users\aspen\Desktop\CMPU395\CMPU-395-Project\data\streetview_images\4206660.0_3400.jpg,True,
4206660,,,,,,0,C:\Users\aspen\Desktop\CMPU395\CMPU-395-Project\data\streetview_images\4206660.0_3401.jpg,True,
4206660,,,,,,0,C:\Users\aspen\Desktop\CMPU395\CMPU-395-Project\data\streetview_images\4206660.0_3402.jpg,True,
4206660,,,,,,0,C:\Users\aspen\Desktop\CMPU395\CMPU-395-Project\data\streetview_images\4206660.0_3403.jpg,True,
4206660,,,,,,0,C:\Users\aspen\Desktop\CMPU395\CMPU-395-Project\data\streetview_images\4206660.0_3404.jpg,True,
4208550,,,,,,0,C:\Users\aspen\Desktop\CMPU395\CMPU-395-Project\data\streetview_images\4208550.0_3405.jpg,True,
4208550,,,,,,0,C:\Users\aspen\Desktop\CMPU395\CMPU-395-Project\data\streetview_images\4208550.0_3406.jpg,True,
4208550,,,,,,0,C:\Users\aspen\Desktop\CMPU395\CMPU-395-Project\data\streetview_images\4208550.0_3407.jpg,True,
4208550,,,,,,0,C:\Users\aspen\Desktop\CMPU395\CMPU-395-Project\data\streetview_images\4208550.0_3408.jpg,True,
4208550,,,,,,0,C:\Users\aspen\Desktop\CMPU395\CMPU-395-Project\data\streetview_images\4208550.0_3409.jpg,True,
4208550,,,,,,0,C:\Users\aspen\Desktop\CMPU395\CMPU-395-Project\data\streetview_images\4208550.0_3410.jpg,True,
4208550,,,,,,0,C:\Users\aspen\Desktop\CMPU395\CMPU-395-Project\data\streetview_images\4208550.0_3411.jpg,True,
4208550,,,,,,0,C:\Users\aspen\Desktop\CMPU395\CMPU-395-Project\data\streetview_images\4208550.0_3412.jpg,True,
4208550,,,,,,0,C:\Users\aspen\Desktop\CMPU395\CMPU-395-Project\data\streetview_images\4208550.0_3413.jpg,True,
4208550,,,,,,0,C:\Users\aspen\Desktop\CMPU395\CMPU-395-Project\data\streetview_images\4208550.0_3414.jpg,True,
4208550,,,,,,0,C:\Users\aspen\Desktop\CMPU395\CMPU-395-Project\data\streetview_images\4208550.0_3415.jpg,True,
4208550,,,,,,0,C:\Users\aspen\Desktop\CMPU395\CMPU-395-Project\data\streetview_images\4208550.0_3416.jpg,True,
4208550,,,,,,0,C:\Users\aspen\Desktop\CMPU395\CMPU-395-Project\data\streetview_images\4208550.0_3417.jpg,True,
4208550,,,,,,0,C:\Users\aspen\Desktop\CMPU395\CMPU-395-Project\data\streetview_images\4208550.0_3418.jpg,True,
4208550,,,,,,0,C:\Users\aspen\Desktop\CMPU395\CMPU-395-Project\data\streetview_images\4208550.0_3419.jpg,True,
4208550,,,,,,0,C:\Users\aspen\Desktop\CMPU395\CMPU-395-Project\data\streetview_images\4208550.0_3420.jpg,True,
4208550,,,,,,0,C:\Users\aspen\Desktop\CMPU395\CMPU-395-Project\data\streetview_images\4208550.0_3421.jpg,True,
4208550,,,,,,0,C:\Users\aspen\Desktop\CMPU395\CMPU-395-Project\data\streetview_images\4208550.0_3422.jpg,True,
4208550,,,,,,0,C:\Users\aspen\Desktop\CMPU395\CMPU-395-Project\data\streetview_images\4208550.0_3423.jpg,True,
4208550,,,,,,0,C:\Users\aspen\Desktop\CMPU395\CMPU-395-Project\data\streetview_images\4208550.0_3424.jpg,True,
4208550,,,,,,0,C:\Users\aspen\Desktop\CMPU395\CMPU-395-Project\data\streetview_images\4208550.0_3425.jpg,True,
4208550,,,,,,0,C:\Users\aspen\Desktop\CMPU395\CMPU-395-Project\data\streetview_images\4208550.0_3426.jpg,True,
4208550,,,,,,0,C:\Users\aspen\Desktop\CMPU395\CMPU-395-Project\data\streetview_images\4208550.0_3427.jpg,True,
4208550,,,,,,0,C:\Users\aspen\Desktop\CMPU395\CMPU-395-Project\data\streetview_images\4208550.0_3428.jpg,True,
4208550,,,,,,0,C:\Users\aspen\Desktop\CMPU395\CMPU-395-Project\data\streetview_images\4208550.0_3429.jpg,True,
4208550,,,,,,0,C:\Users\aspen\Desktop\CMPU395\CMPU-395-Project\data\streetview_images\4208550.0_3430.jpg,True,
4208550,,,,,,0,C:\Users\aspen\Desktop\CMPU395\CMPU-395-Project\data\streetview_images\4208550.0_3431.jpg,True,
4208550,,,,,,0,C:\Users\aspen\Desktop\CMPU395\CMPU-395-Project\data\streetview_images\4208550.0_3432.jpg,True,
4208550,,,,,,0,C:\Users\aspen\Desktop\CMPU395\CMPU-395-Project\data\streetview_images\4208550.0_3433.jpg,True,
4208550,,,,,,0,C:\Users\aspen\Desktop\CMPU395\CMPU-395-Project\data\streetview_images\4208550.0_3434.jpg,True,
4208550,,,,,,0,C:\Users\aspen\Desktop\CMPU395\CMPU-395-Project\data\streetview_images\4208550.0_3435.jpg,True,
4208550,,,,,,0,C:\Users\aspen\Desktop\CMPU395\CMPU-395-Project\data\streetview_images\4208550.0_3436.jpg,True,
4208550,,,,,,0,C:\Users\aspen\Desktop\CMPU395\CMPU-395-Project\data\streetview_images\4208550.0_3437.jpg,True,
4208550,,,,,,0,C:\Users\aspen\Desktop\CMPU395\CMPU-395-Project\data\streetview_images\4208550.0_3438.jpg,True,
4208550,,,,,,0,C:\Users\aspen\Desktop\CMPU395\CMPU-395-Project\data\streetview_images\4208550.0_3439.jpg,True,
4208550,,,,,,0,C:\Users\aspen\Desktop\CMPU395\CMPU-395-Project\data\streetview_images\4208550.0_3440.jpg,True,
4208550,,,,,,0,C:\Users\aspen\Desktop\CMPU395\CMPU-395-Project\data\streetview_images\4208550.0_3441.jpg,True,
4208550,,,,,,0,C:\Users\aspen\Desktop\CMPU395\CMPU-395-Project\data\streetview_images\4208550.0_3442.jpg,True,
4208550,,,,,,0,C:\Users\aspen\Desktop\CMPU395\CMPU-395-Project\data\streetview_images\4208550.0_3443.jpg,True,
4208550,,,,,,0,C:\Users\aspen\Desktop\CMPU395\CMPU-395-Project\data\streetview_images\4208550.0_3444.jpg,True,
4209480,,,,,,0,C:\Users\aspen\Desktop\CMPU395\CMPU-395-Project\data\streetview_images\4209480.0_3445.jpg,True,
4209480,,,,,,0,C:\Users\aspen\Desktop\CMPU395\CMPU-395-Project\data\streetview_images\4209480.0_3446.jpg,True,
4209480,,,,,,0,C:\Users\aspen\Desktop\CMPU395\CMPU-395-Project\data\streetview_images\4209480.0_3447.jpg,True,
4209480,,,,,,0,C:\Users\aspen\Desktop\CMPU395\CMPU-395-Project\data\streetview_images\4209480.0_3448.jpg,True,
4209480,,,,,,0,C:\Users\aspen\Desktop\CMPU395\CMPU-395-Project\data\streetview_images\4209480.0_3449.jpg,True,
4209480,,,,,,0,C:\Users\aspen\Desktop\CMPU395\CMPU-395-Project\data\streetview_images\4209480.0_3450.jpg,True,
4209480,,,,,,0,C:\Users\aspen\Desktop\CMPU395\CMPU-395-Project\data\streetview_images\4209480.0_3451.jpg,True,
4209480,,,,,,0,C:\Users\aspen\Desktop\CMPU395\CMPU-395-Project\data\streetview_images\4209480.0_3452.jpg,True,
4209480,,,,,,0,C:\Users\aspen\Desktop\CMPU395\CMPU-395-Project\data\streetview_images\4209480.0_3453.jpg,True,
4209480,,,,,,0,C:\Users\aspen\Desktop\CMPU395\CMPU-395-Project\data\streetview_images\4209480.0_3454.jpg,True,
4209480,,,,,,0,C:\Users\aspen\Desktop\CMPU395\CMPU-395-Project\data\streetview_images\4209480.0_3455.jpg,True,
4209480,,,,,,0,C:\Users\aspen\Desktop\CMPU395\CMPU-395-Project\data\streetview_images\4209480.0_3456.jpg,True,
4209480,,,,,,0,C:\Users\aspen\Desktop\CMPU395\CMPU-395-Project\data\streetview_images\4209480.0_3457.jpg,True,
4209480,,,,,,0,C:\Users\aspen\Desktop\CMPU395\CMPU-395-Project\data\streetview_images\4209480.0_3458.jpg,True,
4209480,,,,,,0,C:\Users\aspen\Desktop\CMPU395\CMPU-395-Project\data\streetview_images\4209480.0_3459.jpg,True,
4209480,,,,,,0,C:\Users\aspen\Desktop\CMPU395\CMPU-395-Project\data\streetview_images\4209480.0_3460.jpg,True,
4209480,,,,,,0,C:\Users\aspen\Desktop\CMPU395\CMPU-395-Project\data\streetview_images\4209480.0_3461.jpg,True,
4209480,,,,,,0,C:\Users\aspen\Desktop\CMPU395\CMPU-395-Project\data\streetview_images\4209480.0_3462.jpg,True,
4209480,,,,,,0,C:\Users\aspen\Desktop\CMPU395\CMPU-395-Project\data\streetview_images\4209480.0_3463.jpg,True,
4209480,,,,,,0,C:\Users\aspen\Desktop\CMPU395\CMPU-395-Project\data\streetview_images\4209480.0_3464.jpg,True,
4209480,,,,,,0,C:\Users\aspen\Desktop\CMPU395\CMPU-395-Project\data\streetview_images\4209480.0_3465.jpg,True,
4209480,,,,,,0,C:\Users\aspen\Desktop\CMPU395\CMPU-395-Project\data\streetview_images\4209480.0_3466.jpg,True,
4209480,,,,,,0,C:\Users\aspen\Desktop\CMPU395\CMPU-395-Project\data\streetview_images\4209480.0_3467.jpg,True,
4209480,,,,,,0,C:\Users\aspen\Desktop\CMPU395\CMPU-395-Project\data\streetview_images\4209480.0_3468.jpg,True,
4209480,,,,,,0,C:\Users\aspen\Desktop\CMPU395\CMPU-395-Project\data\streetview_images\4209480.0_3469.jpg,True,
4209480,,,,,,0,C:\Users\aspen\Desktop\CMPU395\CMPU-395-Project\data\streetview_images\4209480.0_3470.jpg,True,
4209480,,,,,,0,C:\Users\aspen\Desktop\CMPU395\CMPU-395-Project\data\streetview_images\4209480.0_3471.jpg,True,
4209480,,,,,,0,C:\Users\aspen\Desktop\CMPU395\CMPU-395-Project\data\streetview_images\4209480.0_3472.jpg,True,
4209480,,,,,,0,C:\Users\aspen\Desktop\CMPU395\CMPU-395-Project\data\streetview_images\4209480.0_3473.jpg,True,
4209480,,,,,,0,C:\Users\aspen\Desktop\CMPU395\CMPU-395-Project\data\streetview_images\4209480.0_3474.jpg,True,
4209480,,,,,,0,C:\Users\aspen\Desktop\CMPU395\CMPU-395-Project\data\streetview_images\4209480.0_3475.jpg,True,
4209480,,,,,,0,C:\Users\aspen\Desktop\CMPU395\CMPU-395-Project\data\streetview_images\4209480.0_3476.jpg,True,
4209480,,,,,,0,C:\Users\aspen\Desktop\CMPU395\CMPU-395-Project\data\streetview_images\4209480.0_3477.jpg,True,
4209480,,,,,,0,C:\Users\aspen\Desktop\CMPU395\CMPU-395-Project\data\streetview_images\4209480.0_3478.jpg,True,
4209480,,,,,,0,C:\Users\aspen\Desktop\CMPU395\CMPU-395-Project\data\streetview_images\4209480.0_3479.jpg,True,
4209480,,,,,,0,C:\Users\aspen\Desktop\CMPU395\CMPU-395-Project\data\streetview_images\4209480.0_3480.jpg,True,
4209480,,,,,,0,C:\Users\aspen\Desktop\CMPU395\CMPU-395-Project\data\streetview_images\4209480.0_3481.jpg,True,
4212300,,,,,,0,C:\Users\aspen\Desktop\CMPU395\CMPU-395-Project\data\streetview_images\4212300.0_3482.jpg,True,
4212300,,,,,,0,C:\Users\aspen\Desktop\CMPU395\CMPU-395-Project\data\streetview_images\4212300.0_3483.jpg,True,
4212300,,,,,,0,C:\Users\aspen\Desktop\CMPU395\CMPU-395-Project\data\streetview_images\4212300.0_3484.jpg,True,
4212300,,,,,,0,C:\Users\aspen\Desktop\CMPU395\CMPU-395-Project\data\streetview_images\4212300.0_3485.jpg,True,
4212300,,,,,,0,C:\Users\aspen\Desktop\CMPU395\CMPU-395-Project\data\streetview_images\4212300.0_3486.jpg,True,
4212300,,,,,,0,C:\Users\aspen\Desktop\CMPU395\CMPU-395-Project\data\streetview_images\4212300.0_3487.jpg,True,
4212300,,,,,,0,C:\Users\aspen\Desktop\CMPU395\CMPU-395-Project\data\streetview_images\4212300.0_3488.jpg,True,
4212300,,,,,,0,C:\Users\aspen\Desktop\CMPU395\CMPU-395-Project\data\streetview_images\4212300.0_3489.jpg,True,
4212570,,,,,,0,C:\Users\aspen\Desktop\CMPU395\CMPU-395-Project\data\streetview_images\4212570.0_3490.jpg,True,
4212570,,,,,,0,C:\Users\aspen\Desktop\CMPU395\CMPU-395-Project\data\streetview_images\4212570.0_3491.jpg,True,
4212570,,,,,,0,C:\Users\aspen\Desktop\CMPU395\CMPU-395-Project\data\streetview_images\4212570.0_3492.jpg,True,
4212570,,,,,,0,C:\Users\aspen\Desktop\CMPU395\CMPU-395-Project\data\streetview_images\4212570.0_3493.jpg,True,
4212570,,,,,,0,C:\Users\aspen\Desktop\CMPU395\CMPU-395-Project\data\streetview_images\4212570.0_3494.jpg,True,
4212570,,,,,,0,C:\Users\aspen\Desktop\CMPU395\CMPU-395-Project\data\streetview_images\4212570.0_3495.jpg,True,
4213020,,,,,,0,C:\Users\aspen\Desktop\CMPU395\CMPU-395-Project\data\streetview_images\4213020.0_3496.jpg,True,
4213020,,,,,,0,C:\Users\aspen\Desktop\CMPU395\CMPU-395-Project\data\streetview_images\4213020.0_3497.jpg,True,
4213320,,,,,,0,C:\Users\aspen\Desktop\CMPU395\CMPU-395-Project\data\streetview_images\4213320.0_3498.jpg,True,
4213320,,,,,,0,C:\Users\aspen\Desktop\CMPU395\CMPU-395-Project\data\streetview_images\4213320.0_3499.jpg,True,
4213320,,,,,,0,C:\Users\aspen\Desktop\CMPU395\CMPU-395-Project\data\streetview_images\4213320.0_3500.jpg,True,
4213320,,,,,,0,C:\Users\aspen\Desktop\CMPU395\CMPU-395-Project\data\streetview_images\4213320.0_3501.jpg,True,
4213320,,,,,,0,C:\Users\aspen\Desktop\CMPU395\CMPU-395-Project\data\streetview_images\4213320.0_3502.jpg,True,
4213320,,,,,,0,C:\Users\aspen\Desktop\CMPU395\CMPU-395-Project\data\streetview_images\4213320.0_3503.jpg,True,
4213320,,,,,,0,C:\Users\aspen\Desktop\CMPU395\CMPU-395-Project\data\streetview_images\4213320.0_3504.jpg,True,
4213320,,,,,,0,C:\Users\aspen\Desktop\CMPU395\CMPU-395-Project\data\streetview_images\4213320.0_3505.jpg,True,
4213320,,,,,,0,C:\Users\aspen\Desktop\CMPU395\CMPU-395-Project\data\streetview_images\4213320.0_3506.jpg,True,
4213320,,,,,,0,C:\Users\aspen\Desktop\CMPU395\CMPU-395-Project\data\streetview_images\4213320.0_3507.jpg,True,
4213320,,,,,,0,C:\Users\aspen\Desktop\CMPU395\CMPU-395-Project\data\streetview_images\4213320.0_3508.jpg,True,
4213320,,,,,,0,C:\Users\aspen\Desktop\CMPU395\CMPU-395-Project\data\streetview_images\4213320.0_3509.jpg,True,
4213320,,,,,,0,C:\Users\aspen\Desktop\CMPU395\CMPU-395-Project\data\streetview_images\4213320.0_3510.jpg,True,
4213320,,,,,,0,C:\Users\aspen\Desktop\CMPU395\CMPU-395-Project\data\streetview_images\4213320.0_3511.jpg,True,
4213320,,,,,,0,C:\Users\aspen\Desktop\CMPU395\CMPU-395-Project\data\streetview_images\4213320.0_3512.jpg,True,
4213320,,,,,,0,C:\Users\aspen\Desktop\CMPU395\CMPU-395-Project\data\streetview_images\4213320.0_3513.jpg,True,
4213320,,,,,,0,C:\Users\aspen\Desktop\CMPU395\CMPU-395-Project\data\streetview_images\4213320.0_3514.jpg,True,
4213710,,,,,,0,C:\Users\aspen\Desktop\CMPU395\CMPU-395-Project\data\streetview_images\4213710.0_3515.jpg,True,
4213710,,,,,,0,C:\Users\aspen\Desktop\CMPU395\CMPU-395-Project\data\streetview_images\4213710.0_3516.jpg,True,
4213710,,,,,,0,C:\Users\aspen\Desktop\CMPU395\CMPU-395-Project\data\streetview_images\4213710.0_3517.jpg,True,
4213710,,,,,,0,C:\Users\aspen\Desktop\CMPU395\CMPU-395-Project\data\streetview_images\4213710.0_3518.jpg,True,
4213710,,,,,,0,C:\Users\aspen\Desktop\CMPU395\CMPU-395-Project\data\streetview_images\4213710.0_3519.jpg,True,
4213710,,,,,,0,C:\Users\aspen\Desktop\CMPU395\CMPU-395-Project\data\streetview_images\4213710.0_3520.jpg,True,
4213710,,,,,,0,C:\Users\aspen\Desktop\CMPU395\CMPU-395-Project\data\streetview_images\4213710.0_3521.jpg,True,
4213710,,,,,,0,C:\Users\aspen\Desktop\CMPU395\CMPU-395-Project\data\streetview_images\4213710.0_3522.jpg,True,
4215240,,,,,,0,C:\Users\aspen\Desktop\CMPU395\CMPU-395-Project\data\streetview_images\4215240.0_3523.jpg,True,
4215240,,,,,,0,C:\Users\aspen\Desktop\CMPU395\CMPU-395-Project\data\streetview_images\4215240.0_3524.jpg,True,
4215240,,,,,,0,C:\Users\aspen\Desktop\CMPU395\CMPU-395-Project\data\streetview_images\4215240.0_3525.jpg,True,
4215240,,,,,,0,C:\Users\aspen\Desktop\CMPU395\CMPU-395-Project\data\streetview_images\4215240.0_3526.jpg,True,
4215240,,,,,,0,C:\Users\aspen\Desktop\CMPU395\CMPU-395-Project\data\streetview_images\4215240.0_3527.jpg,True,
4215240,,,,,,0,C:\Users\aspen\Desktop\CMPU395\CMPU-395-Project\data\streetview_images\4215240.0_3528.jpg,True,
4215240,,,,,,0,C:\Users\aspen\Desktop\CMPU395\CMPU-395-Project\data\streetview_images\4215240.0_3529.jpg,True,
4215240,,,,,,0,C:\Users\aspen\Desktop\CMPU395\CMPU-395-Project\data\streetview_images\4215240.0_3530.jpg,True,
4215240,,,,,,0,C:\Users\aspen\Desktop\CMPU395\CMPU-395-Project\data\streetview_images\4215240.0_3531.jpg,True,
4215240,,,,,,0,C:\Users\aspen\Desktop\CMPU395\CMPU-395-Project\data\streetview_images\4215240.0_3532.jpg,True,
4215240,,,,,,0,C:\Users\aspen\Desktop\CMPU395\CMPU-395-Project\data\streetview_images\4215240.0_3533.jpg,True,
4215240,,,,,,0,C:\Users\aspen\Desktop\CMPU395\CMPU-395-Project\data\streetview_images\4215240.0_3534.jpg,True,
4215240,,,,,,0,C:\Users\aspen\Desktop\CMPU395\CMPU-395-Project\data\streetview_images\4215240.0_3535.jpg,True,
4215240,,,,,,0,C:\Users\aspen\Desktop\CMPU395\CMPU-395-Project\data\streetview_images\4215240.0_3536.jpg,True,
4215240,,,,,,0,C:\Users\aspen\Desktop\CMPU395\CMPU-395-Project\data\streetview_images\4215240.0_3537.jpg,True,
4215240,,,,,,0,C:\Users\aspen\Desktop\CMPU395\CMPU-395-Project\data\streetview_images\4215240.0_3538.jpg,True,
4215240,,,,,,0,C:\Users\aspen\Desktop\CMPU395\CMPU-395-Project\data\streetview_images\4215240.0_3539.jpg,True,
4215240,,,,,,0,C:\Users\aspen\Desktop\CMPU395\CMPU-395-Project\data\streetview_images\4215240.0_3540.jpg,True,
4215240,,,,,,0,C:\Users\aspen\Desktop\CMPU395\CMPU-395-Project\data\streetview_images\4215240.0_3541.jpg,True,
4215240,,,,,,0,C:\Users\aspen\Desktop\CMPU395\CMPU-395-Project\data\streetview_images\4215240.0_3542.jpg,True,
4215240,,,,,,0,C:\Users\aspen\Desktop\CMPU395\CMPU-395-Project\data\streetview_images\4215240.0_3543.jpg,True,
4215240,,,,,,0,C:\Users\aspen\Desktop\CMPU395\CMPU-395-Project\data\streetview_images\4215240.0_3544.jpg,True,
4215240,,,,,,0,C:\Users\aspen\Desktop\CMPU395\CMPU-395-Project\data\streetview_images\4215240.0_3545.jpg,True,
4215240,,,,,,0,C:\Users\aspen\Desktop\CMPU395\CMPU-395-Project\data\streetview_images\4215240.0_3546.jpg,True,
4215240,,,,,,0,C:\Users\aspen\Desktop\CMPU395\CMPU-395-Project\data\streetview_images\4215240.0_3547.jpg,True,
4215240,,,,,,0,C:\Users\aspen\Desktop\CMPU395\CMPU-395-Project\data\streetview_images\4215240.0_3548.jpg,True,
4215240,,,,,,0,C:\Users\aspen\Desktop\CMPU395\CMPU-395-Project\data\streetview_images\4215240.0_3549.jpg,True,
4215240,,,,,,0,C:\Users\aspen\Desktop\CMPU395\CMPU-395-Project\data\streetview_images\4215240.0_3550.jpg,True,
4215240,,,,,,0,C:\Users\aspen\Desktop\CMPU395\CMPU-395-Project\data\streetview_images\4215240.0_3551.jpg,True,
4215240,,,,,,0,C:\Users\aspen\Desktop\CMPU395\CMPU-395-Project\data\streetview_images\4215240.0_3552.jpg,True,
4215240,,,,,,0,C:\Users\aspen\Desktop\CMPU395\CMPU-395-Project\data\streetview_images\4215240.0_3553.jpg,True,
4215900,,,,,,0,C:\Users\aspen\Desktop\CMPU395\CMPU-395-Project\data\streetview_images\4215900.0_3554.jpg,True,
4215900,,,,,,0,C:\Users\aspen\Desktop\CMPU395\CMPU-395-Project\data\streetview_images\4215900.0_3555.jpg,True,
4215900,,,,,,0,C:\Users\aspen\Desktop\CMPU395\CMPU-395-Project\data\streetview_images\4215900.0_3556.jpg,True,
4215900,,,,,,0,C:\Users\aspen\Desktop\CMPU395\CMPU-395-Project\data\streetview_images\4215900.0_3557.jpg,True,
4215900,,,,,,0,C:\Users\aspen\Desktop\CMPU395\CMPU-395-Project\data\streetview_images\4215900.0_3558.jpg,True,
4215900,,,,,,0,C:\Users\aspen\Desktop\CMPU395\CMPU-395-Project\data\streetview_images\4215900.0_3559.jpg,True,
4215900,,,,,,0,C:\Users\aspen\Desktop\CMPU395\CMPU-395-Project\data\streetview_images\4215900.0_3560.jpg,True,
4215900,,,,,,0,C:\Users\aspen\Desktop\CMPU395\CMPU-395-Project\data\streetview_images\4215900.0_3561.jpg,True,
4215900,,,,,,0,C:\Users\aspen\Desktop\CMPU395\CMPU-395-Project\data\streetview_images\4215900.0_3562.jpg,True,
4215900,,,,,,0,C:\Users\aspen\Desktop\CMPU395\CMPU-395-Project\data\streetview_images\4215900.0_3563.jpg,True,
4215900,,,,,,0,C:\Users\aspen\Desktop\CMPU395\CMPU-395-Project\data\streetview_images\4215900.0_3564.jpg,True,
4215900,,,,,,0,C:\Users\aspen\Desktop\CMPU395\CMPU-395-Project\data\streetview_images\4215900.0_3565.jpg,True,
4215900,,,,,,0,C:\Users\aspen\Desktop\CMPU395\CMPU-395-Project\data\streetview_images\4215900.0_3566.jpg,True,
4215900,,,,,,0,C:\Users\aspen\Desktop\CMPU395\CMPU-395-Project\data\streetview_images\4215900.0_3567.jpg,True,
4215900,,,,,,0,C:\Users\aspen\Desktop\CMPU395\CMPU-395-Project\data\streetview_images\4215900.0_3568.jpg,True,
4215900,,,,,,0,C:\Users\aspen\Desktop\CMPU395\CMPU-395-Project\data\streetview_images\4215900.0_3569.jpg,True,
4215900,,,,,,0,C:\Users\aspen\Desktop\CMPU395\CMPU-395-Project\data\streetview_images\4215900.0_3570.jpg,True,
4215900,,,,,,0,C:\Users\aspen\Desktop\CMPU395\CMPU-395-Project\data\streetview_images\4215900.0_3571.jpg,True,
4215900,,,,,,0,C:\Users\aspen\Desktop\CMPU395\CMPU-395-Project\data\streetview_images\4215900.0_3572.jpg,True,
4215900,,,,,,0,C:\Users\aspen\Desktop\CMPU395\CMPU-395-Project\data\streetview_images\4215900.0_3573.jpg,True,
4215900,,,,,,0,C:\Users\aspen\Desktop\CMPU395\CMPU-395-Project\data\streetview_images\4215900.0_3574.jpg,True,
4215900,,,,,,0,C:\Users\aspen\Desktop\CMPU395\CMPU-395-Project\data\streetview_images\4215900.0_3575.jpg,True,
4215900,,,,,,0,C:\Users\aspen\Desktop\CMPU395\CMPU-395-Project\data\streetview_images\4215900.0_3576.jpg,True,
4215900,,,,,,0,C:\Users\aspen\Desktop\CMPU395\CMPU-395-Project\data\streetview_images\4215900.0_3577.jpg,True,
4215900,,,,,,0,C:\Users\aspen\Desktop\CMPU395\CMPU-395-Project\data\streetview_images\4215900.0_3578.jpg,True,
4215900,,,,,,0,C:\Users\aspen\Desktop\CMPU395\CMPU-395-Project\data\streetview_images\4215900.0_3579.jpg,True,
4215900,,,,,,0,C:\Users\aspen\Desktop\CMPU395\CMPU-395-Project\data\streetview_images\4215900.0_3580.jpg,True,
4215900,,,,,,0,C:\Users\aspen\Desktop\CMPU395\CMPU-395-Project\data\streetview_images\4215900.0_3581.jpg,True,
4215900,,,,,,0,C:\Users\aspen\Desktop\CMPU395\CMPU-395-Project\data\streetview_images\4215900.0_3582.jpg,True,
4215900,,,,,,0,C:\Users\aspen\Desktop\CMPU395\CMPU-395-Project\data\streetview_images\4215900.0_3583.jpg,True,
4215900,,,,,,0,C:\Users\aspen\Desktop\CMPU395\CMPU-395-Project\data\streetview_images\4215900.0_3584.jpg,True,
4215900,,,,,,0,C:\Users\aspen\Desktop\CMPU395\CMPU-395-Project\data\streetview_images\4215900.0_3585.jpg,True,
4215900,,,,,,0,C:\Users\aspen\Desktop\CMPU395\CMPU-395-Project\data\streetview_images\4215900.0_3586.jpg,True,
4215900,,,,,,0,C:\Users\aspen\Desktop\CMPU395\CMPU-395-Project\data\streetview_images\4215900.0_3587.jpg,True,
4215900,,,,,,0,C:\Users\aspen\Desktop\CMPU395\CMPU-395-Project\data\streetview_images\4215900.0_3588.jpg,True,
4215900,,,,,,0,C:\Users\aspen\Desktop\CMPU395\CMPU-395-Project\data\streetview_images\4215900.0_3589.jpg,True,
4215900,,,,,,0,C:\Users\aspen\Desktop\CMPU395\CMPU-395-Project\data\streetview_images\4215900.0_3590.jpg,True,
4215900,,,,,,0,C:\Users\aspen\Desktop\CMPU395\CMPU-395-Project\data\streetview_images\4215900.0_3591.jpg,True,
4215900,,,,,,0,C:\Users\aspen\Desktop\CMPU395\CMPU-395-Project\data\streetview_images\4215900.0_3592.jpg,True,
4215900,,,,,,0,C:\Users\aspen\Desktop\CMPU395\CMPU-395-Project\data\streetview_images\4215900.0_3593.jpg,True,
4216860,,,,,,0,C:\Users\aspen\Desktop\CMPU395\CMPU-395-Project\data\streetview_images\4216860.0_3594.jpg,True,
4216860,,,,,,0,C:\Users\aspen\Desktop\CMPU395\CMPU-395-Project\data\streetview_images\4216860.0_3595.jpg,True,
4216860,,,,,,0,C:\Users\aspen\Desktop\CMPU395\CMPU-395-Project\data\streetview_images\4216860.0_3596.jpg,True,
4216860,,,,,,0,C:\Users\aspen\Desktop\CMPU395\CMPU-395-Project\data\streetview_images\4216860.0_3597.jpg,True,
4216860,,,,,,0,C:\Users\aspen\Desktop\CMPU395\CMPU-395-Project\data\streetview_images\4216860.0_3598.jpg,True,
4216860,,,,,,0,C:\Users\aspen\Desktop\CMPU395\CMPU-395-Project\data\streetview_images\4216860.0_3599.jpg,True,
4216860,,,,,,0,C:\Users\aspen\Desktop\CMPU395\CMPU-395-Project\data\streetview_images\4216860.0_3600.jpg,True,
4216860,,,,,,0,C:\Users\aspen\Desktop\CMPU395\CMPU-395-Project\data\streetview_images\4216860.0_3601.jpg,True,
4216860,,,,,,0,C:\Users\aspen\Desktop\CMPU395\CMPU-395-Project\data\streetview_images\4216860.0_3602.jpg,True,
4216860,,,,,,0,C:\Users\aspen\Desktop\CMPU395\CMPU-395-Project\data\streetview_images\4216860.0_3603.jpg,True,
4216860,,,,,,0,C:\Users\aspen\Desktop\CMPU395\CMPU-395-Project\data\streetview_images\4216860.0_3604.jpg,True,
4216860,,,,,,0,C:\Users\aspen\Desktop\CMPU395\CMPU-395-Project\data\streetview_images\4216860.0_3605.jpg,True,
4216860,,,,,,0,C:\Users\aspen\Desktop\CMPU395\CMPU-395-Project\data\streetview_images\4216860.0_3606.jpg,True,
4216860,,,,,,0,C:\Users\aspen\Desktop\CMPU395\CMPU-395-Project\data\streetview_images\4216860.0_3607.jpg,True,
4216860,,,,,,0,C:\Users\aspen\Desktop\CMPU395\CMPU-395-Project\data\streetview_images\4216860.0_3608.jpg,True,
4216860,,,,,,0,C:\Users\aspen\Desktop\CMPU395\CMPU-395-Project\data\streetview_images\4216860.0_3609.jpg,True,
4216860,,,,,,0,C:\Users\aspen\Desktop\CMPU395\CMPU-395-Project\data\streetview_images\4216860.0_3610.jpg,True,
4216860,,,,,,0,C:\Users\aspen\Desktop\CMPU395\CMPU-395-Project\data\streetview_images\4216860.0_3611.jpg,True,
4216860,,,,,,0,C:\Users\aspen\Desktop\CMPU395\CMPU-395-Project\data\streetview_images\4216860.0_3612.jpg,True,
4216860,,,,,,0,C:\Users\aspen\Desktop\CMPU395\CMPU-395-Project\data\streetview_images\4216860.0_3613.jpg,True,
4216860,,,,,,0,C:\Users\aspen\Desktop\CMPU395\CMPU-395-Project\data\streetview_images\4216860.0_3614.jpg,True,
4216860,,,,,,0,C:\Users\aspen\Desktop\CMPU395\CMPU-395-Project\data\streetview_images\4216860.0_3615.jpg,True,
4216860,,,,,,0,C:\Users\aspen\Desktop\CMPU395\CMPU-395-Project\data\streetview_images\4216860.0_3616.jpg,True,
4216860,,,,,,0,C:\Users\aspen\Desktop\CMPU395\CMPU-395-Project\data\streetview_images\4216860.0_3617.jpg,True,
4216860,,,,,,0,C:\Users\aspen\Desktop\CMPU395\CMPU-395-Project\data\streetview_images\4216860.0_3618.jpg,True,
4216860,,,,,,0,C:\Users\aspen\Desktop\CMPU395\CMPU-395-Project\data\streetview_images\4216860.0_3619.jpg,True,
4216860,,,,,,0,C:\Users\aspen\Desktop\CMPU395\CMPU-395-Project\data\streetview_images\4216860.0_3620.jpg,True,
4216860,,,,,,0,C:\Users\aspen\Desktop\CMPU395\CMPU-395-Project\data\streetview_images\4216860.0_3621.jpg,True,
4217280,,,,,,0,C:\Users\aspen\Desktop\CMPU395\CMPU-395-Project\data\streetview_images\4217280.0_3622.jpg,True,
4217280,,,,,,0,C:\Users\aspen\Desktop\CMPU395\CMPU-395-Project\data\streetview_images\4217280.0_3623.jpg,True,
4217280,,,,,,0,C:\Users\aspen\Desktop\CMPU395\CMPU-395-Project\data\streetview_images\4217280.0_3624.jpg,True,
4217280,,,,,,0,C:\Users\aspen\Desktop\CMPU395\CMPU-395-Project\data\streetview_images\4217280.0_3625.jpg,True,
4217280,,,,,,0,C:\Users\aspen\Desktop\CMPU395\CMPU-395-Project\data\streetview_images\4217280.0_3626.jpg,True,
4217280,,,,,,0,C:\Users\aspen\Desktop\CMPU395\CMPU-395-Project\data\streetview_images\4217280.0_3627.jpg,True,
4217280,,,,,,0,C:\Users\aspen\Desktop\CMPU395\CMPU-395-Project\data\streetview_images\4217280.0_3628.jpg,True,
4217280,,,,,,0,C:\Users\aspen\Desktop\CMPU395\CMPU-395-Project\data\streetview_images\4217280.0_3629.jpg,True,
4217280,,,,,,0,C:\Users\aspen\Desktop\CMPU395\CMPU-395-Project\data\streetview_images\4217280.0_3630.jpg,True,
4217280,,,,,,0,C:\Users\aspen\Desktop\CMPU395\CMPU-395-Project\data\streetview_images\4217280.0_3631.jpg,True,
4217280,,,,,,0,C:\Users\aspen\Desktop\CMPU395\CMPU-395-Project\data\streetview_images\4217280.0_3632.jpg,True,
4217280,,,,,,0,C:\Users\aspen\Desktop\CMPU395\CMPU-395-Project\data\streetview_images\4217280.0_3633.jpg,True,
4217280,,,,,,0,C:\Users\aspen\Desktop\CMPU395\CMPU-395-Project\data\streetview_images\4217280.0_3634.jpg,True,
4217280,,,,,,0,C:\Users\aspen\Desktop\CMPU395\CMPU-395-Project\data\streetview_images\4217280.0_3635.jpg,True,
4217280,,,,,,0,C:\Users\aspen\Desktop\CMPU395\CMPU-395-Project\data\streetview_images\4217280.0_3636.jpg,True,
4217280,,,,,,0,C:\Users\aspen\Desktop\CMPU395\CMPU-395-Project\data\streetview_images\4217280.0_3637.jpg,True,
4217280,,,,,,0,C:\Users\aspen\Desktop\CMPU395\CMPU-395-Project\data\streetview_images\4217280.0_3638.jpg,True,
4217280,,,,,,0,C:\Users\aspen\Desktop\CMPU395\CMPU-395-Project\data\streetview_images\4217280.0_3639.jpg,True,
4217280,,,,,,0,C:\Users\aspen\Desktop\CMPU395\CMPU-395-Project\data\streetview_images\4217280.0_3640.jpg,True,
4217280,,,,,,0,C:\Users\aspen\Desktop\CMPU395\CMPU-395-Project\data\streetview_images\4217280.0_3641.jpg,True,
4217280,,,,,,0,C:\Users\aspen\Desktop\CMPU395\CMPU-395-Project\data\streetview_images\4217280.0_3642.jpg,True,
4217280,,,,,,0,C:\Users\aspen\Desktop\CMPU395\CMPU-395-Project\data\streetview_images\4217280.0_3643.jpg,True,
4217280,,,,,,0,C:\Users\aspen\Desktop\CMPU395\CMPU-395-Project\data\streetview_images\4217280.0_3644.jpg,True,
4217280,,,,,,0,C:\Users\aspen\Desktop\CMPU395\CMPU-395-Project\data\streetview_images\4217280.0_3645.jpg,True,
4217280,,,,,,0,C:\Users\aspen\Desktop\CMPU395\CMPU-395-Project\data\streetview_images\4217280.0_3646.jpg,True,
4217280,,,,,,0,C:\Users\aspen\Desktop\CMPU395\CMPU-395-Project\data\streetview_images\4217280.0_3647.jpg,True,
4217280,,,,,,0,C:\Users\aspen\Desktop\CMPU395\CMPU-395-Project\data\streetview_images\4217280.0_3648.jpg,True,
4217280,,,,,,0,C:\Users\aspen\Desktop\CMPU395\CMPU-395-Project\data\streetview_images\4217280.0_3649.jpg,True,
4217280,,,,,,0,C:\Users\aspen\Desktop\CMPU395\CMPU-395-Project\data\streetview_images\4217280.0_3650.jpg,True,
4217280,,,,,,0,C:\Users\aspen\Desktop\CMPU395\CMPU-395-Project\data\streetview_images\4217280.0_3651.jpg,True,
4217280,,,,,,0,C:\Users\aspen\Desktop\CMPU395\CMPU-395-Project\data\streetview_images\4217280.0_3652.jpg,True,
4217280,,,,,,0,C:\Users\aspen\Desktop\CMPU395\CMPU-395-Project\data\streetview_images\4217280.0_3653.jpg,True,
4217280,,,,,,0,C:\Users\aspen\Desktop\CMPU395\CMPU-395-Project\data\streetview_images\4217280.0_3654.jpg,True,
4217280,,,,,,0,C:\Users\aspen\Desktop\CMPU395\CMPU-395-Project\data\streetview_images\4217280.0_3655.jpg,True,
4217280,,,,,,0,C:\Users\aspen\Desktop\CMPU395\CMPU-395-Project\data\streetview_images\4217280.0_3656.jpg,True,
4217280,,,,,,0,C:\Users\aspen\Desktop\CMPU395\CMPU-395-Project\data\streetview_images\4217280.0_3657.jpg,True,
4217280,,,,,,0,C:\Users\aspen\Desktop\CMPU395\CMPU-395-Project\data\streetview_images\4217280.0_3658.jpg,True,
4217280,,,,,,0,C:\Users\aspen\Desktop\CMPU395\CMPU-395-Project\data\streetview_images\4217280.0_3659.jpg,True,
4217280,,,,,,0,C:\Users\aspen\Desktop\CMPU395\CMPU-395-Project\data\streetview_images\4217280.0_3660.jpg,True,
4217280,,,,,,0,C:\Users\aspen\Desktop\CMPU395\CMPU-395-Project\data\streetview_images\4217280.0_3661.jpg,True,
4221150,,,,,,0,C:\Users\aspen\Desktop\CMPU395\CMPU-395-Project\data\streetview_images\4221150.0_3662.jpg,True,
4221150,,,,,,0,C:\Users\aspen\Desktop\CMPU395\CMPU-395-Project\data\streetview_images\4221150.0_3663.jpg,True,
4221150,,,,,,0,C:\Users\aspen\Desktop\CMPU395\CMPU-395-Project\data\streetview_images\4221150.0_3664.jpg,True,
4221150,,,,,,0,C:\Users\aspen\Desktop\CMPU395\CMPU-395-Project\data\streetview_images\4221150.0_3665.jpg,True,
4221150,,,,,,0,C:\Users\aspen\Desktop\CMPU395\CMPU-395-Project\data\streetview_images\4221150.0_3666.jpg,True,
4221150,,,,,,0,C:\Users\aspen\Desktop\CMPU395\CMPU-395-Project\data\streetview_images\4221150.0_3667.jpg,True,
4221150,,,,,,0,C:\Users\aspen\Desktop\CMPU395\CMPU-395-Project\data\streetview_images\4221150.0_3668.jpg,True,
4221150,,,,,,0,C:\Users\aspen\Desktop\CMPU395\CMPU-395-Project\data\streetview_images\4221150.0_3669.jpg,True,
4221150,,,,,,0,C:\Users\aspen\Desktop\CMPU395\CMPU-395-Project\data\streetview_images\4221150.0_3670.jpg,True,
4221150,,,,,,0,C:\Users\aspen\Desktop\CMPU395\CMPU-395-Project\data\streetview_images\4221150.0_3671.jpg,True,
4221150,,,,,,0,C:\Users\aspen\Desktop\CMPU395\CMPU-395-Project\data\streetview_images\4221150.0_3672.jpg,True,
4221150,,,,,,0,C:\Users\aspen\Desktop\CMPU395\CMPU-395-Project\data\streetview_images\4221150.0_3673.jpg,True,
4221150,,,,,,0,C:\Users\aspen\Desktop\CMPU395\CMPU-395-Project\data\streetview_images\4221150.0_3674.jpg,True,
4221150,,,,,,0,C:\Users\aspen\Desktop\CMPU395\CMPU-395-Project\data\streetview_images\4221150.0_3675.jpg,True,
4221150,,,,,,0,C:\Users\aspen\Desktop\CMPU395\CMPU-395-Project\data\streetview_images\4221150.0_3676.jpg,True,
4221150,,,,,,0,C:\Users\aspen\Desktop\CMPU395\CMPU-395-Project\data\streetview_images\4221150.0_3677.jpg,True,
4221150,,,,,,0,C:\Users\aspen\Desktop\CMPU395\CMPU-395-Project\data\streetview_images\4221150.0_3678.jpg,True,
4221150,,,,,,0,C:\Users\aspen\Desktop\CMPU395\CMPU-395-Project\data\streetview_images\4221150.0_3679.jpg,True,
4221150,,,,,,0,C:\Users\aspen\Desktop\CMPU395\CMPU-395-Project\data\streetview_images\4221150.0_3680.jpg,True,
4221150,,,,,,0,C:\Users\aspen\Desktop\CMPU395\CMPU-395-Project\data\streetview_images\4221150.0_3681.jpg,True,
4222170,,,,,,0,C:\Users\aspen\Desktop\CMPU395\CMPU-395-Project\data\streetview_images\4222170.0_3682.jpg,True,
4222170,,,,,,0,C:\Users\aspen\Desktop\CMPU395\CMPU-395-Project\data\streetview_images\4222170.0_3683.jpg,True,
4222170,,,,,,0,C:\Users\aspen\Desktop\CMPU395\CMPU-395-Project\data\streetview_images\4222170.0_3684.jpg,True,
4222170,,,,,,0,C:\Users\aspen\Desktop\CMPU395\CMPU-395-Project\data\streetview_images\4222170.0_3685.jpg,True,
4222170,,,,,,0,C:\Users\aspen\Desktop\CMPU395\CMPU-395-Project\data\streetview_images\4222170.0_3686.jpg,True,
4222170,,,,,,0,C:\Users\aspen\Desktop\CMPU395\CMPU-395-Project\data\streetview_images\4222170.0_3687.jpg,True,
4222170,,,,,,0,C:\Users\aspen\Desktop\CMPU395\CMPU-395-Project\data\streetview_images\4222170.0_3688.jpg,True,
4222170,,,,,,0,C:\Users\aspen\Desktop\CMPU395\CMPU-395-Project\data\streetview_images\4222170.0_3689.jpg,True,
4222170,,,,,,0,C:\Users\aspen\Desktop\CMPU395\CMPU-395-Project\data\streetview_images\4222170.0_3690.jpg,True,
4222170,,,,,,0,C:\Users\aspen\Desktop\CMPU395\CMPU-395-Project\data\streetview_images\4222170.0_3691.jpg,True,
4222170,,,,,,0,C:\Users\aspen\Desktop\CMPU395\CMPU-395-Project\data\streetview_images\4222170.0_3692.jpg,True,
4222170,,,,,,0,C:\Users\aspen\Desktop\CMPU395\CMPU-395-Project\data\streetview_images\4222170.0_3693.jpg,True,
4222170,,,,,,0,C:\Users\aspen\Desktop\CMPU395\CMPU-395-Project\data\streetview_images\4222170.0_3694.jpg,True,
4222170,,,,,,0,C:\Users\aspen\Desktop\CMPU395\CMPU-395-Project\data\streetview_images\4222170.0_3695.jpg,True,
4222170,,,,,,0,C:\Users\aspen\Desktop\CMPU395\CMPU-395-Project\data\streetview_images\4222170.0_3696.jpg,True,
4222170,,,,,,0,C:\Users\aspen\Desktop\CMPU395\CMPU-395-Project\data\streetview_images\4222170.0_3697.jpg,True,
4222620,,,,,,0,C:\Users\aspen\Desktop\CMPU395\CMPU-395-Project\data\streetview_images\4222620.0_3698.jpg,True,
4222620,,,,,,0,C:\Users\aspen\Desktop\CMPU395\CMPU-395-Project\data\streetview_images\4222620.0_3699.jpg,True,
4222620,,,,,,0,C:\Users\aspen\Desktop\CMPU395\CMPU-395-Project\data\streetview_images\4222620.0_3700.jpg,True,
4222620,,,,,,0,C:\Users\aspen\Desktop\CMPU395\CMPU-395-Project\data\streetview_images\4222620.0_3701.jpg,True,
4222620,,,,,,0,C:\Users\aspen\Desktop\CMPU395\CMPU-395-Project\data\streetview_images\4222620.0_3702.jpg,True,
4222620,,,,,,0,C:\Users\aspen\Desktop\CMPU395\CMPU-395-Project\data\streetview_images\4222620.0_3703.jpg,True,
4222620,,,,,,0,C:\Users\aspen\Desktop\CMPU395\CMPU-395-Project\data\streetview_images\4222620.0_3704.jpg,True,
4222620,,,,,,0,C:\Users\aspen\Desktop\CMPU395\CMPU-395-Project\data\streetview_images\4222620.0_3705.jpg,True,
4222620,,,,,,0,C:\Users\aspen\Desktop\CMPU395\CMPU-395-Project\data\streetview_images\4222620.0_3706.jpg,True,
4222620,,,,,,0,C:\Users\aspen\Desktop\CMPU395\CMPU-395-Project\data\streetview_images\4222620.0_3707.jpg,True,
4222620,,,,,,0,C:\Users\aspen\Desktop\CMPU395\CMPU-395-Project\data\streetview_images\4222620.0_3708.jpg,True,
4222620,,,,,,0,C:\Users\aspen\Desktop\CMPU395\CMPU-395-Project\data\streetview_images\4222620.0_3709.jpg,True,
4222620,,,,,,0,C:\Users\aspen\Desktop\CMPU395\CMPU-395-Project\data\streetview_images\4222620.0_3710.jpg,True,
4222620,,,,,,0,C:\Users\aspen\Desktop\CMPU395\CMPU-395-Project\data\streetview_images\4222620.0_3711.jpg,True,
4222620,,,,,,0,C:\Users\aspen\Desktop\CMPU395\CMPU-395-Project\data\streetview_images\4222620.0_3712.jpg,True,
4222620,,,,,,0,C:\Users\aspen\Desktop\CMPU395\CMPU-395-Project\data\streetview_images\4222620.0_3713.jpg,True,
4222620,,,,,,0,C:\Users\aspen\Desktop\CMPU395\CMPU-395-Project\data\streetview_images\4222620.0_3714.jpg,True,
4222620,,,,,,0,C:\Users\aspen\Desktop\CMPU395\CMPU-395-Project\data\streetview_images\4222620.0_3715.jpg,True,
4222620,,,,,,0,C:\Users\aspen\Desktop\CMPU395\CMPU-395-Project\data\streetview_images\4222620.0_3716.jpg,True,
4222620,,,,,,0,C:\Users\aspen\Desktop\CMPU395\CMPU-395-Project\data\streetview_images\4222620.0_3717.jpg,True,
4222620,,,,,,0,C:\Users\aspen\Desktop\CMPU395\CMPU-395-Project\data\streetview_images\4222620.0_3718.jpg,True,
4222620,,,,,,0,C:\Users\aspen\Desktop\CMPU395\CMPU-395-Project\data\streetview_images\4222620.0_3719.jpg,True,
4222620,,,,,,0,C:\Users\aspen\Desktop\CMPU395\CMPU-395-Project\data\streetview_images\4222620.0_3720.jpg,True,
4222620,,,,,,0,C:\Users\aspen\Desktop\CMPU395\CMPU-395-Project\data\streetview_images\4222620.0_3721.jpg,True,
4222620,,,,,,0,C:\Users\aspen\Desktop\CMPU395\CMPU-395-Project\data\streetview_images\4222620.0_3722.jpg,True,
4222620,,,,,,0,C:\Users\aspen\Desktop\CMPU395\CMPU-395-Project\data\streetview_images\4222620.0_3723.jpg,True,
4222620,,,,,,0,C:\Users\aspen\Desktop\CMPU395\CMPU-395-Project\data\streetview_images\4222620.0_3724.jpg,True,
4222620,,,,,,0,C:\Users\aspen\Desktop\CMPU395\CMPU-395-Project\data\streetview_images\4222620.0_3725.jpg,True,
4222620,,,,,,0,C:\Users\aspen\Desktop\CMPU395\CMPU-395-Project\data\streetview_images\4222620.0_3726.jpg,True,
4222620,,,,,,0,C:\Users\aspen\Desktop\CMPU395\CMPU-395-Project\data\streetview_images\4222620.0_3727.jpg,True,
4222620,,,,,,0,C:\Users\aspen\Desktop\CMPU395\CMPU-395-Project\data\streetview_images\4222620.0_3728.jpg,True,
4222620,,,,,,0,C:\Users\aspen\Desktop\CMPU395\CMPU-395-Project\data\streetview_images\4222620.0_3729.jpg,True,
4222620,,,,,,0,C:\Users\aspen\Desktop\CMPU395\CMPU-395-Project\data\streetview_images\4222620.0_3730.jpg,True,
4222620,,,,,,0,C:\Users\aspen\Desktop\CMPU395\CMPU-395-Project\data\streetview_images\4222620.0_3731.jpg,True,
4222620,,,,,,0,C:\Users\aspen\Desktop\CMPU395\CMPU-395-Project\data\streetview_images\4222620.0_3732.jpg,True,
4222620,,,,,,0,C:\Users\aspen\Desktop\CMPU395\CMPU-395-Project\data\streetview_images\4222620.0_3733.jpg,True,
4222620,,,,,,0,C:\Users\aspen\Desktop\CMPU395\CMPU-395-Project\data\streetview_images\4222620.0_3734.jpg,True,
4222620,,,,,,0,C:\Users\aspen\Desktop\CMPU395\CMPU-395-Project\data\streetview_images\4222620.0_3735.jpg,True,
4222620,,,,,,0,C:\Users\aspen\Desktop\CMPU395\CMPU-395-Project\data\streetview_images\4222620.0_3736.jpg,True,
4222620,,,,,,0,C:\Users\aspen\Desktop\CMPU395\CMPU-395-Project\data\streetview_images\4222620.0_3737.jpg,True,
4222710,,,,,,0,C:\Users\aspen\Desktop\CMPU395\CMPU-395-Project\data\streetview_images\4222710.0_3738.jpg,True,
4222710,,,,,,0,C:\Users\aspen\Desktop\CMPU395\CMPU-395-Project\data\streetview_images\4222710.0_3739.jpg,True,
4222710,,,,,,0,C:\Users\aspen\Desktop\CMPU395\CMPU-395-Project\data\streetview_images\4222710.0_3740.jpg,True,
4222710,,,,,,0,C:\Users\aspen\Desktop\CMPU395\CMPU-395-Project\data\streetview_images\4222710.0_3741.jpg,True,
4222710,,,,,,0,C:\Users\aspen\Desktop\CMPU395\CMPU-395-Project\data\streetview_images\4222710.0_3742.jpg,True,
4222710,,,,,,0,C:\Users\aspen\Desktop\CMPU395\CMPU-395-Project\data\streetview_images\4222710.0_3743.jpg,True,
4222710,,,,,,0,C:\Users\aspen\Desktop\CMPU395\CMPU-395-Project\data\streetview_images\4222710.0_3744.jpg,True,
4222710,,,,,,0,C:\Users\aspen\Desktop\CMPU395\CMPU-395-Project\data\streetview_images\4222710.0_3745.jpg,True,
4225680,,,,,,0,C:\Users\aspen\Desktop\CMPU395\CMPU-395-Project\data\streetview_images\4225680.0_3746.jpg,True,
4225680,,,,,,0,C:\Users\aspen\Desktop\CMPU395\CMPU-395-Project\data\streetview_images\4225680.0_3747.jpg,True,
4225680,,,,,,0,C:\Users\aspen\Desktop\CMPU395\CMPU-395-Project\data\streetview_images\4225680.0_3748.jpg,True,
4225680,,,,,,0,C:\Users\aspen\Desktop\CMPU395\CMPU-395-Project\data\streetview_images\4225680.0_3749.jpg,True,
4225680,,,,,,0,C:\Users\aspen\Desktop\CMPU395\CMPU-395-Project\data\streetview_images\4225680.0_3750.jpg,True,
4225680,,,,,,0,C:\Users\aspen\Desktop\CMPU395\CMPU-395-Project\data\streetview_images\4225680.0_3751.jpg,True,
4225680,,,,,,0,C:\Users\aspen\Desktop\CMPU395\CMPU-395-Project\data\streetview_images\4225680.0_3752.jpg,True,
4225680,,,,,,0,C:\Users\aspen\Desktop\CMPU395\CMPU-395-Project\data\streetview_images\4225680.0_3753.jpg,True,
4225680,,,,,,0,C:\Users\aspen\Desktop\CMPU395\CMPU-395-Project\data\streetview_images\4225680.0_3754.jpg,True,
4225680,,,,,,0,C:\Users\aspen\Desktop\CMPU395\CMPU-395-Project\data\streetview_images\4225680.0_3755.jpg,True,
4225680,,,,,,0,C:\Users\aspen\Desktop\CMPU395\CMPU-395-Project\data\streetview_images\4225680.0_3756.jpg,True,
4225680,,,,,,0,C:\Users\aspen\Desktop\CMPU395\CMPU-395-Project\data\streetview_images\4225680.0_3757.jpg,True,
4225680,,,,,,0,C:\Users\aspen\Desktop\CMPU395\CMPU-395-Project\data\streetview_images\4225680.0_3758.jpg,True,
4225680,,,,,,0,C:\Users\aspen\Desktop\CMPU395\CMPU-395-Project\data\streetview_images\4225680.0_3759.jpg,True,
4225680,,,,,,0,C:\Users\aspen\Desktop\CMPU395\CMPU-395-Project\data\streetview_images\4225680.0_3760.jpg,True,
4225680,,,,,,0,C:\Users\aspen\Desktop\CMPU395\CMPU-395-Project\data\streetview_images\4225680.0_3761.jpg,True,
4225680,,,,,,0,C:\Users\aspen\Desktop\CMPU395\CMPU-395-Project\data\streetview_images\4225680.0_3762.jpg,True,
4225680,,,,,,0,C:\Users\aspen\Desktop\CMPU395\CMPU-395-Project\data\streetview_images\4225680.0_3763.jpg,True,
4225680,,,,,,0,C:\Users\aspen\Desktop\CMPU395\CMPU-395-Project\data\streetview_images\4225680.0_3764.jpg,True,
4225680,,,,,,0,C:\Users\aspen\Desktop\CMPU395\CMPU-395-Project\data\streetview_images\4225680.0_3765.jpg,True,
4225680,,,,,,0,C:\Users\aspen\Desktop\CMPU395\CMPU-395-Project\data\streetview_images\4225680.0_3766.jpg,True,
4225680,,,,,,0,C:\Users\aspen\Desktop\CMPU395\CMPU-395-Project\data\streetview_images\4225680.0_3767.jpg,True,
4225680,,,,,,0,C:\Users\aspen\Desktop\CMPU395\CMPU-395-Project\data\streetview_images\4225680.0_3768.jpg,True,
4225680,,,,,,0,C:\Users\aspen\Desktop\CMPU395\CMPU-395-Project\data\streetview_images\4225680.0_3769.jpg,True,
4225680,,,,,,0,C:\Users\aspen\Desktop\CMPU395\CMPU-395-Project\data\streetview_images\4225680.0_3770.jpg,True,
4225680,,,,,,0,C:\Users\aspen\Desktop\CMPU395\CMPU-395-Project\data\streetview_images\4225680.0_3771.jpg,True,
4225680,,,,,,0,C:\Users\aspen\Desktop\CMPU395\CMPU-395-Project\data\streetview_images\4225680.0_3772.jpg,True,
4225680,,,,,,0,C:\Users\aspen\Desktop\CMPU395\CMPU-395-Project\data\streetview_images\4225680.0_3773.jpg,True,
4225680,,,,,,0,C:\Users\aspen\Desktop\CMPU395\CMPU-395-Project\data\streetview_images\4225680.0_3774.jpg,True,
4225680,,,,,,0,C:\Users\aspen\Desktop\CMPU395\CMPU-395-Project\data\streetview_images\4225680.0_3775.jpg,True,
4225680,,,,,,0,C:\Users\aspen\Desktop\CMPU395\CMPU-395-Project\data\streetview_images\4225680.0_3776.jpg,True,
4225680,,,,,,0,C:\Users\aspen\Desktop\CMPU395\CMPU-395-Project\data\streetview_images\4225680.0_3777.jpg,True,
4225680,,,,,,0,C:\Users\aspen\Desktop\CMPU395\CMPU-395-Project\data\streetview_images\4225680.0_3778.jpg,True,
4225680,,,,,,0,C:\Users\aspen\Desktop\CMPU395\CMPU-395-Project\data\streetview_images\4225680.0_3779.jpg,True,
4225680,,,,,,0,C:\Users\aspen\Desktop\CMPU395\CMPU-395-Project\data\streetview_images\4225680.0_3780.jpg,True,
4225680,,,,,,0,C:\Users\aspen\Desktop\CMPU395\CMPU-395-Project\data\streetview_images\4225680.0_3781.jpg,True,
4225680,,,,,,0,C:\Users\aspen\Desktop\CMPU395\CMPU-395-Project\data\streetview_images\4225680.0_3782.jpg,True,
4225680,,,,,,0,C:\Users\aspen\Desktop\CMPU395\CMPU-395-Project\data\streetview_images\4225680.0_3783.jpg,True,
4225680,,,,,,0,C:\Users\aspen\Desktop\CMPU395\CMPU-395-Project\data\streetview_images\4225680.0_3784.jpg,True,
4225680,,,,,,0,C:\Users\aspen\Desktop\CMPU395\CMPU-395-Project\data\streetview_images\4225680.0_3785.jpg,True,
4225950,,,,,,0,C:\Users\aspen\Desktop\CMPU395\CMPU-395-Project\data\streetview_images\4225950.0_3786.jpg,True,
4225950,,,,,,0,C:\Users\aspen\Desktop\CMPU395\CMPU-395-Project\data\streetview_images\4225950.0_3787.jpg,True,
4225950,,,,,,0,C:\Users\aspen\Desktop\CMPU395\CMPU-395-Project\data\streetview_images\4225950.0_3788.jpg,True,
4225950,,,,,,0,C:\Users\aspen\Desktop\CMPU395\CMPU-395-Project\data\streetview_images\4225950.0_3789.jpg,True,
4225950,,,,,,0,C:\Users\aspen\Desktop\CMPU395\CMPU-395-Project\data\streetview_images\4225950.0_3790.jpg,True,
4225950,,,,,,0,C:\Users\aspen\Desktop\CMPU395\CMPU-395-Project\data\streetview_images\4225950.0_3791.jpg,True,
4225950,,,,,,0,C:\Users\aspen\Desktop\CMPU395\CMPU-395-Project\data\streetview_images\4225950.0_3792.jpg,True,
4225950,,,,,,0,C:\Users\aspen\Desktop\CMPU395\CMPU-395-Project\data\streetview_images\4225950.0_3793.jpg,True,
4225950,,,,,,0,C:\Users\aspen\Desktop\CMPU395\CMPU-395-Project\data\streetview_images\4225950.0_3794.jpg,True,
4225950,,,,,,0,C:\Users\aspen\Desktop\CMPU395\CMPU-395-Project\data\streetview_images\4225950.0_3795.jpg,True,
4225950,,,,,,0,C:\Users\aspen\Desktop\CMPU395\CMPU-395-Project\data\streetview_images\4225950.0_3796.jpg,True,
4225950,,,,,,0,C:\Users\aspen\Desktop\CMPU395\CMPU-395-Project\data\streetview_images\4225950.0_3797.jpg,True,
4225950,,,,,,0,C:\Users\aspen\Desktop\CMPU395\CMPU-395-Project\data\streetview_images\4225950.0_3798.jpg,True,
4225950,,,,,,0,C:\Users\aspen\Desktop\CMPU395\CMPU-395-Project\data\streetview_images\4225950.0_3799.jpg,True,
4225950,,,,,,0,C:\Users\aspen\Desktop\CMPU395\CMPU-395-Project\data\streetview_images\4225950.0_3800.jpg,True,
4225950,,,,,,0,C:\Users\aspen\Desktop\CMPU395\CMPU-395-Project\data\streetview_images\4225950.0_3801.jpg,True,
4225950,,,,,,0,C:\Users\aspen\Desktop\CMPU395\CMPU-395-Project\data\streetview_images\4225950.0_3802.jpg,True,
4225950,,,,,,0,C:\Users\aspen\Desktop\CMPU395\CMPU-395-Project\data\streetview_images\4225950.0_3803.jpg,True,
4225950,,,,,,0,C:\Users\aspen\Desktop\CMPU395\CMPU-395-Project\data\streetview_images\4225950.0_3804.jpg,True,
4225950,,,,,,0,C:\Users\aspen\Desktop\CMPU395\CMPU-395-Project\data\streetview_images\4225950.0_3805.jpg,True,
4225950,,,,,,0,C:\Users\aspen\Desktop\CMPU395\CMPU-395-Project\data\streetview_images\4225950.0_3806.jpg,True,
4225950,,,,,,0,C:\Users\aspen\Desktop\CMPU395\CMPU-395-Project\data\streetview_images\4225950.0_3807.jpg,True,
4225950,,,,,,0,C:\Users\aspen\Desktop\CMPU395\CMPU-395-Project\data\streetview_images\4225950.0_3808.jpg,True,
4225950,,,,,,0,C:\Users\aspen\Desktop\CMPU395\CMPU-395-Project\data\streetview_images\4225950.0_3809.jpg,True,
4225950,,,,,,0,C:\Users\aspen\Desktop\CMPU395\CMPU-395-Project\data\streetview_images\4225950.0_3810.jpg,True,
4225950,,,,,,0,C:\Users\aspen\Desktop\CMPU395\CMPU-395-Project\data\streetview_images\4225950.0_3811.jpg,True,
4225950,,,,,,0,C:\Users\aspen\Desktop\CMPU395\CMPU-395-Project\data\streetview_images\4225950.0_3812.jpg,True,
4225950,,,,,,0,C:\Users\aspen\Desktop\CMPU395\CMPU-395-Project\data\streetview_images\4225950.0_3813.jpg,True,
4225950,,,,,,0,C:\Users\aspen\Desktop\CMPU395\CMPU-395-Project\data\streetview_images\4225950.0_3814.jpg,True,
4225950,,,,,,0,C:\Users\aspen\Desktop\CMPU395\CMPU-395-Project\data\streetview_images\4225950.0_3815.jpg,True,
4225950,,,,,,0,C:\Users\aspen\Desktop\CMPU395\CMPU-395-Project\data\streetview_images\4225950.0_3816.jpg,True,
4225950,,,,,,0,C:\Users\aspen\Desktop\CMPU395\CMPU-395-Project\data\streetview_images\4225950.0_3817.jpg,True,
4225950,,,,,,0,C:\Users\aspen\Desktop\CMPU395\CMPU-395-Project\data\streetview_images\4225950.0_3818.jpg,True,
4225950,,,,,,0,C:\Users\aspen\Desktop\CMPU395\CMPU-395-Project\data\streetview_images\4225950.0_3819.jpg,True,
4225950,,,,,,0,C:\Users\aspen\Desktop\CMPU395\CMPU-395-Project\data\streetview_images\4225950.0_3820.jpg,True,
4225950,,,,,,0,C:\Users\aspen\Desktop\CMPU395\CMPU-395-Project\data\streetview_images\4225950.0_3821.jpg,True,
4225950,,,,,,0,C:\Users\aspen\Desktop\CMPU395\CMPU-395-Project\data\streetview_images\4225950.0_3822.jpg,True,
4225950,,,,,,0,C:\Users\aspen\Desktop\CMPU395\CMPU-395-Project\data\streetview_images\4225950.0_3823.jpg,True,
4225950,,,,,,0,C:\Users\aspen\Desktop\CMPU395\CMPU-395-Project\data\streetview_images\4225950.0_3824.jpg,True,
4225950,,,,,,0,C:\Users\aspen\Desktop\CMPU395\CMPU-395-Project\data\streetview_images\4225950.0_3825.jpg,True,
4225980,,,,,,0,C:\Users\aspen\Desktop\CMPU395\CMPU-395-Project\data\streetview_images\4225980.0_3826.jpg,True,
4225980,,,,,,0,C:\Users\aspen\Desktop\CMPU395\CMPU-395-Project\data\streetview_images\4225980.0_3827.jpg,True,
4225980,,,,,,0,C:\Users\aspen\Desktop\CMPU395\CMPU-395-Project\data\streetview_images\4225980.0_3828.jpg,True,
4225980,,,,,,0,C:\Users\aspen\Desktop\CMPU395\CMPU-395-Project\data\streetview_images\4225980.0_3829.jpg,True,
4225980,,,,,,0,C:\Users\aspen\Desktop\CMPU395\CMPU-395-Project\data\streetview_images\4225980.0_3830.jpg,True,
4225980,,,,,,0,C:\Users\aspen\Desktop\CMPU395\CMPU-395-Project\data\streetview_images\4225980.0_3831.jpg,True,
4225980,,,,,,0,C:\Users\aspen\Desktop\CMPU395\CMPU-395-Project\data\streetview_images\4225980.0_3832.jpg,True,
4225980,,,,,,0,C:\Users\aspen\Desktop\CMPU395\CMPU-395-Project\data\streetview_images\4225980.0_3833.jpg,True,
4225980,,,,,,0,C:\Users\aspen\Desktop\CMPU395\CMPU-395-Project\data\streetview_images\4225980.0_3834.jpg,True,
4225980,,,,,,0,C:\Users\aspen\Desktop\CMPU395\CMPU-395-Project\data\streetview_images\4225980.0_3835.jpg,True,
4225980,,,,,,0,C:\Users\aspen\Desktop\CMPU395\CMPU-395-Project\data\streetview_images\4225980.0_3836.jpg,True,
4225980,,,,,,0,C:\Users\aspen\Desktop\CMPU395\CMPU-395-Project\data\streetview_images\4225980.0_3837.jpg,True,
4225980,,,,,,0,C:\Users\aspen\Desktop\CMPU395\CMPU-395-Project\data\streetview_images\4225980.0_3838.jpg,True,
4225980,,,,,,0,C:\Users\aspen\Desktop\CMPU395\CMPU-395-Project\data\streetview_images\4225980.0_3839.jpg,True,
4225980,,,,,,0,C:\Users\aspen\Desktop\CMPU395\CMPU-395-Project\data\streetview_images\4225980.0_3840.jpg,True,
4225980,,,,,,0,C:\Users\aspen\Desktop\CMPU395\CMPU-395-Project\data\streetview_images\4225980.0_3841.jpg,True,
4225980,,,,,,0,C:\Users\aspen\Desktop\CMPU395\CMPU-395-Project\data\streetview_images\4225980.0_3842.jpg,True,
4225980,,,,,,0,C:\Users\aspen\Desktop\CMPU395\CMPU-395-Project\data\streetview_images\4225980.0_3843.jpg,True,
4225980,,,,,,0,C:\Users\aspen\Desktop\CMPU395\CMPU-395-Project\data\streetview_images\4225980.0_3844.jpg,True,
4225980,,,,,,0,C:\Users\aspen\Desktop\CMPU395\CMPU-395-Project\data\streetview_images\4225980.0_3845.jpg,True,
4225980,,,,,,0,C:\Users\aspen\Desktop\CMPU395\CMPU-395-Project\data\streetview_images\4225980.0_3846.jpg,True,
4225980,,,,,,0,C:\Users\aspen\Desktop\CMPU395\CMPU-395-Project\data\streetview_images\4225980.0_3847.jpg,True,
4225980,,,,,,0,C:\Users\aspen\Desktop\CMPU395\CMPU-395-Project\data\streetview_images\4225980.0_3848.jpg,True,
4225980,,,,,,0,C:\Users\aspen\Desktop\CMPU395\CMPU-395-Project\data\streetview_images\4225980.0_3849.jpg,True,
4225980,,,,,,0,C:\Users\aspen\Desktop\CMPU395\CMPU-395-Project\data\streetview_images\4225980.0_3850.jpg,True,
4225980,,,,,,0,C:\Users\aspen\Desktop\CMPU395\CMPU-395-Project\data\streetview_images\4225980.0_3851.jpg,True,
4225980,,,,,,0,C:\Users\aspen\Desktop\CMPU395\CMPU-395-Project\data\streetview_images\4225980.0_3852.jpg,True,
4225980,,,,,,0,C:\Users\aspen\Desktop\CMPU395\CMPU-395-Project\data\streetview_images\4225980.0_3853.jpg,True,
4225980,,,,,,0,C:\Users\aspen\Desktop\CMPU395\CMPU-395-Project\data\streetview_images\4225980.0_3854.jpg,True,
4225980,,,,,,0,C:\Users\aspen\Desktop\CMPU395\CMPU-395-Project\data\streetview_images\4225980.0_3855.jpg,True,
4225980,,,,,,0,C:\Users\aspen\Desktop\CMPU395\CMPU-395-Project\data\streetview_images\4225980.0_3856.jpg,True,
4226390,,,,,,0,C:\Users\aspen\Desktop\CMPU395\CMPU-395-Project\data\streetview_images\4226390.0_3857.jpg,True,
4226390,,,,,,0,C:\Users\aspen\Desktop\CMPU395\CMPU-395-Project\data\streetview_images\4226390.0_3858.jpg,True,
4226390,,,,,,0,C:\Users\aspen\Desktop\CMPU395\CMPU-395-Project\data\streetview_images\4226390.0_3859.jpg,True,
4226390,,,,,,0,C:\Users\aspen\Desktop\CMPU395\CMPU-395-Project\data\streetview_images\4226390.0_3860.jpg,True,
4226390,,,,,,0,C:\Users\aspen\Desktop\CMPU395\CMPU-395-Project\data\streetview_images\4226390.0_3861.jpg,True,
4226390,,,,,,0,C:\Users\aspen\Desktop\CMPU395\CMPU-395-Project\data\streetview_images\4226390.0_3862.jpg,True,
4226390,,,,,,0,C:\Users\aspen\Desktop\CMPU395\CMPU-395-Project\data\streetview_images\4226390.0_3863.jpg,True,
4226390,,,,,,0,C:\Users\aspen\Desktop\CMPU395\CMPU-395-Project\data\streetview_images\4226390.0_3864.jpg,True,
4226390,,,,,,0,C:\Users\aspen\Desktop\CMPU395\CMPU-395-Project\data\streetview_images\4226390.0_3865.jpg,True,
4226390,,,,,,0,C:\Users\aspen\Desktop\CMPU395\CMPU-395-Project\data\streetview_images\4226390.0_3866.jpg,True,
4226390,,,,,,0,C:\Users\aspen\Desktop\CMPU395\CMPU-395-Project\data\streetview_images\4226390.0_3867.jpg,True,
4226390,,,,,,0,C:\Users\aspen\Desktop\CMPU395\CMPU-395-Project\data\streetview_images\4226390.0_3868.jpg,True,
4226390,,,,,,0,C:\Users\aspen\Desktop\CMPU395\CMPU-395-Project\data\streetview_images\4226390.0_3869.jpg,True,
4226390,,,,,,0,C:\Users\aspen\Desktop\CMPU395\CMPU-395-Project\data\streetview_images\4226390.0_3870.jpg,True,
4226390,,,,,,0,C:\Users\aspen\Desktop\CMPU395\CMPU-395-Project\data\streetview_images\4226390.0_3871.jpg,True,
4226390,,,,,,0,C:\Users\aspen\Desktop\CMPU395\CMPU-395-Project\data\streetview_images\4226390.0_3872.jpg,True,
4226390,,,,,,0,C:\Users\aspen\Desktop\CMPU395\CMPU-395-Project\data\streetview_images\4226390.0_3873.jpg,True,
4226390,,,,,,0,C:\Users\aspen\Desktop\CMPU395\CMPU-395-Project\data\streetview_images\4226390.0_3874.jpg,True,
4226390,,,,,,0,C:\Users\aspen\Desktop\CMPU395\CMPU-395-Project\data\streetview_images\4226390.0_3875.jpg,True,
4226390,,,,,,0,C:\Users\aspen\Desktop\CMPU395\CMPU-395-Project\data\streetview_images\4226390.0_3876.jpg,True,
4226390,,,,,,0,C:\Users\aspen\Desktop\CMPU395\CMPU-395-Project\data\streetview_images\4226390.0_3877.jpg,True,
4226390,,,,,,0,C:\Users\aspen\Desktop\CMPU395\CMPU-395-Project\data\streetview_images\4226390.0_3878.jpg,True,
4226390,,,,,,0,C:\Users\aspen\Desktop\CMPU395\CMPU-395-Project\data\streetview_images\4226390.0_3879.jpg,True,
4226390,,,,,,0,C:\Users\aspen\Desktop\CMPU395\CMPU-395-Project\data\streetview_images\4226390.0_3880.jpg,True,
4226390,,,,,,0,C:\Users\aspen\Desktop\CMPU395\CMPU-395-Project\data\streetview_images\4226390.0_3881.jpg,True,
4226390,,,,,,0,C:\Users\aspen\Desktop\CMPU395\CMPU-395-Project\data\streetview_images\4226390.0_3882.jpg,True,
4226390,,,,,,0,C:\Users\aspen\Desktop\CMPU395\CMPU-395-Project\data\streetview_images\4226390.0_3883.jpg,True,
4226390,,,,,,0,C:\Users\aspen\Desktop\CMPU395\CMPU-395-Project\data\streetview_images\4226390.0_3884.jpg,True,
4226390,,,,,,0,C:\Users\aspen\Desktop\CMPU395\CMPU-395-Project\data\streetview_images\4226390.0_3885.jpg,True,
4226390,,,,,,0,C:\Users\aspen\Desktop\CMPU395\CMPU-395-Project\data\streetview_images\4226390.0_3886.jpg,True,
4226390,,,,,,0,C:\Users\aspen\Desktop\CMPU395\CMPU-395-Project\data\streetview_images\4226390.0_3887.jpg,True,
4226390,,,,,,0,C:\Users\aspen\Desktop\CMPU395\CMPU-395-Project\data\streetview_images\4226390.0_3888.jpg,True,
4226390,,,,,,0,C:\Users\aspen\Desktop\CMPU395\CMPU-395-Project\data\streetview_images\4226390.0_3889.jpg,True,
4226390,,,,,,0,C:\Users\aspen\Desktop\CMPU395\CMPU-395-Project\data\streetview_images\4226390.0_3890.jpg,True,
4226390,,,,,,0,C:\Users\aspen\Desktop\CMPU395\CMPU-395-Project\data\streetview_images\4226390.0_3891.jpg,True,
4226390,,,,,,0,C:\Users\aspen\Desktop\CMPU395\CMPU-395-Project\data\streetview_images\4226390.0_3892.jpg,True,
4226390,,,,,,0,C:\Users\aspen\Desktop\CMPU395\CMPU-395-Project\data\streetview_images\4226390.0_3893.jpg,True,
4226390,,,,,,0,C:\Users\aspen\Desktop\CMPU395\CMPU-395-Project\data\streetview_images\4226390.0_3894.jpg,True,
4226390,,,,,,0,C:\Users\aspen\Desktop\CMPU395\CMPU-395-Project\data\streetview_images\4226390.0_3895.jpg,True,
4226390,,,,,,0,C:\Users\aspen\Desktop\CMPU395\CMPU-395-Project\data\streetview_images\4226390.0_3896.jpg,True,
4226850,,,,,,0,C:\Users\aspen\Desktop\CMPU395\CMPU-395-Project\data\streetview_images\4226850.0_3897.jpg,True,
4226850,,,,,,0,C:\Users\aspen\Desktop\CMPU395\CMPU-395-Project\data\streetview_images\4226850.0_3898.jpg,True,
4226850,,,,,,0,C:\Users\aspen\Desktop\CMPU395\CMPU-395-Project\data\streetview_images\4226850.0_3899.jpg,True,
4226850,,,,,,0,C:\Users\aspen\Desktop\CMPU395\CMPU-395-Project\data\streetview_images\4226850.0_3900.jpg,True,
4226850,,,,,,0,C:\Users\aspen\Desktop\CMPU395\CMPU-395-Project\data\streetview_images\4226850.0_3901.jpg,True,
4226850,,,,,,0,C:\Users\aspen\Desktop\CMPU395\CMPU-395-Project\data\streetview_images\4226850.0_3902.jpg,True,
4226850,,,,,,0,C:\Users\aspen\Desktop\CMPU395\CMPU-395-Project\data\streetview_images\4226850.0_3903.jpg,True,
4226850,,,,,,0,C:\Users\aspen\Desktop\CMPU395\CMPU-395-Project\data\streetview_images\4226850.0_3904.jpg,True,
4226850,,,,,,0,C:\Users\aspen\Desktop\CMPU395\CMPU-395-Project\data\streetview_images\4226850.0_3905.jpg,True,
4226850,,,,,,0,C:\Users\aspen\Desktop\CMPU395\CMPU-395-Project\data\streetview_images\4226850.0_3906.jpg,True,
4226850,,,,,,0,C:\Users\aspen\Desktop\CMPU395\CMPU-395-Project\data\streetview_images\4226850.0_3907.jpg,True,
4226850,,,,,,0,C:\Users\aspen\Desktop\CMPU395\CMPU-395-Project\data\streetview_images\4226850.0_3908.jpg,True,
4226850,,,,,,0,C:\Users\aspen\Desktop\CMPU395\CMPU-395-Project\data\streetview_images\4226850.0_3909.jpg,True,
4226850,,,,,,0,C:\Users\aspen\Desktop\CMPU395\CMPU-395-Project\data\streetview_images\4226850.0_3910.jpg,True,
4226850,,,,,,0,C:\Users\aspen\Desktop\CMPU395\CMPU-395-Project\data\streetview_images\4226850.0_3911.jpg,True,
4226850,,,,,,0,C:\Users\aspen\Desktop\CMPU395\CMPU-395-Project\data\streetview_images\4226850.0_3912.jpg,True,
4226850,,,,,,0,C:\Users\aspen\Desktop\CMPU395\CMPU-395-Project\data\streetview_images\4226850.0_3913.jpg,True,
4226850,,,,,,0,C:\Users\aspen\Desktop\CMPU395\CMPU-395-Project\data\streetview_images\4226850.0_3914.jpg,True,
4226850,,,,,,0,C:\Users\aspen\Desktop\CMPU395\CMPU-395-Project\data\streetview_images\4226850.0_3915.jpg,True,
4226850,,,,,,0,C:\Users\aspen\Desktop\CMPU395\CMPU-395-Project\data\streetview_images\4226850.0_3916.jpg,True,
4226850,,,,,,0,C:\Users\aspen\Desktop\CMPU395\CMPU-395-Project\data\streetview_images\4226850.0_3917.jpg,True,
4226850,,,,,,0,C:\Users\aspen\Desktop\CMPU395\CMPU-395-Project\data\streetview_images\4226850.0_3918.jpg,True,
4226850,,,,,,0,C:\Users\aspen\Desktop\CMPU395\CMPU-395-Project\data\streetview_images\4226850.0_3919.jpg,True,
4226850,,,,,,0,C:\Users\aspen\Desktop\CMPU395\CMPU-395-Project\data\streetview_images\4226850.0_3920.jpg,True,
4226850,,,,,,0,C:\Users\aspen\Desktop\CMPU395\CMPU-395-Project\data\streetview_images\4226850.0_3921.jpg,True,
4226850,,,,,,0,C:\Users\aspen\Desktop\CMPU395\CMPU-395-Project\data\streetview_images\4226850.0_3922.jpg,True,
4226850,,,,,,0,C:\Users\aspen\Desktop\CMPU395\CMPU-395-Project\data\streetview_images\4226850.0_3923.jpg,True,
4226850,,,,,,0,C:\Users\aspen\Desktop\CMPU395\CMPU-395-Project\data\streetview_images\4226850.0_3924.jpg,True,
4226850,,,,,,0,C:\Users\aspen\Desktop\CMPU395\CMPU-395-Project\data\streetview_images\4226850.0_3925.jpg,True,
4226850,,,,,,0,C:\Users\aspen\Desktop\CMPU395\CMPU-395-Project\data\streetview_images\4226850.0_3926.jpg,True,
4226850,,,,,,0,C:\Users\aspen\Desktop\CMPU395\CMPU-395-Project\data\streetview_images\4226850.0_3927.jpg,True,
4226850,,,,,,0,C:\Users\aspen\Desktop\CMPU395\CMPU-395-Project\data\streetview_images\4226850.0_3928.jpg,True,
4226850,,,,,,0,C:\Users\aspen\Desktop\CMPU395\CMPU-395-Project\data\streetview_images\4226850.0_3929.jpg,True,
4226850,,,,,,0,C:\Users\aspen\Desktop\CMPU395\CMPU-395-Project\data\streetview_images\4226850.0_3930.jpg,True,
4226850,,,,,,0,C:\Users\aspen\Desktop\CMPU395\CMPU-395-Project\data\streetview_images\4226850.0_3931.jpg,True,
4226850,,,,,,0,C:\Users\aspen\Desktop\CMPU395\CMPU-395-Project\data\streetview_images\4226850.0_3932.jpg,True,
4226850,,,,,,0,C:\Users\aspen\Desktop\CMPU395\CMPU-395-Project\data\streetview_images\4226850.0_3933.jpg,True,
4226850,,,,,,0,C:\Users\aspen\Desktop\CMPU395\CMPU-395-Project\data\streetview_images\4226850.0_3934.jpg,True,
4226850,,,,,,0,C:\Users\aspen\Desktop\CMPU395\CMPU-395-Project\data\streetview_images\4226850.0_3935.jpg,True,
4226850,,,,,,0,C:\Users\aspen\Desktop\CMPU395\CMPU-395-Project\data\streetview_images\4226850.0_3936.jpg,True,
4400390,,,,,,0,C:\Users\aspen\Desktop\CMPU395\CMPU-395-Project\data\streetview_images\4400390.0_3937.jpg,True,
4400390,,,,,,0,C:\Users\aspen\Desktop\CMPU395\CMPU-395-Project\data\streetview_images\4400390.0_3938.jpg,True,
4400390,,,,,,0,C:\Users\aspen\Desktop\CMPU395\CMPU-395-Project\data\streetview_images\4400390.0_3939.jpg,True,
4400390,,,,,,0,C:\Users\aspen\Desktop\CMPU395\CMPU-395-Project\data\streetview_images\4400390.0_3940.jpg,True,
4400390,,,,,,0,C:\Users\aspen\Desktop\CMPU395\CMPU-395-Project\data\streetview_images\4400390.0_3941.jpg,True,
4400390,,,,,,0,C:\Users\aspen\Desktop\CMPU395\CMPU-395-Project\data\streetview_images\4400390.0_3942.jpg,True,
4400390,,,,,,0,C:\Users\aspen\Desktop\CMPU395\CMPU-395-Project\data\streetview_images\4400390.0_3943.jpg,True,
4400390,,,,,,0,C:\Users\aspen\Desktop\CMPU395\CMPU-395-Project\data\streetview_images\4400390.0_3944.jpg,True,
4636150,,,,,,0,C:\Users\aspen\Desktop\CMPU395\CMPU-395-Project\data\streetview_images\4636150.0_3945.jpg,True,
4636150,,,,,,0,C:\Users\aspen\Desktop\CMPU395\CMPU-395-Project\data\streetview_images\4636150.0_3946.jpg,True,
4700150,,,,,,0,C:\Users\aspen\Desktop\CMPU395\CMPU-395-Project\data\streetview_images\4700150.0_3947.jpg,True,
4700150,,,,,,0,C:\Users\aspen\Desktop\CMPU395\CMPU-395-Project\data\streetview_images\4700150.0_3948.jpg,True,
4700150,,,,,,0,C:\Users\aspen\Desktop\CMPU395\CMPU-395-Project\data\streetview_images\4700150.0_3949.jpg,True,
4700150,,,,,,0,C:\Users\aspen\Desktop\CMPU395\CMPU-395-Project\data\streetview_images\4700150.0_3950.jpg,True,
4700150,,,,,,0,C:\Users\aspen\Desktop\CMPU395\CMPU-395-Project\data\streetview_images\4700150.0_3951.jpg,True,
4700150,,,,,,0,C:\Users\aspen\Desktop\CMPU395\CMPU-395-Project\data\streetview_images\4700150.0_3952.jpg,True,
4700150,,,,,,0,C:\Users\aspen\Desktop\CMPU395\CMPU-395-Project\data\streetview_images\4700150.0_3953.jpg,True,
4700150,,,,,,0,C:\Users\aspen\Desktop\CMPU395\CMPU-395-Project\data\streetview_images\4700150.0_3954.jpg,True,
4700150,,,,,,0,C:\Users\aspen\Desktop\CMPU395\CMPU-395-Project\data\streetview_images\4700150.0_3955.jpg,True,
4700150,,,,,,0,C:\Users\aspen\Desktop\CMPU395\CMPU-395-Project\data\streetview_images\4700150.0_3956.jpg,True,
4700150,,,,,,0,C:\Users\aspen\Desktop\CMPU395\CMPU-395-Project\data\streetview_images\4700150.0_3957.jpg,True,
4700150,,,,,,0,C:\Users\aspen\Desktop\CMPU395\CMPU-395-Project\data\streetview_images\4700150.0_3958.jpg,True,
4700150,,,,,,0,C:\Users\aspen\Desktop\CMPU395\CMPU-395-Project\data\streetview_images\4700150.0_3959.jpg,True,
4700150,,,,,,0,C:\Users\aspen\Desktop\CMPU395\CMPU-395-Project\data\streetview_images\4700150.0_3960.jpg,True,
4700150,,,,,,0,C:\Users\aspen\Desktop\CMPU395\CMPU-395-Project\data\streetview_images\4700150.0_3961.jpg,True,
4700150,,,,,,0,C:\Users\aspen\Desktop\CMPU395\CMPU-395-Project\data\streetview_images\4700150.0_3962.jpg,True,
4700150,,,,,,0,C:\Users\aspen\Desktop\CMPU395\CMPU-395-Project\data\streetview_images\4700150.0_3963.jpg,True,
4700150,,,,,,0,C:\Users\aspen\Desktop\CMPU395\CMPU-395-Project\data\streetview_images\4700150.0_3964.jpg,True,
4700150,,,,,,0,C:\Users\aspen\Desktop\CMPU395\CMPU-395-Project\data\streetview_images\4700150.0_3965.jpg,True,
4700150,,,,,,0,C:\Users\aspen\Desktop\CMPU395\CMPU-395-Project\data\streetview_images\4700150.0_3966.jpg,True,
4700150,,,,,,0,C:\Users\aspen\Desktop\CMPU395\CMPU-395-Project\data\streetview_images\4700150.0_3967.jpg,True,
4700150,,,,,,0,C:\Users\aspen\Desktop\CMPU395\CMPU-395-Project\data\streetview_images\4700150.0_3968.jpg,True,
4700152,,,,,,0,C:\Users\aspen\Desktop\CMPU395\CMPU-395-Project\data\streetview_images\4700152.0_3969.jpg,True,
4700152,,,,,,0,C:\Users\aspen\Desktop\CMPU395\CMPU-395-Project\data\streetview_images\4700152.0_3970.jpg,True,
4700152,,,,,,0,C:\Users\aspen\Desktop\CMPU395\CMPU-395-Project\data\streetview_images\4700152.0_3971.jpg,True,
4700152,,,,,,0,C:\Users\aspen\Desktop\CMPU395\CMPU-395-Project\data\streetview_images\4700152.0_3972.jpg,True,
4700152,,,,,,0,C:\Users\aspen\Desktop\CMPU395\CMPU-395-Project\data\streetview_images\4700152.0_3973.jpg,True,
4700152,,,,,,0,C:\Users\aspen\Desktop\CMPU395\CMPU-395-Project\data\streetview_images\4700152.0_3974.jpg,True,
4700152,,,,,,0,C:\Users\aspen\Desktop\CMPU395\CMPU-395-Project\data\streetview_images\4700152.0_3975.jpg,True,
4700152,,,,,,0,C:\Users\aspen\Desktop\CMPU395\CMPU-395-Project\data\streetview_images\4700152.0_3976.jpg,True,
4700152,,,,,,0,C:\Users\aspen\Desktop\CMPU395\CMPU-395-Project\data\streetview_images\4700152.0_3977.jpg,True,
4700152,,,,,,0,C:\Users\aspen\Desktop\CMPU395\CMPU-395-Project\data\streetview_images\4700152.0_3978.jpg,True,
4700152,,,,,,0,C:\Users\aspen\Desktop\CMPU395\CMPU-395-Project\data\streetview_images\4700152.0_3979.jpg,True,
4700152,,,,,,0,C:\Users\aspen\Desktop\CMPU395\CMPU-395-Project\data\streetview_images\4700152.0_3980.jpg,True,
4700152,,,,,,0,C:\Users\aspen\Desktop\CMPU395\CMPU-395-Project\data\streetview_images\4700152.0_3981.jpg,True,
4700152,,,,,,0,C:\Users\aspen\Desktop\CMPU395\CMPU-395-Project\data\streetview_images\4700152.0_3982.jpg,True,
4700152,,,,,,0,C:\Users\aspen\Desktop\CMPU395\CMPU-395-Project\data\streetview_images\4700152.0_3983.jpg,True,
4700152,,,,,,0,C:\Users\aspen\Desktop\CMPU395\CMPU-395-Project\data\streetview_images\4700152.0_3984.jpg,True,
4700152,,,,,,0,C:\Users\aspen\Desktop\CMPU395\CMPU-395-Project\data\streetview_images\4700152.0_3985.jpg,True,
4700152,,,,,,0,C:\Users\aspen\Desktop\CMPU395\CMPU-395-Project\data\streetview_images\4700152.0_3986.jpg,True,
4700152,,,,,,0,C:\Users\aspen\Desktop\CMPU395\CMPU-395-Project\data\streetview_images\4700152.0_3987.jpg,True,
4700152,,,,,,0,C:\Users\aspen\Desktop\CMPU395\CMPU-395-Project\data\streetview_images\4700152.0_3988.jpg,True,
4700152,,,,,,0,C:\Users\aspen\Desktop\CMPU395\CMPU-395-Project\data\streetview_images\4700152.0_3989.jpg,True,
4700152,,,,,,0,C:\Users\aspen\Desktop\CMPU395\CMPU-395-Project\data\streetview_images\4700152.0_3990.jpg,True,
4700152,,,,,,0,C:\Users\aspen\Desktop\CMPU395\CMPU-395-Project\data\streetview_images\4700152.0_3991.jpg,True,
4700152,,,,,,0,C:\Users\aspen\Desktop\CMPU395\CMPU-395-Project\data\streetview_images\4700152.0_3992.jpg,True,
4700152,,,,,,0,C:\Users\aspen\Desktop\CMPU395\CMPU-395-Project\data\streetview_images\4700152.0_3993.jpg,True,
4700152,,,,,,0,C:\Users\aspen\Desktop\CMPU395\CMPU-395-Project\data\streetview_images\4700152.0_3994.jpg,True,
4700152,,,,,,0,C:\Users\aspen\Desktop\CMPU395\CMPU-395-Project\data\streetview_images\4700152.0_3995.jpg,True,
4700152,,,,,,0,C:\Users\aspen\Desktop\CMPU395\CMPU-395-Project\data\streetview_images\4700152.0_3996.jpg,True,
4700152,,,,,,0,C:\Users\aspen\Desktop\CMPU395\CMPU-395-Project\data\streetview_images\4700152.0_3997.jpg,True,
4700152,,,,,,0,C:\Users\aspen\Desktop\CMPU395\CMPU-395-Project\data\streetview_images\4700152.0_3998.jpg,True,
4700152,,,,,,0,C:\Users\aspen\Desktop\CMPU395\CMPU-395-Project\data\streetview_images\4700152.0_3999.jpg,True,
4700152,,,,,,0,C:\Users\aspen\Desktop\CMPU395\CMPU-395-Project\data\streetview_images\4700152.0_4000.jpg,True,
4702070,,,,,,0,C:\Users\aspen\Desktop\CMPU395\CMPU-395-Project\data\streetview_images\4702070.0_4001.jpg,True,
4702070,,,,,,0,C:\Users\aspen\Desktop\CMPU395\CMPU-395-Project\data\streetview_images\4702070.0_4002.jpg,True,
4702070,,,,,,0,C:\Users\aspen\Desktop\CMPU395\CMPU-395-Project\data\streetview_images\4702070.0_4003.jpg,True,
4702070,,,,,,0,C:\Users\aspen\Desktop\CMPU395\CMPU-395-Project\data\streetview_images\4702070.0_4004.jpg,True,
4702070,,,,,,0,C:\Users\aspen\Desktop\CMPU395\CMPU-395-Project\data\streetview_images\4702070.0_4005.jpg,True,
4702070,,,,,,0,C:\Users\aspen\Desktop\CMPU395\CMPU-395-Project\data\streetview_images\4702070.0_4006.jpg,True,
4702070,,,,,,0,C:\Users\aspen\Desktop\CMPU395\CMPU-395-Project\data\streetview_images\4702070.0_4007.jpg,True,
4702070,,,,,,0,C:\Users\aspen\Desktop\CMPU395\CMPU-395-Project\data\streetview_images\4702070.0_4008.jpg,True,
4702070,,,,,,0,C:\Users\aspen\Desktop\CMPU395\CMPU-395-Project\data\streetview_images\4702070.0_4009.jpg,True,
4702070,,,,,,0,C:\Users\aspen\Desktop\CMPU395\CMPU-395-Project\data\streetview_images\4702070.0_4010.jpg,True,
4703480,,,,,,0,C:\Users\aspen\Desktop\CMPU395\CMPU-395-Project\data\streetview_images\4703480.0_4011.jpg,True,
4703480,,,,,,0,C:\Users\aspen\Desktop\CMPU395\CMPU-395-Project\data\streetview_images\4703480.0_4012.jpg,True,
4703480,,,,,,0,C:\Users\aspen\Desktop\CMPU395\CMPU-395-Project\data\streetview_images\4703480.0_4013.jpg,True,
4703480,,,,,,0,C:\Users\aspen\Desktop\CMPU395\CMPU-395-Project\data\streetview_images\4703480.0_4014.jpg,True,
4703480,,,,,,0,C:\Users\aspen\Desktop\CMPU395\CMPU-395-Project\data\streetview_images\4703480.0_4015.jpg,True,
4703480,,,,,,0,C:\Users\aspen\Desktop\CMPU395\CMPU-395-Project\data\streetview_images\4703480.0_4016.jpg,True,
4703480,,,,,,0,C:\Users\aspen\Desktop\CMPU395\CMPU-395-Project\data\streetview_images\4703480.0_4017.jpg,True,
4703480,,,,,,0,C:\Users\aspen\Desktop\CMPU395\CMPU-395-Project\data\streetview_images\4703480.0_4018.jpg,True,
4703480,,,,,,0,C:\Users\aspen\Desktop\CMPU395\CMPU-395-Project\data\streetview_images\4703480.0_4019.jpg,True,
4703480,,,,,,0,C:\Users\aspen\Desktop\CMPU395\CMPU-395-Project\data\streetview_images\4703480.0_4020.jpg,True,
4703480,,,,,,0,C:\Users\aspen\Desktop\CMPU395\CMPU-395-Project\data\streetview_images\4703480.0_4021.jpg,True,
4703480,,,,,,0,C:\Users\aspen\Desktop\CMPU395\CMPU-395-Project\data\streetview_images\4703480.0_4022.jpg,True,
4703480,,,,,,0,C:\Users\aspen\Desktop\CMPU395\CMPU-395-Project\data\streetview_images\4703480.0_4023.jpg,True,
4703480,,,,,,0,C:\Users\aspen\Desktop\CMPU395\CMPU-395-Project\data\streetview_images\4703480.0_4024.jpg,True,
4703480,,,,,,0,C:\Users\aspen\Desktop\CMPU395\CMPU-395-Project\data\streetview_images\4703480.0_4025.jpg,True,
4703480,,,,,,0,C:\Users\aspen\Desktop\CMPU395\CMPU-395-Project\data\streetview_images\4703480.0_4026.jpg,True,
4703480,,,,,,0,C:\Users\aspen\Desktop\CMPU395\CMPU-395-Project\data\streetview_images\4703480.0_4027.jpg,True,
4703480,,,,,,0,C:\Users\aspen\Desktop\CMPU395\CMPU-395-Project\data\streetview_images\4703480.0_4028.jpg,True,
4703480,,,,,,0,C:\Users\aspen\Desktop\CMPU395\CMPU-395-Project\data\streetview_images\4703480.0_4029.jpg,True,
4703600,,,,,,0,C:\Users\aspen\Desktop\CMPU395\CMPU-395-Project\data\streetview_images\4703600.0_4030.jpg,True,
4703600,,,,,,0,C:\Users\aspen\Desktop\CMPU395\CMPU-395-Project\data\streetview_images\4703600.0_4031.jpg,True,
4703600,,,,,,0,C:\Users\aspen\Desktop\CMPU395\CMPU-395-Project\data\streetview_images\4703600.0_4032.jpg,True,
4703600,,,,,,0,C:\Users\aspen\Desktop\CMPU395\CMPU-395-Project\data\streetview_images\4703600.0_4033.jpg,True,
4703600,,,,,,0,C:\Users\aspen\Desktop\CMPU395\CMPU-395-Project\data\streetview_images\4703600.0_4034.jpg,True,
4703600,,,,,,0,C:\Users\aspen\Desktop\CMPU395\CMPU-395-Project\data\streetview_images\4703600.0_4035.jpg,True,
4703600,,,,,,0,C:\Users\aspen\Desktop\CMPU395\CMPU-395-Project\data\streetview_images\4703600.0_4036.jpg,True,
4703600,,,,,,0,C:\Users\aspen\Desktop\CMPU395\CMPU-395-Project\data\streetview_images\4703600.0_4037.jpg,True,
4703600,,,,,,0,C:\Users\aspen\Desktop\CMPU395\CMPU-395-Project\data\streetview_images\4703600.0_4038.jpg,True,
4703600,,,,,,0,C:\Users\aspen\Desktop\CMPU395\CMPU-395-Project\data\streetview_images\4703600.0_4039.jpg,True,
4703600,,,,,,0,C:\Users\aspen\Desktop\CMPU395\CMPU-395-Project\data\streetview_images\4703600.0_4040.jpg,True,
4703600,,,,,,0,C:\Users\aspen\Desktop\CMPU395\CMPU-395-Project\data\streetview_images\4703600.0_4041.jpg,True,
4703600,,,,,,0,C:\Users\aspen\Desktop\CMPU395\CMPU-395-Project\data\streetview_images\4703600.0_4042.jpg,True,
4703600,,,,,,0,C:\Users\aspen\Desktop\CMPU395\CMPU-395-Project\data\streetview_images\4703600.0_4043.jpg,True,
4703600,,,,,,0,C:\Users\aspen\Desktop\CMPU395\CMPU-395-Project\data\streetview_images\4703600.0_4044.jpg,True,
4703600,,,,,,0,C:\Users\aspen\Desktop\CMPU395\CMPU-395-Project\data\streetview_images\4703600.0_4045.jpg,True,
4810780,,,,,,0,C:\Users\aspen\Desktop\CMPU395\CMPU-395-Project\data\streetview_images\4810780.0_4046.jpg,True,
4810780,,,,,,0,C:\Users\aspen\Desktop\CMPU395\CMPU-395-Project\data\streetview_images\4810780.0_4047.jpg,True,
4810780,,,,,,0,C:\Users\aspen\Desktop\CMPU395\CMPU-395-Project\data\streetview_images\4810780.0_4048.jpg,True,
4810780,,,,,,0,C:\Users\aspen\Desktop\CMPU395\CMPU-395-Project\data\streetview_images\4810780.0_4049.jpg,True,
4810780,,,,,,0,C:\Users\aspen\Desktop\CMPU395\CMPU-395-Project\data\streetview_images\4810780.0_4050.jpg,True,
4810780,,,,,,0,C:\Users\aspen\Desktop\CMPU395\CMPU-395-Project\data\streetview_images\4810780.0_4051.jpg,True,
4812180,,,,,,0,C:\Users\aspen\Desktop\CMPU395\CMPU-395-Project\data\streetview_images\4812180.0_4052.jpg,True,
4812180,,,,,,0,C:\Users\aspen\Desktop\CMPU395\CMPU-395-Project\data\streetview_images\4812180.0_4053.jpg,True,
4812180,,,,,,0,C:\Users\aspen\Desktop\CMPU395\CMPU-395-Project\data\streetview_images\4812180.0_4054.jpg,True,
4812180,,,,,,0,C:\Users\aspen\Desktop\CMPU395\CMPU-395-Project\data\streetview_images\4812180.0_4055.jpg,True,
4812180,,,,,,0,C:\Users\aspen\Desktop\CMPU395\CMPU-395-Project\data\streetview_images\4812180.0_4056.jpg,True,
4812180,,,,,,0,C:\Users\aspen\Desktop\CMPU395\CMPU-395-Project\data\streetview_images\4812180.0_4057.jpg,True,
4812180,,,,,,0,C:\Users\aspen\Desktop\CMPU395\CMPU-395-Project\data\streetview_images\4812180.0_4058.jpg,True,
4812180,,,,,,0,C:\Users\aspen\Desktop\CMPU395\CMPU-395-Project\data\streetview_images\4812180.0_4059.jpg,True,
4812180,,,,,,0,C:\Users\aspen\Desktop\CMPU395\CMPU-395-Project\data\streetview_images\4812180.0_4060.jpg,True,
4812180,,,,,,0,C:\Users\aspen\Desktop\CMPU395\CMPU-395-Project\data\streetview_images\4812180.0_4061.jpg,True,
4812180,,,,,,0,C:\Users\aspen\Desktop\CMPU395\CMPU-395-Project\data\streetview_images\4812180.0_4062.jpg,True,
4812180,,,,,,0,C:\Users\aspen\Desktop\CMPU395\CMPU-395-Project\data\streetview_images\4812180.0_4063.jpg,True,
4812180,,,,,,0,C:\Users\aspen\Desktop\CMPU395\CMPU-395-Project\data\streetview_images\4812180.0_4064.jpg,True,
4812180,,,,,,0,C:\Users\aspen\Desktop\CMPU395\CMPU-395-Project\data\streetview_images\4812180.0_4065.jpg,True,
4812180,,,,,,0,C:\Users\aspen\Desktop\CMPU395\CMPU-395-Project\data\streetview_images\4812180.0_4066.jpg,True,
4812180,,,,,,0,C:\Users\aspen\Desktop\CMPU395\CMPU-395-Project\data\streetview_images\4812180.0_4067.jpg,True,
4812180,,,,,,0,C:\Users\aspen\Desktop\CMPU395\CMPU-395-Project\data\streetview_images\4812180.0_4068.jpg,True,
4812180,,,,,,0,C:\Users\aspen\Desktop\CMPU395\CMPU-395-Project\data\streetview_images\4812180.0_4069.jpg,True,
4812180,,,,,,0,C:\Users\aspen\Desktop\CMPU395\CMPU-395-Project\data\streetview_images\4812180.0_4070.jpg,True,
4812180,,,,,,0,C:\Users\aspen\Desktop\CMPU395\CMPU-395-Project\data\streetview_images\4812180.0_4071.jpg,True,
4812180,,,,,,0,C:\Users\aspen\Desktop\CMPU395\CMPU-395-Project\data\streetview_images\4812180.0_4072.jpg,True,
4812180,,,,,,0,C:\Users\aspen\Desktop\CMPU395\CMPU-395-Project\data\streetview_images\4812180.0_4073.jpg,True,
4812180,,,,,,0,C:\Users\aspen\Desktop\CMPU395\CMPU-395-Project\data\streetview_images\4812180.0_4074.jpg,True,
4812180,,,,,,0,C:\Users\aspen\Desktop\CMPU395\CMPU-395-Project\data\streetview_images\4812180.0_4075.jpg,True,
4812180,,,,,,0,C:\Users\aspen\Desktop\CMPU395\CMPU-395-Project\data\streetview_images\4812180.0_4076.jpg,True,
4812180,,,,,,0,C:\Users\aspen\Desktop\CMPU395\CMPU-395-Project\data\streetview_images\4812180.0_4077.jpg,True,
4812180,,,,,,0,C:\Users\aspen\Desktop\CMPU395\CMPU-395-Project\data\streetview_images\4812180.0_4078.jpg,True,
4812180,,,,,,0,C:\Users\aspen\Desktop\CMPU395\CMPU-395-Project\data\streetview_images\4812180.0_4079.jpg,True,
4812180,,,,,,0,C:\Users\aspen\Desktop\CMPU395\CMPU-395-Project\data\streetview_images\4812180.0_4080.jpg,True,
4812180,,,,,,0,C:\Users\aspen\Desktop\CMPU395\CMPU-395-Project\data\streetview_images\4812180.0_4081.jpg,True,
4812180,,,,,,0,C:\Users\aspen\Desktop\CMPU395\CMPU-395-Project\data\streetview_images\4812180.0_4082.jpg,True,
4812180,,,,,,0,C:\Users\aspen\Desktop\CMPU395\CMPU-395-Project\data\streetview_images\4812180.0_4083.jpg,True,
4812180,,,,,,0,C:\Users\aspen\Desktop\CMPU395\CMPU-395-Project\data\streetview_images\4812180.0_4084.jpg,True,
4817880,,,,,,0,C:\Users\aspen\Desktop\CMPU395\CMPU-395-Project\data\streetview_images\4817880.0_4085.jpg,True,
4817880,,,,,,0,C:\Users\aspen\Desktop\CMPU395\CMPU-395-Project\data\streetview_images\4817880.0_4086.jpg,True,
4817880,,,,,,0,C:\Users\aspen\Desktop\CMPU395\CMPU-395-Project\data\streetview_images\4817880.0_4087.jpg,True,
4817880,,,,,,0,C:\Users\aspen\Desktop\CMPU395\CMPU-395-Project\data\streetview_images\4817880.0_4088.jpg,True,
4817880,,,,,,0,C:\Users\aspen\Desktop\CMPU395\CMPU-395-Project\data\streetview_images\4817880.0_4089.jpg,True,
4817960,,,,,,0,C:\Users\aspen\Desktop\CMPU395\CMPU-395-Project\data\streetview_images\4817960.0_4090.jpg,True,
4819050,,,,,,0,C:\Users\aspen\Desktop\CMPU395\CMPU-395-Project\data\streetview_images\4819050.0_4091.jpg,True,
4819050,,,,,,0,C:\Users\aspen\Desktop\CMPU395\CMPU-395-Project\data\streetview_images\4819050.0_4092.jpg,True,
4819050,,,,,,0,C:\Users\aspen\Desktop\CMPU395\CMPU-395-Project\data\streetview_images\4819050.0_4093.jpg,True,
4819050,,,,,,0,C:\Users\aspen\Desktop\CMPU395\CMPU-395-Project\data\streetview_images\4819050.0_4094.jpg,True,
4819050,,,,,,0,C:\Users\aspen\Desktop\CMPU395\CMPU-395-Project\data\streetview_images\4819050.0_4095.jpg,True,
4819050,,,,,,0,C:\Users\aspen\Desktop\CMPU395\CMPU-395-Project\data\streetview_images\4819050.0_4096.jpg,True,
4819050,,,,,,0,C:\Users\aspen\Desktop\CMPU395\CMPU-395-Project\data\streetview_images\4819050.0_4097.jpg,True,
4819050,,,,,,0,C:\Users\aspen\Desktop\CMPU395\CMPU-395-Project\data\streetview_images\4819050.0_4098.jpg,True,
4820700,,,,,,0,C:\Users\aspen\Desktop\CMPU395\CMPU-395-Project\data\streetview_images\4820700.0_4099.jpg,True,
4820700,,,,,,0,C:\Users\aspen\Desktop\CMPU395\CMPU-395-Project\data\streetview_images\4820700.0_4100.jpg,True,
4820700,,,,,,0,C:\Users\aspen\Desktop\CMPU395\CMPU-395-Project\data\streetview_images\4820700.0_4101.jpg,True,
4820700,,,,,,0,C:\Users\aspen\Desktop\CMPU395\CMPU-395-Project\data\streetview_images\4820700.0_4102.jpg,True,
4820700,,,,,,0,C:\Users\aspen\Desktop\CMPU395\CMPU-395-Project\data\streetview_images\4820700.0_4103.jpg,True,
4820700,,,,,,0,C:\Users\aspen\Desktop\CMPU395\CMPU-395-Project\data\streetview_images\4820700.0_4104.jpg,True,
4820700,,,,,,0,C:\Users\aspen\Desktop\CMPU395\CMPU-395-Project\data\streetview_images\4820700.0_4105.jpg,True,
4820700,,,,,,0,C:\Users\aspen\Desktop\CMPU395\CMPU-395-Project\data\streetview_images\4820700.0_4106.jpg,True,
4822500,,,,,,0,C:\Users\aspen\Desktop\CMPU395\CMPU-395-Project\data\streetview_images\4822500.0_4107.jpg,True,
4822500,,,,,,0,C:\Users\aspen\Desktop\CMPU395\CMPU-395-Project\data\streetview_images\4822500.0_4108.jpg,True,
4822500,,,,,,0,C:\Users\aspen\Desktop\CMPU395\CMPU-395-Project\data\streetview_images\4822500.0_4109.jpg,True,
4822500,,,,,,0,C:\Users\aspen\Desktop\CMPU395\CMPU-395-Project\data\streetview_images\4822500.0_4110.jpg,True,
4822500,,,,,,0,C:\Users\aspen\Desktop\CMPU395\CMPU-395-Project\data\streetview_images\4822500.0_4111.jpg,True,
4823850,,,,,,0,C:\Users\aspen\Desktop\CMPU395\CMPU-395-Project\data\streetview_images\4823850.0_4112.jpg,True,
4823850,,,,,,0,C:\Users\aspen\Desktop\CMPU395\CMPU-395-Project\data\streetview_images\4823850.0_4113.jpg,True,
4823850,,,,,,0,C:\Users\aspen\Desktop\CMPU395\CMPU-395-Project\data\streetview_images\4823850.0_4114.jpg,True,
4823850,,,,,,0,C:\Users\aspen\Desktop\CMPU395\CMPU-395-Project\data\streetview_images\4823850.0_4115.jpg,True,
4823850,,,,,,0,C:\Users\aspen\Desktop\CMPU395\CMPU-395-Project\data\streetview_images\4823850.0_4116.jpg,True,
4823850,,,,,,0,C:\Users\aspen\Desktop\CMPU395\CMPU-395-Project\data\streetview_images\4823850.0_4117.jpg,True,
4823850,,,,,,0,C:\Users\aspen\Desktop\CMPU395\CMPU-395-Project\data\streetview_images\4823850.0_4118.jpg,True,
4823850,,,,,,0,C:\Users\aspen\Desktop\CMPU395\CMPU-395-Project\data\streetview_images\4823850.0_4119.jpg,True,
4823850,,,,,,0,C:\Users\aspen\Desktop\CMPU395\CMPU-395-Project\data\streetview_images\4823850.0_4120.jpg,True,
4823850,,,,,,0,C:\Users\aspen\Desktop\CMPU395\CMPU-395-Project\data\streetview_images\4823850.0_4121.jpg,True,
4823850,,,,,,0,C:\Users\aspen\Desktop\CMPU395\CMPU-395-Project\data\streetview_images\4823850.0_4122.jpg,True,
4826100,,,,,,0,C:\Users\aspen\Desktop\CMPU395\CMPU-395-Project\data\streetview_images\4826100.0_4123.jpg,True,
4826100,,,,,,0,C:\Users\aspen\Desktop\CMPU395\CMPU-395-Project\data\streetview_images\4826100.0_4124.jpg,True,
4826100,,,,,,0,C:\Users\aspen\Desktop\CMPU395\CMPU-395-Project\data\streetview_images\4826100.0_4125.jpg,True,
4826100,,,,,,0,C:\Users\aspen\Desktop\CMPU395\CMPU-395-Project\data\streetview_images\4826100.0_4126.jpg,True,
4826100,,,,,,0,C:\Users\aspen\Desktop\CMPU395\CMPU-395-Project\data\streetview_images\4826100.0_4127.jpg,True,
4826100,,,,,,0,C:\Users\aspen\Desktop\CMPU395\CMPU-395-Project\data\streetview_images\4826100.0_4128.jpg,True,
4826100,,,,,,0,C:\Users\aspen\Desktop\CMPU395\CMPU-395-Project\data\streetview_images\4826100.0_4129.jpg,True,
4826100,,,,,,0,C:\Users\aspen\Desktop\CMPU395\CMPU-395-Project\data\streetview_images\4826100.0_4130.jpg,True,
4826100,,,,,,0,C:\Users\aspen\Desktop\CMPU395\CMPU-395-Project\data\streetview_images\4826100.0_4131.jpg,True,
4826100,,,,,,0,C:\Users\aspen\Desktop\CMPU395\CMPU-395-Project\data\streetview_images\4826100.0_4132.jpg,True,
4826220,,,,,,0,C:\Users\aspen\Desktop\CMPU395\CMPU-395-Project\data\streetview_images\4826220.0_4133.jpg,True,
4826220,,,,,,0,C:\Users\aspen\Desktop\CMPU395\CMPU-395-Project\data\streetview_images\4826220.0_4134.jpg,True,
4826220,,,,,,0,C:\Users\aspen\Desktop\CMPU395\CMPU-395-Project\data\streetview_images\4826220.0_4135.jpg,True,
4826220,,,,,,0,C:\Users\aspen\Desktop\CMPU395\CMPU-395-Project\data\streetview_images\4826220.0_4136.jpg,True,
4826220,,,,,,0,C:\Users\aspen\Desktop\CMPU395\CMPU-395-Project\data\streetview_images\4826220.0_4137.jpg,True,
4828380,,,,,,0,C:\Users\aspen\Desktop\CMPU395\CMPU-395-Project\data\streetview_images\4828380.0_4138.jpg,True,
4828380,,,,,,0,C:\Users\aspen\Desktop\CMPU395\CMPU-395-Project\data\streetview_images\4828380.0_4139.jpg,True,
4828380,,,,,,0,C:\Users\aspen\Desktop\CMPU395\CMPU-395-Project\data\streetview_images\4828380.0_4140.jpg,True,
4828380,,,,,,0,C:\Users\aspen\Desktop\CMPU395\CMPU-395-Project\data\streetview_images\4828380.0_4141.jpg,True,
4828380,,,,,,0,C:\Users\aspen\Desktop\CMPU395\CMPU-395-Project\data\streetview_images\4828380.0_4142.jpg,True,
4828380,,,,,,0,C:\Users\aspen\Desktop\CMPU395\CMPU-395-Project\data\streetview_images\4828380.0_4143.jpg,True,
4828380,,,,,,0,C:\Users\aspen\Desktop\CMPU395\CMPU-395-Project\data\streetview_images\4828380.0_4144.jpg,True,
4828380,,,,,,0,C:\Users\aspen\Desktop\CMPU395\CMPU-395-Project\data\streetview_images\4828380.0_4145.jpg,True,
4828380,,,,,,0,C:\Users\aspen\Desktop\CMPU395\CMPU-395-Project\data\streetview_images\4828380.0_4146.jpg,True,
4828380,,,,,,0,C:\Users\aspen\Desktop\CMPU395\CMPU-395-Project\data\streetview_images\4828380.0_4147.jpg,True,
4828380,,,,,,0,C:\Users\aspen\Desktop\CMPU395\CMPU-395-Project\data\streetview_images\4828380.0_4148.jpg,True,
4828380,,,,,,0,C:\Users\aspen\Desktop\CMPU395\CMPU-395-Project\data\streetview_images\4828380.0_4149.jpg,True,
4828380,,,,,,0,C:\Users\aspen\Desktop\CMPU395\CMPU-395-Project\data\streetview_images\4828380.0_4150.jpg,True,
4828380,,,,,,0,C:\Users\aspen\Desktop\CMPU395\CMPU-395-Project\data\streetview_images\4828380.0_4151.jpg,True,
4828380,,,,,,0,C:\Users\aspen\Desktop\CMPU395\CMPU-395-Project\data\streetview_images\4828380.0_4152.jpg,True,
4828380,,,,,,0,C:\Users\aspen\Desktop\CMPU395\CMPU-395-Project\data\streetview_images\4828380.0_4153.jpg,True,
4828380,,,,,,0,C:\Users\aspen\Desktop\CMPU395\CMPU-395-Project\data\streetview_images\4828380.0_4154.jpg,True,
4828380,,,,,,0,C:\Users\aspen\Desktop\CMPU395\CMPU-395-Project\data\streetview_images\4828380.0_4155.jpg,True,
4828380,,,,,,0,C:\Users\aspen\Desktop\CMPU395\CMPU-395-Project\data\streetview_images\4828380.0_4156.jpg,True,
4828380,,,,,,0,C:\Users\aspen\Desktop\CMPU395\CMPU-395-Project\data\streetview_images\4828380.0_4157.jpg,True,
4828380,,,,,,0,C:\Users\aspen\Desktop\CMPU395\CMPU-395-Project\data\streetview_images\4828380.0_4158.jpg,True,
4828380,,,,,,0,C:\Users\aspen\Desktop\CMPU395\CMPU-395-Project\data\streetview_images\4828380.0_4159.jpg,True,
4828380,,,,,,0,C:\Users\aspen\Desktop\CMPU395\CMPU-395-Project\data\streetview_images\4828380.0_4160.jpg,True,
4828380,,,,,,0,C:\Users\aspen\Desktop\CMPU395\CMPU-395-Project\data\streetview_images\4828380.0_4161.jpg,True,
4828380,,,,,,0,C:\Users\aspen\Desktop\CMPU395\CMPU-395-Project\data\streetview_images\4828380.0_4162.jpg,True,
4828380,,,,,,0,C:\Users\aspen\Desktop\CMPU395\CMPU-395-Project\data\streetview_images\4828380.0_4163.jpg,True,
4828380,,,,,,0,C:\Users\aspen\Desktop\CMPU395\CMPU-395-Project\data\streetview_images\4828380.0_4164.jpg,True,
4828380,,,,,,0,C:\Users\aspen\Desktop\CMPU395\CMPU-395-Project\data\streetview_images\4828380.0_4165.jpg,True,
4828380,,,,,,0,C:\Users\aspen\Desktop\CMPU395\CMPU-395-Project\data\streetview_images\4828380.0_4166.jpg,True,
4828380,,,,,,0,C:\Users\aspen\Desktop\CMPU395\CMPU-395-Project\data\streetview_images\4828380.0_4167.jpg,True,
4828380,,,,,,0,C:\Users\aspen\Desktop\CMPU395\CMPU-395-Project\data\streetview_images\4828380.0_4168.jpg,True,
4828380,,,,,,0,C:\Users\aspen\Desktop\CMPU395\CMPU-395-Project\data\streetview_images\4828380.0_4169.jpg,True,
4828380,,,,,,0,C:\Users\aspen\Desktop\CMPU395\CMPU-395-Project\data\streetview_images\4828380.0_4170.jpg,True,
4828380,,,,,,0,C:\Users\aspen\Desktop\CMPU395\CMPU-395-Project\data\streetview_images\4828380.0_4171.jpg,True,
4828380,,,,,,0,C:\Users\aspen\Desktop\CMPU395\CMPU-395-Project\data\streetview_images\4828380.0_4172.jpg,True,
4828380,,,,,,0,C:\Users\aspen\Desktop\CMPU395\CMPU-395-Project\data\streetview_images\4828380.0_4173.jpg,True,
4828380,,,,,,0,C:\Users\aspen\Desktop\CMPU395\CMPU-395-Project\data\streetview_images\4828380.0_4174.jpg,True,
4828380,,,,,,0,C:\Users\aspen\Desktop\CMPU395\CMPU-395-Project\data\streetview_images\4828380.0_4175.jpg,True,
4828380,,,,,,0,C:\Users\aspen\Desktop\CMPU395\CMPU-395-Project\data\streetview_images\4828380.0_4176.jpg,True,
4828380,,,,,,0,C:\Users\aspen\Desktop\CMPU395\CMPU-395-Project\data\streetview_images\4828380.0_4177.jpg,True,
4829370,,,,,,0,C:\Users\aspen\Desktop\CMPU395\CMPU-395-Project\data\streetview_images\4829370.0_4178.jpg,True,
4829370,,,,,,0,C:\Users\aspen\Desktop\CMPU395\CMPU-395-Project\data\streetview_images\4829370.0_4179.jpg,True,
4829370,,,,,,0,C:\Users\aspen\Desktop\CMPU395\CMPU-395-Project\data\streetview_images\4829370.0_4180.jpg,True,
4829370,,,,,,0,C:\Users\aspen\Desktop\CMPU395\CMPU-395-Project\data\streetview_images\4829370.0_4181.jpg,True,
4829370,,,,,,0,C:\Users\aspen\Desktop\CMPU395\CMPU-395-Project\data\streetview_images\4829370.0_4182.jpg,True,
4829370,,,,,,0,C:\Users\aspen\Desktop\CMPU395\CMPU-395-Project\data\streetview_images\4829370.0_4183.jpg,True,
4829370,,,,,,0,C:\Users\aspen\Desktop\CMPU395\CMPU-395-Project\data\streetview_images\4829370.0_4184.jpg,True,
4829370,,,,,,0,C:\Users\aspen\Desktop\CMPU395\CMPU-395-Project\data\streetview_images\4829370.0_4185.jpg,True,
4829370,,,,,,0,C:\Users\aspen\Desktop\CMPU395\CMPU-395-Project\data\streetview_images\4829370.0_4186.jpg,True,
4830030,,,,,,0,C:\Users\aspen\Desktop\CMPU395\CMPU-395-Project\data\streetview_images\4830030.0_4187.jpg,True,
4830030,,,,,,0,C:\Users\aspen\Desktop\CMPU395\CMPU-395-Project\data\streetview_images\4830030.0_4188.jpg,True,
4832370,,,,,,0,C:\Users\aspen\Desktop\CMPU395\CMPU-395-Project\data\streetview_images\4832370.0_4189.jpg,True,
4832370,,,,,,0,C:\Users\aspen\Desktop\CMPU395\CMPU-395-Project\data\streetview_images\4832370.0_4190.jpg,True,
4832370,,,,,,0,C:\Users\aspen\Desktop\CMPU395\CMPU-395-Project\data\streetview_images\4832370.0_4191.jpg,True,
4832370,,,,,,0,C:\Users\aspen\Desktop\CMPU395\CMPU-395-Project\data\streetview_images\4832370.0_4192.jpg,True,
4832370,,,,,,0,C:\Users\aspen\Desktop\CMPU395\CMPU-395-Project\data\streetview_images\4832370.0_4193.jpg,True,
4832370,,,,,,0,C:\Users\aspen\Desktop\CMPU395\CMPU-395-Project\data\streetview_images\4832370.0_4194.jpg,True,
4832370,,,,,,0,C:\Users\aspen\Desktop\CMPU395\CMPU-395-Project\data\streetview_images\4832370.0_4195.jpg,True,
4832370,,,,,,0,C:\Users\aspen\Desktop\CMPU395\CMPU-395-Project\data\streetview_images\4832370.0_4196.jpg,True,
4832370,,,,,,0,C:\Users\aspen\Desktop\CMPU395\CMPU-395-Project\data\streetview_images\4832370.0_4197.jpg,True,
4832370,,,,,,0,C:\Users\aspen\Desktop\CMPU395\CMPU-395-Project\data\streetview_images\4832370.0_4198.jpg,True,
4832370,,,,,,0,C:\Users\aspen\Desktop\CMPU395\CMPU-395-Project\data\streetview_images\4832370.0_4199.jpg,True,
4832370,,,,,,0,C:\Users\aspen\Desktop\CMPU395\CMPU-395-Project\data\streetview_images\4832370.0_4200.jpg,True,
4832370,,,,,,0,C:\Users\aspen\Desktop\CMPU395\CMPU-395-Project\data\streetview_images\4832370.0_4201.jpg,True,
4832370,,,,,,0,C:\Users\aspen\Desktop\CMPU395\CMPU-395-Project\data\streetview_images\4832370.0_4202.jpg,True,
4832370,,,,,,0,C:\Users\aspen\Desktop\CMPU395\CMPU-395-Project\data\streetview_images\4832370.0_4203.jpg,True,
4832370,,,,,,0,C:\Users\aspen\Desktop\CMPU395\CMPU-395-Project\data\streetview_images\4832370.0_4204.jpg,True,
4832370,,,,,,0,C:\Users\aspen\Desktop\CMPU395\CMPU-395-Project\data\streetview_images\4832370.0_4205.jpg,True,
4832370,,,,,,0,C:\Users\aspen\Desktop\CMPU395\CMPU-395-Project\data\streetview_images\4832370.0_4206.jpg,True,
4832370,,,,,,0,C:\Users\aspen\Desktop\CMPU395\CMPU-395-Project\data\streetview_images\4832370.0_4207.jpg,True,
4832370,,,,,,0,C:\Users\aspen\Desktop\CMPU395\CMPU-395-Project\data\streetview_images\4832370.0_4208.jpg,True,
4832370,,,,,,0,C:\Users\aspen\Desktop\CMPU395\CMPU-395-Project\data\streetview_images\4832370.0_4209.jpg,True,
4832370,,,,,,0,C:\Users\aspen\Desktop\CMPU395\CMPU-395-Project\data\streetview_images\4832370.0_4210.jpg,True,
4833240,,,,,,0,C:\Users\aspen\Desktop\CMPU395\CMPU-395-Project\data\streetview_images\4833240.0_4211.jpg,True,
4836240,,,,,,0,C:\Users\aspen\Desktop\CMPU395\CMPU-395-Project\data\streetview_images\4836240.0_4212.jpg,True,
4836240,,,,,,0,C:\Users\aspen\Desktop\CMPU395\CMPU-395-Project\data\streetview_images\4836240.0_4213.jpg,True,
4836240,,,,,,0,C:\Users\aspen\Desktop\CMPU395\CMPU-395-Project\data\streetview_images\4836240.0_4214.jpg,True,
4836240,,,,,,0,C:\Users\aspen\Desktop\CMPU395\CMPU-395-Project\data\streetview_images\4836240.0_4215.jpg,True,
4836240,,,,,,0,C:\Users\aspen\Desktop\CMPU395\CMPU-395-Project\data\streetview_images\4836240.0_4216.jpg,True,
4836240,,,,,,0,C:\Users\aspen\Desktop\CMPU395\CMPU-395-Project\data\streetview_images\4836240.0_4217.jpg,True,
4836240,,,,,,0,C:\Users\aspen\Desktop\CMPU395\CMPU-395-Project\data\streetview_images\4836240.0_4218.jpg,True,
4836240,,,,,,0,C:\Users\aspen\Desktop\CMPU395\CMPU-395-Project\data\streetview_images\4836240.0_4219.jpg,True,
4836240,,,,,,0,C:\Users\aspen\Desktop\CMPU395\CMPU-395-Project\data\streetview_images\4836240.0_4220.jpg,True,
4836240,,,,,,0,C:\Users\aspen\Desktop\CMPU395\CMPU-395-Project\data\streetview_images\4836240.0_4221.jpg,True,
4836240,,,,,,0,C:\Users\aspen\Desktop\CMPU395\CMPU-395-Project\data\streetview_images\4836240.0_4222.jpg,True,
4836240,,,,,,0,C:\Users\aspen\Desktop\CMPU395\CMPU-395-Project\data\streetview_images\4836240.0_4223.jpg,True,
4836360,,,,,,0,C:\Users\aspen\Desktop\CMPU395\CMPU-395-Project\data\streetview_images\4836360.0_4224.jpg,True,
4836360,,,,,,0,C:\Users\aspen\Desktop\CMPU395\CMPU-395-Project\data\streetview_images\4836360.0_4225.jpg,True,
4836360,,,,,,0,C:\Users\aspen\Desktop\CMPU395\CMPU-395-Project\data\streetview_images\4836360.0_4226.jpg,True,
4836360,,,,,,0,C:\Users\aspen\Desktop\CMPU395\CMPU-395-Project\data\streetview_images\4836360.0_4227.jpg,True,
4836360,,,,,,0,C:\Users\aspen\Desktop\CMPU395\CMPU-395-Project\data\streetview_images\4836360.0_4228.jpg,True,
4836360,,,,,,0,C:\Users\aspen\Desktop\CMPU395\CMPU-395-Project\data\streetview_images\4836360.0_4229.jpg,True,
4836360,,,,,,0,C:\Users\aspen\Desktop\CMPU395\CMPU-395-Project\data\streetview_images\4836360.0_4230.jpg,True,
4836360,,,,,,0,C:\Users\aspen\Desktop\CMPU395\CMPU-395-Project\data\streetview_images\4836360.0_4231.jpg,True,
4836360,,,,,,0,C:\Users\aspen\Desktop\CMPU395\CMPU-395-Project\data\streetview_images\4836360.0_4232.jpg,True,
4837740,,,,,,0,C:\Users\aspen\Desktop\CMPU395\CMPU-395-Project\data\streetview_images\4837740.0_4233.jpg,True,
4837740,,,,,,0,C:\Users\aspen\Desktop\CMPU395\CMPU-395-Project\data\streetview_images\4837740.0_4234.jpg,True,
4837740,,,,,,0,C:\Users\aspen\Desktop\CMPU395\CMPU-395-Project\data\streetview_images\4837740.0_4235.jpg,True,
4840110,,,,,,0,C:\Users\aspen\Desktop\CMPU395\CMPU-395-Project\data\streetview_images\4840110.0_4236.jpg,True,
4840110,,,,,,0,C:\Users\aspen\Desktop\CMPU395\CMPU-395-Project\data\streetview_images\4840110.0_4237.jpg,True,
4840110,,,,,,0,C:\Users\aspen\Desktop\CMPU395\CMPU-395-Project\data\streetview_images\4840110.0_4238.jpg,True,
4840110,,,,,,0,C:\Users\aspen\Desktop\CMPU395\CMPU-395-Project\data\streetview_images\4840110.0_4239.jpg,True,
4845180,,,,,,0,C:\Users\aspen\Desktop\CMPU395\CMPU-395-Project\data\streetview_images\4845180.0_4240.jpg,True,
4845180,,,,,,0,C:\Users\aspen\Desktop\CMPU395\CMPU-395-Project\data\streetview_images\4845180.0_4241.jpg,True,
4845180,,,,,,0,C:\Users\aspen\Desktop\CMPU395\CMPU-395-Project\data\streetview_images\4845180.0_4242.jpg,True,
4845180,,,,,,0,C:\Users\aspen\Desktop\CMPU395\CMPU-395-Project\data\streetview_images\4845180.0_4243.jpg,True,
4845180,,,,,,0,C:\Users\aspen\Desktop\CMPU395\CMPU-395-Project\data\streetview_images\4845180.0_4244.jpg,True,
4845180,,,,,,0,C:\Users\aspen\Desktop\CMPU395\CMPU-395-Project\data\streetview_images\4845180.0_4245.jpg,True,
4845180,,,,,,0,C:\Users\aspen\Desktop\CMPU395\CMPU-395-Project\data\streetview_images\4845180.0_4246.jpg,True,
4845180,,,,,,0,C:\Users\aspen\Desktop\CMPU395\CMPU-395-Project\data\streetview_images\4845180.0_4247.jpg,True,
4845180,,,,,,0,C:\Users\aspen\Desktop\CMPU395\CMPU-395-Project\data\streetview_images\4845180.0_4248.jpg,True,
4846530,,,,,,0,C:\Users\aspen\Desktop\CMPU395\CMPU-395-Project\data\streetview_images\4846530.0_4249.jpg,True,
4846530,,,,,,0,C:\Users\aspen\Desktop\CMPU395\CMPU-395-Project\data\streetview_images\4846530.0_4250.jpg,True,
4846530,,,,,,0,C:\Users\aspen\Desktop\CMPU395\CMPU-395-Project\data\streetview_images\4846530.0_4251.jpg,True,
4846530,,,,,,0,C:\Users\aspen\Desktop\CMPU395\CMPU-395-Project\data\streetview_images\4846530.0_4252.jpg,True,
4846530,,,,,,0,C:\Users\aspen\Desktop\CMPU395\CMPU-395-Project\data\streetview_images\4846530.0_4253.jpg,True,
4846530,,,,,,0,C:\Users\aspen\Desktop\CMPU395\CMPU-395-Project\data\streetview_images\4846530.0_4254.jpg,True,
4846530,,,,,,0,C:\Users\aspen\Desktop\CMPU395\CMPU-395-Project\data\streetview_images\4846530.0_4255.jpg,True,
4846530,,,,,,0,C:\Users\aspen\Desktop\CMPU395\CMPU-395-Project\data\streetview_images\4846530.0_4256.jpg,True,
4846530,,,,,,0,C:\Users\aspen\Desktop\CMPU395\CMPU-395-Project\data\streetview_images\4846530.0_4257.jpg,True,
4846530,,,,,,0,C:\Users\aspen\Desktop\CMPU395\CMPU-395-Project\data\streetview_images\4846530.0_4258.jpg,True,
4846530,,,,,,0,C:\Users\aspen\Desktop\CMPU395\CMPU-395-Project\data\streetview_images\4846530.0_4259.jpg,True,
4846530,,,,,,0,C:\Users\aspen\Desktop\CMPU395\CMPU-395-Project\data\streetview_images\4846530.0_4260.jpg,True,
4846530,,,,,,0,C:\Users\aspen\Desktop\CMPU395\CMPU-395-Project\data\streetview_images\4846530.0_4261.jpg,True,
4846530,,,,,,0,C:\Users\aspen\Desktop\CMPU395\CMPU-395-Project\data\streetview_images\4846530.0_4262.jpg,True,
4846530,,,,,,0,C:\Users\aspen\Desktop\CMPU395\CMPU-395-Project\data\streetview_images\4846530.0_4263.jpg,True,
4846530,,,,,,0,C:\Users\aspen\Desktop\CMPU395\CMPU-395-Project\data\streetview_images\4846530.0_4264.jpg,True,
4846530,,,,,,0,C:\Users\aspen\Desktop\CMPU395\CMPU-395-Project\data\streetview_images\4846530.0_4265.jpg,True,
4846530,,,,,,0,C:\Users\aspen\Desktop\CMPU395\CMPU-395-Project\data\streetview_images\4846530.0_4266.jpg,True,
4846530,,,,,,0,C:\Users\aspen\Desktop\CMPU395\CMPU-395-Project\data\streetview_images\4846530.0_4267.jpg,True,
4846530,,,,,,0,C:\Users\aspen\Desktop\CMPU395\CMPU-395-Project\data\streetview_images\4846530.0_4268.jpg,True,
4846530,,,,,,0,C:\Users\aspen\Desktop\CMPU395\CMPU-395-Project\data\streetview_images\4846530.0_4269.jpg,True,
4846530,,,,,,0,C:\Users\aspen\Desktop\CMPU395\CMPU-395-Project\data\streetview_images\4846530.0_4270.jpg,True,
4846530,,,,,,0,C:\Users\aspen\Desktop\CMPU395\CMPU-395-Project\data\streetview_images\4846530.0_4271.jpg,True,
4846530,,,,,,0,C:\Users\aspen\Desktop\CMPU395\CMPU-395-Project\data\streetview_images\4846530.0_4272.jpg,True,
4846530,,,,,,0,C:\Users\aspen\Desktop\CMPU395\CMPU-395-Project\data\streetview_images\4846530.0_4273.jpg,True,
4846530,,,,,,0,C:\Users\aspen\Desktop\CMPU395\CMPU-395-Project\data\streetview_images\4846530.0_4274.jpg,True,
4846530,,,,,,0,C:\Users\aspen\Desktop\CMPU395\CMPU-395-Project\data\streetview_images\4846530.0_4275.jpg,True,
4846530,,,,,,0,C:\Users\aspen\Desktop\CMPU395\CMPU-395-Project\data\streetview_images\4846530.0_4276.jpg,True,
4846530,,,,,,0,C:\Users\aspen\Desktop\CMPU395\CMPU-395-Project\data\streetview_images\4846530.0_4277.jpg,True,
4846530,,,,,,0,C:\Users\aspen\Desktop\CMPU395\CMPU-395-Project\data\streetview_images\4846530.0_4278.jpg,True,
4846530,,,,,,0,C:\Users\aspen\Desktop\CMPU395\CMPU-395-Project\data\streetview_images\4846530.0_4279.jpg,True,
4846530,,,,,,0,C:\Users\aspen\Desktop\CMPU395\CMPU-395-Project\data\streetview_images\4846530.0_4280.jpg,True,
4846530,,,,,,0,C:\Users\aspen\Desktop\CMPU395\CMPU-395-Project\data\streetview_images\4846530.0_4281.jpg,True,
4846530,,,,,,0,C:\Users\aspen\Desktop\CMPU395\CMPU-395-Project\data\streetview_images\4846530.0_4282.jpg,True,
4846530,,,,,,0,C:\Users\aspen\Desktop\CMPU395\CMPU-395-Project\data\streetview_images\4846530.0_4283.jpg,True,
4846650,,,,,,0,C:\Users\aspen\Desktop\CMPU395\CMPU-395-Project\data\streetview_images\4846650.0_4284.jpg,True,
4846650,,,,,,0,C:\Users\aspen\Desktop\CMPU395\CMPU-395-Project\data\streetview_images\4846650.0_4285.jpg,True,
4846650,,,,,,0,C:\Users\aspen\Desktop\CMPU395\CMPU-395-Project\data\streetview_images\4846650.0_4286.jpg,True,
4900060,,,,,,0,C:\Users\aspen\Desktop\CMPU395\CMPU-395-Project\data\streetview_images\4900060.0_4287.jpg,True,
4900900,,,,,,0,C:\Users\aspen\Desktop\CMPU395\CMPU-395-Project\data\streetview_images\4900900.0_4288.jpg,True,
500082,,,,,,0,C:\Users\aspen\Desktop\CMPU395\CMPU-395-Project\data\streetview_images\500082.0_199.jpg,True,
500082,,,,,,0,C:\Users\aspen\Desktop\CMPU395\CMPU-395-Project\data\streetview_images\500082.0_200.jpg,True,
500082,,,,,,0,C:\Users\aspen\Desktop\CMPU395\CMPU-395-Project\data\streetview_images\500082.0_201.jpg,True,
504740,,,,,,0,C:\Users\aspen\Desktop\CMPU395\CMPU-395-Project\data\streetview_images\504740.0_202.jpg,True,
504740,,,,,,0,C:\Users\aspen\Desktop\CMPU395\CMPU-395-Project\data\streetview_images\504740.0_203.jpg,True,
504740,,,,,,0,C:\Users\aspen\Desktop\CMPU395\CMPU-395-Project\data\streetview_images\504740.0_204.jpg,True,
504740,,,,,,0,C:\Users\aspen\Desktop\CMPU395\CMPU-395-Project\data\streetview_images\504740.0_205.jpg,True,
506060,,,,,,0,C:\Users\aspen\Desktop\CMPU395\CMPU-395-Project\data\streetview_images\506060.0_206.jpg,True,
506060,,,,,,0,C:\Users\aspen\Desktop\CMPU395\CMPU-395-Project\data\streetview_images\506060.0_207.jpg,True,
506060,,,,,,0,C:\Users\aspen\Desktop\CMPU395\CMPU-395-Project\data\streetview_images\506060.0_208.jpg,True,
506060,,,,,,0,C:\Users\aspen\Desktop\CMPU395\CMPU-395-Project\data\streetview_images\506060.0_209.jpg,True,
506060,,,,,,0,C:\Users\aspen\Desktop\CMPU395\CMPU-395-Project\data\streetview_images\506060.0_210.jpg,True,
506060,,,,,,0,C:\Users\aspen\Desktop\CMPU395\CMPU-395-Project\data\streetview_images\506060.0_211.jpg,True,
506060,,,,,,0,C:\Users\aspen\Desktop\CMPU395\CMPU-395-Project\data\streetview_images\506060.0_212.jpg,True,
506060,,,,,,0,C:\Users\aspen\Desktop\CMPU395\CMPU-395-Project\data\streetview_images\506060.0_213.jpg,True,
511610,,,,,,0,C:\Users\aspen\Desktop\CMPU395\CMPU-395-Project\data\streetview_images\511610.0_214.jpg,True,
511610,,,,,,0,C:\Users\aspen\Desktop\CMPU395\CMPU-395-Project\data\streetview_images\511610.0_215.jpg,True,
511610,,,,,,0,C:\Users\aspen\Desktop\CMPU395\CMPU-395-Project\data\streetview_images\511610.0_216.jpg,True,
511610,,,,,,0,C:\Users\aspen\Desktop\CMPU395\CMPU-395-Project\data\streetview_images\511610.0_217.jpg,True,
511610,,,,,,0,C:\Users\aspen\Desktop\CMPU395\CMPU-395-Project\data\streetview_images\511610.0_218.jpg,True,
513530,,,,,,0,C:\Users\aspen\Desktop\CMPU395\CMPU-395-Project\data\streetview_images\513530.0_219.jpg,True,
513530,,,,,,0,C:\Users\aspen\Desktop\CMPU395\CMPU-395-Project\data\streetview_images\513530.0_220.jpg,True,
513530,,,,,,0,C:\Users\aspen\Desktop\CMPU395\CMPU-395-Project\data\streetview_images\513530.0_221.jpg,True,
513530,,,,,,0,C:\Users\aspen\Desktop\CMPU395\CMPU-395-Project\data\streetview_images\513530.0_222.jpg,True,
513530,,,,,,0,C:\Users\aspen\Desktop\CMPU395\CMPU-395-Project\data\streetview_images\513530.0_223.jpg,True,
513530,,,,,,0,C:\Users\aspen\Desktop\CMPU395\CMPU-395-Project\data\streetview_images\513530.0_224.jpg,True,
513530,,,,,,0,C:\Users\aspen\Desktop\CMPU395\CMPU-395-Project\data\streetview_images\513530.0_225.jpg,True,
513530,,,,,,0,C:\Users\aspen\Desktop\CMPU395\CMPU-395-Project\data\streetview_images\513530.0_226.jpg,True,
513530,,,,,,0,C:\Users\aspen\Desktop\CMPU395\CMPU-395-Project\data\streetview_images\513530.0_227.jpg,True,
513530,,,,,,0,C:\Users\aspen\Desktop\CMPU395\CMPU-395-Project\data\streetview_images\513530.0_228.jpg,True,
513530,,,,,,0,C:\Users\aspen\Desktop\CMPU395\CMPU-395-Project\data\streetview_images\513530.0_229.jpg,True,
513530,,,,,,0,C:\Users\aspen\Desktop\CMPU395\CMPU-395-Project\data\streetview_images\513530.0_230.jpg,True,
513530,,,,,,0,C:\Users\aspen\Desktop\CMPU395\CMPU-395-Project\data\streetview_images\513530.0_231.jpg,True,
513530,,,,,,0,C:\Users\aspen\Desktop\CMPU395\CMPU-395-Project\data\streetview_images\513530.0_232.jpg,True,
513530,,,,,,0,C:\Users\aspen\Desktop\CMPU395\CMPU-395-Project\data\streetview_images\513530.0_233.jpg,True,
513530,,,,,,0,C:\Users\aspen\Desktop\CMPU395\CMPU-395-Project\data\streetview_images\513530.0_234.jpg,True,
513530,,,,,,0,C:\Users\aspen\Desktop\CMPU395\CMPU-395-Project\data\streetview_images\513530.0_235.jpg,True,
5300840,,,,,,0,C:\Users\aspen\Desktop\CMPU395\CMPU-395-Project\data\streetview_images\5300840.0_4289.jpg,True,
5302940,,,,,,0,C:\Users\aspen\Desktop\CMPU395\CMPU-395-Project\data\streetview_images\5302940.0_4290.jpg,True,
5302940,,,,,,0,C:\Users\aspen\Desktop\CMPU395\CMPU-395-Project\data\streetview_images\5302940.0_4291.jpg,True,
5302940,,,,,,0,C:\Users\aspen\Desktop\CMPU395\CMPU-395-Project\data\streetview_images\5302940.0_4292.jpg,True,
5302940,,,,,,0,C:\Users\aspen\Desktop\CMPU395\CMPU-395-Project\data\streetview_images\5302940.0_4293.jpg,True,
5302940,,,,,,0,C:\Users\aspen\Desktop\CMPU395\CMPU-395-Project\data\streetview_images\5302940.0_4294.jpg,True,
5302940,,,,,,0,C:\Users\aspen\Desktop\CMPU395\CMPU-395-Project\data\streetview_images\5302940.0_4295.jpg,True,
5302940,,,,,,0,C:\Users\aspen\Desktop\CMPU395\CMPU-395-Project\data\streetview_images\5302940.0_4296.jpg,True,
5302940,,,,,,0,C:\Users\aspen\Desktop\CMPU395\CMPU-395-Project\data\streetview_images\5302940.0_4297.jpg,True,
5302940,,,,,,0,C:\Users\aspen\Desktop\CMPU395\CMPU-395-Project\data\streetview_images\5302940.0_4298.jpg,True,
5302940,,,,,,0,C:\Users\aspen\Desktop\CMPU395\CMPU-395-Project\data\streetview_images\5302940.0_4299.jpg,True,
5302940,,,,,,0,C:\Users\aspen\Desktop\CMPU395\CMPU-395-Project\data\streetview_images\5302940.0_4300.jpg,True,
5302940,,,,,,0,C:\Users\aspen\Desktop\CMPU395\CMPU-395-Project\data\streetview_images\5302940.0_4301.jpg,True,
5302940,,,,,,0,C:\Users\aspen\Desktop\CMPU395\CMPU-395-Project\data\streetview_images\5302940.0_4302.jpg,True,
5302940,,,,,,0,C:\Users\aspen\Desktop\CMPU395\CMPU-395-Project\data\streetview_images\5302940.0_4303.jpg,True,
5302940,,,,,,0,C:\Users\aspen\Desktop\CMPU395\CMPU-395-Project\data\streetview_images\5302940.0_4304.jpg,True,
5302940,,,,,,0,C:\Users\aspen\Desktop\CMPU395\CMPU-395-Project\data\streetview_images\5302940.0_4305.jpg,True,
5302940,,,,,,0,C:\Users\aspen\Desktop\CMPU395\CMPU-395-Project\data\streetview_images\5302940.0_4306.jpg,True,
5302940,,,,,,0,C:\Users\aspen\Desktop\CMPU395\CMPU-395-Project\data\streetview_images\5302940.0_4307.jpg,True,
5302940,,,,,,0,C:\Users\aspen\Desktop\CMPU395\CMPU-395-Project\data\streetview_images\5302940.0_4308.jpg,True,
5302940,,,,,,0,C:\Users\aspen\Desktop\CMPU395\CMPU-395-Project\data\streetview_images\5302940.0_4309.jpg,True,
5302940,,,,,,0,C:\Users\aspen\Desktop\CMPU395\CMPU-395-Project\data\streetview_images\5302940.0_4310.jpg,True,
5302940,,,,,,0,C:\Users\aspen\Desktop\CMPU395\CMPU-395-Project\data\streetview_images\5302940.0_4311.jpg,True,
5302940,,,,,,0,C:\Users\aspen\Desktop\CMPU395\CMPU-395-Project\data\streetview_images\5302940.0_4312.jpg,True,
5302940,,,,,,0,C:\Users\aspen\Desktop\CMPU395\CMPU-395-Project\data\streetview_images\5302940.0_4313.jpg,True,
5302940,,,,,,0,C:\Users\aspen\Desktop\CMPU395\CMPU-395-Project\data\streetview_images\5302940.0_4314.jpg,True,
5302940,,,,,,0,C:\Users\aspen\Desktop\CMPU395\CMPU-395-Project\data\streetview_images\5302940.0_4315.jpg,True,
5302940,,,,,,0,C:\Users\aspen\Desktop\CMPU395\CMPU-395-Project\data\streetview_images\5302940.0_4316.jpg,True,
5302940,,,,,,0,C:\Users\aspen\Desktop\CMPU395\CMPU-395-Project\data\streetview_images\5302940.0_4317.jpg,True,
5302940,,,,,,0,C:\Users\aspen\Desktop\CMPU395\CMPU-395-Project\data\streetview_images\5302940.0_4318.jpg,True,
5302940,,,,,,0,C:\Users\aspen\Desktop\CMPU395\CMPU-395-Project\data\streetview_images\5302940.0_4319.jpg,True,
5302940,,,,,,0,C:\Users\aspen\Desktop\CMPU395\CMPU-395-Project\data\streetview_images\5302940.0_4320.jpg,True,
5302940,,,,,,0,C:\Users\aspen\Desktop\CMPU395\CMPU-395-Project\data\streetview_images\5302940.0_4321.jpg,True,
5302940,,,,,,0,C:\Users\aspen\Desktop\CMPU395\CMPU-395-Project\data\streetview_images\5302940.0_4322.jpg,True,
5302940,,,,,,0,C:\Users\aspen\Desktop\CMPU395\CMPU-395-Project\data\streetview_images\5302940.0_4323.jpg,True,
5302940,,,,,,0,C:\Users\aspen\Desktop\CMPU395\CMPU-395-Project\data\streetview_images\5302940.0_4324.jpg,True,
5302940,,,,,,0,C:\Users\aspen\Desktop\CMPU395\CMPU-395-Project\data\streetview_images\5302940.0_4325.jpg,True,
5302940,,,,,,0,C:\Users\aspen\Desktop\CMPU395\CMPU-395-Project\data\streetview_images\5302940.0_4326.jpg,True,
5302940,,,,,,0,C:\Users\aspen\Desktop\CMPU395\CMPU-395-Project\data\streetview_images\5302940.0_4327.jpg,True,
5302940,,,,,,0,C:\Users\aspen\Desktop\CMPU395\CMPU-395-Project\data\streetview_images\5302940.0_4328.jpg,True,
5302940,,,,,,0,C:\Users\aspen\Desktop\CMPU395\CMPU-395-Project\data\streetview_images\5302940.0_4329.jpg,True,
5304740,,,,,,0,C:\Users\aspen\Desktop\CMPU395\CMPU-395-Project\data\streetview_images\5304740.0_4330.jpg,True,
5307770,,,,,,0,C:\Users\aspen\Desktop\CMPU395\CMPU-395-Project\data\streetview_images\5307770.0_4331.jpg,True,
5307770,,,,,,0,C:\Users\aspen\Desktop\CMPU395\CMPU-395-Project\data\streetview_images\5307770.0_4332.jpg,True,
5307770,,,,,,0,C:\Users\aspen\Desktop\CMPU395\CMPU-395-Project\data\streetview_images\5307770.0_4333.jpg,True,
5307770,,,,,,0,C:\Users\aspen\Desktop\CMPU395\CMPU-395-Project\data\streetview_images\5307770.0_4334.jpg,True,
5309330,,,,,,0,C:\Users\aspen\Desktop\CMPU395\CMPU-395-Project\data\streetview_images\5309330.0_4335.jpg,True,
5500990,,,,,,0,C:\Users\aspen\Desktop\CMPU395\CMPU-395-Project\data\streetview_images\5500990.0_4336.jpg,True,
5500990,,,,,,0,C:\Users\aspen\Desktop\CMPU395\CMPU-395-Project\data\streetview_images\5500990.0_4337.jpg,True,
5500990,,,,,,0,C:\Users\aspen\Desktop\CMPU395\CMPU-395-Project\data\streetview_images\5500990.0_4338.jpg,True,
5500990,,,,,,0,C:\Users\aspen\Desktop\CMPU395\CMPU-395-Project\data\streetview_images\5500990.0_4339.jpg,True,
5500990,,,,,,0,C:\Users\aspen\Desktop\CMPU395\CMPU-395-Project\data\streetview_images\5500990.0_4340.jpg,True,
5500990,,,,,,0,C:\Users\aspen\Desktop\CMPU395\CMPU-395-Project\data\streetview_images\5500990.0_4341.jpg,True,
5500990,,,,,,0,C:\Users\aspen\Desktop\CMPU395\CMPU-395-Project\data\streetview_images\5500990.0_4342.jpg,True,
5500990,,,,,,0,C:\Users\aspen\Desktop\CMPU395\CMPU-395-Project\data\streetview_images\5500990.0_4343.jpg,True,
5500990,,,,,,0,C:\Users\aspen\Desktop\CMPU395\CMPU-395-Project\data\streetview_images\5500990.0_4344.jpg,True,
5500990,,,,,,0,C:\Users\aspen\Desktop\CMPU395\CMPU-395-Project\data\streetview_images\5500990.0_4345.jpg,True,
5501110,,,,,,0,C:\Users\aspen\Desktop\CMPU395\CMPU-395-Project\data\streetview_images\5501110.0_4346.jpg,True,
5501110,,,,,,0,C:\Users\aspen\Desktop\CMPU395\CMPU-395-Project\data\streetview_images\5501110.0_4347.jpg,True,
5501110,,,,,,0,C:\Users\aspen\Desktop\CMPU395\CMPU-395-Project\data\streetview_images\5501110.0_4348.jpg,True,
5501110,,,,,,0,C:\Users\aspen\Desktop\CMPU395\CMPU-395-Project\data\streetview_images\5501110.0_4349.jpg,True,
5501110,,,,,,0,C:\Users\aspen\Desktop\CMPU395\CMPU-395-Project\data\streetview_images\5501110.0_4350.jpg,True,
5501110,,,,,,0,C:\Users\aspen\Desktop\CMPU395\CMPU-395-Project\data\streetview_images\5501110.0_4351.jpg,True,
5501110,,,,,,0,C:\Users\aspen\Desktop\CMPU395\CMPU-395-Project\data\streetview_images\5501110.0_4352.jpg,True,
5501110,,,,,,0,C:\Users\aspen\Desktop\CMPU395\CMPU-395-Project\data\streetview_images\5501110.0_4353.jpg,True,
5501110,,,,,,0,C:\Users\aspen\Desktop\CMPU395\CMPU-395-Project\data\streetview_images\5501110.0_4354.jpg,True,
5501350,,,,,,0,C:\Users\aspen\Desktop\CMPU395\CMPU-395-Project\data\streetview_images\5501350.0_4355.jpg,True,
5501350,,,,,,0,C:\Users\aspen\Desktop\CMPU395\CMPU-395-Project\data\streetview_images\5501350.0_4356.jpg,True,
5501350,,,,,,0,C:\Users\aspen\Desktop\CMPU395\CMPU-395-Project\data\streetview_images\5501350.0_4357.jpg,True,
5501350,,,,,,0,C:\Users\aspen\Desktop\CMPU395\CMPU-395-Project\data\streetview_images\5501350.0_4358.jpg,True,
5501350,,,,,,0,C:\Users\aspen\Desktop\CMPU395\CMPU-395-Project\data\streetview_images\5501350.0_4359.jpg,True,
5501350,,,,,,0,C:\Users\aspen\Desktop\CMPU395\CMPU-395-Project\data\streetview_images\5501350.0_4360.jpg,True,
5501350,,,,,,0,C:\Users\aspen\Desktop\CMPU395\CMPU-395-Project\data\streetview_images\5501350.0_4361.jpg,True,
5501350,,,,,,0,C:\Users\aspen\Desktop\CMPU395\CMPU-395-Project\data\streetview_images\5501350.0_4362.jpg,True,
5503240,,,,,,0,C:\Users\aspen\Desktop\CMPU395\CMPU-395-Project\data\streetview_images\5503240.0_4363.jpg,True,
5503240,,,,,,0,C:\Users\aspen\Desktop\CMPU395\CMPU-395-Project\data\streetview_images\5503240.0_4364.jpg,True,
5503240,,,,,,0,C:\Users\aspen\Desktop\CMPU395\CMPU-395-Project\data\streetview_images\5503240.0_4365.jpg,True,
5503240,,,,,,0,C:\Users\aspen\Desktop\CMPU395\CMPU-395-Project\data\streetview_images\5503240.0_4366.jpg,True,
5503240,,,,,,0,C:\Users\aspen\Desktop\CMPU395\CMPU-395-Project\data\streetview_images\5503240.0_4367.jpg,True,
5503240,,,,,,0,C:\Users\aspen\Desktop\CMPU395\CMPU-395-Project\data\streetview_images\5503240.0_4368.jpg,True,
5503240,,,,,,0,C:\Users\aspen\Desktop\CMPU395\CMPU-395-Project\data\streetview_images\5503240.0_4369.jpg,True,
5503240,,,,,,0,C:\Users\aspen\Desktop\CMPU395\CMPU-395-Project\data\streetview_images\5503240.0_4370.jpg,True,
5503240,,,,,,0,C:\Users\aspen\Desktop\CMPU395\CMPU-395-Project\data\streetview_images\5503240.0_4371.jpg,True,
5504620,,,,,,0,C:\Users\aspen\Desktop\CMPU395\CMPU-395-Project\data\streetview_images\5504620.0_4372.jpg,True,
5504620,,,,,,0,C:\Users\aspen\Desktop\CMPU395\CMPU-395-Project\data\streetview_images\5504620.0_4373.jpg,True,
5504620,,,,,,0,C:\Users\aspen\Desktop\CMPU395\CMPU-395-Project\data\streetview_images\5504620.0_4374.jpg,True,
5504620,,,,,,0,C:\Users\aspen\Desktop\CMPU395\CMPU-395-Project\data\streetview_images\5504620.0_4375.jpg,True,
5504620,,,,,,0,C:\Users\aspen\Desktop\CMPU395\CMPU-395-Project\data\streetview_images\5504620.0_4376.jpg,True,
5504620,,,,,,0,C:\Users\aspen\Desktop\CMPU395\CMPU-395-Project\data\streetview_images\5504620.0_4377.jpg,True,
5504620,,,,,,0,C:\Users\aspen\Desktop\CMPU395\CMPU-395-Project\data\streetview_images\5504620.0_4378.jpg,True,
5504620,,,,,,0,C:\Users\aspen\Desktop\CMPU395\CMPU-395-Project\data\streetview_images\5504620.0_4379.jpg,True,
5504620,,,,,,0,C:\Users\aspen\Desktop\CMPU395\CMPU-395-Project\data\streetview_images\5504620.0_4380.jpg,True,
5504620,,,,,,0,C:\Users\aspen\Desktop\CMPU395\CMPU-395-Project\data\streetview_images\5504620.0_4381.jpg,True,
5504620,,,,,,0,C:\Users\aspen\Desktop\CMPU395\CMPU-395-Project\data\streetview_images\5504620.0_4382.jpg,True,
5504620,,,,,,0,C:\Users\aspen\Desktop\CMPU395\CMPU-395-Project\data\streetview_images\5504620.0_4383.jpg,True,
5504620,,,,,,0,C:\Users\aspen\Desktop\CMPU395\CMPU-395-Project\data\streetview_images\5504620.0_4384.jpg,True,
5504620,,,,,,0,C:\Users\aspen\Desktop\CMPU395\CMPU-395-Project\data\streetview_images\5504620.0_4385.jpg,True,
5504620,,,,,,0,C:\Users\aspen\Desktop\CMPU395\CMPU-395-Project\data\streetview_images\5504620.0_4386.jpg,True,
5505250,,,,,,0,C:\Users\aspen\Desktop\CMPU395\CMPU-395-Project\data\streetview_images\5505250.0_4387.jpg,True,
5505250,,,,,,0,C:\Users\aspen\Desktop\CMPU395\CMPU-395-Project\data\streetview_images\5505250.0_4388.jpg,True,
5505250,,,,,,0,C:\Users\aspen\Desktop\CMPU395\CMPU-395-Project\data\streetview_images\5505250.0_4389.jpg,True,
5505250,,,,,,0,C:\Users\aspen\Desktop\CMPU395\CMPU-395-Project\data\streetview_images\5505250.0_4390.jpg,True,
5505250,,,,,,0,C:\Users\aspen\Desktop\CMPU395\CMPU-395-Project\data\streetview_images\5505250.0_4391.jpg,True,
5505250,,,,,,0,C:\Users\aspen\Desktop\CMPU395\CMPU-395-Project\data\streetview_images\5505250.0_4392.jpg,True,
5505250,,,,,,0,C:\Users\aspen\Desktop\CMPU395\CMPU-395-Project\data\streetview_images\5505250.0_4393.jpg,True,
5507560,,,,,,0,C:\Users\aspen\Desktop\CMPU395\CMPU-395-Project\data\streetview_images\5507560.0_4394.jpg,True,
5507560,,,,,,0,C:\Users\aspen\Desktop\CMPU395\CMPU-395-Project\data\streetview_images\5507560.0_4395.jpg,True,
5507560,,,,,,0,C:\Users\aspen\Desktop\CMPU395\CMPU-395-Project\data\streetview_images\5507560.0_4396.jpg,True,
5507560,,,,,,0,C:\Users\aspen\Desktop\CMPU395\CMPU-395-Project\data\streetview_images\5507560.0_4397.jpg,True,
5507560,,,,,,0,C:\Users\aspen\Desktop\CMPU395\CMPU-395-Project\data\streetview_images\5507560.0_4398.jpg,True,
5507560,,,,,,0,C:\Users\aspen\Desktop\CMPU395\CMPU-395-Project\data\streetview_images\5507560.0_4399.jpg,True,
5507560,,,,,,0,C:\Users\aspen\Desktop\CMPU395\CMPU-395-Project\data\streetview_images\5507560.0_4400.jpg,True,
5507560,,,,,,0,C:\Users\aspen\Desktop\CMPU395\CMPU-395-Project\data\streetview_images\5507560.0_4401.jpg,True,
5507560,,,,,,0,C:\Users\aspen\Desktop\CMPU395\CMPU-395-Project\data\streetview_images\5507560.0_4402.jpg,True,
5507560,,,,,,0,C:\Users\aspen\Desktop\CMPU395\CMPU-395-Project\data\streetview_images\5507560.0_4403.jpg,True,
5507560,,,,,,0,C:\Users\aspen\Desktop\CMPU395\CMPU-395-Project\data\streetview_images\5507560.0_4404.jpg,True,
5508190,,,,,,0,C:\Users\aspen\Desktop\CMPU395\CMPU-395-Project\data\streetview_images\5508190.0_4405.jpg,True,
5508190,,,,,,0,C:\Users\aspen\Desktop\CMPU395\CMPU-395-Project\data\streetview_images\5508190.0_4406.jpg,True,
5508190,,,,,,0,C:\Users\aspen\Desktop\CMPU395\CMPU-395-Project\data\streetview_images\5508190.0_4407.jpg,True,
5508190,,,,,,0,C:\Users\aspen\Desktop\CMPU395\CMPU-395-Project\data\streetview_images\5508190.0_4408.jpg,True,
5508190,,,,,,0,C:\Users\aspen\Desktop\CMPU395\CMPU-395-Project\data\streetview_images\5508190.0_4409.jpg,True,
5508190,,,,,,0,C:\Users\aspen\Desktop\CMPU395\CMPU-395-Project\data\streetview_images\5508190.0_4410.jpg,True,
5508190,,,,,,0,C:\Users\aspen\Desktop\CMPU395\CMPU-395-Project\data\streetview_images\5508190.0_4411.jpg,True,
5508190,,,,,,0,C:\Users\aspen\Desktop\CMPU395\CMPU-395-Project\data\streetview_images\5508190.0_4412.jpg,True,
5508190,,,,,,0,C:\Users\aspen\Desktop\CMPU395\CMPU-395-Project\data\streetview_images\5508190.0_4413.jpg,True,
5508190,,,,,,0,C:\Users\aspen\Desktop\CMPU395\CMPU-395-Project\data\streetview_images\5508190.0_4414.jpg,True,
5510500,,,,,,0,C:\Users\aspen\Desktop\CMPU395\CMPU-395-Project\data\streetview_images\5510500.0_4415.jpg,True,
5510500,,,,,,0,C:\Users\aspen\Desktop\CMPU395\CMPU-395-Project\data\streetview_images\5510500.0_4416.jpg,True,
5510500,,,,,,0,C:\Users\aspen\Desktop\CMPU395\CMPU-395-Project\data\streetview_images\5510500.0_4417.jpg,True,
5510500,,,,,,0,C:\Users\aspen\Desktop\CMPU395\CMPU-395-Project\data\streetview_images\5510500.0_4418.jpg,True,
5510500,,,,,,0,C:\Users\aspen\Desktop\CMPU395\CMPU-395-Project\data\streetview_images\5510500.0_4419.jpg,True,
5510500,,,,,,0,C:\Users\aspen\Desktop\CMPU395\CMPU-395-Project\data\streetview_images\5510500.0_4420.jpg,True,
5510500,,,,,,0,C:\Users\aspen\Desktop\CMPU395\CMPU-395-Project\data\streetview_images\5510500.0_4421.jpg,True,
5510500,,,,,,0,C:\Users\aspen\Desktop\CMPU395\CMPU-395-Project\data\streetview_images\5510500.0_4422.jpg,True,
5510500,,,,,,0,C:\Users\aspen\Desktop\CMPU395\CMPU-395-Project\data\streetview_images\5510500.0_4423.jpg,True,
5510500,,,,,,0,C:\Users\aspen\Desktop\CMPU395\CMPU-395-Project\data\streetview_images\5510500.0_4424.jpg,True,
5510500,,,,,,0,C:\Users\aspen\Desktop\CMPU395\CMPU-395-Project\data\streetview_images\5510500.0_4425.jpg,True,
5511850,,,,,,0,C:\Users\aspen\Desktop\CMPU395\CMPU-395-Project\data\streetview_images\5511850.0_4426.jpg,True,
5511850,,,,,,0,C:\Users\aspen\Desktop\CMPU395\CMPU-395-Project\data\streetview_images\5511850.0_4427.jpg,True,
5511850,,,,,,0,C:\Users\aspen\Desktop\CMPU395\CMPU-395-Project\data\streetview_images\5511850.0_4428.jpg,True,
5511850,,,,,,0,C:\Users\aspen\Desktop\CMPU395\CMPU-395-Project\data\streetview_images\5511850.0_4429.jpg,True,
5511850,,,,,,0,C:\Users\aspen\Desktop\CMPU395\CMPU-395-Project\data\streetview_images\5511850.0_4430.jpg,True,
5511850,,,,,,0,C:\Users\aspen\Desktop\CMPU395\CMPU-395-Project\data\streetview_images\5511850.0_4431.jpg,True,
5511850,,,,,,0,C:\Users\aspen\Desktop\CMPU395\CMPU-395-Project\data\streetview_images\5511850.0_4432.jpg,True,
5511850,,,,,,0,C:\Users\aspen\Desktop\CMPU395\CMPU-395-Project\data\streetview_images\5511850.0_4433.jpg,True,
5511850,,,,,,0,C:\Users\aspen\Desktop\CMPU395\CMPU-395-Project\data\streetview_images\5511850.0_4434.jpg,True,
5511850,,,,,,0,C:\Users\aspen\Desktop\CMPU395\CMPU-395-Project\data\streetview_images\5511850.0_4435.jpg,True,
5514640,,,,,,0,C:\Users\aspen\Desktop\CMPU395\CMPU-395-Project\data\streetview_images\5514640.0_4436.jpg,True,
5514640,,,,,,0,C:\Users\aspen\Desktop\CMPU395\CMPU-395-Project\data\streetview_images\5514640.0_4437.jpg,True,
5514640,,,,,,0,C:\Users\aspen\Desktop\CMPU395\CMPU-395-Project\data\streetview_images\5514640.0_4438.jpg,True,
5514640,,,,,,0,C:\Users\aspen\Desktop\CMPU395\CMPU-395-Project\data\streetview_images\5514640.0_4439.jpg,True,
5514640,,,,,,0,C:\Users\aspen\Desktop\CMPU395\CMPU-395-Project\data\streetview_images\5514640.0_4440.jpg,True,
5514640,,,,,,0,C:\Users\aspen\Desktop\CMPU395\CMPU-395-Project\data\streetview_images\5514640.0_4441.jpg,True,
5514640,,,,,,0,C:\Users\aspen\Desktop\CMPU395\CMPU-395-Project\data\streetview_images\5514640.0_4442.jpg,True,
5514640,,,,,,0,C:\Users\aspen\Desktop\CMPU395\CMPU-395-Project\data\streetview_images\5514640.0_4443.jpg,True,
5514640,,,,,,0,C:\Users\aspen\Desktop\CMPU395\CMPU-395-Project\data\streetview_images\5514640.0_4444.jpg,True,
5514640,,,,,,0,C:\Users\aspen\Desktop\CMPU395\CMPU-395-Project\data\streetview_images\5514640.0_4445.jpg,True,
5514640,,,,,,0,C:\Users\aspen\Desktop\CMPU395\CMPU-395-Project\data\streetview_images\5514640.0_4446.jpg,True,
5514640,,,,,,0,C:\Users\aspen\Desktop\CMPU395\CMPU-395-Project\data\streetview_images\5514640.0_4447.jpg,True,
5514640,,,,,,0,C:\Users\aspen\Desktop\CMPU395\CMPU-395-Project\data\streetview_images\5514640.0_4448.jpg,True,
5514640,,,,,,0,C:\Users\aspen\Desktop\CMPU395\CMPU-395-Project\data\streetview_images\5514640.0_4449.jpg,True,
5514640,,,,,,0,C:\Users\aspen\Desktop\CMPU395\CMPU-395-Project\data\streetview_images\5514640.0_4450.jpg,True,
5514640,,,,,,0,C:\Users\aspen\Desktop\CMPU395\CMPU-395-Project\data\streetview_images\5514640.0_4451.jpg,True,
5514640,,,,,,0,C:\Users\aspen\Desktop\CMPU395\CMPU-395-Project\data\streetview_images\5514640.0_4452.jpg,True,
5514640,,,,,,0,C:\Users\aspen\Desktop\CMPU395\CMPU-395-Project\data\streetview_images\5514640.0_4453.jpg,True,
5514640,,,,,,0,C:\Users\aspen\Desktop\CMPU395\CMPU-395-Project\data\streetview_images\5514640.0_4454.jpg,True,
5514640,,,,,,0,C:\Users\aspen\Desktop\CMPU395\CMPU-395-Project\data\streetview_images\5514640.0_4455.jpg,True,
5514640,,,,,,0,C:\Users\aspen\Desktop\CMPU395\CMPU-395-Project\data\streetview_images\5514640.0_4456.jpg,True,
5514640,,,,,,0,C:\Users\aspen\Desktop\CMPU395\CMPU-395-Project\data\streetview_images\5514640.0_4457.jpg,True,
5514640,,,,,,0,C:\Users\aspen\Desktop\CMPU395\CMPU-395-Project\data\streetview_images\5514640.0_4458.jpg,True,
5514640,,,,,,0,C:\Users\aspen\Desktop\CMPU395\CMPU-395-Project\data\streetview_images\5514640.0_4459.jpg,True,
5514640,,,,,,0,C:\Users\aspen\Desktop\CMPU395\CMPU-395-Project\data\streetview_images\5514640.0_4460.jpg,True,
5514640,,,,,,0,C:\Users\aspen\Desktop\CMPU395\CMPU-395-Project\data\streetview_images\5514640.0_4461.jpg,True,
5514640,,,,,,0,C:\Users\aspen\Desktop\CMPU395\CMPU-395-Project\data\streetview_images\5514640.0_4462.jpg,True,
5514640,,,,,,0,C:\Users\aspen\Desktop\CMPU395\CMPU-395-Project\data\streetview_images\5514640.0_4463.jpg,True,
5514940,,,,,,0,C:\Users\aspen\Desktop\CMPU395\CMPU-395-Project\data\streetview_images\5514940.0_4464.jpg,True,
5514940,,,,,,0,C:\Users\aspen\Desktop\CMPU395\CMPU-395-Project\data\streetview_images\5514940.0_4465.jpg,True,
5514940,,,,,,0,C:\Users\aspen\Desktop\CMPU395\CMPU-395-Project\data\streetview_images\5514940.0_4466.jpg,True,
600026,,,,,,0,C:\Users\aspen\Desktop\CMPU395\CMPU-395-Project\data\streetview_images\600026.0_236.jpg,True,
600026,,,,,,0,C:\Users\aspen\Desktop\CMPU395\CMPU-395-Project\data\streetview_images\600026.0_237.jpg,True,
600026,,,,,,0,C:\Users\aspen\Desktop\CMPU395\CMPU-395-Project\data\streetview_images\600026.0_238.jpg,True,
600026,,,,,,0,C:\Users\aspen\Desktop\CMPU395\CMPU-395-Project\data\streetview_images\600026.0_239.jpg,True,
600026,,,,,,0,C:\Users\aspen\Desktop\CMPU395\CMPU-395-Project\data\streetview_images\600026.0_240.jpg,True,
600026,,,,,,0,C:\Users\aspen\Desktop\CMPU395\CMPU-395-Project\data\streetview_images\600026.0_241.jpg,True,
600026,,,,,,0,C:\Users\aspen\Desktop\CMPU395\CMPU-395-Project\data\streetview_images\600026.0_242.jpg,True,
600028,,,,,,0,C:\Users\aspen\Desktop\CMPU395\CMPU-395-Project\data\streetview_images\600028.0_243.jpg,True,
600028,,,,,,0,C:\Users\aspen\Desktop\CMPU395\CMPU-395-Project\data\streetview_images\600028.0_244.jpg,True,
600028,,,,,,0,C:\Users\aspen\Desktop\CMPU395\CMPU-395-Project\data\streetview_images\600028.0_245.jpg,True,
600028,,,,,,0,C:\Users\aspen\Desktop\CMPU395\CMPU-395-Project\data\streetview_images\600028.0_246.jpg,True,
600028,,,,,,0,C:\Users\aspen\Desktop\CMPU395\CMPU-395-Project\data\streetview_images\600028.0_247.jpg,True,
600028,,,,,,0,C:\Users\aspen\Desktop\CMPU395\CMPU-395-Project\data\streetview_images\600028.0_248.jpg,True,
600028,,,,,,0,C:\Users\aspen\Desktop\CMPU395\CMPU-395-Project\data\streetview_images\600028.0_249.jpg,True,
600028,,,,,,0,C:\Users\aspen\Desktop\CMPU395\CMPU-395-Project\data\streetview_images\600028.0_250.jpg,True,
600028,,,,,,0,C:\Users\aspen\Desktop\CMPU395\CMPU-395-Project\data\streetview_images\600028.0_251.jpg,True,
600028,,,,,,0,C:\Users\aspen\Desktop\CMPU395\CMPU-395-Project\data\streetview_images\600028.0_252.jpg,True,
600028,,,,,,0,C:\Users\aspen\Desktop\CMPU395\CMPU-395-Project\data\streetview_images\600028.0_253.jpg,True,
600028,,,,,,0,C:\Users\aspen\Desktop\CMPU395\CMPU-395-Project\data\streetview_images\600028.0_254.jpg,True,
600028,,,,,,0,C:\Users\aspen\Desktop\CMPU395\CMPU-395-Project\data\streetview_images\600028.0_255.jpg,True,
600028,,,,,,0,C:\Users\aspen\Desktop\CMPU395\CMPU-395-Project\data\streetview_images\600028.0_256.jpg,True,
600028,,,,,,0,C:\Users\aspen\Desktop\CMPU395\CMPU-395-Project\data\streetview_images\600028.0_257.jpg,True,
600028,,,,,,0,C:\Users\aspen\Desktop\CMPU395\CMPU-395-Project\data\streetview_images\600028.0_258.jpg,True,
600028,,,,,,0,C:\Users\aspen\Desktop\CMPU395\CMPU-395-Project\data\streetview_images\600028.0_259.jpg,True,
600028,,,,,,0,C:\Users\aspen\Desktop\CMPU395\CMPU-395-Project\data\streetview_images\600028.0_260.jpg,True,
600028,,,,,,0,C:\Users\aspen\Desktop\CMPU395\CMPU-395-Project\data\streetview_images\600028.0_261.jpg,True,
600028,,,,,,0,C:\Users\aspen\Desktop\CMPU395\CMPU-395-Project\data\streetview_images\600028.0_262.jpg,True,
600028,,,,,,0,C:\Users\aspen\Desktop\CMPU395\CMPU-395-Project\data\streetview_images\600028.0_263.jpg,True,
600028,,,,,,0,C:\Users\aspen\Desktop\CMPU395\CMPU-395-Project\data\streetview_images\600028.0_264.jpg,True,
600028,,,,,,0,C:\Users\aspen\Desktop\CMPU395\CMPU-395-Project\data\streetview_images\600028.0_265.jpg,True,
600062,,,,,,0,C:\Users\aspen\Desktop\CMPU395\CMPU-395-Project\data\streetview_images\600062.0_266.jpg,True,
600062,,,,,,0,C:\Users\aspen\Desktop\CMPU395\CMPU-395-Project\data\streetview_images\600062.0_267.jpg,True,
600062,,,,,,0,C:\Users\aspen\Desktop\CMPU395\CMPU-395-Project\data\streetview_images\600062.0_268.jpg,True,
600062,,,,,,0,C:\Users\aspen\Desktop\CMPU395\CMPU-395-Project\data\streetview_images\600062.0_269.jpg,True,
600062,,,,,,0,C:\Users\aspen\Desktop\CMPU395\CMPU-395-Project\data\streetview_images\600062.0_270.jpg,True,
600062,,,,,,0,C:\Users\aspen\Desktop\CMPU395\CMPU-395-Project\data\streetview_images\600062.0_271.jpg,True,
600062,,,,,,0,C:\Users\aspen\Desktop\CMPU395\CMPU-395-Project\data\streetview_images\600062.0_272.jpg,True,
600062,,,,,,0,C:\Users\aspen\Desktop\CMPU395\CMPU-395-Project\data\streetview_images\600062.0_273.jpg,True,
600062,,,,,,0,C:\Users\aspen\Desktop\CMPU395\CMPU-395-Project\data\streetview_images\600062.0_274.jpg,True,
600062,,,,,,0,C:\Users\aspen\Desktop\CMPU395\CMPU-395-Project\data\streetview_images\600062.0_275.jpg,True,
600062,,,,,,0,C:\Users\aspen\Desktop\CMPU395\CMPU-395-Project\data\streetview_images\600062.0_276.jpg,True,
600062,,,,,,0,C:\Users\aspen\Desktop\CMPU395\CMPU-395-Project\data\streetview_images\600062.0_277.jpg,True,
600062,,,,,,0,C:\Users\aspen\Desktop\CMPU395\CMPU-395-Project\data\streetview_images\600062.0_278.jpg,True,
600065,,,,,,0,C:\Users\aspen\Desktop\CMPU395\CMPU-395-Project\data\streetview_images\600065.0_279.jpg,True,
600065,,,,,,0,C:\Users\aspen\Desktop\CMPU395\CMPU-395-Project\data\streetview_images\600065.0_280.jpg,True,
600065,,,,,,0,C:\Users\aspen\Desktop\CMPU395\CMPU-395-Project\data\streetview_images\600065.0_281.jpg,True,
600065,,,,,,0,C:\Users\aspen\Desktop\CMPU395\CMPU-395-Project\data\streetview_images\600065.0_282.jpg,True,
600065,,,,,,0,C:\Users\aspen\Desktop\CMPU395\CMPU-395-Project\data\streetview_images\600065.0_283.jpg,True,
600065,,,,,,0,C:\Users\aspen\Desktop\CMPU395\CMPU-395-Project\data\streetview_images\600065.0_284.jpg,True,
600065,,,,,,0,C:\Users\aspen\Desktop\CMPU395\CMPU-395-Project\data\streetview_images\600065.0_285.jpg,True,
600065,,,,,,0,C:\Users\aspen\Desktop\CMPU395\CMPU-395-Project\data\streetview_images\600065.0_286.jpg,True,
600065,,,,,,0,C:\Users\aspen\Desktop\CMPU395\CMPU-395-Project\data\streetview_images\600065.0_287.jpg,True,
600065,,,,,,0,C:\Users\aspen\Desktop\CMPU395\CMPU-395-Project\data\streetview_images\600065.0_288.jpg,True,
600065,,,,,,0,C:\Users\aspen\Desktop\CMPU395\CMPU-395-Project\data\streetview_images\600065.0_289.jpg,True,
600065,,,,,,0,C:\Users\aspen\Desktop\CMPU395\CMPU-395-Project\data\streetview_images\600065.0_290.jpg,True,
600065,,,,,,0,C:\Users\aspen\Desktop\CMPU395\CMPU-395-Project\data\streetview_images\600065.0_291.jpg,True,
600065,,,,,,0,C:\Users\aspen\Desktop\CMPU395\CMPU-395-Project\data\streetview_images\600065.0_292.jpg,True,
600065,,,,,,0,C:\Users\aspen\Desktop\CMPU395\CMPU-395-Project\data\streetview_images\600065.0_293.jpg,True,
600069,,,,,,0,C:\Users\aspen\Desktop\CMPU395\CMPU-395-Project\data\streetview_images\600069.0_294.jpg,True,
600069,,,,,,0,C:\Users\aspen\Desktop\CMPU395\CMPU-395-Project\data\streetview_images\600069.0_295.jpg,True,
600069,,,,,,0,C:\Users\aspen\Desktop\CMPU395\CMPU-395-Project\data\streetview_images\600069.0_296.jpg,True,
600069,,,,,,0,C:\Users\aspen\Desktop\CMPU395\CMPU-395-Project\data\streetview_images\600069.0_297.jpg,True,
600069,,,,,,0,C:\Users\aspen\Desktop\CMPU395\CMPU-395-Project\data\streetview_images\600069.0_298.jpg,True,
600069,,,,,,0,C:\Users\aspen\Desktop\CMPU395\CMPU-395-Project\data\streetview_images\600069.0_299.jpg,True,
601423,,,,,,0,C:\Users\aspen\Desktop\CMPU395\CMPU-395-Project\data\streetview_images\601423.0_300.jpg,True,
601423,,,,,,0,C:\Users\aspen\Desktop\CMPU395\CMPU-395-Project\data\streetview_images\601423.0_301.jpg,True,
601423,,,,,,0,C:\Users\aspen\Desktop\CMPU395\CMPU-395-Project\data\streetview_images\601423.0_302.jpg,True,
601423,,,,,,0,C:\Users\aspen\Desktop\CMPU395\CMPU-395-Project\data\streetview_images\601423.0_303.jpg,True,
601442,,,,,,0,C:\Users\aspen\Desktop\CMPU395\CMPU-395-Project\data\streetview_images\601442.0_304.jpg,True,
601442,,,,,,0,C:\Users\aspen\Desktop\CMPU395\CMPU-395-Project\data\streetview_images\601442.0_305.jpg,True,
604740,,,,,,0,C:\Users\aspen\Desktop\CMPU395\CMPU-395-Project\data\streetview_images\604740.0_306.jpg,True,
604740,,,,,,0,C:\Users\aspen\Desktop\CMPU395\CMPU-395-Project\data\streetview_images\604740.0_307.jpg,True,
604740,,,,,,0,C:\Users\aspen\Desktop\CMPU395\CMPU-395-Project\data\streetview_images\604740.0_308.jpg,True,
604740,,,,,,0,C:\Users\aspen\Desktop\CMPU395\CMPU-395-Project\data\streetview_images\604740.0_309.jpg,True,
604740,,,,,,0,C:\Users\aspen\Desktop\CMPU395\CMPU-395-Project\data\streetview_images\604740.0_310.jpg,True,
604740,,,,,,0,C:\Users\aspen\Desktop\CMPU395\CMPU-395-Project\data\streetview_images\604740.0_311.jpg,True,
604740,,,,,,0,C:\Users\aspen\Desktop\CMPU395\CMPU-395-Project\data\streetview_images\604740.0_312.jpg,True,
604740,,,,,,0,C:\Users\aspen\Desktop\CMPU395\CMPU-395-Project\data\streetview_images\604740.0_313.jpg,True,
604740,,,,,,0,C:\Users\aspen\Desktop\CMPU395\CMPU-395-Project\data\streetview_images\604740.0_314.jpg,True,
604740,,,,,,0,C:\Users\aspen\Desktop\CMPU395\CMPU-395-Project\data\streetview_images\604740.0_315.jpg,True,
604740,,,,,,0,C:\Users\aspen\Desktop\CMPU395\CMPU-395-Project\data\streetview_images\604740.0_316.jpg,True,
604740,,,,,,0,C:\Users\aspen\Desktop\CMPU395\CMPU-395-Project\data\streetview_images\604740.0_317.jpg,True,
604740,,,,,,0,C:\Users\aspen\Desktop\CMPU395\CMPU-395-Project\data\streetview_images\604740.0_318.jpg,True,
604740,,,,,,0,C:\Users\aspen\Desktop\CMPU395\CMPU-395-Project\data\streetview_images\604740.0_319.jpg,True,
604740,,,,,,0,C:\Users\aspen\Desktop\CMPU395\CMPU-395-Project\data\streetview_images\604740.0_320.jpg,True,
604740,,,,,,0,C:\Users\aspen\Desktop\CMPU395\CMPU-395-Project\data\streetview_images\604740.0_321.jpg,True,
604740,,,,,,0,C:\Users\aspen\Desktop\CMPU395\CMPU-395-Project\data\streetview_images\604740.0_322.jpg,True,
604740,,,,,,0,C:\Users\aspen\Desktop\CMPU395\CMPU-395-Project\data\streetview_images\604740.0_323.jpg,True,
604740,,,,,,0,C:\Users\aspen\Desktop\CMPU395\CMPU-395-Project\data\streetview_images\604740.0_324.jpg,True,
604740,,,,,,0,C:\Users\aspen\Desktop\CMPU395\CMPU-395-Project\data\streetview_images\604740.0_325.jpg,True,
604740,,,,,,0,C:\Users\aspen\Desktop\CMPU395\CMPU-395-Project\data\streetview_images\604740.0_326.jpg,True,
604740,,,,,,0,C:\Users\aspen\Desktop\CMPU395\CMPU-395-Project\data\streetview_images\604740.0_327.jpg,True,
604740,,,,,,0,C:\Users\aspen\Desktop\CMPU395\CMPU-395-Project\data\streetview_images\604740.0_328.jpg,True,
604740,,,,,,0,C:\Users\aspen\Desktop\CMPU395\CMPU-395-Project\data\streetview_images\604740.0_329.jpg,True,
604740,,,,,,0,C:\Users\aspen\Desktop\CMPU395\CMPU-395-Project\data\streetview_images\604740.0_330.jpg,True,
604740,,,,,,0,C:\Users\aspen\Desktop\CMPU395\CMPU-395-Project\data\streetview_images\604740.0_331.jpg,True,
604740,,,,,,0,C:\Users\aspen\Desktop\CMPU395\CMPU-395-Project\data\streetview_images\604740.0_332.jpg,True,
604740,,,,,,0,C:\Users\aspen\Desktop\CMPU395\CMPU-395-Project\data\streetview_images\604740.0_333.jpg,True,
604740,,,,,,0,C:\Users\aspen\Desktop\CMPU395\CMPU-395-Project\data\streetview_images\604740.0_334.jpg,True,
604740,,,,,,0,C:\Users\aspen\Desktop\CMPU395\CMPU-395-Project\data\streetview_images\604740.0_335.jpg,True,
604740,,,,,,0,C:\Users\aspen\Desktop\CMPU395\CMPU-395-Project\data\streetview_images\604740.0_336.jpg,True,
604740,,,,,,0,C:\Users\aspen\Desktop\CMPU395\CMPU-395-Project\data\streetview_images\604740.0_337.jpg,True,
604740,,,,,,0,C:\Users\aspen\Desktop\CMPU395\CMPU-395-Project\data\streetview_images\604740.0_338.jpg,True,
604740,,,,,,0,C:\Users\aspen\Desktop\CMPU395\CMPU-395-Project\data\streetview_images\604740.0_339.jpg,True,
604740,,,,,,0,C:\Users\aspen\Desktop\CMPU395\CMPU-395-Project\data\streetview_images\604740.0_340.jpg,True,
604740,,,,,,0,C:\Users\aspen\Desktop\CMPU395\CMPU-395-Project\data\streetview_images\604740.0_341.jpg,True,
604740,,,,,,0,C:\Users\aspen\Desktop\CMPU395\CMPU-395-Project\data\streetview_images\604740.0_342.jpg,True,
604740,,,,,,0,C:\Users\aspen\Desktop\CMPU395\CMPU-395-Project\data\streetview_images\604740.0_343.jpg,True,
604740,,,,,,0,C:\Users\aspen\Desktop\CMPU395\CMPU-395-Project\data\streetview_images\604740.0_344.jpg,True,
604740,,,,,,0,C:\Users\aspen\Desktop\CMPU395\CMPU-395-Project\data\streetview_images\604740.0_345.jpg,True,
606960,,,,,,0,C:\Users\aspen\Desktop\CMPU395\CMPU-395-Project\data\streetview_images\606960.0_346.jpg,True,
606960,,,,,,0,C:\Users\aspen\Desktop\CMPU395\CMPU-395-Project\data\streetview_images\606960.0_347.jpg,True,
606960,,,,,,0,C:\Users\aspen\Desktop\CMPU395\CMPU-395-Project\data\streetview_images\606960.0_348.jpg,True,
608610,,,,,,0,C:\Users\aspen\Desktop\CMPU395\CMPU-395-Project\data\streetview_images\608610.0_349.jpg,True,
608610,,,,,,0,C:\Users\aspen\Desktop\CMPU395\CMPU-395-Project\data\streetview_images\608610.0_350.jpg,True,
608610,,,,,,0,C:\Users\aspen\Desktop\CMPU395\CMPU-395-Project\data\streetview_images\608610.0_351.jpg,True,
608610,,,,,,0,C:\Users\aspen\Desktop\CMPU395\CMPU-395-Project\data\streetview_images\608610.0_352.jpg,True,
608610,,,,,,0,C:\Users\aspen\Desktop\CMPU395\CMPU-395-Project\data\streetview_images\608610.0_353.jpg,True,
608610,,,,,,0,C:\Users\aspen\Desktop\CMPU395\CMPU-395-Project\data\streetview_images\608610.0_354.jpg,True,
608610,,,,,,0,C:\Users\aspen\Desktop\CMPU395\CMPU-395-Project\data\streetview_images\608610.0_355.jpg,True,
608610,,,,,,0,C:\Users\aspen\Desktop\CMPU395\CMPU-395-Project\data\streetview_images\608610.0_356.jpg,True,
608610,,,,,,0,C:\Users\aspen\Desktop\CMPU395\CMPU-395-Project\data\streetview_images\608610.0_357.jpg,True,
608610,,,,,,0,C:\Users\aspen\Desktop\CMPU395\CMPU-395-Project\data\streetview_images\608610.0_358.jpg,True,
608610,,,,,,0,C:\Users\aspen\Desktop\CMPU395\CMPU-395-Project\data\streetview_images\608610.0_359.jpg,True,
608610,,,,,,0,C:\Users\aspen\Desktop\CMPU395\CMPU-395-Project\data\streetview_images\608610.0_360.jpg,True,
608610,,,,,,0,C:\Users\aspen\Desktop\CMPU395\CMPU-395-Project\data\streetview_images\608610.0_361.jpg,True,
608610,,,,,,0,C:\Users\aspen\Desktop\CMPU395\CMPU-395-Project\data\streetview_images\608610.0_362.jpg,True,
608610,,,,,,0,C:\Users\aspen\Desktop\CMPU395\CMPU-395-Project\data\streetview_images\608610.0_363.jpg,True,
608610,,,,,,0,C:\Users\aspen\Desktop\CMPU395\CMPU-395-Project\data\streetview_images\608610.0_364.jpg,True,
608610,,,,,,0,C:\Users\aspen\Desktop\CMPU395\CMPU-395-Project\data\streetview_images\608610.0_365.jpg,True,
608610,,,,,,0,C:\Users\aspen\Desktop\CMPU395\CMPU-395-Project\data\streetview_images\608610.0_366.jpg,True,
608610,,,,,,0,C:\Users\aspen\Desktop\CMPU395\CMPU-395-Project\data\streetview_images\608610.0_367.jpg,True,
608610,,,,,,0,C:\Users\aspen\Desktop\CMPU395\CMPU-395-Project\data\streetview_images\608610.0_368.jpg,True,
608610,,,,,,0,C:\Users\aspen\Desktop\CMPU395\CMPU-395-Project\data\streetview_images\608610.0_369.jpg,True,
608610,,,,,,0,C:\Users\aspen\Desktop\CMPU395\CMPU-395-Project\data\streetview_images\608610.0_370.jpg,True,
608610,,,,,,0,C:\Users\aspen\Desktop\CMPU395\CMPU-395-Project\data\streetview_images\608610.0_371.jpg,True,
608610,,,,,,0,C:\Users\aspen\Desktop\CMPU395\CMPU-395-Project\data\streetview_images\608610.0_372.jpg,True,
608610,,,,,,0,C:\Users\aspen\Desktop\CMPU395\CMPU-395-Project\data\streetview_images\608610.0_373.jpg,True,
608610,,,,,,0,C:\Users\aspen\Desktop\CMPU395\CMPU-395-Project\data\streetview_images\608610.0_374.jpg,True,
608610,,,,,,0,C:\Users\aspen\Desktop\CMPU395\CMPU-395-Project\data\streetview_images\608610.0_375.jpg,True,
608970,,,,,,0,C:\Users\aspen\Desktop\CMPU395\CMPU-395-Project\data\streetview_images\608970.0_376.jpg,True,
608970,,,,,,0,C:\Users\aspen\Desktop\CMPU395\CMPU-395-Project\data\streetview_images\608970.0_377.jpg,True,
608970,,,,,,0,C:\Users\aspen\Desktop\CMPU395\CMPU-395-Project\data\streetview_images\608970.0_378.jpg,True,
610890,,,,,,0,C:\Users\aspen\Desktop\CMPU395\CMPU-395-Project\data\streetview_images\610890.0_379.jpg,True,
610890,,,,,,0,C:\Users\aspen\Desktop\CMPU395\CMPU-395-Project\data\streetview_images\610890.0_380.jpg,True,
610890,,,,,,0,C:\Users\aspen\Desktop\CMPU395\CMPU-395-Project\data\streetview_images\610890.0_381.jpg,True,
610890,,,,,,0,C:\Users\aspen\Desktop\CMPU395\CMPU-395-Project\data\streetview_images\610890.0_382.jpg,True,
610890,,,,,,0,C:\Users\aspen\Desktop\CMPU395\CMPU-395-Project\data\streetview_images\610890.0_383.jpg,True,
610890,,,,,,0,C:\Users\aspen\Desktop\CMPU395\CMPU-395-Project\data\streetview_images\610890.0_384.jpg,True,
613290,,,,,,0,C:\Users\aspen\Desktop\CMPU395\CMPU-395-Project\data\streetview_images\613290.0_385.jpg,True,
613290,,,,,,0,C:\Users\aspen\Desktop\CMPU395\CMPU-395-Project\data\streetview_images\613290.0_386.jpg,True,
613290,,,,,,0,C:\Users\aspen\Desktop\CMPU395\CMPU-395-Project\data\streetview_images\613290.0_387.jpg,True,
613290,,,,,,0,C:\Users\aspen\Desktop\CMPU395\CMPU-395-Project\data\streetview_images\613290.0_388.jpg,True,
613290,,,,,,0,C:\Users\aspen\Desktop\CMPU395\CMPU-395-Project\data\streetview_images\613290.0_389.jpg,True,
613290,,,,,,0,C:\Users\aspen\Desktop\CMPU395\CMPU-395-Project\data\streetview_images\613290.0_390.jpg,True,
613290,,,,,,0,C:\Users\aspen\Desktop\CMPU395\CMPU-395-Project\data\streetview_images\613290.0_391.jpg,True,
613290,,,,,,0,C:\Users\aspen\Desktop\CMPU395\CMPU-395-Project\data\streetview_images\613290.0_392.jpg,True,
613290,,,,,,0,C:\Users\aspen\Desktop\CMPU395\CMPU-395-Project\data\streetview_images\613290.0_393.jpg,True,
613290,,,,,,0,C:\Users\aspen\Desktop\CMPU395\CMPU-395-Project\data\streetview_images\613290.0_394.jpg,True,
613290,,,,,,0,C:\Users\aspen\Desktop\CMPU395\CMPU-395-Project\data\streetview_images\613290.0_395.jpg,True,
613290,,,,,,0,C:\Users\aspen\Desktop\CMPU395\CMPU-395-Project\data\streetview_images\613290.0_396.jpg,True,
613290,,,,,,0,C:\Users\aspen\Desktop\CMPU395\CMPU-395-Project\data\streetview_images\613290.0_397.jpg,True,
613290,,,,,,0,C:\Users\aspen\Desktop\CMPU395\CMPU-395-Project\data\streetview_images\613290.0_398.jpg,True,
613290,,,,,,0,C:\Users\aspen\Desktop\CMPU395\CMPU-395-Project\data\streetview_images\613290.0_399.jpg,True,
613290,,,,,,0,C:\Users\aspen\Desktop\CMPU395\CMPU-395-Project\data\streetview_images\613290.0_400.jpg,True,
613290,,,,,,0,C:\Users\aspen\Desktop\CMPU395\CMPU-395-Project\data\streetview_images\613290.0_401.jpg,True,
613290,,,,,,0,C:\Users\aspen\Desktop\CMPU395\CMPU-395-Project\data\streetview_images\613290.0_402.jpg,True,
613290,,,,,,0,C:\Users\aspen\Desktop\CMPU395\CMPU-395-Project\data\streetview_images\613290.0_403.jpg,True,
613290,,,,,,0,C:\Users\aspen\Desktop\CMPU395\CMPU-395-Project\data\streetview_images\613290.0_404.jpg,True,
613290,,,,,,0,C:\Users\aspen\Desktop\CMPU395\CMPU-395-Project\data\streetview_images\613290.0_405.jpg,True,
613290,,,,,,0,C:\Users\aspen\Desktop\CMPU395\CMPU-395-Project\data\streetview_images\613290.0_406.jpg,True,
613290,,,,,,0,C:\Users\aspen\Desktop\CMPU395\CMPU-395-Project\data\streetview_images\613290.0_407.jpg,True,
613290,,,,,,0,C:\Users\aspen\Desktop\CMPU395\CMPU-395-Project\data\streetview_images\613290.0_408.jpg,True,
614070,,,,,,0,C:\Users\aspen\Desktop\CMPU395\CMPU-395-Project\data\streetview_images\614070.0_409.jpg,True,
614070,,,,,,0,C:\Users\aspen\Desktop\CMPU395\CMPU-395-Project\data\streetview_images\614070.0_410.jpg,True,
614070,,,,,,0,C:\Users\aspen\Desktop\CMPU395\CMPU-395-Project\data\streetview_images\614070.0_411.jpg,True,
615150,,,,,,0,C:\Users\aspen\Desktop\CMPU395\CMPU-395-Project\data\streetview_images\615150.0_412.jpg,True,
615150,,,,,,0,C:\Users\aspen\Desktop\CMPU395\CMPU-395-Project\data\streetview_images\615150.0_413.jpg,True,
615150,,,,,,0,C:\Users\aspen\Desktop\CMPU395\CMPU-395-Project\data\streetview_images\615150.0_414.jpg,True,
617190,,,,,,0,C:\Users\aspen\Desktop\CMPU395\CMPU-395-Project\data\streetview_images\617190.0_415.jpg,True,
617190,,,,,,0,C:\Users\aspen\Desktop\CMPU395\CMPU-395-Project\data\streetview_images\617190.0_416.jpg,True,
617190,,,,,,0,C:\Users\aspen\Desktop\CMPU395\CMPU-395-Project\data\streetview_images\617190.0_417.jpg,True,
617190,,,,,,0,C:\Users\aspen\Desktop\CMPU395\CMPU-395-Project\data\streetview_images\617190.0_418.jpg,True,
617190,,,,,,0,C:\Users\aspen\Desktop\CMPU395\CMPU-395-Project\data\streetview_images\617190.0_419.jpg,True,
617190,,,,,,0,C:\Users\aspen\Desktop\CMPU395\CMPU-395-Project\data\streetview_images\617190.0_420.jpg,True,
617190,,,,,,0,C:\Users\aspen\Desktop\CMPU395\CMPU-395-Project\data\streetview_images\617190.0_421.jpg,True,
617190,,,,,,0,C:\Users\aspen\Desktop\CMPU395\CMPU-395-Project\data\streetview_images\617190.0_422.jpg,True,
617190,,,,,,0,C:\Users\aspen\Desktop\CMPU395\CMPU-395-Project\data\streetview_images\617190.0_423.jpg,True,
617190,,,,,,0,C:\Users\aspen\Desktop\CMPU395\CMPU-395-Project\data\streetview_images\617190.0_424.jpg,True,
617190,,,,,,0,C:\Users\aspen\Desktop\CMPU395\CMPU-395-Project\data\streetview_images\617190.0_425.jpg,True,
617190,,,,,,0,C:\Users\aspen\Desktop\CMPU395\CMPU-395-Project\data\streetview_images\617190.0_426.jpg,True,
617190,,,,,,0,C:\Users\aspen\Desktop\CMPU395\CMPU-395-Project\data\streetview_images\617190.0_427.jpg,True,
617190,,,,,,0,C:\Users\aspen\Desktop\CMPU395\CMPU-395-Project\data\streetview_images\617190.0_428.jpg,True,
617190,,,,,,0,C:\Users\aspen\Desktop\CMPU395\CMPU-395-Project\data\streetview_images\617190.0_429.jpg,True,
617190,,,,,,0,C:\Users\aspen\Desktop\CMPU395\CMPU-395-Project\data\streetview_images\617190.0_430.jpg,True,
617190,,,,,,0,C:\Users\aspen\Desktop\CMPU395\CMPU-395-Project\data\streetview_images\617190.0_431.jpg,True,
617190,,,,,,0,C:\Users\aspen\Desktop\CMPU395\CMPU-395-Project\data\streetview_images\617190.0_432.jpg,True,
617190,,,,,,0,C:\Users\aspen\Desktop\CMPU395\CMPU-395-Project\data\streetview_images\617190.0_433.jpg,True,
617190,,,,,,0,C:\Users\aspen\Desktop\CMPU395\CMPU-395-Project\data\streetview_images\617190.0_434.jpg,True,
617190,,,,,,0,C:\Users\aspen\Desktop\CMPU395\CMPU-395-Project\data\streetview_images\617190.0_435.jpg,True,
617190,,,,,,0,C:\Users\aspen\Desktop\CMPU395\CMPU-395-Project\data\streetview_images\617190.0_436.jpg,True,
617190,,,,,,0,C:\Users\aspen\Desktop\CMPU395\CMPU-395-Project\data\streetview_images\617190.0_437.jpg,True,
617190,,,,,,0,C:\Users\aspen\Desktop\CMPU395\CMPU-395-Project\data\streetview_images\617190.0_438.jpg,True,
617190,,,,,,0,C:\Users\aspen\Desktop\CMPU395\CMPU-395-Project\data\streetview_images\617190.0_439.jpg,True,
617190,,,,,,0,C:\Users\aspen\Desktop\CMPU395\CMPU-395-Project\data\streetview_images\617190.0_440.jpg,True,
617190,,,,,,0,C:\Users\aspen\Desktop\CMPU395\CMPU-395-Project\data\streetview_images\617190.0_441.jpg,True,
617190,,,,,,0,C:\Users\aspen\Desktop\CMPU395\CMPU-395-Project\data\streetview_images\617190.0_442.jpg,True,
617190,,,,,,0,C:\Users\aspen\Desktop\CMPU395\CMPU-395-Project\data\streetview_images\617190.0_443.jpg,True,
617190,,,,,,0,C:\Users\aspen\Desktop\CMPU395\CMPU-395-Project\data\streetview_images\617190.0_444.jpg,True,
617190,,,,,,0,C:\Users\aspen\Desktop\CMPU395\CMPU-395-Project\data\streetview_images\617190.0_445.jpg,True,
617190,,,,,,0,C:\Users\aspen\Desktop\CMPU395\CMPU-395-Project\data\streetview_images\617190.0_446.jpg,True,
617190,,,,,,0,C:\Users\aspen\Desktop\CMPU395\CMPU-395-Project\data\streetview_images\617190.0_447.jpg,True,
617190,,,,,,0,C:\Users\aspen\Desktop\CMPU395\CMPU-395-Project\data\streetview_images\617190.0_448.jpg,True,
617190,,,,,,0,C:\Users\aspen\Desktop\CMPU395\CMPU-395-Project\data\streetview_images\617190.0_449.jpg,True,
617190,,,,,,0,C:\Users\aspen\Desktop\CMPU395\CMPU-395-Project\data\streetview_images\617190.0_450.jpg,True,
617190,,,,,,0,C:\Users\aspen\Desktop\CMPU395\CMPU-395-Project\data\streetview_images\617190.0_451.jpg,True,
617190,,,,,,0,C:\Users\aspen\Desktop\CMPU395\CMPU-395-Project\data\streetview_images\617190.0_452.jpg,True,
617190,,,,,,0,C:\Users\aspen\Desktop\CMPU395\CMPU-395-Project\data\streetview_images\617190.0_453.jpg,True,
617190,,,,,,0,C:\Users\aspen\Desktop\CMPU395\CMPU-395-Project\data\streetview_images\617190.0_454.jpg,True,
618990,,,,,,0,C:\Users\aspen\Desktop\CMPU395\CMPU-395-Project\data\streetview_images\618990.0_455.jpg,True,
618990,,,,,,0,C:\Users\aspen\Desktop\CMPU395\CMPU-395-Project\data\streetview_images\618990.0_456.jpg,True,
618990,,,,,,0,C:\Users\aspen\Desktop\CMPU395\CMPU-395-Project\data\streetview_images\618990.0_457.jpg,True,
618990,,,,,,0,C:\Users\aspen\Desktop\CMPU395\CMPU-395-Project\data\streetview_images\618990.0_458.jpg,True,
618990,,,,,,0,C:\Users\aspen\Desktop\CMPU395\CMPU-395-Project\data\streetview_images\618990.0_459.jpg,True,
618990,,,,,,0,C:\Users\aspen\Desktop\CMPU395\CMPU-395-Project\data\streetview_images\618990.0_460.jpg,True,
618990,,,,,,0,C:\Users\aspen\Desktop\CMPU395\CMPU-395-Project\data\streetview_images\618990.0_461.jpg,True,
618990,,,,,,0,C:\Users\aspen\Desktop\CMPU395\CMPU-395-Project\data\streetview_images\618990.0_462.jpg,True,
618990,,,,,,0,C:\Users\aspen\Desktop\CMPU395\CMPU-395-Project\data\streetview_images\618990.0_463.jpg,True,
618990,,,,,,0,C:\Users\aspen\Desktop\CMPU395\CMPU-395-Project\data\streetview_images\618990.0_464.jpg,True,
618990,,,,,,0,C:\Users\aspen\Desktop\CMPU395\CMPU-395-Project\data\streetview_images\618990.0_465.jpg,True,
618990,,,,,,0,C:\Users\aspen\Desktop\CMPU395\CMPU-395-Project\data\streetview_images\618990.0_466.jpg,True,
618990,,,,,,0,C:\Users\aspen\Desktop\CMPU395\CMPU-395-Project\data\streetview_images\618990.0_467.jpg,True,
618990,,,,,,0,C:\Users\aspen\Desktop\CMPU395\CMPU-395-Project\data\streetview_images\618990.0_468.jpg,True,
618990,,,,,,0,C:\Users\aspen\Desktop\CMPU395\CMPU-395-Project\data\streetview_images\618990.0_469.jpg,True,
618990,,,,,,0,C:\Users\aspen\Desktop\CMPU395\CMPU-395-Project\data\streetview_images\618990.0_470.jpg,True,
618990,,,,,,0,C:\Users\aspen\Desktop\CMPU395\CMPU-395-Project\data\streetview_images\618990.0_471.jpg,True,
618990,,,,,,0,C:\Users\aspen\Desktop\CMPU395\CMPU-395-Project\data\streetview_images\618990.0_472.jpg,True,
618990,,,,,,0,C:\Users\aspen\Desktop\CMPU395\CMPU-395-Project\data\streetview_images\618990.0_473.jpg,True,
618990,,,,,,0,C:\Users\aspen\Desktop\CMPU395\CMPU-395-Project\data\streetview_images\618990.0_474.jpg,True,
618990,,,,,,0,C:\Users\aspen\Desktop\CMPU395\CMPU-395-Project\data\streetview_images\618990.0_475.jpg,True,
619590,,,,,,0,C:\Users\aspen\Desktop\CMPU395\CMPU-395-Project\data\streetview_images\619590.0_476.jpg,True,
619590,,,,,,0,C:\Users\aspen\Desktop\CMPU395\CMPU-395-Project\data\streetview_images\619590.0_477.jpg,True,
619590,,,,,,0,C:\Users\aspen\Desktop\CMPU395\CMPU-395-Project\data\streetview_images\619590.0_478.jpg,True,
619890,,,,,,0,C:\Users\aspen\Desktop\CMPU395\CMPU-395-Project\data\streetview_images\619890.0_479.jpg,True,
619890,,,,,,0,C:\Users\aspen\Desktop\CMPU395\CMPU-395-Project\data\streetview_images\619890.0_480.jpg,True,
619890,,,,,,0,C:\Users\aspen\Desktop\CMPU395\CMPU-395-Project\data\streetview_images\619890.0_481.jpg,True,
619890,,,,,,0,C:\Users\aspen\Desktop\CMPU395\CMPU-395-Project\data\streetview_images\619890.0_482.jpg,True,
619890,,,,,,0,C:\Users\aspen\Desktop\CMPU395\CMPU-395-Project\data\streetview_images\619890.0_483.jpg,True,
619890,,,,,,0,C:\Users\aspen\Desktop\CMPU395\CMPU-395-Project\data\streetview_images\619890.0_484.jpg,True,
619890,,,,,,0,C:\Users\aspen\Desktop\CMPU395\CMPU-395-Project\data\streetview_images\619890.0_485.jpg,True,
619890,,,,,,0,C:\Users\aspen\Desktop\CMPU395\CMPU-395-Project\data\streetview_images\619890.0_486.jpg,True,
619890,,,,,,0,C:\Users\aspen\Desktop\CMPU395\CMPU-395-Project\data\streetview_images\619890.0_487.jpg,True,
619890,,,,,,0,C:\Users\aspen\Desktop\CMPU395\CMPU-395-Project\data\streetview_images\619890.0_488.jpg,True,
619890,,,,,,0,C:\Users\aspen\Desktop\CMPU395\CMPU-395-Project\data\streetview_images\619890.0_489.jpg,True,
619890,,,,,,0,C:\Users\aspen\Desktop\CMPU395\CMPU-395-Project\data\streetview_images\619890.0_490.jpg,True,
623550,,,,,,0,C:\Users\aspen\Desktop\CMPU395\CMPU-395-Project\data\streetview_images\623550.0_491.jpg,True,
623550,,,,,,0,C:\Users\aspen\Desktop\CMPU395\CMPU-395-Project\data\streetview_images\623550.0_492.jpg,True,
623550,,,,,,0,C:\Users\aspen\Desktop\CMPU395\CMPU-395-Project\data\streetview_images\623550.0_493.jpg,True,
624000,,,,,,0,C:\Users\aspen\Desktop\CMPU395\CMPU-395-Project\data\streetview_images\624000.0_494.jpg,True,
624000,,,,,,0,C:\Users\aspen\Desktop\CMPU395\CMPU-395-Project\data\streetview_images\624000.0_495.jpg,True,
624000,,,,,,0,C:\Users\aspen\Desktop\CMPU395\CMPU-395-Project\data\streetview_images\624000.0_496.jpg,True,
624000,,,,,,0,C:\Users\aspen\Desktop\CMPU395\CMPU-395-Project\data\streetview_images\624000.0_497.jpg,True,
624000,,,,,,0,C:\Users\aspen\Desktop\CMPU395\CMPU-395-Project\data\streetview_images\624000.0_498.jpg,True,
624000,,,,,,0,C:\Users\aspen\Desktop\CMPU395\CMPU-395-Project\data\streetview_images\624000.0_499.jpg,True,
624000,,,,,,0,C:\Users\aspen\Desktop\CMPU395\CMPU-395-Project\data\streetview_images\624000.0_500.jpg,True,
624000,,,,,,0,C:\Users\aspen\Desktop\CMPU395\CMPU-395-Project\data\streetview_images\624000.0_501.jpg,True,
624000,,,,,,0,C:\Users\aspen\Desktop\CMPU395\CMPU-395-Project\data\streetview_images\624000.0_502.jpg,True,
624000,,,,,,0,C:\Users\aspen\Desktop\CMPU395\CMPU-395-Project\data\streetview_images\624000.0_503.jpg,True,
624000,,,,,,0,C:\Users\aspen\Desktop\CMPU395\CMPU-395-Project\data\streetview_images\624000.0_504.jpg,True,
624000,,,,,,0,C:\Users\aspen\Desktop\CMPU395\CMPU-395-Project\data\streetview_images\624000.0_505.jpg,True,
624000,,,,,,0,C:\Users\aspen\Desktop\CMPU395\CMPU-395-Project\data\streetview_images\624000.0_506.jpg,True,
624000,,,,,,0,C:\Users\aspen\Desktop\CMPU395\CMPU-395-Project\data\streetview_images\624000.0_507.jpg,True,
624000,,,,,,0,C:\Users\aspen\Desktop\CMPU395\CMPU-395-Project\data\streetview_images\624000.0_508.jpg,True,
624000,,,,,,0,C:\Users\aspen\Desktop\CMPU395\CMPU-395-Project\data\streetview_images\624000.0_509.jpg,True,
624000,,,,,,0,C:\Users\aspen\Desktop\CMPU395\CMPU-395-Project\data\streetview_images\624000.0_510.jpg,True,
624000,,,,,,0,C:\Users\aspen\Desktop\CMPU395\CMPU-395-Project\data\streetview_images\624000.0_511.jpg,True,
624000,,,,,,0,C:\Users\aspen\Desktop\CMPU395\CMPU-395-Project\data\streetview_images\624000.0_512.jpg,True,
624000,,,,,,0,C:\Users\aspen\Desktop\CMPU395\CMPU-395-Project\data\streetview_images\624000.0_513.jpg,True,
624000,,,,,,0,C:\Users\aspen\Desktop\CMPU395\CMPU-395-Project\data\streetview_images\624000.0_514.jpg,True,
624000,,,,,,0,C:\Users\aspen\Desktop\CMPU395\CMPU-395-Project\data\streetview_images\624000.0_515.jpg,True,
624000,,,,,,0,C:\Users\aspen\Desktop\CMPU395\CMPU-395-Project\data\streetview_images\624000.0_516.jpg,True,
624090,,,,,,0,C:\Users\aspen\Desktop\CMPU395\CMPU-395-Project\data\streetview_images\624090.0_517.jpg,True,
624090,,,,,,0,C:\Users\aspen\Desktop\CMPU395\CMPU-395-Project\data\streetview_images\624090.0_518.jpg,True,
624090,,,,,,0,C:\Users\aspen\Desktop\CMPU395\CMPU-395-Project\data\streetview_images\624090.0_519.jpg,True,
624090,,,,,,0,C:\Users\aspen\Desktop\CMPU395\CMPU-395-Project\data\streetview_images\624090.0_520.jpg,True,
624090,,,,,,0,C:\Users\aspen\Desktop\CMPU395\CMPU-395-Project\data\streetview_images\624090.0_521.jpg,True,
624090,,,,,,0,C:\Users\aspen\Desktop\CMPU395\CMPU-395-Project\data\streetview_images\624090.0_522.jpg,True,
624090,,,,,,0,C:\Users\aspen\Desktop\CMPU395\CMPU-395-Project\data\streetview_images\624090.0_523.jpg,True,
624090,,,,,,0,C:\Users\aspen\Desktop\CMPU395\CMPU-395-Project\data\streetview_images\624090.0_524.jpg,True,
624480,,,,,,0,C:\Users\aspen\Desktop\CMPU395\CMPU-395-Project\data\streetview_images\624480.0_525.jpg,True,
624480,,,,,,0,C:\Users\aspen\Desktop\CMPU395\CMPU-395-Project\data\streetview_images\624480.0_526.jpg,True,
624480,,,,,,0,C:\Users\aspen\Desktop\CMPU395\CMPU-395-Project\data\streetview_images\624480.0_527.jpg,True,
627780,,,,,,0,C:\Users\aspen\Desktop\CMPU395\CMPU-395-Project\data\streetview_images\627780.0_528.jpg,True,
627780,,,,,,0,C:\Users\aspen\Desktop\CMPU395\CMPU-395-Project\data\streetview_images\627780.0_529.jpg,True,
627780,,,,,,0,C:\Users\aspen\Desktop\CMPU395\CMPU-395-Project\data\streetview_images\627780.0_530.jpg,True,
627780,,,,,,0,C:\Users\aspen\Desktop\CMPU395\CMPU-395-Project\data\streetview_images\627780.0_531.jpg,True,
627780,,,,,,0,C:\Users\aspen\Desktop\CMPU395\CMPU-395-Project\data\streetview_images\627780.0_532.jpg,True,
627780,,,,,,0,C:\Users\aspen\Desktop\CMPU395\CMPU-395-Project\data\streetview_images\627780.0_533.jpg,True,
627780,,,,,,0,C:\Users\aspen\Desktop\CMPU395\CMPU-395-Project\data\streetview_images\627780.0_534.jpg,True,
627780,,,,,,0,C:\Users\aspen\Desktop\CMPU395\CMPU-395-Project\data\streetview_images\627780.0_535.jpg,True,
627780,,,,,,0,C:\Users\aspen\Desktop\CMPU395\CMPU-395-Project\data\streetview_images\627780.0_536.jpg,True,
627780,,,,,,0,C:\Users\aspen\Desktop\CMPU395\CMPU-395-Project\data\streetview_images\627780.0_537.jpg,True,
627780,,,,,,0,C:\Users\aspen\Desktop\CMPU395\CMPU-395-Project\data\streetview_images\627780.0_538.jpg,True,
627780,,,,,,0,C:\Users\aspen\Desktop\CMPU395\CMPU-395-Project\data\streetview_images\627780.0_539.jpg,True,
627780,,,,,,0,C:\Users\aspen\Desktop\CMPU395\CMPU-395-Project\data\streetview_images\627780.0_540.jpg,True,
627780,,,,,,0,C:\Users\aspen\Desktop\CMPU395\CMPU-395-Project\data\streetview_images\627780.0_541.jpg,True,
628710,,,,,,0,C:\Users\aspen\Desktop\CMPU395\CMPU-395-Project\data\streetview_images\628710.0_542.jpg,True,
628710,,,,,,0,C:\Users\aspen\Desktop\CMPU395\CMPU-395-Project\data\streetview_images\628710.0_543.jpg,True,
628710,,,,,,0,C:\Users\aspen\Desktop\CMPU395\CMPU-395-Project\data\streetview_images\628710.0_544.jpg,True,
628710,,,,,,0,C:\Users\aspen\Desktop\CMPU395\CMPU-395-Project\data\streetview_images\628710.0_545.jpg,True,
628710,,,,,,0,C:\Users\aspen\Desktop\CMPU395\CMPU-395-Project\data\streetview_images\628710.0_546.jpg,True,
631170,,,,,,0,C:\Users\aspen\Desktop\CMPU395\CMPU-395-Project\data\streetview_images\631170.0_547.jpg,True,
631170,,,,,,0,C:\Users\aspen\Desktop\CMPU395\CMPU-395-Project\data\streetview_images\631170.0_548.jpg,True,
631170,,,,,,0,C:\Users\aspen\Desktop\CMPU395\CMPU-395-Project\data\streetview_images\631170.0_549.jpg,True,
631170,,,,,,0,C:\Users\aspen\Desktop\CMPU395\CMPU-395-Project\data\streetview_images\631170.0_550.jpg,True,
631170,,,,,,0,C:\Users\aspen\Desktop\CMPU395\CMPU-395-Project\data\streetview_images\631170.0_551.jpg,True,
631470,,,,,,0,C:\Users\aspen\Desktop\CMPU395\CMPU-395-Project\data\streetview_images\631470.0_552.jpg,True,
631470,,,,,,0,C:\Users\aspen\Desktop\CMPU395\CMPU-395-Project\data\streetview_images\631470.0_553.jpg,True,
631470,,,,,,0,C:\Users\aspen\Desktop\CMPU395\CMPU-395-Project\data\streetview_images\631470.0_554.jpg,True,
631470,,,,,,0,C:\Users\aspen\Desktop\CMPU395\CMPU-395-Project\data\streetview_images\631470.0_555.jpg,True,
631470,,,,,,0,C:\Users\aspen\Desktop\CMPU395\CMPU-395-Project\data\streetview_images\631470.0_556.jpg,True,
631470,,,,,,0,C:\Users\aspen\Desktop\CMPU395\CMPU-395-Project\data\streetview_images\631470.0_557.jpg,True,
631470,,,,,,0,C:\Users\aspen\Desktop\CMPU395\CMPU-395-Project\data\streetview_images\631470.0_558.jpg,True,
631470,,,,,,0,C:\Users\aspen\Desktop\CMPU395\CMPU-395-Project\data\streetview_images\631470.0_559.jpg,True,
631470,,,,,,0,C:\Users\aspen\Desktop\CMPU395\CMPU-395-Project\data\streetview_images\631470.0_560.jpg,True,
631470,,,,,,0,C:\Users\aspen\Desktop\CMPU395\CMPU-395-Project\data\streetview_images\631470.0_561.jpg,True,
631470,,,,,,0,C:\Users\aspen\Desktop\CMPU395\CMPU-395-Project\data\streetview_images\631470.0_562.jpg,True,
631470,,,,,,0,C:\Users\aspen\Desktop\CMPU395\CMPU-395-Project\data\streetview_images\631470.0_563.jpg,True,
631470,,,,,,0,C:\Users\aspen\Desktop\CMPU395\CMPU-395-Project\data\streetview_images\631470.0_564.jpg,True,
631470,,,,,,0,C:\Users\aspen\Desktop\CMPU395\CMPU-395-Project\data\streetview_images\631470.0_565.jpg,True,
631470,,,,,,0,C:\Users\aspen\Desktop\CMPU395\CMPU-395-Project\data\streetview_images\631470.0_566.jpg,True,
631470,,,,,,0,C:\Users\aspen\Desktop\CMPU395\CMPU-395-Project\data\streetview_images\631470.0_567.jpg,True,
631470,,,,,,0,C:\Users\aspen\Desktop\CMPU395\CMPU-395-Project\data\streetview_images\631470.0_568.jpg,True,
631470,,,,,,0,C:\Users\aspen\Desktop\CMPU395\CMPU-395-Project\data\streetview_images\631470.0_569.jpg,True,
631470,,,,,,0,C:\Users\aspen\Desktop\CMPU395\CMPU-395-Project\data\streetview_images\631470.0_570.jpg,True,
631470,,,,,,0,C:\Users\aspen\Desktop\CMPU395\CMPU-395-Project\data\streetview_images\631470.0_571.jpg,True,
631470,,,,,,0,C:\Users\aspen\Desktop\CMPU395\CMPU-395-Project\data\streetview_images\631470.0_572.jpg,True,
631470,,,,,,0,C:\Users\aspen\Desktop\CMPU395\CMPU-395-Project\data\streetview_images\631470.0_573.jpg,True,
631470,,,,,,0,C:\Users\aspen\Desktop\CMPU395\CMPU-395-Project\data\streetview_images\631470.0_574.jpg,True,
631470,,,,,,0,C:\Users\aspen\Desktop\CMPU395\CMPU-395-Project\data\streetview_images\631470.0_575.jpg,True,
631470,,,,,,0,C:\Users\aspen\Desktop\CMPU395\CMPU-395-Project\data\streetview_images\631470.0_576.jpg,True,
631470,,,,,,0,C:\Users\aspen\Desktop\CMPU395\CMPU-395-Project\data\streetview_images\631470.0_577.jpg,True,
631470,,,,,,0,C:\Users\aspen\Desktop\CMPU395\CMPU-395-Project\data\streetview_images\631470.0_578.jpg,True,
631470,,,,,,0,C:\Users\aspen\Desktop\CMPU395\CMPU-395-Project\data\streetview_images\631470.0_579.jpg,True,
631470,,,,,,0,C:\Users\aspen\Desktop\CMPU395\CMPU-395-Project\data\streetview_images\631470.0_580.jpg,True,
631470,,,,,,0,C:\Users\aspen\Desktop\CMPU395\CMPU-395-Project\data\streetview_images\631470.0_581.jpg,True,
631470,,,,,,0,C:\Users\aspen\Desktop\CMPU395\CMPU-395-Project\data\streetview_images\631470.0_582.jpg,True,
632310,,,,,,0,C:\Users\aspen\Desktop\CMPU395\CMPU-395-Project\data\streetview_images\632310.0_583.jpg,True,
632310,,,,,,0,C:\Users\aspen\Desktop\CMPU395\CMPU-395-Project\data\streetview_images\632310.0_584.jpg,True,
632310,,,,,,0,C:\Users\aspen\Desktop\CMPU395\CMPU-395-Project\data\streetview_images\632310.0_585.jpg,True,
632310,,,,,,0,C:\Users\aspen\Desktop\CMPU395\CMPU-395-Project\data\streetview_images\632310.0_586.jpg,True,
632310,,,,,,0,C:\Users\aspen\Desktop\CMPU395\CMPU-395-Project\data\streetview_images\632310.0_587.jpg,True,
632310,,,,,,0,C:\Users\aspen\Desktop\CMPU395\CMPU-395-Project\data\streetview_images\632310.0_588.jpg,True,
632310,,,,,,0,C:\Users\aspen\Desktop\CMPU395\CMPU-395-Project\data\streetview_images\632310.0_589.jpg,True,
632310,,,,,,0,C:\Users\aspen\Desktop\CMPU395\CMPU-395-Project\data\streetview_images\632310.0_590.jpg,True,
632310,,,,,,0,C:\Users\aspen\Desktop\CMPU395\CMPU-395-Project\data\streetview_images\632310.0_591.jpg,True,
632310,,,,,,0,C:\Users\aspen\Desktop\CMPU395\CMPU-395-Project\data\streetview_images\632310.0_592.jpg,True,
632310,,,,,,0,C:\Users\aspen\Desktop\CMPU395\CMPU-395-Project\data\streetview_images\632310.0_593.jpg,True,
632310,,,,,,0,C:\Users\aspen\Desktop\CMPU395\CMPU-395-Project\data\streetview_images\632310.0_594.jpg,True,
632310,,,,,,0,C:\Users\aspen\Desktop\CMPU395\CMPU-395-Project\data\streetview_images\632310.0_595.jpg,True,
632310,,,,,,0,C:\Users\aspen\Desktop\CMPU395\CMPU-395-Project\data\streetview_images\632310.0_596.jpg,True,
632310,,,,,,0,C:\Users\aspen\Desktop\CMPU395\CMPU-395-Project\data\streetview_images\632310.0_597.jpg,True,
632310,,,,,,0,C:\Users\aspen\Desktop\CMPU395\CMPU-395-Project\data\streetview_images\632310.0_598.jpg,True,
632310,,,,,,0,C:\Users\aspen\Desktop\CMPU395\CMPU-395-Project\data\streetview_images\632310.0_599.jpg,True,
632310,,,,,,0,C:\Users\aspen\Desktop\CMPU395\CMPU-395-Project\data\streetview_images\632310.0_600.jpg,True,
632310,,,,,,0,C:\Users\aspen\Desktop\CMPU395\CMPU-395-Project\data\streetview_images\632310.0_601.jpg,True,
632310,,,,,,0,C:\Users\aspen\Desktop\CMPU395\CMPU-395-Project\data\streetview_images\632310.0_602.jpg,True,
632310,,,,,,0,C:\Users\aspen\Desktop\CMPU395\CMPU-395-Project\data\streetview_images\632310.0_603.jpg,True,
632310,,,,,,0,C:\Users\aspen\Desktop\CMPU395\CMPU-395-Project\data\streetview_images\632310.0_604.jpg,True,
632310,,,,,,0,C:\Users\aspen\Desktop\CMPU395\CMPU-395-Project\data\streetview_images\632310.0_605.jpg,True,
633840,,,,,,0,C:\Users\aspen\Desktop\CMPU395\CMPU-395-Project\data\streetview_images\633840.0_606.jpg,True,
633840,,,,,,0,C:\Users\aspen\Desktop\CMPU395\CMPU-395-Project\data\streetview_images\633840.0_607.jpg,True,
633840,,,,,,0,C:\Users\aspen\Desktop\CMPU395\CMPU-395-Project\data\streetview_images\633840.0_608.jpg,True,
633840,,,,,,0,C:\Users\aspen\Desktop\CMPU395\CMPU-395-Project\data\streetview_images\633840.0_609.jpg,True,
633840,,,,,,0,C:\Users\aspen\Desktop\CMPU395\CMPU-395-Project\data\streetview_images\633840.0_610.jpg,True,
633840,,,,,,0,C:\Users\aspen\Desktop\CMPU395\CMPU-395-Project\data\streetview_images\633840.0_611.jpg,True,
633840,,,,,,0,C:\Users\aspen\Desktop\CMPU395\CMPU-395-Project\data\streetview_images\633840.0_612.jpg,True,
633840,,,,,,0,C:\Users\aspen\Desktop\CMPU395\CMPU-395-Project\data\streetview_images\633840.0_613.jpg,True,
633840,,,,,,0,C:\Users\aspen\Desktop\CMPU395\CMPU-395-Project\data\streetview_images\633840.0_614.jpg,True,
633840,,,,,,0,C:\Users\aspen\Desktop\CMPU395\CMPU-395-Project\data\streetview_images\633840.0_615.jpg,True,
633840,,,,,,0,C:\Users\aspen\Desktop\CMPU395\CMPU-395-Project\data\streetview_images\633840.0_616.jpg,True,
633840,,,,,,0,C:\Users\aspen\Desktop\CMPU395\CMPU-395-Project\data\streetview_images\633840.0_617.jpg,True,
633840,,,,,,0,C:\Users\aspen\Desktop\CMPU395\CMPU-395-Project\data\streetview_images\633840.0_618.jpg,True,
633840,,,,,,0,C:\Users\aspen\Desktop\CMPU395\CMPU-395-Project\data\streetview_images\633840.0_619.jpg,True,
633840,,,,,,0,C:\Users\aspen\Desktop\CMPU395\CMPU-395-Project\data\streetview_images\633840.0_620.jpg,True,
633840,,,,,,0,C:\Users\aspen\Desktop\CMPU395\CMPU-395-Project\data\streetview_images\633840.0_621.jpg,True,
633840,,,,,,0,C:\Users\aspen\Desktop\CMPU395\CMPU-395-Project\data\streetview_images\633840.0_622.jpg,True,
633840,,,,,,0,C:\Users\aspen\Desktop\CMPU395\CMPU-395-Project\data\streetview_images\633840.0_623.jpg,True,
633840,,,,,,0,C:\Users\aspen\Desktop\CMPU395\CMPU-395-Project\data\streetview_images\633840.0_624.jpg,True,
633840,,,,,,0,C:\Users\aspen\Desktop\CMPU395\CMPU-395-Project\data\streetview_images\633840.0_625.jpg,True,
633840,,,,,,0,C:\Users\aspen\Desktop\CMPU395\CMPU-395-Project\data\streetview_images\633840.0_626.jpg,True,
633840,,,,,,0,C:\Users\aspen\Desktop\CMPU395\CMPU-395-Project\data\streetview_images\633840.0_627.jpg,True,
633840,,,,,,0,C:\Users\aspen\Desktop\CMPU395\CMPU-395-Project\data\streetview_images\633840.0_628.jpg,True,
633840,,,,,,0,C:\Users\aspen\Desktop\CMPU395\CMPU-395-Project\data\streetview_images\633840.0_629.jpg,True,
633840,,,,,,0,C:\Users\aspen\Desktop\CMPU395\CMPU-395-Project\data\streetview_images\633840.0_630.jpg,True,
633840,,,,,,0,C:\Users\aspen\Desktop\CMPU395\CMPU-395-Project\data\streetview_images\633840.0_631.jpg,True,
633840,,,,,,0,C:\Users\aspen\Desktop\CMPU395\CMPU-395-Project\data\streetview_images\633840.0_632.jpg,True,
633840,,,,,,0,C:\Users\aspen\Desktop\CMPU395\CMPU-395-Project\data\streetview_images\633840.0_633.jpg,True,
633840,,,,,,0,C:\Users\aspen\Desktop\CMPU395\CMPU-395-Project\data\streetview_images\633840.0_634.jpg,True,
633840,,,,,,0,C:\Users\aspen\Desktop\CMPU395\CMPU-395-Project\data\streetview_images\633840.0_635.jpg,True,
633840,,,,,,0,C:\Users\aspen\Desktop\CMPU395\CMPU-395-Project\data\streetview_images\633840.0_636.jpg,True,
633840,,,,,,0,C:\Users\aspen\Desktop\CMPU395\CMPU-395-Project\data\streetview_images\633840.0_637.jpg,True,
633840,,,,,,0,C:\Users\aspen\Desktop\CMPU395\CMPU-395-Project\data\streetview_images\633840.0_638.jpg,True,
633840,,,,,,0,C:\Users\aspen\Desktop\CMPU395\CMPU-395-Project\data\streetview_images\633840.0_639.jpg,True,
633840,,,,,,0,C:\Users\aspen\Desktop\CMPU395\CMPU-395-Project\data\streetview_images\633840.0_640.jpg,True,
633840,,,,,,0,C:\Users\aspen\Desktop\CMPU395\CMPU-395-Project\data\streetview_images\633840.0_641.jpg,True,
633840,,,,,,0,C:\Users\aspen\Desktop\CMPU395\CMPU-395-Project\data\streetview_images\633840.0_642.jpg,True,
633840,,,,,,0,C:\Users\aspen\Desktop\CMPU395\CMPU-395-Project\data\streetview_images\633840.0_643.jpg,True,
633840,,,,,,0,C:\Users\aspen\Desktop\CMPU395\CMPU-395-Project\data\streetview_images\633840.0_644.jpg,True,
633840,,,,,,0,C:\Users\aspen\Desktop\CMPU395\CMPU-395-Project\data\streetview_images\633840.0_645.jpg,True,
635700,,,,,,0,C:\Users\aspen\Desktop\CMPU395\CMPU-395-Project\data\streetview_images\635700.0_646.jpg,True,
635700,,,,,,0,C:\Users\aspen\Desktop\CMPU395\CMPU-395-Project\data\streetview_images\635700.0_647.jpg,True,
635700,,,,,,0,C:\Users\aspen\Desktop\CMPU395\CMPU-395-Project\data\streetview_images\635700.0_648.jpg,True,
635700,,,,,,0,C:\Users\aspen\Desktop\CMPU395\CMPU-395-Project\data\streetview_images\635700.0_649.jpg,True,
635700,,,,,,0,C:\Users\aspen\Desktop\CMPU395\CMPU-395-Project\data\streetview_images\635700.0_650.jpg,True,
635700,,,,,,0,C:\Users\aspen\Desktop\CMPU395\CMPU-395-Project\data\streetview_images\635700.0_651.jpg,True,
635700,,,,,,0,C:\Users\aspen\Desktop\CMPU395\CMPU-395-Project\data\streetview_images\635700.0_652.jpg,True,
635700,,,,,,0,C:\Users\aspen\Desktop\CMPU395\CMPU-395-Project\data\streetview_images\635700.0_653.jpg,True,
635700,,,,,,0,C:\Users\aspen\Desktop\CMPU395\CMPU-395-Project\data\streetview_images\635700.0_654.jpg,True,
635700,,,,,,0,C:\Users\aspen\Desktop\CMPU395\CMPU-395-Project\data\streetview_images\635700.0_655.jpg,True,
635700,,,,,,0,C:\Users\aspen\Desktop\CMPU395\CMPU-395-Project\data\streetview_images\635700.0_656.jpg,True,
635700,,,,,,0,C:\Users\aspen\Desktop\CMPU395\CMPU-395-Project\data\streetview_images\635700.0_657.jpg,True,
636800,,,,,,0,C:\Users\aspen\Desktop\CMPU395\CMPU-395-Project\data\streetview_images\636800.0_658.jpg,True,
636800,,,,,,0,C:\Users\aspen\Desktop\CMPU395\CMPU-395-Project\data\streetview_images\636800.0_659.jpg,True,
636800,,,,,,0,C:\Users\aspen\Desktop\CMPU395\CMPU-395-Project\data\streetview_images\636800.0_660.jpg,True,
637230,,,,,,0,C:\Users\aspen\Desktop\CMPU395\CMPU-395-Project\data\streetview_images\637230.0_661.jpg,True,
637230,,,,,,0,C:\Users\aspen\Desktop\CMPU395\CMPU-395-Project\data\streetview_images\637230.0_662.jpg,True,
637230,,,,,,0,C:\Users\aspen\Desktop\CMPU395\CMPU-395-Project\data\streetview_images\637230.0_663.jpg,True,
637230,,,,,,0,C:\Users\aspen\Desktop\CMPU395\CMPU-395-Project\data\streetview_images\637230.0_664.jpg,True,
637230,,,,,,0,C:\Users\aspen\Desktop\CMPU395\CMPU-395-Project\data\streetview_images\637230.0_665.jpg,True,
637230,,,,,,0,C:\Users\aspen\Desktop\CMPU395\CMPU-395-Project\data\streetview_images\637230.0_666.jpg,True,
637230,,,,,,0,C:\Users\aspen\Desktop\CMPU395\CMPU-395-Project\data\streetview_images\637230.0_667.jpg,True,
637230,,,,,,0,C:\Users\aspen\Desktop\CMPU395\CMPU-395-Project\data\streetview_images\637230.0_668.jpg,True,
637230,,,,,,0,C:\Users\aspen\Desktop\CMPU395\CMPU-395-Project\data\streetview_images\637230.0_669.jpg,True,
637230,,,,,,0,C:\Users\aspen\Desktop\CMPU395\CMPU-395-Project\data\streetview_images\637230.0_670.jpg,True,
637230,,,,,,0,C:\Users\aspen\Desktop\CMPU395\CMPU-395-Project\data\streetview_images\637230.0_671.jpg,True,
637230,,,,,,0,C:\Users\aspen\Desktop\CMPU395\CMPU-395-Project\data\streetview_images\637230.0_672.jpg,True,
637230,,,,,,0,C:\Users\aspen\Desktop\CMPU395\CMPU-395-Project\data\streetview_images\637230.0_673.jpg,True,
637770,,,,,,0,C:\Users\aspen\Desktop\CMPU395\CMPU-395-Project\data\streetview_images\637770.0_674.jpg,True,
642540,,,,,,0,C:\Users\aspen\Desktop\CMPU395\CMPU-395-Project\data\streetview_images\642540.0_675.jpg,True,
900660,,,,,,0,C:\Users\aspen\Desktop\CMPU395\CMPU-395-Project\data\streetview_images\900660.0_676.jpg,True,
900660,,,,,,0,C:\Users\aspen\Desktop\CMPU395\CMPU-395-Project\data\streetview_images\900660.0_677.jpg,True,
900660,,,,,,0,C:\Users\aspen\Desktop\CMPU395\CMPU-395-Project\data\streetview_images\900660.0_678.jpg,True,
900660,,,,,,0,C:\Users\aspen\Desktop\CMPU395\CMPU-395-Project\data\streetview_images\900660.0_679.jpg,True,
900660,,,,,,0,C:\Users\aspen\Desktop\CMPU395\CMPU-395-Project\data\streetview_images\900660.0_680.jpg,True,
900660,,,,,,0,C:\Users\aspen\Desktop\CMPU395\CMPU-395-Project\data\streetview_images\900660.0_681.jpg,True,
900660,,,,,,0,C:\Users\aspen\Desktop\CMPU395\CMPU-395-Project\data\streetview_images\900660.0_682.jpg,True,
900660,,,,,,0,C:\Users\aspen\Desktop\CMPU395\CMPU-395-Project\data\streetview_images\900660.0_683.jpg,True,
900660,,,,,,0,C:\Users\aspen\Desktop\CMPU395\CMPU-395-Project\data\streetview_images\900660.0_684.jpg,True,
900660,,,,,,0,C:\Users\aspen\Desktop\CMPU395\CMPU-395-Project\data\streetview_images\900660.0_685.jpg,True,
900660,,,,,,0,C:\Users\aspen\Desktop\CMPU395\CMPU-395-Project\data\streetview_images\900660.0_686.jpg,True,
900660,,,,,,0,C:\Users\aspen\Desktop\CMPU395\CMPU-395-Project\data\streetview_images\900660.0_687.jpg,True,
900660,,,,,,0,C:\Users\aspen\Desktop\CMPU395\CMPU-395-Project\data\streetview_images\900660.0_688.jpg,True,
900660,,,,,,0,C:\Users\aspen\Desktop\CMPU395\CMPU-395-Project\data\streetview_images\900660.0_689.jpg,True,
900660,,,,,,0,C:\Users\aspen\Desktop\CMPU395\CMPU-395-Project\data\streetview_images\900660.0_690.jpg,True,
900660,,,,,,0,C:\Users\aspen\Desktop\CMPU395\CMPU-395-Project\data\streetview_images\900660.0_691.jpg,True,
900660,,,,,,0,C:\Users\aspen\Desktop\CMPU395\CMPU-395-Project\data\streetview_images\900660.0_692.jpg,True,
900660,,,,,,0,C:\Users\aspen\Desktop\CMPU395\CMPU-395-Project\data\streetview_images\900660.0_693.jpg,True,
900660,,,,,,0,C:\Users\aspen\Desktop\CMPU395\CMPU-395-Project\data\streetview_images\900660.0_694.jpg,True,
900840,,,,,,0,C:\Users\aspen\Desktop\CMPU395\CMPU-395-Project\data\streetview_images\900840.0_695.jpg,True,
900840,,,,,,0,C:\Users\aspen\Desktop\CMPU395\CMPU-395-Project\data\streetview_images\900840.0_696.jpg,True,
900840,,,,,,0,C:\Users\aspen\Desktop\CMPU395\CMPU-395-Project\data\streetview_images\900840.0_697.jpg,True,
900840,,,,,,0,C:\Users\aspen\Desktop\CMPU395\CMPU-395-Project\data\streetview_images\900840.0_698.jpg,True,
900840,,,,,,0,C:\Users\aspen\Desktop\CMPU395\CMPU-395-Project\data\streetview_images\900840.0_699.jpg,True,
900840,,,,,,0,C:\Users\aspen\Desktop\CMPU395\CMPU-395-Project\data\streetview_images\900840.0_700.jpg,True,
900840,,,,,,0,C:\Users\aspen\Desktop\CMPU395\CMPU-395-Project\data\streetview_images\900840.0_701.jpg,True,
900840,,,,,,0,C:\Users\aspen\Desktop\CMPU395\CMPU-395-Project\data\streetview_images\900840.0_702.jpg,True,
900840,,,,,,0,C:\Users\aspen\Desktop\CMPU395\CMPU-395-Project\data\streetview_images\900840.0_703.jpg,True,
900840,,,,,,0,C:\Users\aspen\Desktop\CMPU395\CMPU-395-Project\data\streetview_images\900840.0_704.jpg,True,
900840,,,,,,0,C:\Users\aspen\Desktop\CMPU395\CMPU-395-Project\data\streetview_images\900840.0_705.jpg,True,
900840,,,,,,0,C:\Users\aspen\Desktop\CMPU395\CMPU-395-Project\data\streetview_images\900840.0_706.jpg,True,
900840,,,,,,0,C:\Users\aspen\Desktop\CMPU395\CMPU-395-Project\data\streetview_images\900840.0_707.jpg,True,
900840,,,,,,0,C:\Users\aspen\Desktop\CMPU395\CMPU-395-Project\data\streetview_images\900840.0_708.jpg,True,
900840,,,,,,0,C:\Users\aspen\Desktop\CMPU395\CMPU-395-Project\data\streetview_images\900840.0_709.jpg,True,
900840,,,,,,0,C:\Users\aspen\Desktop\CMPU395\CMPU-395-Project\data\streetview_images\900840.0_710.jpg,True,
900840,,,,,,0,C:\Users\aspen\Desktop\CMPU395\CMPU-395-Project\data\streetview_images\900840.0_711.jpg,True,
900840,,,,,,0,C:\Users\aspen\Desktop\CMPU395\CMPU-395-Project\data\streetview_images\900840.0_712.jpg,True,
901500,,,,,,0,C:\Users\aspen\Desktop\CMPU395\CMPU-395-Project\data\streetview_images\901500.0_713.jpg,True,
901500,,,,,,0,C:\Users\aspen\Desktop\CMPU395\CMPU-395-Project\data\streetview_images\901500.0_714.jpg,True,
901500,,,,,,0,C:\Users\aspen\Desktop\CMPU395\CMPU-395-Project\data\streetview_images\901500.0_715.jpg,True,
901500,,,,,,0,C:\Users\aspen\Desktop\CMPU395\CMPU-395-Project\data\streetview_images\901500.0_716.jpg,True,
901500,,,,,,0,C:\Users\aspen\Desktop\CMPU395\CMPU-395-Project\data\streetview_images\901500.0_717.jpg,True,
901500,,,,,,0,C:\Users\aspen\Desktop\CMPU395\CMPU-395-Project\data\streetview_images\901500.0_718.jpg,True,
901500,,,,,,0,C:\Users\aspen\Desktop\CMPU395\CMPU-395-Project\data\streetview_images\901500.0_719.jpg,True,
901500,,,,,,0,C:\Users\aspen\Desktop\CMPU395\CMPU-395-Project\data\streetview_images\901500.0_720.jpg,True,
901500,,,,,,0,C:\Users\aspen\Desktop\CMPU395\CMPU-395-Project\data\streetview_images\901500.0_721.jpg,True,
901500,,,,,,0,C:\Users\aspen\Desktop\CMPU395\CMPU-395-Project\data\streetview_images\901500.0_722.jpg,True,
901500,,,,,,0,C:\Users\aspen\Desktop\CMPU395\CMPU-395-Project\data\streetview_images\901500.0_723.jpg,True,
901500,,,,,,0,C:\Users\aspen\Desktop\CMPU395\CMPU-395-Project\data\streetview_images\901500.0_724.jpg,True,
901500,,,,,,0,C:\Users\aspen\Desktop\CMPU395\CMPU-395-Project\data\streetview_images\901500.0_725.jpg,True,
901500,,,,,,0,C:\Users\aspen\Desktop\CMPU395\CMPU-395-Project\data\streetview_images\901500.0_726.jpg,True,
901500,,,,,,0,C:\Users\aspen\Desktop\CMPU395\CMPU-395-Project\data\streetview_images\901500.0_727.jpg,True,
901500,,,,,,0,C:\Users\aspen\Desktop\CMPU395\CMPU-395-Project\data\streetview_images\901500.0_728.jpg,True,
901500,,,,,,0,C:\Users\aspen\Desktop\CMPU395\CMPU-395-Project\data\streetview_images\901500.0_729.jpg,True,
901500,,,,,,0,C:\Users\aspen\Desktop\CMPU395\CMPU-395-Project\data\streetview_images\901500.0_730.jpg,True,
901500,,,,,,0,C:\Users\aspen\Desktop\CMPU395\CMPU-395-Project\data\streetview_images\901500.0_731.jpg,True,
901500,,,,,,0,C:\Users\aspen\Desktop\CMPU395\CMPU-395-Project\data\streetview_images\901500.0_732.jpg,True,
901500,,,,,,0,C:\Users\aspen\Desktop\CMPU395\CMPU-395-Project\data\streetview_images\901500.0_733.jpg,True,
901500,,,,,,0,C:\Users\aspen\Desktop\CMPU395\CMPU-395-Project\data\streetview_images\901500.0_734.jpg,True,
901500,,,,,,0,C:\Users\aspen\Desktop\CMPU395\CMPU-395-Project\data\streetview_images\901500.0_735.jpg,True,
901500,,,,,,0,C:\Users\aspen\Desktop\CMPU395\CMPU-395-Project\data\streetview_images\901500.0_736.jpg,True,
901500,,,,,,0,C:\Users\aspen\Desktop\CMPU395\CMPU-395-Project\data\streetview_images\901500.0_737.jpg,True,
901500,,,,,,0,C:\Users\aspen\Desktop\CMPU395\CMPU-395-Project\data\streetview_images\901500.0_738.jpg,True,
901500,,,,,,0,C:\Users\aspen\Desktop\CMPU395\CMPU-395-Project\data\streetview_images\901500.0_739.jpg,True,
901500,,,,,,0,C:\Users\aspen\Desktop\CMPU395\CMPU-395-Project\data\streetview_images\901500.0_740.jpg,True,
901500,,,,,,0,C:\Users\aspen\Desktop\CMPU395\CMPU-395-Project\data\streetview_images\901500.0_741.jpg,True,
901500,,,,,,0,C:\Users\aspen\Desktop\CMPU395\CMPU-395-Project\data\streetview_images\901500.0_742.jpg,True,
901500,,,,,,0,C:\Users\aspen\Desktop\CMPU395\CMPU-395-Project\data\streetview_images\901500.0_743.jpg,True,
901500,,,,,,0,C:\Users\aspen\Desktop\CMPU395\CMPU-395-Project\data\streetview_images\901500.0_744.jpg,True,
901500,,,,,,0,C:\Users\aspen\Desktop\CMPU395\CMPU-395-Project\data\streetview_images\901500.0_745.jpg,True,
901500,,,,,,0,C:\Users\aspen\Desktop\CMPU395\CMPU-395-Project\data\streetview_images\901500.0_746.jpg,True,
901500,,,,,,0,C:\Users\aspen\Desktop\CMPU395\CMPU-395-Project\data\streetview_images\901500.0_747.jpg,True,
901500,,,,,,0,C:\Users\aspen\Desktop\CMPU395\CMPU-395-Project\data\streetview_images\901500.0_748.jpg,True,
