district_id,district_name,stateabb,query_lat,query_lon,status,pano_id,pano_lat,pano_lon,reason,source
2725050,Onamia Public School District,MN,45.9832715,-93.93004193235296,API_ERROR,,,,API_ERROR,new_query
2725050,Onamia Public School District,MN,46.20909826488571,-93.55645758679744,API_ERROR,,,,API_ERROR,new_query
2725050,Onamia Public School District,MN,45.908157798332496,-93.60938334545945,API_ERROR,,,,API_ERROR,new_query
2725050,Onamia Public School District,MN,46.271277797629295,-93.84672814699341,API_ERROR,,,,API_ERROR,new_query
2725050,Onamia Public School District,MN,46.0780365,-93.7399238,API_ERROR,,,,API_ERROR,new_query
2725050,Onamia Public School District,MN,46.144365,-93.9319783,API_ERROR,,,,API_ERROR,new_query
2725050,Onamia Public School District,MN,46.225386805487666,-93.70856598516468,API_ERROR,,,,API_ERROR,new_query
2725050,Onamia Public School District,MN,45.942279,-93.76449002375833,API_ERROR,,,,API_ERROR,new_query
2725050,Onamia Public School District,MN,46.08450421225258,-93.60189176590274,API_ERROR,,,,API_ERROR,new_query
2725050,Onamia Public School District,MN,46.1537785,-93.82287260000001,API_ERROR,,,,API_ERROR,new_query
2725050,Onamia Public School District,MN,46.035052191333484,-93.83010121195682,API_ERROR,,,,API_ERROR,new_query
2725050,Onamia Public School District,MN,45.98543897388796,-93.67714844625853,API_ERROR,,,,API_ERROR,new_query
2725050,Onamia Public School District,MN,45.99585421937425,-93.56676342114321,API_ERROR,,,,API_ERROR,new_query
2725050,Onamia Public School District,MN,46.06595281571476,-93.95130776889592,API_ERROR,,,,API_ERROR,new_query
2725050,Onamia Public School District,MN,46.15639433711189,-93.67610756657605,API_ERROR,,,,API_ERROR,new_query
2725050,Onamia Public School District,MN,46.23562075163238,-93.6345928146385,API_ERROR,,,,API_ERROR,new_query
2725050,Onamia Public School District,MN,46.2295205,-93.78139820000001,API_ERROR,,,,API_ERROR,new_query
2725050,Onamia Public School District,MN,46.15252441550126,-93.74836005309066,API_ERROR,,,,API_ERROR,new_query
2725050,Onamia Public School District,MN,45.973021,-93.85288319611854,API_ERROR,,,,API_ERROR,new_query
2725050,Onamia Public School District,MN,46.002294500000005,-93.7399238,API_ERROR,,,,API_ERROR,new_query
2725050,Onamia Public School District,MN,46.22381870568306,-93.88921131098445,API_ERROR,,,,API_ERROR,new_query
2725050,Onamia Public School District,MN,46.09563420291498,-93.89126225577971,API_ERROR,,,,API_ERROR,new_query
2725050,Onamia Public School District,MN,46.14927904923985,-93.56179435640392,API_ERROR,,,,API_ERROR,new_query
2725050,Onamia Public School District,MN,46.17432445644362,-93.6209331942401,API_ERROR,,,,API_ERROR,new_query
2725050,Onamia Public School District,MN,46.040994778037536,-93.66719600907581,API_ERROR,,,,API_ERROR,new_query
2725050,Onamia Public School District,MN,46.03957255439534,-93.89616701816972,API_ERROR,,,,API_ERROR,new_query
2725050,Onamia Public School District,MN,45.96740621988748,-93.61531908926483,API_ERROR,,,,API_ERROR,new_query
2725050,Onamia Public School District,MN,45.940427670223,-93.70506220004643,API_ERROR,,,,API_ERROR,new_query
2725050,Onamia Public School District,MN,46.15765522637017,-93.8741451073127,API_ERROR,,,,API_ERROR,new_query
2725050,Onamia Public School District,MN,46.10988667135815,-93.69713057614973,API_ERROR,,,,API_ERROR,new_query
2725050,Onamia Public School District,MN,45.9842111277468,-93.80372416534206,API_ERROR,,,,API_ERROR,new_query
2725050,Onamia Public School District,MN,46.1159075,-93.78139820000001,API_ERROR,,,,API_ERROR,new_query
2725050,Onamia Public School District,MN,46.0401655,-93.78139820000001,API_ERROR,,,,API_ERROR,new_query
2725050,Onamia Public School District,MN,46.07926919523762,-93.83791709929045,API_ERROR,,,,API_ERROR,new_query
2725050,Onamia Public School District,MN,46.03793253982414,-93.62357321575483,API_ERROR,,,,API_ERROR,new_query
2725050,Onamia Public School District,MN,46.13384990158525,-93.60486398184935,API_ERROR,,,,API_ERROR,new_query
2725050,Onamia Public School District,MN,46.024550896322644,-93.94282680825,API_ERROR,,,,API_ERROR,new_query
2725050,Onamia Public School District,MN,46.18238022508327,-93.91414665486424,API_ERROR,,,,API_ERROR,new_query
2725050,Onamia Public School District,MN,45.93604221714176,-93.66372114934663,API_ERROR,,,,API_ERROR,new_query
2725050,Onamia Public School District,MN,46.2295205,-93.82287260000001,API_ERROR,,,,API_ERROR,new_query
2725050,Onamia Public School District,MN,46.19535931088793,-93.85924486841658,API_ERROR,,,,API_ERROR,new_query
2725050,Onamia Public School District,MN,46.1916495,-93.7399238,API_ERROR,,,,API_ERROR,new_query
2725050,Onamia Public School District,MN,46.0730986545074,-93.64258575321415,API_ERROR,,,,API_ERROR,new_query
2725050,Onamia Public School District,MN,46.033049359936264,-93.71509991254395,API_ERROR,,,,API_ERROR,new_query
2725050,Onamia Public School District,MN,46.0337462172085,-93.57082513815375,API_ERROR,,,,API_ERROR,new_query
2725050,Onamia Public School District,MN,46.1159075,-93.82287260000001,API_ERROR,,,,API_ERROR,new_query
2725050,Onamia Public School District,MN,46.1916495,-93.78139820000001,API_ERROR,,,,API_ERROR,new_query
2725050,Onamia Public School District,MN,46.0780365,-93.78139820000001,API_ERROR,,,,API_ERROR,new_query
2725050,Onamia Public School District,MN,46.1159075,-93.7399238,API_ERROR,,,,API_ERROR,new_query
2725050,Onamia Public School District,MN,46.13458121373497,-93.64559742841652,API_ERROR,,,,API_ERROR,new_query
2725050,Onamia Public School District,MN,46.1916495,-93.82287260000001,API_ERROR,,,,API_ERROR,new_query
2725050,Onamia Public School District,MN,46.223026355181176,-93.66889018920784,API_ERROR,,,,API_ERROR,new_query
2725050,Onamia Public School District,MN,46.1018640086876,-93.94815307509624,API_ERROR,,,,API_ERROR,new_query
2725050,Onamia Public School District,MN,46.07441784487697,-93.70138871239696,API_ERROR,,,,API_ERROR,new_query
2725050,Onamia Public School District,MN,46.114405631630454,-93.56832697255729,API_ERROR,,,,API_ERROR,new_query
2725050,Onamia Public School District,MN,46.19291610198699,-93.69750173924656,API_ERROR,,,,API_ERROR,new_query
2725050,Onamia Public School District,MN,46.1159075,-93.86434700000001,API_ERROR,,,,API_ERROR,new_query
2725050,Onamia Public School District,MN,46.07518549971344,-93.91952718196674,API_ERROR,,,,API_ERROR,new_query
2725050,Onamia Public School District,MN,45.9644235,-93.7399238,API_ERROR,,,,API_ERROR,new_query
2725050,Onamia Public School District,MN,46.1537785,-93.78139820000001,API_ERROR,,,,API_ERROR,new_query
2725050,Onamia Public School District,MN,46.0401655,-93.86434700000001,API_ERROR,,,,API_ERROR,new_query
2725050,Onamia Public School District,MN,46.17715524510131,-93.58924737630943,API_ERROR,,,,API_ERROR,new_query
2725050,Onamia Public School District,MN,46.002294500000005,-93.86434700000001,API_ERROR,,,,API_ERROR,new_query
2725050,Onamia Public School District,MN,46.002294500000005,-93.90582140000001,API_ERROR,,,,API_ERROR,new_query
2725050,Onamia Public School District,MN,46.18285902519011,-93.6606196017007,API_ERROR,,,,API_ERROR,new_query
2725050,Onamia Public School District,MN,46.0152671583758,-93.80797010300894,API_ERROR,,,,API_ERROR,new_query
2725050,Onamia Public School District,MN,45.96927596984011,-93.71065104114656,API_ERROR,,,,API_ERROR,new_query
2725050,Onamia Public School District,MN,45.988844466824304,-93.77507858159383,API_ERROR,,,,API_ERROR,new_query
2725050,Onamia Public School District,MN,46.03452263803192,-93.75390675456504,API_ERROR,,,,API_ERROR,new_query
2725050,Onamia Public School District,MN,46.1537785,-93.90582140000001,API_ERROR,,,,API_ERROR,new_query
2725050,Onamia Public School District,MN,46.00509822047744,-93.6962717073206,API_ERROR,,,,API_ERROR,new_query
2725050,Onamia Public School District,MN,45.99386213006272,-93.83602016601873,API_ERROR,,,,API_ERROR,new_query
2725050,Onamia Public School District,MN,46.07247672948729,-93.80734360140025,API_ERROR,,,,API_ERROR,new_query
2725050,Onamia Public School District,MN,46.172104578345945,-93.84655819693165,API_ERROR,,,,API_ERROR,new_query
2725050,Onamia Public School District,MN,46.0780365,-93.86434700000001,API_ERROR,,,,API_ERROR,new_query
2725050,Onamia Public School District,MN,46.11548858795603,-93.62375074202711,API_ERROR,,,,API_ERROR,new_query
2725050,Onamia Public School District,MN,46.24864,-93.79948876961102,API_ERROR,,,,API_ERROR,new_query
2725050,Onamia Public School District,MN,46.015824659546205,-93.63785014375487,API_ERROR,,,,API_ERROR,new_query
2725050,Onamia Public School District,MN,45.96649944040884,-93.65968758456208,API_ERROR,,,,API_ERROR,new_query
2725050,Onamia Public School District,MN,46.2295205,-93.86434700000001,API_ERROR,,,,API_ERROR,new_query
2725050,Onamia Public School District,MN,45.94690000313992,-93.62978820063172,API_ERROR,,,,API_ERROR,new_query
2725050,Onamia Public School District,MN,46.1159075,-93.90582140000001,API_ERROR,,,,API_ERROR,new_query
2725050,Onamia Public School District,MN,46.07118680091333,-93.8905693494208,API_ERROR,,,,API_ERROR,new_query
2725050,Onamia Public School District,MN,46.2673915,-93.82287260000001,API_ERROR,,,,API_ERROR,new_query
2725050,Onamia Public School District,MN,46.11130747635101,-93.5981971523591,API_ERROR,,,,API_ERROR,new_query
2725050,Onamia Public School District,MN,46.19455154516749,-93.60434381649658,API_ERROR,,,,API_ERROR,new_query
2725050,Onamia Public School District,MN,46.002294500000005,-93.9472958,API_ERROR,,,,API_ERROR,new_query
2725050,Onamia Public School District,MN,46.12875343688688,-93.75855596063587,API_ERROR,,,,API_ERROR,new_query
2725050,Onamia Public School District,MN,46.04836016398715,-93.69848540276725,API_ERROR,,,,API_ERROR,new_query
2725050,Onamia Public School District,MN,46.170836549413366,-93.76660491721319,API_ERROR,,,,API_ERROR,new_query
2725050,Onamia Public School District,MN,46.043548792967094,-93.93075311873075,API_ERROR,,,,API_ERROR,new_query
2725050,Onamia Public School District,MN,46.24258850176879,-93.69413484431185,API_ERROR,,,,API_ERROR,new_query
2725050,Onamia Public School District,MN,45.941976000000004,-93.7399238,API_ERROR,,,,API_ERROR,new_query
2725050,Onamia Public School District,MN,46.12435386188749,-93.80211424483637,API_ERROR,,,,API_ERROR,new_query
2725050,Onamia Public School District,MN,46.0210461411123,-93.68061086208547,API_ERROR,,,,API_ERROR,new_query
2725050,Onamia Public School District,MN,46.01932033269037,-93.7753181768498,API_ERROR,,,,API_ERROR,new_query
2725050,Onamia Public School District,MN,46.16749944178477,-93.79813518903941,API_ERROR,,,,API_ERROR,new_query
2725050,Onamia Public School District,MN,46.05647091945597,-93.8277865625948,API_ERROR,,,,API_ERROR,new_query
2725050,Onamia Public School District,MN,46.176490371584094,-93.8840057055549,API_ERROR,,,,API_ERROR,new_query
2725050,Onamia Public School District,MN,46.151229625665614,-93.84313025457548,API_ERROR,,,,API_ERROR,new_query
2725050,Onamia Public School District,MN,46.225442191599846,-93.72891224220865,API_ERROR,,,,API_ERROR,new_query
2725050,Onamia Public School District,MN,46.07023558773496,-93.72109998186076,API_ERROR,,,,API_ERROR,new_query
2725050,Onamia Public School District,MN,45.983082499999995,-93.90127984999958,API_ERROR,,,,API_ERROR,new_query
2725050,Onamia Public School District,MN,46.032407137095255,-93.64829734041285,API_ERROR,,,,API_ERROR,new_query
2725050,Onamia Public School District,MN,46.05522259992632,-93.76961721480549,API_ERROR,,,,API_ERROR,new_query
2725050,Onamia Public School District,MN,45.97970502649035,-93.7285525863222,API_ERROR,,,,API_ERROR,new_query
2725050,Onamia Public School District,MN,46.06325595876357,-93.6862816142633,API_ERROR,,,,API_ERROR,new_query
2725050,Onamia Public School District,MN,46.06122692977782,-93.74735556406169,API_ERROR,,,,API_ERROR,new_query
2725050,Onamia Public School District,MN,46.15089831571331,-93.63751162079616,API_ERROR,,,,API_ERROR,new_query
2725050,Onamia Public School District,MN,46.2673915,-93.86434700000001,API_ERROR,,,,API_ERROR,new_query
2725050,Onamia Public School District,MN,45.960263499999996,-93.76439675,API_ERROR,,,,API_ERROR,new_query
2725050,Onamia Public School District,MN,46.11095774582003,-93.76033835450949,API_ERROR,,,,API_ERROR,new_query
2725050,Onamia Public School District,MN,46.17400464354288,-93.74091736314651,API_ERROR,,,,API_ERROR,new_query
2725050,Onamia Public School District,MN,46.05291401387533,-93.8847698827114,API_ERROR,,,,API_ERROR,new_query
2725050,Onamia Public School District,MN,46.2361234530791,-93.61718777024412,API_ERROR,,,,API_ERROR,new_query
2725050,Onamia Public School District,MN,46.18713594999785,-93.76051851963962,API_ERROR,,,,API_ERROR,new_query
2725050,Onamia Public School District,MN,46.089522286005305,-93.93648040964003,API_ERROR,,,,API_ERROR,new_query
2725050,Onamia Public School District,MN,46.01523997116011,-93.85342115922663,API_ERROR,,,,API_ERROR,new_query
2725050,Onamia Public School District,MN,46.00227692202336,-93.67979993261288,API_ERROR,,,,API_ERROR,new_query
2725050,Onamia Public School District,MN,46.17991003062113,-93.8114787282125,API_ERROR,,,,API_ERROR,new_query
2725050,Onamia Public School District,MN,46.0401655,-93.9472958,API_ERROR,,,,API_ERROR,new_query
2725050,Onamia Public School District,MN,46.146291449306275,-93.88565251614693,API_ERROR,,,,API_ERROR,new_query
2725050,Onamia Public School District,MN,45.975544614091845,-93.83711165632741,API_ERROR,,,,API_ERROR,new_query
2725050,Onamia Public School District,MN,46.089901759139195,-93.58706307945003,API_ERROR,,,,API_ERROR,new_query
2725050,Onamia Public School District,MN,45.977629122125464,-93.7485087419761,API_ERROR,,,,API_ERROR,new_query
2725050,Onamia Public School District,MN,46.002294500000005,-93.82287260000001,API_ERROR,,,,API_ERROR,new_query
2725050,Onamia Public School District,MN,46.072690139380505,-93.82398689527156,API_ERROR,,,,API_ERROR,new_query
2725050,Onamia Public School District,MN,46.058136863502156,-93.92617715467954,API_ERROR,,,,API_ERROR,new_query
2725050,Onamia Public School District,MN,46.0401655,-93.7399238,API_ERROR,,,,API_ERROR,new_query
2725050,Onamia Public School District,MN,46.163904107389435,-93.58247246047489,API_ERROR,,,,API_ERROR,new_query
2725050,Onamia Public School District,MN,46.002294500000005,-93.78139820000001,API_ERROR,,,,API_ERROR,new_query
2725050,Onamia Public School District,MN,46.081802798538824,-93.76715672567877,API_ERROR,,,,API_ERROR,new_query
2725050,Onamia Public School District,MN,46.17167303006391,-93.86980486276813,API_ERROR,,,,API_ERROR,new_query
2725050,Onamia Public School District,MN,46.129414289622645,-93.91024304335271,API_ERROR,,,,API_ERROR,new_query
2725050,Onamia Public School District,MN,46.133503518617445,-93.79126622616317,API_ERROR,,,,API_ERROR,new_query
2725050,Onamia Public School District,MN,46.172255189140714,-93.60250139642073,API_ERROR,,,,API_ERROR,new_query
2725050,Onamia Public School District,MN,46.021070427478605,-93.7580413905465,API_ERROR,,,,API_ERROR,new_query
2725050,Onamia Public School District,MN,46.1159075,-93.9472958,API_ERROR,,,,API_ERROR,new_query
2725050,Onamia Public School District,MN,46.023910302032604,-93.78857614446349,API_ERROR,,,,API_ERROR,new_query
2725050,Onamia Public School District,MN,46.0780365,-93.90582140000001,API_ERROR,,,,API_ERROR,new_query
2725050,Onamia Public School District,MN,46.13097343394557,-93.93424754430264,API_ERROR,,,,API_ERROR,new_query
2725050,Onamia Public School District,MN,45.996470096852434,-93.91797965350148,API_ERROR,,,,API_ERROR,new_query
2725050,Onamia Public School District,MN,46.12090271965105,-93.87675424041817,API_ERROR,,,,API_ERROR,new_query
2725050,Onamia Public School District,MN,46.0409755796584,-93.87752312466381,API_ERROR,,,,API_ERROR,new_query
2725050,Onamia Public School District,MN,46.2196632121812,-93.8141060745104,API_ERROR,,,,API_ERROR,new_query
2725050,Onamia Public School District,MN,45.95461353116044,-93.73122529269317,API_ERROR,,,,API_ERROR,new_query
2725050,Onamia Public School District,MN,46.01485825372023,-93.90357413724682,API_ERROR,,,,API_ERROR,new_query
2725050,Onamia Public School District,MN,46.0780365,-93.9472958,API_ERROR,,,,API_ERROR,new_query
2725050,Onamia Public School District,MN,46.10445001226633,-93.5875364639783,API_ERROR,,,,API_ERROR,new_query
2725050,Onamia Public School District,MN,45.98738207179217,-93.74056643620013,API_ERROR,,,,API_ERROR,new_query
4213020,Lake-Lehman SD,PA,41.2334665,-76.21978545,API_ERROR,,,,API_ERROR,new_query
4213020,Lake-Lehman SD,PA,41.28862545737176,-75.95066511978153,API_ERROR,,,,API_ERROR,new_query
4213020,Lake-Lehman SD,PA,41.46108884306292,-76.09238424854586,API_ERROR,,,,API_ERROR,new_query
4213020,Lake-Lehman SD,PA,41.37759398307476,-76.23234721620435,API_ERROR,,,,API_ERROR,new_query
4213020,Lake-Lehman SD,PA,41.31938727704776,-76.08758158088274,API_ERROR,,,,API_ERROR,new_query
4213020,Lake-Lehman SD,PA,41.39821183052161,-76.14922720873768,API_ERROR,,,,API_ERROR,new_query
4213020,Lake-Lehman SD,PA,41.30474522404759,-76.17450937331046,API_ERROR,,,,API_ERROR,new_query
4213020,Lake-Lehman SD,PA,41.2616915,-76.02817223928571,API_ERROR,,,,API_ERROR,new_query
4213020,Lake-Lehman SD,PA,41.37142412891654,-76.02496884248377,API_ERROR,,,,API_ERROR,new_query
4213020,Lake-Lehman SD,PA,41.38864321030715,-76.08474109493436,API_ERROR,,,,API_ERROR,new_query
4213020,Lake-Lehman SD,PA,41.32680981126894,-75.99084306059068,API_ERROR,,,,API_ERROR,new_query
4213020,Lake-Lehman SD,PA,41.264309069317434,-76.08997456220305,API_ERROR,,,,API_ERROR,new_query
4213020,Lake-Lehman SD,PA,41.26053675359565,-76.14632339886157,API_ERROR,,,,API_ERROR,new_query
4213020,Lake-Lehman SD,PA,41.328456931173285,-76.2199672210191,API_ERROR,,,,API_ERROR,new_query
4213020,Lake-Lehman SD,PA,41.31791903581891,-76.03858155330488,API_ERROR,,,,API_ERROR,new_query
4213020,Lake-Lehman SD,PA,41.355592849999994,-76.1698415,API_ERROR,,,,API_ERROR,new_query
4213020,Lake-Lehman SD,PA,41.3595523408178,-76.11887111580839,API_ERROR,,,,API_ERROR,new_query
4213020,Lake-Lehman SD,PA,41.27961118963932,-76.2090819298463,API_ERROR,,,,API_ERROR,new_query
4213020,Lake-Lehman SD,PA,41.30485392554999,-76.12638981869138,API_ERROR,,,,API_ERROR,new_query
4213020,Lake-Lehman SD,PA,41.43618290026402,-76.1337215370227,API_ERROR,,,,API_ERROR,new_query
4213020,Lake-Lehman SD,PA,41.28082918966314,-75.99087360010712,API_ERROR,,,,API_ERROR,new_query
4213020,Lake-Lehman SD,PA,41.40888505626063,-76.05032146860599,API_ERROR,,,,API_ERROR,new_query
4213020,Lake-Lehman SD,PA,41.2356685,-76.1823019,API_ERROR,,,,API_ERROR,new_query
4213020,Lake-Lehman SD,PA,41.28826564013132,-76.06002162221316,API_ERROR,,,,API_ERROR,new_query
4213020,Lake-Lehman SD,PA,41.359823799107154,-76.06283968138762,API_ERROR,,,,API_ERROR,new_query
4213020,Lake-Lehman SD,PA,41.42580343167725,-76.085666494188,API_ERROR,,,,API_ERROR,new_query
4213020,Lake-Lehman SD,PA,41.37727872506983,-76.19505598887235,API_ERROR,,,,API_ERROR,new_query
4213020,Lake-Lehman SD,PA,41.33739518847626,-76.14061665448426,API_ERROR,,,,API_ERROR,new_query
4213020,Lake-Lehman SD,PA,41.39812404241462,-76.11415475448125,API_ERROR,,,,API_ERROR,new_query
4213020,Lake-Lehman SD,PA,41.34640281522806,-76.01093648617861,API_ERROR,,,,API_ERROR,new_query
4213020,Lake-Lehman SD,PA,41.44482184953575,-76.0652781913697,API_ERROR,,,,API_ERROR,new_query
4213020,Lake-Lehman SD,PA,41.34650946753633,-76.03856363988727,API_ERROR,,,,API_ERROR,new_query
4213020,Lake-Lehman SD,PA,41.28127470946763,-76.11257856421567,API_ERROR,,,,API_ERROR,new_query
4213020,Lake-Lehman SD,PA,41.26258731761678,-76.18298706691857,API_ERROR,,,,API_ERROR,new_query
4213020,Lake-Lehman SD,PA,41.4245678,-76.15772871350504,API_ERROR,,,,API_ERROR,new_query
4213020,Lake-Lehman SD,PA,41.37135912800732,-76.14908857209677,API_ERROR,,,,API_ERROR,new_query
4213020,Lake-Lehman SD,PA,41.304707630738214,-76.00447479737423,API_ERROR,,,,API_ERROR,new_query
4213020,Lake-Lehman SD,PA,41.356922496538516,-76.2168549034827,API_ERROR,,,,API_ERROR,new_query
4213020,Lake-Lehman SD,PA,41.32986615,-76.1698415,API_ERROR,,,,API_ERROR,new_query
4213020,Lake-Lehman SD,PA,41.304139449999994,-76.2020301,API_ERROR,,,,API_ERROR,new_query
4213020,Lake-Lehman SD,PA,41.29604164451496,-76.03000913781979,API_ERROR,,,,API_ERROR,new_query
4213020,Lake-Lehman SD,PA,41.33040011876532,-76.19767296898263,API_ERROR,,,,API_ERROR,new_query
4213020,Lake-Lehman SD,PA,41.33746214404887,-76.06341576940252,API_ERROR,,,,API_ERROR,new_query
4213020,Lake-Lehman SD,PA,41.33114340566135,-76.11934607063681,API_ERROR,,,,API_ERROR,new_query
4213020,Lake-Lehman SD,PA,41.40704624999999,-76.0732757,API_ERROR,,,,API_ERROR,new_query
4213020,Lake-Lehman SD,PA,41.252686049999994,-76.2020301,API_ERROR,,,,API_ERROR,new_query
4213020,Lake-Lehman SD,PA,41.43277295,-76.10546430000001,API_ERROR,,,,API_ERROR,new_query
4213020,Lake-Lehman SD,PA,41.304139449999994,-76.10546430000001,API_ERROR,,,,API_ERROR,new_query
4213020,Lake-Lehman SD,PA,41.27841275,-76.0410871,API_ERROR,,,,API_ERROR,new_query
4213020,Lake-Lehman SD,PA,41.283377667569205,-76.08180363208788,API_ERROR,,,,API_ERROR,new_query
4213020,Lake-Lehman SD,PA,41.304139449999994,-76.0732757,API_ERROR,,,,API_ERROR,new_query
4213020,Lake-Lehman SD,PA,41.27841275,-76.1698415,API_ERROR,,,,API_ERROR,new_query
4213020,Lake-Lehman SD,PA,41.252686049999994,-76.0732757,API_ERROR,,,,API_ERROR,new_query
4213020,Lake-Lehman SD,PA,41.350753132675486,-76.18946086910502,API_ERROR,,,,API_ERROR,new_query
4213020,Lake-Lehman SD,PA,41.28367848572984,-76.0144307356112,API_ERROR,,,,API_ERROR,new_query
4213020,Lake-Lehman SD,PA,41.27841275,-76.1376529,API_ERROR,,,,API_ERROR,new_query
4213020,Lake-Lehman SD,PA,41.32704739775582,-76.01497599224771,API_ERROR,,,,API_ERROR,new_query
4213020,Lake-Lehman SD,PA,41.37455447506111,-76.1752289211691,API_ERROR,,,,API_ERROR,new_query
4213020,Lake-Lehman SD,PA,41.306231487592505,-76.14602382711549,API_ERROR,,,,API_ERROR,new_query
4213020,Lake-Lehman SD,PA,41.30182708323937,-75.98567334093497,API_ERROR,,,,API_ERROR,new_query
4213020,Lake-Lehman SD,PA,41.38131955,-76.10546430000001,API_ERROR,,,,API_ERROR,new_query
4213020,Lake-Lehman SD,PA,41.22695935,-76.2020301,API_ERROR,,,,API_ERROR,new_query
4213020,Lake-Lehman SD,PA,41.355592849999994,-76.1376529,API_ERROR,,,,API_ERROR,new_query
4213020,Lake-Lehman SD,PA,41.35978832945783,-76.23681395307689,API_ERROR,,,,API_ERROR,new_query
4213020,Lake-Lehman SD,PA,41.38503148622342,-76.12684052561106,API_ERROR,,,,API_ERROR,new_query
4213020,Lake-Lehman SD,PA,41.46558101958024,-76.07493017990873,API_ERROR,,,,API_ERROR,new_query
4213020,Lake-Lehman SD,PA,41.254436,-76.21964495,API_ERROR,,,,API_ERROR,new_query
4213020,Lake-Lehman SD,PA,41.37239303755557,-76.07868199139575,API_ERROR,,,,API_ERROR,new_query
4213020,Lake-Lehman SD,PA,41.317119726484236,-76.18638394723682,API_ERROR,,,,API_ERROR,new_query
4213020,Lake-Lehman SD,PA,41.252686049999994,-76.1698415,API_ERROR,,,,API_ERROR,new_query
4213020,Lake-Lehman SD,PA,41.29439895255467,-76.21608235580614,API_ERROR,,,,API_ERROR,new_query
4213020,Lake-Lehman SD,PA,41.30183452852388,-75.95930677218686,API_ERROR,,,,API_ERROR,new_query
4213020,Lake-Lehman SD,PA,41.346263098053804,-76.22871903305602,API_ERROR,,,,API_ERROR,new_query
4213020,Lake-Lehman SD,PA,41.27284717439488,-76.19451843828612,API_ERROR,,,,API_ERROR,new_query
4213020,Lake-Lehman SD,PA,41.279398,-76.09733215136389,API_ERROR,,,,API_ERROR,new_query
4213020,Lake-Lehman SD,PA,41.41893656210294,-76.06381633524538,API_ERROR,,,,API_ERROR,new_query
4213020,Lake-Lehman SD,PA,41.25158777747556,-76.01690055412557,API_ERROR,,,,API_ERROR,new_query
4213020,Lake-Lehman SD,PA,41.301361146195156,-76.08802935162822,API_ERROR,,,,API_ERROR,new_query
4213020,Lake-Lehman SD,PA,41.36813867567363,-76.0504313988365,API_ERROR,,,,API_ERROR,new_query
4213020,Lake-Lehman SD,PA,41.318522170083654,-76.11172539556016,API_ERROR,,,,API_ERROR,new_query
4213020,Lake-Lehman SD,PA,41.326086766141955,-76.07270304427809,API_ERROR,,,,API_ERROR,new_query
4213020,Lake-Lehman SD,PA,41.3855355,-76.1564961,API_ERROR,,,,API_ERROR,new_query
4213020,Lake-Lehman SD,PA,41.40704624999999,-76.1376529,API_ERROR,,,,API_ERROR,new_query
4213020,Lake-Lehman SD,PA,41.26641862568984,-75.99286009756938,API_ERROR,,,,API_ERROR,new_query
4213020,Lake-Lehman SD,PA,41.30110314033817,-76.05318205122667,API_ERROR,,,,API_ERROR,new_query
4213020,Lake-Lehman SD,PA,41.28346061757979,-75.9641129944798,API_ERROR,,,,API_ERROR,new_query
4213020,Lake-Lehman SD,PA,41.43277295,-76.0732757,API_ERROR,,,,API_ERROR,new_query
4213020,Lake-Lehman SD,PA,41.355592849999994,-76.10546430000001,API_ERROR,,,,API_ERROR,new_query
4213020,Lake-Lehman SD,PA,41.43954568233046,-76.08782183472523,API_ERROR,,,,API_ERROR,new_query
4213020,Lake-Lehman SD,PA,41.355592849999994,-76.2020301,API_ERROR,,,,API_ERROR,new_query
4213020,Lake-Lehman SD,PA,41.32986615,-76.10546430000001,API_ERROR,,,,API_ERROR,new_query
4213020,Lake-Lehman SD,PA,41.36821248643786,-76.13668301613485,API_ERROR,,,,API_ERROR,new_query
4213020,Lake-Lehman SD,PA,41.27675969721965,-76.0548041208646,API_ERROR,,,,API_ERROR,new_query
4213020,Lake-Lehman SD,PA,41.40704624999999,-76.10546430000001,API_ERROR,,,,API_ERROR,new_query
4213020,Lake-Lehman SD,PA,41.36583442018955,-76.2259771067052,API_ERROR,,,,API_ERROR,new_query
4213020,Lake-Lehman SD,PA,41.2921034938921,-75.97802591438824,API_ERROR,,,,API_ERROR,new_query
4213020,Lake-Lehman SD,PA,41.279405331441566,-76.1498365484058,API_ERROR,,,,API_ERROR,new_query
4213020,Lake-Lehman SD,PA,41.222635693185765,-76.21414603472911,API_ERROR,,,,API_ERROR,new_query
4213020,Lake-Lehman SD,PA,41.32463753580518,-76.20845609268035,API_ERROR,,,,API_ERROR,new_query
4213020,Lake-Lehman SD,PA,41.33987255153103,-76.21629715713486,API_ERROR,,,,API_ERROR,new_query
4213020,Lake-Lehman SD,PA,41.310541169303065,-76.01469313594609,API_ERROR,,,,API_ERROR,new_query
4213020,Lake-Lehman SD,PA,41.357176550129054,-76.0742292620913,API_ERROR,,,,API_ERROR,new_query
4213020,Lake-Lehman SD,PA,41.31314661239301,-76.02794307641116,API_ERROR,,,,API_ERROR,new_query
4213020,Lake-Lehman SD,PA,41.38131955,-76.1376529,API_ERROR,,,,API_ERROR,new_query
4213020,Lake-Lehman SD,PA,41.27665305799586,-75.95493756945619,API_ERROR,,,,API_ERROR,new_query
4213020,Lake-Lehman SD,PA,41.24137958583185,-76.17059663452234,API_ERROR,,,,API_ERROR,new_query
4213020,Lake-Lehman SD,PA,41.29575172935659,-76.13311954738761,API_ERROR,,,,API_ERROR,new_query
4213020,Lake-Lehman SD,PA,41.4062325,-76.15715335,API_ERROR,,,,API_ERROR,new_query
4213020,Lake-Lehman SD,PA,41.39634869095837,-76.13411775757211,API_ERROR,,,,API_ERROR,new_query
4213020,Lake-Lehman SD,PA,41.406277044988975,-76.08446341569734,API_ERROR,,,,API_ERROR,new_query
4213020,Lake-Lehman SD,PA,41.32145442182555,-76.1248097209069,API_ERROR,,,,API_ERROR,new_query
4213020,Lake-Lehman SD,PA,41.42611829444529,-76.1376529,API_ERROR,,,,API_ERROR,new_query
4213020,Lake-Lehman SD,PA,41.2744705,-76.21855645000001,API_ERROR,,,,API_ERROR,new_query
4213020,Lake-Lehman SD,PA,41.38131955,-76.0732757,API_ERROR,,,,API_ERROR,new_query
4213020,Lake-Lehman SD,PA,41.273433073506936,-76.01522177767306,API_ERROR,,,,API_ERROR,new_query
4213020,Lake-Lehman SD,PA,41.38094443444026,-76.1155798427221,API_ERROR,,,,API_ERROR,new_query
4213020,Lake-Lehman SD,PA,41.29990207294063,-76.1658827224453,API_ERROR,,,,API_ERROR,new_query
4213020,Lake-Lehman SD,PA,41.27841275,-76.0732757,API_ERROR,,,,API_ERROR,new_query
4213020,Lake-Lehman SD,PA,41.45145015,-76.09109636971202,API_ERROR,,,,API_ERROR,new_query
4213020,Lake-Lehman SD,PA,41.377570561042,-76.16203427329468,API_ERROR,,,,API_ERROR,new_query
4213020,Lake-Lehman SD,PA,41.326774895277296,-76.18664073182283,API_ERROR,,,,API_ERROR,new_query
4213020,Lake-Lehman SD,PA,41.32111967428441,-76.00775780665012,API_ERROR,,,,API_ERROR,new_query
4213020,Lake-Lehman SD,PA,41.414848891708026,-76.16025751438708,API_ERROR,,,,API_ERROR,new_query
4213020,Lake-Lehman SD,PA,41.336104240578535,-76.12691263274125,API_ERROR,,,,API_ERROR,new_query
4213020,Lake-Lehman SD,PA,41.30999288697484,-75.98936268758365,API_ERROR,,,,API_ERROR,new_query
4213020,Lake-Lehman SD,PA,41.399488756431445,-76.0780451042703,API_ERROR,,,,API_ERROR,new_query
4213020,Lake-Lehman SD,PA,41.28518694280424,-76.13183729535896,API_ERROR,,,,API_ERROR,new_query
4213020,Lake-Lehman SD,PA,41.287463871033864,-76.06876484551343,API_ERROR,,,,API_ERROR,new_query
4213020,Lake-Lehman SD,PA,41.30116264065667,-75.9965506913278,API_ERROR,,,,API_ERROR,new_query
4213020,Lake-Lehman SD,PA,41.304139449999994,-76.1376529,API_ERROR,,,,API_ERROR,new_query
4213020,Lake-Lehman SD,PA,41.26995828339029,-76.13927582454933,API_ERROR,,,,API_ERROR,new_query
4213020,Lake-Lehman SD,PA,41.30720583064612,-76.11816029576116,API_ERROR,,,,API_ERROR,new_query
4213020,Lake-Lehman SD,PA,41.26993148386713,-76.08356514463885,API_ERROR,,,,API_ERROR,new_query
4213020,Lake-Lehman SD,PA,41.30199485635245,-76.21011936994631,API_ERROR,,,,API_ERROR,new_query
4213020,Lake-Lehman SD,PA,41.392489568667024,-76.12345912593666,API_ERROR,,,,API_ERROR,new_query
4213020,Lake-Lehman SD,PA,41.22961708709485,-76.18771134906903,API_ERROR,,,,API_ERROR,new_query
4213020,Lake-Lehman SD,PA,41.32986615,-76.1376529,API_ERROR,,,,API_ERROR,new_query
4213020,Lake-Lehman SD,PA,41.4658256464032,-76.08585060324967,API_ERROR,,,,API_ERROR,new_query
4213020,Lake-Lehman SD,PA,41.37505845929738,-76.13265821609453,API_ERROR,,,,API_ERROR,new_query
4213020,Lake-Lehman SD,PA,41.37355270909894,-76.2020301,API_ERROR,,,,API_ERROR,new_query
4213020,Lake-Lehman SD,PA,41.36506647369444,-76.06871651824268,API_ERROR,,,,API_ERROR,new_query
4213020,Lake-Lehman SD,PA,41.323463365507514,-76.079980029222,API_ERROR,,,,API_ERROR,new_query
4213020,Lake-Lehman SD,PA,41.41177542539428,-76.06663616825767,API_ERROR,,,,API_ERROR,new_query
4213020,Lake-Lehman SD,PA,41.28576268757088,-76.16854673679089,API_ERROR,,,,API_ERROR,new_query
4213020,Lake-Lehman SD,PA,41.37506954653276,-76.08561199268317,API_ERROR,,,,API_ERROR,new_query
4213020,Lake-Lehman SD,PA,41.405600792505844,-76.14969426729677,API_ERROR,,,,API_ERROR,new_query
4213020,Lake-Lehman SD,PA,41.35171154264321,-76.1116541686573,API_ERROR,,,,API_ERROR,new_query
4213020,Lake-Lehman SD,PA,41.45849964999999,-76.0732757,API_ERROR,,,,API_ERROR,new_query
4213020,Lake-Lehman SD,PA,41.367310078170945,-76.21887657289787,API_ERROR,,,,API_ERROR,new_query
4213020,Lake-Lehman SD,PA,41.27841275,-76.2020301,API_ERROR,,,,API_ERROR,new_query
1602550,Parma District,ID,43.681845849999995,-117.0223244,API_ERROR,,,,API_ERROR,new_query
1602550,Parma District,ID,43.78104165576521,-116.83159079166082,API_ERROR,,,,API_ERROR,new_query
1602550,Parma District,ID,43.86310605186262,-116.9999599386791,API_ERROR,,,,API_ERROR,new_query
1602550,Parma District,ID,43.76569541527603,-116.9479464109239,API_ERROR,,,,API_ERROR,new_query
1602550,Parma District,ID,43.78099234030868,-117.026063714896,API_ERROR,,,,API_ERROR,new_query
1602550,Parma District,ID,43.82893581848174,-116.9328630147489,API_ERROR,,,,API_ERROR,new_query
1602550,Parma District,ID,43.72704641165923,-116.89717641267374,API_ERROR,,,,API_ERROR,new_query
1602550,Parma District,ID,43.703770500000005,-116.96653045,API_ERROR,,,,API_ERROR,new_query
1602550,Parma District,ID,43.7868373534831,-116.89708866593223,API_ERROR,,,,API_ERROR,new_query
1602550,Parma District,ID,43.809620330632136,-116.98221739544606,API_ERROR,,,,API_ERROR,new_query
1602550,Parma District,ID,43.73700255608701,-117.01096918180549,API_ERROR,,,,API_ERROR,new_query
1602550,Parma District,ID,43.744755358726636,-116.85730505937855,API_ERROR,,,,API_ERROR,new_query
1602550,Parma District,ID,43.82800375,-117.0223244,API_ERROR,,,,API_ERROR,new_query
1602550,Parma District,ID,43.869763150000004,-116.9608028,API_ERROR,,,,API_ERROR,new_query
1602550,Parma District,ID,43.73064069869095,-116.9402956,API_ERROR,,,,API_ERROR,new_query
1602550,Parma District,ID,43.74123374145122,-116.97725022847219,API_ERROR,,,,API_ERROR,new_query
1602550,Parma District,ID,43.757053235529526,-116.91121256821054,API_ERROR,,,,API_ERROR,new_query
1602550,Parma District,ID,43.805728301853684,-116.87060304247969,API_ERROR,,,,API_ERROR,new_query
1602550,Parma District,ID,43.79738400099845,-116.94942651368672,API_ERROR,,,,API_ERROR,new_query
1602550,Parma District,ID,43.839856078879265,-116.96277718526913,API_ERROR,,,,API_ERROR,new_query
1602550,Parma District,ID,43.70272555,-117.0018172,API_ERROR,,,,API_ERROR,new_query
1602550,Parma District,ID,43.781105576170674,-116.99698813737281,API_ERROR,,,,API_ERROR,new_query
1602550,Parma District,ID,43.681845849999995,-116.98131000000001,API_ERROR,,,,API_ERROR,new_query
1602550,Parma District,ID,43.78329111114577,-116.92716570689353,API_ERROR,,,,API_ERROR,new_query
1602550,Parma District,ID,43.80712405,-116.9197884,API_ERROR,,,,API_ERROR,new_query
1602550,Parma District,ID,43.77053899951627,-116.87889574883359,API_ERROR,,,,API_ERROR,new_query
1602550,Parma District,ID,43.7713285654176,-116.971423101473,API_ERROR,,,,API_ERROR,new_query
1602550,Parma District,ID,43.763304069636035,-117.01183461463219,API_ERROR,,,,API_ERROR,new_query
1602550,Parma District,ID,43.71958407483698,-116.98389534917243,API_ERROR,,,,API_ERROR,new_query
1602550,Parma District,ID,43.71245102846681,-117.02190582946766,API_ERROR,,,,API_ERROR,new_query
1602550,Parma District,ID,43.854102531117995,-117.01978345431546,API_ERROR,,,,API_ERROR,new_query
1602550,Parma District,ID,43.73552283988875,-116.916707374508,API_ERROR,,,,API_ERROR,new_query
1602550,Parma District,ID,43.80712405,-117.0223244,API_ERROR,,,,API_ERROR,new_query
1602550,Parma District,ID,43.72360525,-116.9608028,API_ERROR,,,,API_ERROR,new_query
1602550,Parma District,ID,43.84888345,-116.98131000000001,API_ERROR,,,,API_ERROR,new_query
1602550,Parma District,ID,43.7478816393642,-116.89277709417553,API_ERROR,,,,API_ERROR,new_query
1602550,Parma District,ID,43.681845849999995,-117.0018172,API_ERROR,,,,API_ERROR,new_query
1602550,Parma District,ID,43.82800375,-117.0018172,API_ERROR,,,,API_ERROR,new_query
1602550,Parma District,ID,43.81636943847611,-116.95683185645964,API_ERROR,,,,API_ERROR,new_query
1602550,Parma District,ID,43.79079615084381,-116.97591550131907,API_ERROR,,,,API_ERROR,new_query
1602550,Parma District,ID,43.869763150000004,-116.98131000000001,API_ERROR,,,,API_ERROR,new_query
1602550,Parma District,ID,43.80712405,-117.0018172,API_ERROR,,,,API_ERROR,new_query
1602550,Parma District,ID,43.76646537027101,-116.8443228310311,API_ERROR,,,,API_ERROR,new_query
1602550,Parma District,ID,43.82878301870001,-116.98024036873322,API_ERROR,,,,API_ERROR,new_query
1602550,Parma District,ID,43.74108220107357,-116.95551948072723,API_ERROR,,,,API_ERROR,new_query
1602550,Parma District,ID,43.803145133207664,-116.9026393168481,API_ERROR,,,,API_ERROR,new_query
1602550,Parma District,ID,43.846921385694856,-117.00430856189696,API_ERROR,,,,API_ERROR,new_query
1602550,Parma District,ID,43.792448465669786,-117.00914146128423,API_ERROR,,,,API_ERROR,new_query
1602550,Parma District,ID,43.72360525,-117.0018172,API_ERROR,,,,API_ERROR,new_query
1602550,Parma District,ID,43.78624435,-116.9608028,API_ERROR,,,,API_ERROR,new_query
1602550,Parma District,ID,43.81217358489093,-116.94181394333388,API_ERROR,,,,API_ERROR,new_query
1602550,Parma District,ID,43.83594792781673,-116.94771704599894,API_ERROR,,,,API_ERROR,new_query
1602550,Parma District,ID,43.75355860724089,-116.96829458373377,API_ERROR,,,,API_ERROR,new_query
1602550,Parma District,ID,43.7866419359094,-116.91231783665543,API_ERROR,,,,API_ERROR,new_query
1602550,Parma District,ID,43.80418313165488,-116.9659413817643,API_ERROR,,,,API_ERROR,new_query
1602550,Parma District,ID,43.78441027540338,-116.94212960871332,API_ERROR,,,,API_ERROR,new_query
1602550,Parma District,ID,43.74298379286205,-117.0245962895677,API_ERROR,,,,API_ERROR,new_query
1602550,Parma District,ID,43.70272555,-116.98131000000001,API_ERROR,,,,API_ERROR,new_query
1602550,Parma District,ID,43.770547212972566,-116.91685036968569,API_ERROR,,,,API_ERROR,new_query
1602550,Parma District,ID,43.76154060391011,-116.86748306261869,API_ERROR,,,,API_ERROR,new_query
1602550,Parma District,ID,43.79174480460126,-116.87268963647978,API_ERROR,,,,API_ERROR,new_query
1602550,Parma District,ID,43.74448495,-116.9402956,API_ERROR,,,,API_ERROR,new_query
1602550,Parma District,ID,43.761823512742126,-117.02518946091827,API_ERROR,,,,API_ERROR,new_query
1602550,Parma District,ID,43.76175474331832,-116.88886617890849,API_ERROR,,,,API_ERROR,new_query
1602550,Parma District,ID,43.82162453895343,-116.96892325729435,API_ERROR,,,,API_ERROR,new_query
1602550,Parma District,ID,43.77175991789666,-116.93200923477195,API_ERROR,,,,API_ERROR,new_query
1602550,Parma District,ID,43.73842539363531,-116.90162469568305,API_ERROR,,,,API_ERROR,new_query
1602550,Parma District,ID,43.76536465,-116.9608028,API_ERROR,,,,API_ERROR,new_query
1602550,Parma District,ID,43.730739911303736,-116.92767624750566,API_ERROR,,,,API_ERROR,new_query
1602550,Parma District,ID,43.74448495,-117.0018172,API_ERROR,,,,API_ERROR,new_query
1602550,Parma District,ID,43.73228967564053,-116.9938310948203,API_ERROR,,,,API_ERROR,new_query
1602550,Parma District,ID,43.75481572707558,-116.8441707124165,API_ERROR,,,,API_ERROR,new_query
1602550,Parma District,ID,43.76536465,-116.98131000000001,API_ERROR,,,,API_ERROR,new_query
1602550,Parma District,ID,43.77261292072711,-117.00536012677314,API_ERROR,,,,API_ERROR,new_query
1602550,Parma District,ID,43.72000155387155,-116.97142985073471,API_ERROR,,,,API_ERROR,new_query
1602550,Parma District,ID,43.7646891444866,-116.90304132122026,API_ERROR,,,,API_ERROR,new_query
1602550,Parma District,ID,43.72360525,-117.0223244,API_ERROR,,,,API_ERROR,new_query
1602550,Parma District,ID,43.80964895508526,-116.93102943472573,API_ERROR,,,,API_ERROR,new_query
1602550,Parma District,ID,43.8640892827986,-116.97013804312418,API_ERROR,,,,API_ERROR,new_query
1602550,Parma District,ID,43.71335081118778,-116.99282622750853,API_ERROR,,,,API_ERROR,new_query
1602550,Parma District,ID,43.797615316933054,-116.91472776759174,API_ERROR,,,,API_ERROR,new_query
1602550,Parma District,ID,43.730836212475964,-116.97655465339174,API_ERROR,,,,API_ERROR,new_query
1602550,Parma District,ID,43.83806618596734,-117.0196826885587,API_ERROR,,,,API_ERROR,new_query
1602550,Parma District,ID,43.82800375,-116.9608028,API_ERROR,,,,API_ERROR,new_query
1602550,Parma District,ID,43.70765221110765,-117.01288654628696,API_ERROR,,,,API_ERROR,new_query
1602550,Parma District,ID,43.694753964778094,-117.00817322749502,API_ERROR,,,,API_ERROR,new_query
1602550,Parma District,ID,43.71386099934419,-117.00441341051507,API_ERROR,,,,API_ERROR,new_query
1602550,Parma District,ID,43.67513345743414,-117.00914118108345,API_ERROR,,,,API_ERROR,new_query
1602550,Parma District,ID,43.79330503813113,-116.98543069261665,API_ERROR,,,,API_ERROR,new_query
1602550,Parma District,ID,43.77066740917021,-117.02109241291768,API_ERROR,,,,API_ERROR,new_query
1602550,Parma District,ID,43.70272555,-117.0223244,API_ERROR,,,,API_ERROR,new_query
1602550,Parma District,ID,43.78032438049389,-116.95081579699266,API_ERROR,,,,API_ERROR,new_query
1602550,Parma District,ID,43.778004787769625,-116.90817692877313,API_ERROR,,,,API_ERROR,new_query
1602550,Parma District,ID,43.69101086305808,-116.98405889733426,API_ERROR,,,,API_ERROR,new_query
1602550,Parma District,ID,43.752876205257195,-116.86359257795473,API_ERROR,,,,API_ERROR,new_query
1602550,Parma District,ID,43.74448495,-116.9197884,API_ERROR,,,,API_ERROR,new_query
1602550,Parma District,ID,43.756803134184665,-116.89806386297288,API_ERROR,,,,API_ERROR,new_query
1602550,Parma District,ID,43.84888345,-116.9608028,API_ERROR,,,,API_ERROR,new_query
1602550,Parma District,ID,43.69096023923963,-117.02371628286045,API_ERROR,,,,API_ERROR,new_query
1602550,Parma District,ID,43.744383110569366,-116.90836211445672,API_ERROR,,,,API_ERROR,new_query
1602550,Parma District,ID,43.78533627788472,-117.01441615517429,API_ERROR,,,,API_ERROR,new_query
1602550,Parma District,ID,43.79440065119407,-116.9411928904022,API_ERROR,,,,API_ERROR,new_query
1602550,Parma District,ID,43.80362921512635,-116.94267207091322,API_ERROR,,,,API_ERROR,new_query
1602550,Parma District,ID,43.86223587557467,-116.99154853531213,API_ERROR,,,,API_ERROR,new_query
1602550,Parma District,ID,43.821077759737705,-116.94984573274633,API_ERROR,,,,API_ERROR,new_query
1602550,Parma District,ID,43.860507999999996,-117.01431540000002,API_ERROR,,,,API_ERROR,new_query
1602550,Parma District,ID,43.74881638307897,-116.90145089458164,API_ERROR,,,,API_ERROR,new_query
1602550,Parma District,ID,43.72760306254557,-116.92019455981708,API_ERROR,,,,API_ERROR,new_query
1602550,Parma District,ID,43.799128332621976,-117.00315872461655,API_ERROR,,,,API_ERROR,new_query
1602550,Parma District,ID,43.76961672952792,-116.8870065116144,API_ERROR,,,,API_ERROR,new_query
1602550,Parma District,ID,43.76536465,-117.0018172,API_ERROR,,,,API_ERROR,new_query
1602550,Parma District,ID,43.758279331805596,-116.8511669832942,API_ERROR,,,,API_ERROR,new_query
1602550,Parma District,ID,43.76606103408093,-116.93726959994807,API_ERROR,,,,API_ERROR,new_query
1602550,Parma District,ID,43.808773914269956,-116.98981682290248,API_ERROR,,,,API_ERROR,new_query
1602550,Parma District,ID,43.74113528973992,-116.96310379614147,API_ERROR,,,,API_ERROR,new_query
1602550,Parma District,ID,43.82800375,-116.9402956,API_ERROR,,,,API_ERROR,new_query
1602550,Parma District,ID,43.78624435,-116.9197884,API_ERROR,,,,API_ERROR,new_query
1602550,Parma District,ID,43.688662126220315,-117.01667618329527,API_ERROR,,,,API_ERROR,new_query
1602550,Parma District,ID,43.77024730154347,-116.90786797690973,API_ERROR,,,,API_ERROR,new_query
1602550,Parma District,ID,43.78624435,-116.98131000000001,API_ERROR,,,,API_ERROR,new_query
1602550,Parma District,ID,43.78624435,-117.0018172,API_ERROR,,,,API_ERROR,new_query
1602550,Parma District,ID,43.82093994085529,-116.96209209815464,API_ERROR,,,,API_ERROR,new_query
1602550,Parma District,ID,43.74698082102477,-116.96946756110293,API_ERROR,,,,API_ERROR,new_query
1602550,Parma District,ID,43.856472629218146,-116.99989827795126,API_ERROR,,,,API_ERROR,new_query
1602550,Parma District,ID,43.77141087282113,-116.95821269512935,API_ERROR,,,,API_ERROR,new_query
1602550,Parma District,ID,43.76194235072639,-116.97580201716568,API_ERROR,,,,API_ERROR,new_query
1602550,Parma District,ID,43.78624435,-117.0223244,API_ERROR,,,,API_ERROR,new_query
1602550,Parma District,ID,43.804824553961126,-116.99459134377487,API_ERROR,,,,API_ERROR,new_query
1602550,Parma District,ID,43.702319144043116,-116.97520086940622,API_ERROR,,,,API_ERROR,new_query
1602550,Parma District,ID,43.73295300365158,-116.91122679395329,API_ERROR,,,,API_ERROR,new_query
1602550,Parma District,ID,43.76536465,-116.9197884,API_ERROR,,,,API_ERROR,new_query
1602550,Parma District,ID,43.80712405,-116.9608028,API_ERROR,,,,API_ERROR,new_query
1602550,Parma District,ID,43.81586889197358,-116.96763880555994,API_ERROR,,,,API_ERROR,new_query
1602550,Parma District,ID,43.76429336935244,-116.9535129624989,API_ERROR,,,,API_ERROR,new_query
1602550,Parma District,ID,43.8009314063068,-116.95384526982026,API_ERROR,,,,API_ERROR,new_query
1602550,Parma District,ID,43.79871975349235,-116.96683066363522,API_ERROR,,,,API_ERROR,new_query
1602550,Parma District,ID,43.79764399401752,-116.90217967383035,API_ERROR,,,,API_ERROR,new_query
1602550,Parma District,ID,43.74505137875464,-116.98114258151259,API_ERROR,,,,API_ERROR,new_query
1602550,Parma District,ID,43.767329905603184,-117.00817758469262,API_ERROR,,,,API_ERROR,new_query
1602550,Parma District,ID,43.81603075808452,-116.95151017720185,API_ERROR,,,,API_ERROR,new_query
1602550,Parma District,ID,43.86850853884994,-116.97616578896788,API_ERROR,,,,API_ERROR,new_query
1602550,Parma District,ID,43.723449140990255,-116.95559160371948,API_ERROR,,,,API_ERROR,new_query
1602550,Parma District,ID,43.775255289113545,-116.91471333867898,API_ERROR,,,,API_ERROR,new_query
1602550,Parma District,ID,43.75223517734902,-116.91307963462394,API_ERROR,,,,API_ERROR,new_query
1602550,Parma District,ID,43.87460213819138,-116.97999460740466,API_ERROR,,,,API_ERROR,new_query
1602550,Parma District,ID,43.84403264286106,-116.95958969169112,API_ERROR,,,,API_ERROR,new_query
1602550,Parma District,ID,43.794358839382674,-117.00166605678642,API_ERROR,,,,API_ERROR,new_query
1602550,Parma District,ID,43.824895966145576,-116.96521081547816,API_ERROR,,,,API_ERROR,new_query
1602550,Parma District,ID,43.83468454723047,-116.95242473760091,API_ERROR,,,,API_ERROR,new_query
1602550,Parma District,ID,43.726147454982275,-116.97551006923301,API_ERROR,,,,API_ERROR,new_query
3904583,Mapleton Local,OH,40.9982655,-82.4199186,API_ERROR,,,,API_ERROR,new_query
3904583,Mapleton Local,OH,40.8873734818305,-82.16667533284398,API_ERROR,,,,API_ERROR,new_query
3904583,Mapleton Local,OH,41.07512747607519,-82.27477617794655,API_ERROR,,,,API_ERROR,new_query
3904583,Mapleton Local,OH,40.91185271525228,-82.30985086133093,API_ERROR,,,,API_ERROR,new_query
3904583,Mapleton Local,OH,40.9855725,-82.21114904812283,API_ERROR,,,,API_ERROR,new_query
3904583,Mapleton Local,OH,40.99750415647084,-82.32835818549948,API_ERROR,,,,API_ERROR,new_query
3904583,Mapleton Local,OH,40.91826994877735,-82.23891644309028,API_ERROR,,,,API_ERROR,new_query
3904583,Mapleton Local,OH,41.0587386,-82.36136525,API_ERROR,,,,API_ERROR,new_query
3904583,Mapleton Local,OH,40.9705802,-82.27070435,API_ERROR,,,,API_ERROR,new_query
3904583,Mapleton Local,OH,41.0587386,-82.42180585,API_ERROR,,,,API_ERROR,new_query
3904583,Mapleton Local,OH,40.93511908795802,-82.18921710755113,API_ERROR,,,,API_ERROR,new_query
3904583,Mapleton Local,OH,41.0186375,-82.27860675,API_ERROR,,,,API_ERROR,new_query
3904583,Mapleton Local,OH,41.01258592840213,-82.37347876220763,API_ERROR,,,,API_ERROR,new_query
3904583,Mapleton Local,OH,40.9549648141616,-82.34803605020741,API_ERROR,,,,API_ERROR,new_query
3904583,Mapleton Local,OH,41.0416771322861,-82.31758583098797,API_ERROR,,,,API_ERROR,new_query
3904583,Mapleton Local,OH,40.890168,-82.27407147369138,API_ERROR,,,,API_ERROR,new_query
3904583,Mapleton Local,OH,40.95578289430949,-82.23433157853306,API_ERROR,,,,API_ERROR,new_query
3904583,Mapleton Local,OH,40.9485406,-82.30092465,API_ERROR,,,,API_ERROR,new_query
3904583,Mapleton Local,OH,40.926501,-82.27070435,API_ERROR,,,,API_ERROR,new_query
3904583,Mapleton Local,OH,40.9044614,-82.21026375,API_ERROR,,,,API_ERROR,new_query
3904583,Mapleton Local,OH,40.988209499999996,-82.2450741,API_ERROR,,,,API_ERROR,new_query
3904583,Mapleton Local,OH,41.02905317253319,-82.3998536127099,API_ERROR,,,,API_ERROR,new_query
3904583,Mapleton Local,OH,41.0587386,-82.39158555,API_ERROR,,,,API_ERROR,new_query
3904583,Mapleton Local,OH,41.025946656433405,-82.43143231351021,API_ERROR,,,,API_ERROR,new_query
3904583,Mapleton Local,OH,40.99589455413857,-82.29672719384199,API_ERROR,,,,API_ERROR,new_query
3904583,Mapleton Local,OH,40.913184233746556,-82.15757943111234,API_ERROR,,,,API_ERROR,new_query
3904583,Mapleton Local,OH,40.9710685,-82.32306840000001,API_ERROR,,,,API_ERROR,new_query
3904583,Mapleton Local,OH,41.0807782,-82.30092465,API_ERROR,,,,API_ERROR,new_query
3904583,Mapleton Local,OH,40.92136939302257,-82.33434233074466,API_ERROR,,,,API_ERROR,new_query
3904583,Mapleton Local,OH,41.01692864632143,-82.34440276389627,API_ERROR,,,,API_ERROR,new_query
3904583,Mapleton Local,OH,41.018406762926766,-82.30844824238011,API_ERROR,,,,API_ERROR,new_query
3904583,Mapleton Local,OH,40.9485406,-82.21026375,API_ERROR,,,,API_ERROR,new_query
3904583,Mapleton Local,OH,40.95253207935588,-82.17136619364403,API_ERROR,,,,API_ERROR,new_query
3904583,Mapleton Local,OH,40.9983713,-82.39158555,API_ERROR,,,,API_ERROR,new_query
3904583,Mapleton Local,OH,40.94026476393096,-82.25293882734586,API_ERROR,,,,API_ERROR,new_query
3904583,Mapleton Local,OH,41.036699,-82.36136525,API_ERROR,,,,API_ERROR,new_query
3904583,Mapleton Local,OH,40.9705802,-82.30092465,API_ERROR,,,,API_ERROR,new_query
3904583,Mapleton Local,OH,41.0587386,-82.30092465,API_ERROR,,,,API_ERROR,new_query
3904583,Mapleton Local,OH,40.9926198,-82.27070435,API_ERROR,,,,API_ERROR,new_query
3904583,Mapleton Local,OH,40.926501,-82.21026375,API_ERROR,,,,API_ERROR,new_query
3904583,Mapleton Local,OH,41.0587386,-82.33114495,API_ERROR,,,,API_ERROR,new_query
3904583,Mapleton Local,OH,40.970369627182926,-82.1955810530683,API_ERROR,,,,API_ERROR,new_query
3904583,Mapleton Local,OH,40.914156315098346,-82.17790692672246,API_ERROR,,,,API_ERROR,new_query
3904583,Mapleton Local,OH,40.939417040257666,-82.32520522228262,API_ERROR,,,,API_ERROR,new_query
3904583,Mapleton Local,OH,40.9485406,-82.27070435,API_ERROR,,,,API_ERROR,new_query
3904583,Mapleton Local,OH,41.04016992437617,-82.33710828713163,API_ERROR,,,,API_ERROR,new_query
3904583,Mapleton Local,OH,41.00045860101393,-82.35452003595258,API_ERROR,,,,API_ERROR,new_query
3904583,Mapleton Local,OH,41.037706,-82.27839499999999,API_ERROR,,,,API_ERROR,new_query
3904583,Mapleton Local,OH,40.96947187713473,-82.24610911409184,API_ERROR,,,,API_ERROR,new_query
3904583,Mapleton Local,OH,41.03985599299054,-82.4140427504933,API_ERROR,,,,API_ERROR,new_query
3904583,Mapleton Local,OH,41.03483513605021,-82.30140226930071,API_ERROR,,,,API_ERROR,new_query
3904583,Mapleton Local,OH,41.018952393604785,-82.41531560342825,API_ERROR,,,,API_ERROR,new_query
3904583,Mapleton Local,OH,41.04460755833663,-82.43207134439584,API_ERROR,,,,API_ERROR,new_query
3904583,Mapleton Local,OH,40.93678366715799,-82.28822236594739,API_ERROR,,,,API_ERROR,new_query
3904583,Mapleton Local,OH,40.9044614,-82.33114495,API_ERROR,,,,API_ERROR,new_query
3904583,Mapleton Local,OH,41.0587386,-82.27070435,API_ERROR,,,,API_ERROR,new_query
3904583,Mapleton Local,OH,40.91235688881844,-82.29314490469133,API_ERROR,,,,API_ERROR,new_query
3904583,Mapleton Local,OH,40.979290476474766,-82.23110012312203,API_ERROR,,,,API_ERROR,new_query
3904583,Mapleton Local,OH,40.90324757859817,-82.2639644088792,API_ERROR,,,,API_ERROR,new_query
3904583,Mapleton Local,OH,40.87483353699971,-82.17711814647002,API_ERROR,,,,API_ERROR,new_query
3904583,Mapleton Local,OH,41.0146594,-82.39158555,API_ERROR,,,,API_ERROR,new_query
3904583,Mapleton Local,OH,40.926501,-82.30092465,API_ERROR,,,,API_ERROR,new_query
3904583,Mapleton Local,OH,41.0224072841763,-82.32924942718489,API_ERROR,,,,API_ERROR,new_query
3904583,Mapleton Local,OH,40.95753798682941,-82.25755356813612,API_ERROR,,,,API_ERROR,new_query
3904583,Mapleton Local,OH,40.94140417139996,-82.22855322415147,API_ERROR,,,,API_ERROR,new_query
3904583,Mapleton Local,OH,40.922957435465875,-82.25574542963365,API_ERROR,,,,API_ERROR,new_query
3904583,Mapleton Local,OH,40.9705802,-82.21026375,API_ERROR,,,,API_ERROR,new_query
3904583,Mapleton Local,OH,41.06066459412499,-82.34558273869234,API_ERROR,,,,API_ERROR,new_query
3904583,Mapleton Local,OH,40.980546710864054,-82.31118497729472,API_ERROR,,,,API_ERROR,new_query
3904583,Mapleton Local,OH,40.93723268106516,-82.31027693312753,API_ERROR,,,,API_ERROR,new_query
3904583,Mapleton Local,OH,41.05954121940126,-82.31493062347394,API_ERROR,,,,API_ERROR,new_query
3904583,Mapleton Local,OH,40.96130970739938,-82.22157975751185,API_ERROR,,,,API_ERROR,new_query
3904583,Mapleton Local,OH,40.90889941799773,-82.2485299004463,API_ERROR,,,,API_ERROR,new_query
3904583,Mapleton Local,OH,40.90240521046867,-82.22351417722228,API_ERROR,,,,API_ERROR,new_query
3904583,Mapleton Local,OH,41.04692486023057,-82.4029947294025,API_ERROR,,,,API_ERROR,new_query
3904583,Mapleton Local,OH,40.957092162609314,-82.33517669339258,API_ERROR,,,,API_ERROR,new_query
3904583,Mapleton Local,OH,41.062141491555934,-82.40928398675469,API_ERROR,,,,API_ERROR,new_query
3904583,Mapleton Local,OH,40.95893625395003,-82.31855624304933,API_ERROR,,,,API_ERROR,new_query
3904583,Mapleton Local,OH,40.94557201830767,-82.19786537542277,API_ERROR,,,,API_ERROR,new_query
3904583,Mapleton Local,OH,40.967451323811375,-82.2829092876754,API_ERROR,,,,API_ERROR,new_query
3904583,Mapleton Local,OH,40.92573298129608,-82.17342652891293,API_ERROR,,,,API_ERROR,new_query
3904583,Mapleton Local,OH,41.0146594,-82.36136525,API_ERROR,,,,API_ERROR,new_query
3904583,Mapleton Local,OH,40.90617837037666,-82.19828320125515,API_ERROR,,,,API_ERROR,new_query
3904583,Mapleton Local,OH,41.00627630696248,-82.32042966907704,API_ERROR,,,,API_ERROR,new_query
3904583,Mapleton Local,OH,40.92610650506952,-82.23018909692985,API_ERROR,,,,API_ERROR,new_query
3904583,Mapleton Local,OH,40.968919500509514,-82.25862825297652,API_ERROR,,,,API_ERROR,new_query
3904583,Mapleton Local,OH,41.03772154456403,-82.35005917008228,API_ERROR,,,,API_ERROR,new_query
3904583,Mapleton Local,OH,41.036699,-82.39158555,API_ERROR,,,,API_ERROR,new_query
3904583,Mapleton Local,OH,40.99732035194016,-82.33951490002661,API_ERROR,,,,API_ERROR,new_query
3904583,Mapleton Local,OH,40.9044614,-82.30092465,API_ERROR,,,,API_ERROR,new_query
3904583,Mapleton Local,OH,41.03500438191379,-82.42556852482426,API_ERROR,,,,API_ERROR,new_query
3904583,Mapleton Local,OH,40.91366992704551,-82.3204316917782,API_ERROR,,,,API_ERROR,new_query
3904583,Mapleton Local,OH,41.045650995566454,-82.32714639065122,API_ERROR,,,,API_ERROR,new_query
3904583,Mapleton Local,OH,40.931510260037555,-82.26134092013228,API_ERROR,,,,API_ERROR,new_query
3904583,Mapleton Local,OH,41.01582368218551,-82.43090845388636,API_ERROR,,,,API_ERROR,new_query
3904583,Mapleton Local,OH,40.9667810613171,-82.23642272505008,API_ERROR,,,,API_ERROR,new_query
3904583,Mapleton Local,OH,40.962391102156865,-82.20446239341186,API_ERROR,,,,API_ERROR,new_query
3904583,Mapleton Local,OH,40.94057040920124,-82.276659971763,API_ERROR,,,,API_ERROR,new_query
3904583,Mapleton Local,OH,41.027622604752736,-82.41048798466309,API_ERROR,,,,API_ERROR,new_query
3904583,Mapleton Local,OH,41.021928783149335,-82.37029280169847,API_ERROR,,,,API_ERROR,new_query
3904583,Mapleton Local,OH,40.9074004264516,-82.17080191408917,API_ERROR,,,,API_ERROR,new_query
3904583,Mapleton Local,OH,40.936518868681546,-82.30050162236999,API_ERROR,,,,API_ERROR,new_query
3904583,Mapleton Local,OH,40.949571051448146,-82.32911792016208,API_ERROR,,,,API_ERROR,new_query
3904583,Mapleton Local,OH,41.015321172422695,-82.40642450877851,API_ERROR,,,,API_ERROR,new_query
3904583,Mapleton Local,OH,40.9485406,-82.24048405,API_ERROR,,,,API_ERROR,new_query
3904583,Mapleton Local,OH,40.990574998129034,-82.32187888055277,API_ERROR,,,,API_ERROR,new_query
3904583,Mapleton Local,OH,40.91781840612176,-82.21379671412785,API_ERROR,,,,API_ERROR,new_query
3904583,Mapleton Local,OH,40.93751190880197,-82.18017797607959,API_ERROR,,,,API_ERROR,new_query
3904583,Mapleton Local,OH,41.06679162683714,-82.27825538009004,API_ERROR,,,,API_ERROR,new_query
3904583,Mapleton Local,OH,40.979185750740584,-82.1940951622141,API_ERROR,,,,API_ERROR,new_query
3904583,Mapleton Local,OH,41.02944497339722,-82.32394294207721,API_ERROR,,,,API_ERROR,new_query
3904583,Mapleton Local,OH,41.05272385602525,-82.35546893897245,API_ERROR,,,,API_ERROR,new_query
3904583,Mapleton Local,OH,41.0146594,-82.30092465,API_ERROR,,,,API_ERROR,new_query
3904583,Mapleton Local,OH,40.939325768076316,-82.244596363652,API_ERROR,,,,API_ERROR,new_query
3904583,Mapleton Local,OH,40.99584912969672,-82.38358538968566,API_ERROR,,,,API_ERROR,new_query
3904583,Mapleton Local,OH,40.926501,-82.24048405,API_ERROR,,,,API_ERROR,new_query
3904583,Mapleton Local,OH,41.03752347571157,-82.32553651486316,API_ERROR,,,,API_ERROR,new_query
3904583,Mapleton Local,OH,41.045272779840126,-82.34684220320554,API_ERROR,,,,API_ERROR,new_query
3904583,Mapleton Local,OH,41.0146594,-82.33114495,API_ERROR,,,,API_ERROR,new_query
3904583,Mapleton Local,OH,40.92066561646639,-82.32426292409983,API_ERROR,,,,API_ERROR,new_query
3904583,Mapleton Local,OH,41.051713726841996,-82.43563921023936,API_ERROR,,,,API_ERROR,new_query
3904583,Mapleton Local,OH,41.0146594,-82.42180585,API_ERROR,,,,API_ERROR,new_query
3904583,Mapleton Local,OH,40.95252488914192,-82.20041865897623,API_ERROR,,,,API_ERROR,new_query
3904583,Mapleton Local,OH,40.920925363327726,-82.16805264617952,API_ERROR,,,,API_ERROR,new_query
3904583,Mapleton Local,OH,41.053289713585116,-82.3358526831623,API_ERROR,,,,API_ERROR,new_query
3904583,Mapleton Local,OH,40.9982958,-82.36136525,API_ERROR,,,,API_ERROR,new_query
3904583,Mapleton Local,OH,40.955540607897866,-82.21143428201684,API_ERROR,,,,API_ERROR,new_query
3904583,Mapleton Local,OH,41.04335137460743,-82.35963428166791,API_ERROR,,,,API_ERROR,new_query
3904583,Mapleton Local,OH,40.9044614,-82.27070435,API_ERROR,,,,API_ERROR,new_query
3904583,Mapleton Local,OH,40.94192440191587,-82.18984861991429,API_ERROR,,,,API_ERROR,new_query
3904583,Mapleton Local,OH,40.97305744051198,-82.27937529386514,API_ERROR,,,,API_ERROR,new_query
3904583,Mapleton Local,OH,40.9109738788841,-82.30014520433515,API_ERROR,,,,API_ERROR,new_query
3904583,Mapleton Local,OH,40.90870449723483,-82.20532348401032,API_ERROR,,,,API_ERROR,new_query
3904583,Mapleton Local,OH,40.97496822625077,-82.26619232328154,API_ERROR,,,,API_ERROR,new_query
3904583,Mapleton Local,OH,40.97796413304362,-82.31690591102328,API_ERROR,,,,API_ERROR,new_query
3904583,Mapleton Local,OH,40.934782513892806,-82.24877996123406,API_ERROR,,,,API_ERROR,new_query
3904583,Mapleton Local,OH,41.00914569523025,-82.39410053613445,API_ERROR,,,,API_ERROR,new_query
3904583,Mapleton Local,OH,41.00694008308459,-82.37129910758365,API_ERROR,,,,API_ERROR,new_query
3904583,Mapleton Local,OH,40.926501,-82.33114495,API_ERROR,,,,API_ERROR,new_query
3904583,Mapleton Local,OH,41.0416563921717,-82.41978981608949,API_ERROR,,,,API_ERROR,new_query
3904583,Mapleton Local,OH,41.02710011306343,-82.39421159340476,API_ERROR,,,,API_ERROR,new_query
3904583,Mapleton Local,OH,40.93140186691312,-82.2136172731673,API_ERROR,,,,API_ERROR,new_query
3904583,Mapleton Local,OH,40.98278151573032,-82.23569703398142,API_ERROR,,,,API_ERROR,new_query
3904583,Mapleton Local,OH,41.036699,-82.33114495,API_ERROR,,,,API_ERROR,new_query
3904583,Mapleton Local,OH,40.9926198,-82.33114495,API_ERROR,,,,API_ERROR,new_query
3904583,Mapleton Local,OH,41.058969641287405,-82.30934537239376,API_ERROR,,,,API_ERROR,new_query
3904583,Mapleton Local,OH,40.910064541961155,-82.33082287960518,API_ERROR,,,,API_ERROR,new_query
3904583,Mapleton Local,OH,40.9705802,-82.24048405,API_ERROR,,,,API_ERROR,new_query
3904583,Mapleton Local,OH,41.016157397965884,-82.33895179523883,API_ERROR,,,,API_ERROR,new_query
3904583,Mapleton Local,OH,40.96524980945808,-82.23113548723059,API_ERROR,,,,API_ERROR,new_query
608610,Chula Vista Elementary,CA,32.593100594676045,-117.09290339330022,API_ERROR,,,,API_ERROR,new_query
608610,Chula Vista Elementary,CA,32.65484994150283,-116.82610696989492,API_ERROR,,,,API_ERROR,new_query
608610,Chula Vista Elementary,CA,32.69614429982485,-116.97464389848537,API_ERROR,,,,API_ERROR,new_query
608610,Chula Vista Elementary,CA,32.58561641331462,-116.97613734232945,API_ERROR,,,,API_ERROR,new_query
608610,Chula Vista Elementary,CA,32.561784050469875,-116.87121267598626,API_ERROR,,,,API_ERROR,new_query
608610,Chula Vista Elementary,CA,32.635866656483834,-116.90640299684364,API_ERROR,,,,API_ERROR,new_query
608610,Chula Vista Elementary,CA,32.6518954,-117.04329755866392,API_ERROR,,,,API_ERROR,new_query
608610,Chula Vista Elementary,CA,32.647447544596616,-117.109173453506,API_ERROR,,,,API_ERROR,new_query
608610,Chula Vista Elementary,CA,32.57112245176094,-117.04244831618924,API_ERROR,,,,API_ERROR,new_query
608610,Chula Vista Elementary,CA,32.597091445029385,-116.8296893186342,API_ERROR,,,,API_ERROR,new_query
608610,Chula Vista Elementary,CA,32.63665894130124,-116.99228694760194,API_ERROR,,,,API_ERROR,new_query
608610,Chula Vista Elementary,CA,32.65758059610993,-116.94864564236329,API_ERROR,,,,API_ERROR,new_query
608610,Chula Vista Elementary,CA,32.604888245652724,-116.87739319126963,API_ERROR,,,,API_ERROR,new_query
608610,Chula Vista Elementary,CA,32.61580023730229,-116.9437561453673,API_ERROR,,,,API_ERROR,new_query
608610,Chula Vista Elementary,CA,32.6819986,-117.01379201750873,API_ERROR,,,,API_ERROR,new_query
608610,Chula Vista Elementary,CA,32.60858661216963,-117.02079961167503,API_ERROR,,,,API_ERROR,new_query
608610,Chula Vista Elementary,CA,32.67454062506834,-116.89777062156512,API_ERROR,,,,API_ERROR,new_query
608610,Chula Vista Elementary,CA,32.62363325654682,-117.07487788005794,API_ERROR,,,,API_ERROR,new_query
608610,Chula Vista Elementary,CA,32.635833246541864,-116.8685077932368,API_ERROR,,,,API_ERROR,new_query
608610,Chula Vista Elementary,CA,32.666947,-116.98428647635355,API_ERROR,,,,API_ERROR,new_query
608610,Chula Vista Elementary,CA,32.57982,-117.00631137346556,API_ERROR,,,,API_ERROR,new_query
608610,Chula Vista Elementary,CA,32.595808455884125,-117.0576083893373,API_ERROR,,,,API_ERROR,new_query
608610,Chula Vista Elementary,CA,32.6518954,-117.07280309981911,API_ERROR,,,,API_ERROR,new_query
608610,Chula Vista Elementary,CA,32.64834244347908,-117.01653929170783,API_ERROR,,,,API_ERROR,new_query
608610,Chula Vista Elementary,CA,32.61304263646959,-116.97953739942137,API_ERROR,,,,API_ERROR,new_query
608610,Chula Vista Elementary,CA,32.62130292242054,-116.84125064752682,API_ERROR,,,,API_ERROR,new_query
608610,Chula Vista Elementary,CA,32.625402537922234,-117.04220123458849,API_ERROR,,,,API_ERROR,new_query
608610,Chula Vista Elementary,CA,32.658958315540765,-116.92233847215351,API_ERROR,,,,API_ERROR,new_query
608610,Chula Vista Elementary,CA,32.63576164155702,-116.962981851633,API_ERROR,,,,API_ERROR,new_query
608610,Chula Vista Elementary,CA,32.6819986,-116.95478093519836,API_ERROR,,,,API_ERROR,new_query
608610,Chula Vista Elementary,CA,32.62692739977987,-117.10010400030957,API_ERROR,,,,API_ERROR,new_query
608610,Chula Vista Elementary,CA,32.591689,-116.95478093519836,API_ERROR,,,,API_ERROR,new_query
608610,Chula Vista Elementary,CA,32.5762768245821,-116.88698870844473,API_ERROR,,,,API_ERROR,new_query
608610,Chula Vista Elementary,CA,32.64831151288007,-116.88586550142342,API_ERROR,,,,API_ERROR,new_query
608610,Chula Vista Elementary,CA,32.67822005263719,-117.03444907332933,API_ERROR,,,,API_ERROR,new_query
608610,Chula Vista Elementary,CA,32.58156220978279,-116.864634417867,API_ERROR,,,,API_ERROR,new_query
608610,Chula Vista Elementary,CA,32.61520214208408,-116.90435709365867,API_ERROR,,,,API_ERROR,new_query
608610,Chula Vista Elementary,CA,32.58680136711526,-117.02917617134885,API_ERROR,,,,API_ERROR,new_query
608610,Chula Vista Elementary,CA,32.66444956814764,-117.00410088290346,API_ERROR,,,,API_ERROR,new_query
608610,Chula Vista Elementary,CA,32.61657179668292,-116.86055788030572,API_ERROR,,,,API_ERROR,new_query
608610,Chula Vista Elementary,CA,32.6217922,-116.92527539404317,API_ERROR,,,,API_ERROR,new_query
608610,Chula Vista Elementary,CA,32.67248624382236,-116.93627063740932,API_ERROR,,,,API_ERROR,new_query
608610,Chula Vista Elementary,CA,32.68307474869354,-116.99455895283153,API_ERROR,,,,API_ERROR,new_query
608610,Chula Vista Elementary,CA,32.58619050884947,-117.07518046907795,API_ERROR,,,,API_ERROR,new_query
608610,Chula Vista Elementary,CA,32.597301,-116.93661308231037,API_ERROR,,,,API_ERROR,new_query
608610,Chula Vista Elementary,CA,32.629737803197834,-117.01977817682302,API_ERROR,,,,API_ERROR,new_query
608610,Chula Vista Elementary,CA,32.6474218648739,-116.97716777569433,API_ERROR,,,,API_ERROR,new_query
608610,Chula Vista Elementary,CA,32.6067406,-117.04329755866392,API_ERROR,,,,API_ERROR,new_query
608610,Chula Vista Elementary,CA,32.613039299546124,-116.96106798152836,API_ERROR,,,,API_ERROR,new_query
608610,Chula Vista Elementary,CA,32.6696606633915,-116.96713801658203,API_ERROR,,,,API_ERROR,new_query
608610,Chula Vista Elementary,CA,32.6067406,-117.07280309981911,API_ERROR,,,,API_ERROR,new_query
608610,Chula Vista Elementary,CA,32.61824059923916,-116.8873696043308,API_ERROR,,,,API_ERROR,new_query
608610,Chula Vista Elementary,CA,32.662870365572964,-117.02455495050617,API_ERROR,,,,API_ERROR,new_query
608610,Chula Vista Elementary,CA,32.597397141256536,-116.86000178854496,API_ERROR,,,,API_ERROR,new_query
608610,Chula Vista Elementary,CA,32.65842791062631,-116.89923476076062,API_ERROR,,,,API_ERROR,new_query
608610,Chula Vista Elementary,CA,32.62537745718817,-117.05827785515285,API_ERROR,,,,API_ERROR,new_query
608610,Chula Vista Elementary,CA,32.580684500000004,-117.05806891462076,API_ERROR,,,,API_ERROR,new_query
608610,Chula Vista Elementary,CA,32.591689,-117.04329755866392,API_ERROR,,,,API_ERROR,new_query
608610,Chula Vista Elementary,CA,32.597383093348164,-116.84455872798195,API_ERROR,,,,API_ERROR,new_query
608610,Chula Vista Elementary,CA,32.6616715,-117.06160716462077,API_ERROR,,,,API_ERROR,new_query
608610,Chula Vista Elementary,CA,32.615679743858614,-117.08731718147617,API_ERROR,,,,API_ERROR,new_query
608610,Chula Vista Elementary,CA,32.64501802491181,-116.92717461083896,API_ERROR,,,,API_ERROR,new_query
608610,Chula Vista Elementary,CA,32.666947,-117.04329755866392,API_ERROR,,,,API_ERROR,new_query
608610,Chula Vista Elementary,CA,32.591689,-117.01379201750873,API_ERROR,,,,API_ERROR,new_query
608610,Chula Vista Elementary,CA,32.63209326016625,-116.89298420421015,API_ERROR,,,,API_ERROR,new_query
608610,Chula Vista Elementary,CA,32.64911093200464,-116.91028469402981,API_ERROR,,,,API_ERROR,new_query
608610,Chula Vista Elementary,CA,32.61431625164937,-117.00824952105327,API_ERROR,,,,API_ERROR,new_query
608610,Chula Vista Elementary,CA,32.6368438,-117.07280309981911,API_ERROR,,,,API_ERROR,new_query
608610,Chula Vista Elementary,CA,32.6945725,-117.01026883118817,API_ERROR,,,,API_ERROR,new_query
608610,Chula Vista Elementary,CA,32.619878957380806,-116.87317437540625,API_ERROR,,,,API_ERROR,new_query
608610,Chula Vista Elementary,CA,32.580901499999996,-116.99428887346558,API_ERROR,,,,API_ERROR,new_query
608610,Chula Vista Elementary,CA,32.6365333712698,-116.95147655902181,API_ERROR,,,,API_ERROR,new_query
608610,Chula Vista Elementary,CA,32.6368438,-117.04329755866392,API_ERROR,,,,API_ERROR,new_query
608610,Chula Vista Elementary,CA,32.6593337770928,-116.99288425688567,API_ERROR,,,,API_ERROR,new_query
608610,Chula Vista Elementary,CA,32.62304991498024,-116.97391512703337,API_ERROR,,,,API_ERROR,new_query
608610,Chula Vista Elementary,CA,32.65711712767215,-116.97139672880256,API_ERROR,,,,API_ERROR,new_query
608610,Chula Vista Elementary,CA,32.666947,-116.95478093519836,API_ERROR,,,,API_ERROR,new_query
608610,Chula Vista Elementary,CA,32.59417688463399,-116.98324049274417,API_ERROR,,,,API_ERROR,new_query
608610,Chula Vista Elementary,CA,32.56995640649029,-117.05527124707059,API_ERROR,,,,API_ERROR,new_query
608610,Chula Vista Elementary,CA,32.59514645020602,-117.08170257388669,API_ERROR,,,,API_ERROR,new_query
608610,Chula Vista Elementary,CA,32.6217922,-116.95478093519836,API_ERROR,,,,API_ERROR,new_query
608610,Chula Vista Elementary,CA,32.6064755,-117.09282018519835,API_ERROR,,,,API_ERROR,new_query
608610,Chula Vista Elementary,CA,32.566090036424676,-116.88364419465252,API_ERROR,,,,API_ERROR,new_query
608610,Chula Vista Elementary,CA,32.63554810566234,-116.92241067581695,API_ERROR,,,,API_ERROR,new_query
608610,Chula Vista Elementary,CA,32.588495443236546,-116.83557369340085,API_ERROR,,,,API_ERROR,new_query
608610,Chula Vista Elementary,CA,32.604222014511116,-117.01070836427301,API_ERROR,,,,API_ERROR,new_query
608610,Chula Vista Elementary,CA,32.6227728633185,-117.02745171338533,API_ERROR,,,,API_ERROR,new_query
608610,Chula Vista Elementary,CA,32.6819986,-116.98428647635355,API_ERROR,,,,API_ERROR,new_query
608610,Chula Vista Elementary,CA,32.6368438,-117.1023086409743,API_ERROR,,,,API_ERROR,new_query
608610,Chula Vista Elementary,CA,32.666947,-117.01379201750873,API_ERROR,,,,API_ERROR,new_query
608610,Chula Vista Elementary,CA,32.60391560430037,-116.97544604357844,API_ERROR,,,,API_ERROR,new_query
608610,Chula Vista Elementary,CA,32.64444911111863,-116.99851250996771,API_ERROR,,,,API_ERROR,new_query
608610,Chula Vista Elementary,CA,32.6217922,-116.98428647635355,API_ERROR,,,,API_ERROR,new_query
608610,Chula Vista Elementary,CA,32.60867833264893,-116.8900835195052,API_ERROR,,,,API_ERROR,new_query
608610,Chula Vista Elementary,CA,32.62500999585283,-116.90486508679352,API_ERROR,,,,API_ERROR,new_query
608610,Chula Vista Elementary,CA,32.61665901864028,-116.83277070892771,API_ERROR,,,,API_ERROR,new_query
608610,Chula Vista Elementary,CA,32.64801615718206,-117.06400090385496,API_ERROR,,,,API_ERROR,new_query
608610,Chula Vista Elementary,CA,32.58580983299474,-116.88594440719446,API_ERROR,,,,API_ERROR,new_query
608610,Chula Vista Elementary,CA,32.627902424220316,-116.91662860808046,API_ERROR,,,,API_ERROR,new_query
608610,Chula Vista Elementary,CA,32.598605427160884,-116.94828602977283,API_ERROR,,,,API_ERROR,new_query
608610,Chula Vista Elementary,CA,32.59378638890899,-117.06960414131412,API_ERROR,,,,API_ERROR,new_query
608610,Chula Vista Elementary,CA,32.610066683814246,-116.85379317671881,API_ERROR,,,,API_ERROR,new_query
608610,Chula Vista Elementary,CA,32.6066055,-116.93613158231038,API_ERROR,,,,API_ERROR,new_query
608610,Chula Vista Elementary,CA,32.6217922,-117.01379201750873,API_ERROR,,,,API_ERROR,new_query
608610,Chula Vista Elementary,CA,32.6368438,-117.01379201750873,API_ERROR,,,,API_ERROR,new_query
608610,Chula Vista Elementary,CA,32.67894092382058,-116.966731026629,API_ERROR,,,,API_ERROR,new_query
608610,Chula Vista Elementary,CA,32.66396084952829,-116.90649230121033,API_ERROR,,,,API_ERROR,new_query
608610,Chula Vista Elementary,CA,32.65826156159363,-116.98149363807254,API_ERROR,,,,API_ERROR,new_query
608610,Chula Vista Elementary,CA,32.576371374790504,-116.87202022965204,API_ERROR,,,,API_ERROR,new_query
608610,Chula Vista Elementary,CA,32.62371643198141,-117.09136364882099,API_ERROR,,,,API_ERROR,new_query
608610,Chula Vista Elementary,CA,32.65468386445877,-117.00055726487118,API_ERROR,,,,API_ERROR,new_query
608610,Chula Vista Elementary,CA,32.6067406,-116.95478093519836,API_ERROR,,,,API_ERROR,new_query
608610,Chula Vista Elementary,CA,32.697591,-116.96595035288797,API_ERROR,,,,API_ERROR,new_query
608610,Chula Vista Elementary,CA,32.62579171258082,-116.87951018164435,API_ERROR,,,,API_ERROR,new_query
608610,Chula Vista Elementary,CA,32.677948601718406,-117.00154481266529,API_ERROR,,,,API_ERROR,new_query
608610,Chula Vista Elementary,CA,32.65546840024797,-116.89065901045771,API_ERROR,,,,API_ERROR,new_query
608610,Chula Vista Elementary,CA,32.6518954,-116.95478093519836,API_ERROR,,,,API_ERROR,new_query
608610,Chula Vista Elementary,CA,32.58443347187551,-117.04741663780682,API_ERROR,,,,API_ERROR,new_query
608610,Chula Vista Elementary,CA,32.640067716076345,-116.89151855361276,API_ERROR,,,,API_ERROR,new_query
608610,Chula Vista Elementary,CA,32.66170988177647,-116.96092579398194,API_ERROR,,,,API_ERROR,new_query
608610,Chula Vista Elementary,CA,32.6368438,-116.98428647635355,API_ERROR,,,,API_ERROR,new_query
608610,Chula Vista Elementary,CA,32.61467739286495,-117.07182519097688,API_ERROR,,,,API_ERROR,new_query
608610,Chula Vista Elementary,CA,32.63149674188901,-117.09302174191438,API_ERROR,,,,API_ERROR,new_query
608610,Chula Vista Elementary,CA,32.6067406,-116.98428647635355,API_ERROR,,,,API_ERROR,new_query
608610,Chula Vista Elementary,CA,32.665958188306725,-117.03552876323309,API_ERROR,,,,API_ERROR,new_query
608610,Chula Vista Elementary,CA,32.6064551604004,-116.96514647970828,API_ERROR,,,,API_ERROR,new_query
608610,Chula Vista Elementary,CA,32.65218073143239,-116.92974508968277,API_ERROR,,,,API_ERROR,new_query
608610,Chula Vista Elementary,CA,32.67994648867584,-117.0208708549146,API_ERROR,,,,API_ERROR,new_query
608610,Chula Vista Elementary,CA,32.687848656884746,-117.0073790791814,API_ERROR,,,,API_ERROR,new_query
608610,Chula Vista Elementary,CA,32.65802590158213,-116.91076056132856,API_ERROR,,,,API_ERROR,new_query
608610,Chula Vista Elementary,CA,32.62481474996523,-117.0343055993979,API_ERROR,,,,API_ERROR,new_query
608610,Chula Vista Elementary,CA,32.62259758808577,-117.04871241958412,API_ERROR,,,,API_ERROR,new_query
608610,Chula Vista Elementary,CA,32.648951271853704,-116.8931449289827,API_ERROR,,,,API_ERROR,new_query
608610,Chula Vista Elementary,CA,32.6518954,-116.98428647635355,API_ERROR,,,,API_ERROR,new_query
608610,Chula Vista Elementary,CA,32.66982322460795,-116.99999975135826,API_ERROR,,,,API_ERROR,new_query
608610,Chula Vista Elementary,CA,32.60125559069304,-116.83495612186111,API_ERROR,,,,API_ERROR,new_query
608610,Chula Vista Elementary,CA,32.59146153874937,-116.86281996647894,API_ERROR,,,,API_ERROR,new_query
608610,Chula Vista Elementary,CA,32.623293181821225,-116.89149339055702,API_ERROR,,,,API_ERROR,new_query
608610,Chula Vista Elementary,CA,32.66922637769007,-116.89406311369821,API_ERROR,,,,API_ERROR,new_query
608610,Chula Vista Elementary,CA,32.60986077149919,-116.9492437686803,API_ERROR,,,,API_ERROR,new_query
608610,Chula Vista Elementary,CA,32.568822499999996,-117.04907843206772,API_ERROR,,,,API_ERROR,new_query
608610,Chula Vista Elementary,CA,32.66868163646817,-116.94874104460125,API_ERROR,,,,API_ERROR,new_query
608610,Chula Vista Elementary,CA,32.634000062759746,-116.9153161238028,API_ERROR,,,,API_ERROR,new_query
608610,Chula Vista Elementary,CA,32.627180036269515,-116.9695403673467,API_ERROR,,,,API_ERROR,new_query
608610,Chula Vista Elementary,CA,32.61805520340402,-117.09315022560816,API_ERROR,,,,API_ERROR,new_query
608610,Chula Vista Elementary,CA,32.63341276553294,-116.95758416312894,API_ERROR,,,,API_ERROR,new_query
608610,Chula Vista Elementary,CA,32.620292670408396,-116.9081565123234,API_ERROR,,,,API_ERROR,new_query
608610,Chula Vista Elementary,CA,32.63018783365971,-116.90730990397182,API_ERROR,,,,API_ERROR,new_query
608610,Chula Vista Elementary,CA,32.59150984704733,-117.00809944938754,API_ERROR,,,,API_ERROR,new_query
608610,Chula Vista Elementary,CA,32.622433328752464,-116.83568890664257,API_ERROR,,,,API_ERROR,new_query
1713240,East Peoria SD 86,IL,40.663505,-89.60942820000001,API_ERROR,,,,API_ERROR,new_query
1713240,East Peoria SD 86,IL,40.74690094804278,-89.50510562904061,API_ERROR,,,,API_ERROR,new_query
1713240,East Peoria SD 86,IL,40.63000252567945,-89.50325221519122,API_ERROR,,,,API_ERROR,new_query
1713240,East Peoria SD 86,IL,40.68617748086595,-89.54084340453309,API_ERROR,,,,API_ERROR,new_query
1713240,East Peoria SD 86,IL,40.62838679033374,-89.5610578794524,API_ERROR,,,,API_ERROR,new_query
1713240,East Peoria SD 86,IL,40.74467391145243,-89.55061158514931,API_ERROR,,,,API_ERROR,new_query
1713240,East Peoria SD 86,IL,40.70639048909584,-89.50510888690707,API_ERROR,,,,API_ERROR,new_query
1713240,East Peoria SD 86,IL,40.68638524818402,-89.58043481483554,API_ERROR,,,,API_ERROR,new_query
1713240,East Peoria SD 86,IL,40.65303520549877,-89.53073064683333,API_ERROR,,,,API_ERROR,new_query
1713240,East Peoria SD 86,IL,40.659799542525896,-89.5615679143303,API_ERROR,,,,API_ERROR,new_query
1713240,East Peoria SD 86,IL,40.71582438419622,-89.54319853819091,API_ERROR,,,,API_ERROR,new_query
1713240,East Peoria SD 86,IL,40.62820269063743,-89.52739855233344,API_ERROR,,,,API_ERROR,new_query
1713240,East Peoria SD 86,IL,40.6593725,-89.5854525,API_ERROR,,,,API_ERROR,new_query
1713240,East Peoria SD 86,IL,40.727267499999996,-89.52361950000001,API_ERROR,,,,API_ERROR,new_query
1713240,East Peoria SD 86,IL,40.672951499999996,-89.52361950000001,API_ERROR,,,,API_ERROR,new_query
1713240,East Peoria SD 86,IL,40.697217,-89.55856125000001,API_ERROR,,,,API_ERROR,new_query
1713240,East Peoria SD 86,IL,40.7009779809145,-89.52616041309523,API_ERROR,,,,API_ERROR,new_query
1713240,East Peoria SD 86,IL,40.64976379384985,-89.50135793280629,API_ERROR,,,,API_ERROR,new_query
1713240,East Peoria SD 86,IL,40.645793499999996,-89.54835270000001,API_ERROR,,,,API_ERROR,new_query
1713240,East Peoria SD 86,IL,40.72819671695366,-89.50597505803539,API_ERROR,,,,API_ERROR,new_query
1713240,East Peoria SD 86,IL,40.746221110136,-89.52255741574865,API_ERROR,,,,API_ERROR,new_query
1713240,East Peoria SD 86,IL,40.6808266771484,-89.55846092706675,API_ERROR,,,,API_ERROR,new_query
1713240,East Peoria SD 86,IL,40.618635499999996,-89.54835270000001,API_ERROR,,,,API_ERROR,new_query
1713240,East Peoria SD 86,IL,40.73501044224942,-89.53801922880967,API_ERROR,,,,API_ERROR,new_query
1713240,East Peoria SD 86,IL,40.64471442494043,-89.56485090232879,API_ERROR,,,,API_ERROR,new_query
1713240,East Peoria SD 86,IL,40.672951499999996,-89.57308590000001,API_ERROR,,,,API_ERROR,new_query
1713240,East Peoria SD 86,IL,40.672951499999996,-89.59781910000001,API_ERROR,,,,API_ERROR,new_query
1713240,East Peoria SD 86,IL,40.66859778109762,-89.53785416672461,API_ERROR,,,,API_ERROR,new_query
1713240,East Peoria SD 86,IL,40.64017686531557,-89.53540096989954,API_ERROR,,,,API_ERROR,new_query
1713240,East Peoria SD 86,IL,40.6322145,-89.54835270000001,API_ERROR,,,,API_ERROR,new_query
1713240,East Peoria SD 86,IL,40.6593725,-89.54835270000001,API_ERROR,,,,API_ERROR,new_query
1713240,East Peoria SD 86,IL,40.7136885,-89.52361950000001,API_ERROR,,,,API_ERROR,new_query
1713240,East Peoria SD 86,IL,40.69912185631449,-89.53889290081871,API_ERROR,,,,API_ERROR,new_query
1713240,East Peoria SD 86,IL,40.6557957320898,-89.5125744434896,API_ERROR,,,,API_ERROR,new_query
1713240,East Peoria SD 86,IL,40.727267499999996,-89.54835270000001,API_ERROR,,,,API_ERROR,new_query
1713240,East Peoria SD 86,IL,40.6886285,-89.52818515,API_ERROR,,,,API_ERROR,new_query
1713240,East Peoria SD 86,IL,40.672951499999996,-89.5854525,API_ERROR,,,,API_ERROR,new_query
1713240,East Peoria SD 86,IL,40.6593725,-89.57308590000001,API_ERROR,,,,API_ERROR,new_query
1713240,East Peoria SD 86,IL,40.64372813375547,-89.52410301226169,API_ERROR,,,,API_ERROR,new_query
1713240,East Peoria SD 86,IL,40.628764481335075,-89.51458142434558,API_ERROR,,,,API_ERROR,new_query
1713240,East Peoria SD 86,IL,40.672951499999996,-89.54835270000001,API_ERROR,,,,API_ERROR,new_query
1713240,East Peoria SD 86,IL,40.74577932356078,-89.53944992876863,API_ERROR,,,,API_ERROR,new_query
1713240,East Peoria SD 86,IL,40.6949075,-89.5690678,API_ERROR,,,,API_ERROR,new_query
1713240,East Peoria SD 86,IL,40.66248285817837,-89.52553977491853,API_ERROR,,,,API_ERROR,new_query
1713240,East Peoria SD 86,IL,40.682126,-89.59318165,API_ERROR,,,,API_ERROR,new_query
1713240,East Peoria SD 86,IL,40.68468172184096,-89.56997394941483,API_ERROR,,,,API_ERROR,new_query
1713240,East Peoria SD 86,IL,40.645793499999996,-89.5112529,API_ERROR,,,,API_ERROR,new_query
1713240,East Peoria SD 86,IL,40.63662756657014,-89.4956501811864,API_ERROR,,,,API_ERROR,new_query
1713240,East Peoria SD 86,IL,40.704610915931184,-89.55192541200921,API_ERROR,,,,API_ERROR,new_query
1713240,East Peoria SD 86,IL,40.71404391490646,-89.51376479896025,API_ERROR,,,,API_ERROR,new_query
1713240,East Peoria SD 86,IL,40.688928957944235,-89.55026709867691,API_ERROR,,,,API_ERROR,new_query
1713240,East Peoria SD 86,IL,40.663424848674545,-89.59781910000001,API_ERROR,,,,API_ERROR,new_query
1713240,East Peoria SD 86,IL,40.652387512448584,-89.55516011373228,API_ERROR,,,,API_ERROR,new_query
1713240,East Peoria SD 86,IL,40.61926626539039,-89.55969480586315,API_ERROR,,,,API_ERROR,new_query
1713240,East Peoria SD 86,IL,40.71533595396532,-89.50408046226383,API_ERROR,,,,API_ERROR,new_query
1713240,East Peoria SD 86,IL,40.71315926825805,-89.5324847653995,API_ERROR,,,,API_ERROR,new_query
1713240,East Peoria SD 86,IL,40.64179067560331,-89.55597642963416,API_ERROR,,,,API_ERROR,new_query
1713240,East Peoria SD 86,IL,40.67704682980813,-89.53888828671056,API_ERROR,,,,API_ERROR,new_query
1713240,East Peoria SD 86,IL,40.6692109003989,-89.56544365896144,API_ERROR,,,,API_ERROR,new_query
1713240,East Peoria SD 86,IL,40.73771611293825,-89.5224925588382,API_ERROR,,,,API_ERROR,new_query
1713240,East Peoria SD 86,IL,40.7069339320549,-89.5182513474156,API_ERROR,,,,API_ERROR,new_query
1713240,East Peoria SD 86,IL,40.6593725,-89.5359861,API_ERROR,,,,API_ERROR,new_query
1713240,East Peoria SD 86,IL,40.665181149583454,-89.57962073417474,API_ERROR,,,,API_ERROR,new_query
1713240,East Peoria SD 86,IL,40.72185379123063,-89.51139334623785,API_ERROR,,,,API_ERROR,new_query
1713240,East Peoria SD 86,IL,40.6305510504153,-89.5404026582878,API_ERROR,,,,API_ERROR,new_query
1713240,East Peoria SD 86,IL,40.72727595898433,-89.53567286489275,API_ERROR,,,,API_ERROR,new_query
1713240,East Peoria SD 86,IL,40.670685000000006,-89.6059702,API_ERROR,,,,API_ERROR,new_query
1713240,East Peoria SD 86,IL,40.68067630162226,-89.54962361918298,API_ERROR,,,,API_ERROR,new_query
1713240,East Peoria SD 86,IL,40.65438661166052,-89.54189379261581,API_ERROR,,,,API_ERROR,new_query
1713240,East Peoria SD 86,IL,40.69680176026257,-89.5462041095768,API_ERROR,,,,API_ERROR,new_query
1713240,East Peoria SD 86,IL,40.67357885508681,-89.53117643300571,API_ERROR,,,,API_ERROR,new_query
1713240,East Peoria SD 86,IL,40.635172687228454,-89.55898565481695,API_ERROR,,,,API_ERROR,new_query
1713240,East Peoria SD 86,IL,40.70332291030074,-89.53279226214796,API_ERROR,,,,API_ERROR,new_query
1713240,East Peoria SD 86,IL,40.65763972446346,-89.51926234283513,API_ERROR,,,,API_ERROR,new_query
1713240,East Peoria SD 86,IL,40.64132831004139,-89.54305339734542,API_ERROR,,,,API_ERROR,new_query
1713240,East Peoria SD 86,IL,40.67492862031909,-89.56174016174602,API_ERROR,,,,API_ERROR,new_query
1713240,East Peoria SD 86,IL,40.707825069703404,-89.54602402790607,API_ERROR,,,,API_ERROR,new_query
1713240,East Peoria SD 86,IL,40.69441080958132,-89.5249399511895,API_ERROR,,,,API_ERROR,new_query
1713240,East Peoria SD 86,IL,40.707541453692336,-89.52634758213313,API_ERROR,,,,API_ERROR,new_query
1713240,East Peoria SD 86,IL,40.64665076530731,-89.53644545224586,API_ERROR,,,,API_ERROR,new_query
1713240,East Peoria SD 86,IL,40.687295644984246,-89.55887736827677,API_ERROR,,,,API_ERROR,new_query
1713240,East Peoria SD 86,IL,40.66407745291784,-89.51904232956912,API_ERROR,,,,API_ERROR,new_query
1713240,East Peoria SD 86,IL,40.6283627078674,-89.52104166859489,API_ERROR,,,,API_ERROR,new_query
1713240,East Peoria SD 86,IL,40.68081568656515,-89.5775409355232,API_ERROR,,,,API_ERROR,new_query
1713240,East Peoria SD 86,IL,40.68134090092675,-89.58403468550686,API_ERROR,,,,API_ERROR,new_query
1713240,East Peoria SD 86,IL,40.64490746961261,-89.50497146923166,API_ERROR,,,,API_ERROR,new_query
1713240,East Peoria SD 86,IL,40.7408465,-89.5359861,API_ERROR,,,,API_ERROR,new_query
1713240,East Peoria SD 86,IL,40.664366209873116,-89.58874117309533,API_ERROR,,,,API_ERROR,new_query
1713240,East Peoria SD 86,IL,40.72737727622217,-89.5295457356018,API_ERROR,,,,API_ERROR,new_query
1713240,East Peoria SD 86,IL,40.74022417642299,-89.54679859864869,API_ERROR,,,,API_ERROR,new_query
1713240,East Peoria SD 86,IL,40.627560306945874,-89.55185523715546,API_ERROR,,,,API_ERROR,new_query
1713240,East Peoria SD 86,IL,40.641680072384425,-89.52985332288755,API_ERROR,,,,API_ERROR,new_query
1713240,East Peoria SD 86,IL,40.745233466463255,-89.51057804244027,API_ERROR,,,,API_ERROR,new_query
1713240,East Peoria SD 86,IL,40.65792001209134,-89.56756093551898,API_ERROR,,,,API_ERROR,new_query
1713240,East Peoria SD 86,IL,40.6635664759384,-89.56591107125145,API_ERROR,,,,API_ERROR,new_query
1713240,East Peoria SD 86,IL,40.71087428031147,-89.5090964152881,API_ERROR,,,,API_ERROR,new_query
1713240,East Peoria SD 86,IL,40.7136885,-89.54835270000001,API_ERROR,,,,API_ERROR,new_query
1713240,East Peoria SD 86,IL,40.689412605190405,-89.57575497008467,API_ERROR,,,,API_ERROR,new_query
1713240,East Peoria SD 86,IL,40.67126216724149,-89.55360370338266,API_ERROR,,,,API_ERROR,new_query
1713240,East Peoria SD 86,IL,40.6624205242383,-89.55672306866349,API_ERROR,,,,API_ERROR,new_query
1713240,East Peoria SD 86,IL,40.65839293346362,-89.53031892408575,API_ERROR,,,,API_ERROR,new_query
1713240,East Peoria SD 86,IL,40.69808220676015,-89.53178341801913,API_ERROR,,,,API_ERROR,new_query
1713240,East Peoria SD 86,IL,40.630868640861685,-89.53200833091246,API_ERROR,,,,API_ERROR,new_query
1713240,East Peoria SD 86,IL,40.68491751875998,-89.58797967092882,API_ERROR,,,,API_ERROR,new_query
1713240,East Peoria SD 86,IL,40.66079627776083,-89.59264374331654,API_ERROR,,,,API_ERROR,new_query
1713240,East Peoria SD 86,IL,40.693097008661056,-89.55530559122077,API_ERROR,,,,API_ERROR,new_query
1713240,East Peoria SD 86,IL,40.640194404481086,-89.56244115471662,API_ERROR,,,,API_ERROR,new_query
1713240,East Peoria SD 86,IL,40.66550153020753,-89.5338370097403,API_ERROR,,,,API_ERROR,new_query
1713240,East Peoria SD 86,IL,40.635395070076875,-89.53898144163345,API_ERROR,,,,API_ERROR,new_query
1713240,East Peoria SD 86,IL,40.67837619687961,-89.58811062108657,API_ERROR,,,,API_ERROR,new_query
1713240,East Peoria SD 86,IL,40.70253621980839,-89.52048100144987,API_ERROR,,,,API_ERROR,new_query
1713240,East Peoria SD 86,IL,40.66763913479285,-89.52239187579983,API_ERROR,,,,API_ERROR,new_query
1713240,East Peoria SD 86,IL,40.6865305,-89.5359861,API_ERROR,,,,API_ERROR,new_query
1713240,East Peoria SD 86,IL,40.69907766486299,-89.55407536380666,API_ERROR,,,,API_ERROR,new_query
1713240,East Peoria SD 86,IL,40.666375937426366,-89.58438121392281,API_ERROR,,,,API_ERROR,new_query
1713240,East Peoria SD 86,IL,40.72341303593948,-89.50559015389166,API_ERROR,,,,API_ERROR,new_query
1713240,East Peoria SD 86,IL,40.6322145,-89.5112529,API_ERROR,,,,API_ERROR,new_query
1713240,East Peoria SD 86,IL,40.7303150380585,-89.51999186415132,API_ERROR,,,,API_ERROR,new_query
1713240,East Peoria SD 86,IL,40.635502588385904,-89.53290628189791,API_ERROR,,,,API_ERROR,new_query
1713240,East Peoria SD 86,IL,40.6322145,-89.52361950000001,API_ERROR,,,,API_ERROR,new_query
1713240,East Peoria SD 86,IL,40.69462203979912,-89.53852866255464,API_ERROR,,,,API_ERROR,new_query
1713240,East Peoria SD 86,IL,40.65808658969472,-89.52461828764092,API_ERROR,,,,API_ERROR,new_query
1713240,East Peoria SD 86,IL,40.691011604635044,-89.57160960987233,API_ERROR,,,,API_ERROR,new_query
1713240,East Peoria SD 86,IL,40.6846215270095,-89.54759033883697,API_ERROR,,,,API_ERROR,new_query
1713240,East Peoria SD 86,IL,40.708625358379976,-89.53064656982359,API_ERROR,,,,API_ERROR,new_query
1713240,East Peoria SD 86,IL,40.645793499999996,-89.5607193,API_ERROR,,,,API_ERROR,new_query
1713240,East Peoria SD 86,IL,40.6322145,-89.5359861,API_ERROR,,,,API_ERROR,new_query
1713240,East Peoria SD 86,IL,40.67667253068139,-89.57491674712503,API_ERROR,,,,API_ERROR,new_query
1713240,East Peoria SD 86,IL,40.66931320618827,-89.59970513396459,API_ERROR,,,,API_ERROR,new_query
1713240,East Peoria SD 86,IL,40.6470835,-89.5681198,API_ERROR,,,,API_ERROR,new_query
1713240,East Peoria SD 86,IL,40.6325644526984,-89.50628993398703,API_ERROR,,,,API_ERROR,new_query
1713240,East Peoria SD 86,IL,40.74298403121158,-89.50449742667863,API_ERROR,,,,API_ERROR,new_query
1713240,East Peoria SD 86,IL,40.69525816032426,-89.56512349684265,API_ERROR,,,,API_ERROR,new_query
1713240,East Peoria SD 86,IL,40.700109499999996,-89.54835270000001,API_ERROR,,,,API_ERROR,new_query
1713240,East Peoria SD 86,IL,40.6530884163868,-89.52679862967517,API_ERROR,,,,API_ERROR,new_query
1713240,East Peoria SD 86,IL,40.65008431849531,-89.5520086696663,API_ERROR,,,,API_ERROR,new_query
1713240,East Peoria SD 86,IL,40.733957842305585,-89.52127356195427,API_ERROR,,,,API_ERROR,new_query
1713240,East Peoria SD 86,IL,40.6567310921493,-89.55929621841666,API_ERROR,,,,API_ERROR,new_query
1713240,East Peoria SD 86,IL,40.6306768513047,-89.54410797339098,API_ERROR,,,,API_ERROR,new_query
1713240,East Peoria SD 86,IL,40.72395137845605,-89.52510947982809,API_ERROR,,,,API_ERROR,new_query
1713240,East Peoria SD 86,IL,40.6865305,-89.57308590000001,API_ERROR,,,,API_ERROR,new_query
1713240,East Peoria SD 86,IL,40.67275344514576,-89.56486381623688,API_ERROR,,,,API_ERROR,new_query
1713240,East Peoria SD 86,IL,40.662884804019534,-89.57372505850606,API_ERROR,,,,API_ERROR,new_query
1713240,East Peoria SD 86,IL,40.7136885,-89.5359861,API_ERROR,,,,API_ERROR,new_query
1713240,East Peoria SD 86,IL,40.69746241377312,-89.54272688788586,API_ERROR,,,,API_ERROR,new_query
1713240,East Peoria SD 86,IL,40.6322145,-89.5607193,API_ERROR,,,,API_ERROR,new_query
1713240,East Peoria SD 86,IL,40.67379631672896,-89.53990993240241,API_ERROR,,,,API_ERROR,new_query
1713240,East Peoria SD 86,IL,40.673156470925996,-89.5888214479819,API_ERROR,,,,API_ERROR,new_query
1713240,East Peoria SD 86,IL,40.64790401352567,-89.56379267929742,API_ERROR,,,,API_ERROR,new_query
1713240,East Peoria SD 86,IL,40.7408465,-89.52361950000001,API_ERROR,,,,API_ERROR,new_query
900840,Colchester School District,CT,41.5458325,-72.4427855,API_ERROR,,,,API_ERROR,new_query
900840,Colchester School District,CT,41.543307343906726,-72.23860580916651,API_ERROR,,,,API_ERROR,new_query
900840,Colchester School District,CT,41.60350235,-72.330539,API_ERROR,,,,API_ERROR,new_query
900840,Colchester School District,CT,41.519526763006844,-72.32182440036964,API_ERROR,,,,API_ERROR,new_query
900840,Colchester School District,CT,41.55500970224962,-72.37669520885098,API_ERROR,,,,API_ERROR,new_query
900840,Colchester School District,CT,41.600816,-72.40933171790007,API_ERROR,,,,API_ERROR,new_query
900840,Colchester School District,CT,41.57864634600295,-72.27833958221714,API_ERROR,,,,API_ERROR,new_query
900840,Colchester School District,CT,41.56151870025466,-72.33098845822333,API_ERROR,,,,API_ERROR,new_query
900840,Colchester School District,CT,41.52715104080961,-72.27679451227128,API_ERROR,,,,API_ERROR,new_query
900840,Colchester School District,CT,41.58033076671253,-72.4638361724897,API_ERROR,,,,API_ERROR,new_query
900840,Colchester School District,CT,41.59255742887153,-72.3694106928446,API_ERROR,,,,API_ERROR,new_query
900840,Colchester School District,CT,41.5267405,-72.41257725,API_ERROR,,,,API_ERROR,new_query
900840,Colchester School District,CT,41.55365222903463,-72.29763838644035,API_ERROR,,,,API_ERROR,new_query
900840,Colchester School District,CT,41.53318665,-72.355301,API_ERROR,,,,API_ERROR,new_query
900840,Colchester School District,CT,41.57336705,-72.429587,API_ERROR,,,,API_ERROR,new_query
900840,Colchester School District,CT,41.6013782453812,-72.30100043068042,API_ERROR,,,,API_ERROR,new_query
900840,Colchester School District,CT,41.553276849999996,-72.404825,API_ERROR,,,,API_ERROR,new_query
900840,Colchester School District,CT,41.55115065098248,-72.26976184777934,API_ERROR,,,,API_ERROR,new_query
900840,Colchester School District,CT,41.57920342015049,-72.39791170127374,API_ERROR,,,,API_ERROR,new_query
900840,Colchester School District,CT,41.57336705,-72.355301,API_ERROR,,,,API_ERROR,new_query
900840,Colchester School District,CT,41.530474804295935,-72.30046115455895,API_ERROR,,,,API_ERROR,new_query
900840,Colchester School District,CT,41.579289511120386,-72.306201660797,API_ERROR,,,,API_ERROR,new_query
900840,Colchester School District,CT,41.53318665,-72.38006299999999,API_ERROR,,,,API_ERROR,new_query
900840,Colchester School District,CT,41.541177651749734,-72.31841352001616,API_ERROR,,,,API_ERROR,new_query
900840,Colchester School District,CT,41.595127605468754,-72.34933678171348,API_ERROR,,,,API_ERROR,new_query
900840,Colchester School District,CT,41.553276849999996,-72.355301,API_ERROR,,,,API_ERROR,new_query
900840,Colchester School District,CT,41.58341215,-72.330539,API_ERROR,,,,API_ERROR,new_query
900840,Colchester School District,CT,41.563321949999995,-72.454349,API_ERROR,,,,API_ERROR,new_query
900840,Colchester School District,CT,41.57336705,-72.38006299999999,API_ERROR,,,,API_ERROR,new_query
900840,Colchester School District,CT,41.58398067297232,-72.44579893085843,API_ERROR,,,,API_ERROR,new_query
900840,Colchester School District,CT,41.53318665,-72.429587,API_ERROR,,,,API_ERROR,new_query
900840,Colchester School District,CT,41.555261186911885,-72.4281804199762,API_ERROR,,,,API_ERROR,new_query
900840,Colchester School District,CT,41.53420850729455,-72.3974764873128,API_ERROR,,,,API_ERROR,new_query
900840,Colchester School District,CT,41.58269025150298,-72.41600406967291,API_ERROR,,,,API_ERROR,new_query
900840,Colchester School District,CT,41.533163,-72.339598,API_ERROR,,,,API_ERROR,new_query
900840,Colchester School District,CT,41.573844650929395,-72.26367293344839,API_ERROR,,,,API_ERROR,new_query
900840,Colchester School District,CT,41.564934185527335,-72.28323864890977,API_ERROR,,,,API_ERROR,new_query
900840,Colchester School District,CT,41.59618308943443,-72.31444661621933,API_ERROR,,,,API_ERROR,new_query
900840,Colchester School District,CT,41.56240912311993,-72.38915221992293,API_ERROR,,,,API_ERROR,new_query
900840,Colchester School District,CT,41.55918260364368,-72.31072410285017,API_ERROR,,,,API_ERROR,new_query
900840,Colchester School District,CT,41.6134168598884,-72.3220312275173,API_ERROR,,,,API_ERROR,new_query
900840,Colchester School District,CT,41.54582752183925,-72.38573444702816,API_ERROR,,,,API_ERROR,new_query
900840,Colchester School District,CT,41.54639923128474,-72.28713463171768,API_ERROR,,,,API_ERROR,new_query
900840,Colchester School District,CT,41.53713569531161,-72.36731399126877,API_ERROR,,,,API_ERROR,new_query
900840,Colchester School District,CT,41.55180772988605,-72.25736895319872,API_ERROR,,,,API_ERROR,new_query
900840,Colchester School District,CT,41.53626358771603,-72.24874539551902,API_ERROR,,,,API_ERROR,new_query
900840,Colchester School District,CT,41.54323175,-72.330539,API_ERROR,,,,API_ERROR,new_query
900840,Colchester School District,CT,41.56332660656747,-72.27091478888832,API_ERROR,,,,API_ERROR,new_query
900840,Colchester School District,CT,41.58446750919874,-72.2890559104043,API_ERROR,,,,API_ERROR,new_query
900840,Colchester School District,CT,41.52955435672842,-72.28854281925925,API_ERROR,,,,API_ERROR,new_query
900840,Colchester School District,CT,41.57043398907656,-72.29817422429473,API_ERROR,,,,API_ERROR,new_query
900840,Colchester School District,CT,41.583622483769005,-72.34757564750232,API_ERROR,,,,API_ERROR,new_query
900840,Colchester School District,CT,41.58109181822364,-72.37094280533424,API_ERROR,,,,API_ERROR,new_query
900840,Colchester School District,CT,41.557081438357,-72.44151113209449,API_ERROR,,,,API_ERROR,new_query
900840,Colchester School District,CT,41.56258151121864,-72.34968457981755,API_ERROR,,,,API_ERROR,new_query
900840,Colchester School District,CT,41.59345725,-72.38006299999999,API_ERROR,,,,API_ERROR,new_query
900840,Colchester School District,CT,41.58954556144747,-72.39566728276081,API_ERROR,,,,API_ERROR,new_query
900840,Colchester School District,CT,41.55235590100135,-72.24691884936493,API_ERROR,,,,API_ERROR,new_query
900840,Colchester School District,CT,41.56320555210588,-72.40201299811729,API_ERROR,,,,API_ERROR,new_query
900840,Colchester School District,CT,41.56470656658439,-72.36077732090686,API_ERROR,,,,API_ERROR,new_query
900840,Colchester School District,CT,41.57336705,-72.454349,API_ERROR,,,,API_ERROR,new_query
900840,Colchester School District,CT,41.54323175,-72.429587,API_ERROR,,,,API_ERROR,new_query
900840,Colchester School District,CT,41.58341215,-72.429587,API_ERROR,,,,API_ERROR,new_query
900840,Colchester School District,CT,41.54323175,-72.404825,API_ERROR,,,,API_ERROR,new_query
900840,Colchester School District,CT,41.54323175,-72.355301,API_ERROR,,,,API_ERROR,new_query
900840,Colchester School District,CT,41.57336705,-72.330539,API_ERROR,,,,API_ERROR,new_query
900840,Colchester School District,CT,41.59345725,-72.330539,API_ERROR,,,,API_ERROR,new_query
900840,Colchester School District,CT,41.54908294150726,-72.4137607831974,API_ERROR,,,,API_ERROR,new_query
900840,Colchester School District,CT,41.5403417541189,-72.30049697610787,API_ERROR,,,,API_ERROR,new_query
900840,Colchester School District,CT,41.53420997022242,-72.4201026157879,API_ERROR,,,,API_ERROR,new_query
900840,Colchester School District,CT,41.57325399701376,-72.41462791010288,API_ERROR,,,,API_ERROR,new_query
900840,Colchester School District,CT,41.58576951344418,-72.40698667597903,API_ERROR,,,,API_ERROR,new_query
900840,Colchester School District,CT,41.592067963024554,-72.41444442125919,API_ERROR,,,,API_ERROR,new_query
900840,Colchester School District,CT,41.542038136597824,-72.34289295052291,API_ERROR,,,,API_ERROR,new_query
900840,Colchester School District,CT,41.58341215,-72.38006299999999,API_ERROR,,,,API_ERROR,new_query
900840,Colchester School District,CT,41.57764657802026,-72.43894222078691,API_ERROR,,,,API_ERROR,new_query
900840,Colchester School District,CT,41.56334864812915,-72.26183992008197,API_ERROR,,,,API_ERROR,new_query
900840,Colchester School District,CT,41.52314155,-72.305777,API_ERROR,,,,API_ERROR,new_query
900840,Colchester School District,CT,41.57336705,-72.404825,API_ERROR,,,,API_ERROR,new_query
900840,Colchester School District,CT,41.563321949999995,-72.38006299999999,API_ERROR,,,,API_ERROR,new_query
900840,Colchester School District,CT,41.55747227525138,-72.33882268569367,API_ERROR,,,,API_ERROR,new_query
900840,Colchester School District,CT,41.53274481250388,-72.26997867817678,API_ERROR,,,,API_ERROR,new_query
900840,Colchester School District,CT,41.599954499999996,-72.3742059547765,API_ERROR,,,,API_ERROR,new_query
900840,Colchester School District,CT,41.59689950898151,-72.36188896261217,API_ERROR,,,,API_ERROR,new_query
900840,Colchester School District,CT,41.54309757572144,-72.37356268991337,API_ERROR,,,,API_ERROR,new_query
900840,Colchester School District,CT,41.58341215,-72.454349,API_ERROR,,,,API_ERROR,new_query
900840,Colchester School District,CT,41.55402197562193,-72.34658516565213,API_ERROR,,,,API_ERROR,new_query
900840,Colchester School District,CT,41.5263925,-72.42449775,API_ERROR,,,,API_ERROR,new_query
900840,Colchester School District,CT,41.568617178118906,-72.37312298924574,API_ERROR,,,,API_ERROR,new_query
900840,Colchester School District,CT,41.553276849999996,-72.330539,API_ERROR,,,,API_ERROR,new_query
900840,Colchester School District,CT,41.58580963181823,-72.33967122311974,API_ERROR,,,,API_ERROR,new_query
900840,Colchester School District,CT,41.563321949999995,-72.429587,API_ERROR,,,,API_ERROR,new_query
900840,Colchester School District,CT,41.567771025978914,-72.39535181226871,API_ERROR,,,,API_ERROR,new_query
900840,Colchester School District,CT,41.56558112571835,-72.33795477249308,API_ERROR,,,,API_ERROR,new_query
900840,Colchester School District,CT,41.55391548256972,-72.28428404525829,API_ERROR,,,,API_ERROR,new_query
900840,Colchester School District,CT,41.55380283819983,-72.38660195122864,API_ERROR,,,,API_ERROR,new_query
900840,Colchester School District,CT,41.59345725,-72.404825,API_ERROR,,,,API_ERROR,new_query
900840,Colchester School District,CT,41.54400082319988,-72.3969392181088,API_ERROR,,,,API_ERROR,new_query
900840,Colchester School District,CT,41.52815265898993,-72.39238085526819,API_ERROR,,,,API_ERROR,new_query
900840,Colchester School District,CT,41.55426731962163,-72.41973645678067,API_ERROR,,,,API_ERROR,new_query
900840,Colchester School District,CT,41.60142338779179,-72.32292388673208,API_ERROR,,,,API_ERROR,new_query
900840,Colchester School District,CT,41.58341215,-72.355301,API_ERROR,,,,API_ERROR,new_query
900840,Colchester School District,CT,41.551284024395734,-72.3627623401581,API_ERROR,,,,API_ERROR,new_query
900840,Colchester School District,CT,41.53524388419139,-72.29355411324596,API_ERROR,,,,API_ERROR,new_query
900840,Colchester School District,CT,41.5399515943767,-72.39047340886434,API_ERROR,,,,API_ERROR,new_query
900840,Colchester School District,CT,41.56079068776857,-72.29539980254019,API_ERROR,,,,API_ERROR,new_query
900840,Colchester School District,CT,41.53318665,-72.404825,API_ERROR,,,,API_ERROR,new_query
900840,Colchester School District,CT,41.52475447410444,-72.29392042351029,API_ERROR,,,,API_ERROR,new_query
900840,Colchester School District,CT,41.57155000773613,-72.27957657703186,API_ERROR,,,,API_ERROR,new_query
900840,Colchester School District,CT,41.589513,-72.42111700000001,API_ERROR,,,,API_ERROR,new_query
900840,Colchester School District,CT,41.58753181629812,-72.3644492459439,API_ERROR,,,,API_ERROR,new_query
900840,Colchester School District,CT,41.557453271877,-72.37007693889817,API_ERROR,,,,API_ERROR,new_query
900840,Colchester School District,CT,41.573663779332826,-72.27043305837793,API_ERROR,,,,API_ERROR,new_query
900840,Colchester School District,CT,41.54765819724774,-72.26252731187057,API_ERROR,,,,API_ERROR,new_query
900840,Colchester School District,CT,41.53605852381722,-72.41383590053803,API_ERROR,,,,API_ERROR,new_query
900840,Colchester School District,CT,41.55111946898865,-72.43910887978608,API_ERROR,,,,API_ERROR,new_query
900840,Colchester School District,CT,41.579832701161244,-72.40453771673484,API_ERROR,,,,API_ERROR,new_query
900840,Colchester School District,CT,41.60029019132078,-72.30732645470205,API_ERROR,,,,API_ERROR,new_query
900840,Colchester School District,CT,41.58412084203382,-72.43591262125285,API_ERROR,,,,API_ERROR,new_query
900840,Colchester School District,CT,41.54323175,-72.38006299999999,API_ERROR,,,,API_ERROR,new_query
900840,Colchester School District,CT,41.59345725,-72.355301,API_ERROR,,,,API_ERROR,new_query
900840,Colchester School District,CT,41.58117908206632,-72.27277253170762,API_ERROR,,,,API_ERROR,new_query
900840,Colchester School District,CT,41.533576753448735,-72.30558534134924,API_ERROR,,,,API_ERROR,new_query
900840,Colchester School District,CT,41.57913353954995,-72.45038024790239,API_ERROR,,,,API_ERROR,new_query
900840,Colchester School District,CT,41.563321949999995,-72.355301,API_ERROR,,,,API_ERROR,new_query
900840,Colchester School District,CT,41.60204319998113,-72.31733086818791,API_ERROR,,,,API_ERROR,new_query
900840,Colchester School District,CT,41.58566667123461,-72.3916237787199,API_ERROR,,,,API_ERROR,new_query
900840,Colchester School District,CT,41.53761489728263,-72.37682540356123,API_ERROR,,,,API_ERROR,new_query
900840,Colchester School District,CT,41.53383414695582,-72.27532997316933,API_ERROR,,,,API_ERROR,new_query
900840,Colchester School District,CT,41.57862489788095,-72.33313123908361,API_ERROR,,,,API_ERROR,new_query
900840,Colchester School District,CT,41.5532835,-72.44521,API_ERROR,,,,API_ERROR,new_query
900840,Colchester School District,CT,41.530449558615466,-72.29447101949367,API_ERROR,,,,API_ERROR,new_query
900840,Colchester School District,CT,41.57941197275857,-72.38275953020768,API_ERROR,,,,API_ERROR,new_query
900840,Colchester School District,CT,41.54745479632126,-72.40690626637657,API_ERROR,,,,API_ERROR,new_query
900840,Colchester School District,CT,41.58156351272806,-72.31031960557128,API_ERROR,,,,API_ERROR,new_query
900840,Colchester School District,CT,41.54812390590719,-72.24498577041153,API_ERROR,,,,API_ERROR,new_query
900840,Colchester School District,CT,41.56889292853738,-72.3627064529102,API_ERROR,,,,API_ERROR,new_query
900840,Colchester School District,CT,41.55796543646137,-72.29180119535975,API_ERROR,,,,API_ERROR,new_query
900840,Colchester School District,CT,41.54103724504824,-72.42562685559379,API_ERROR,,,,API_ERROR,new_query
900840,Colchester School District,CT,41.54982395526448,-72.42040576607793,API_ERROR,,,,API_ERROR,new_query
900840,Colchester School District,CT,41.57055564552439,-72.38354494099913,API_ERROR,,,,API_ERROR,new_query
900840,Colchester School District,CT,41.58485259731243,-72.45016796945214,API_ERROR,,,,API_ERROR,new_query
900840,Colchester School District,CT,41.5237685,-72.32060675,API_ERROR,,,,API_ERROR,new_query
900840,Colchester School District,CT,41.5752022222703,-72.27455148013348,API_ERROR,,,,API_ERROR,new_query
900840,Colchester School District,CT,41.533352151601136,-72.3652294993005,API_ERROR,,,,API_ERROR,new_query
900840,Colchester School District,CT,41.55478503283862,-72.43685217500342,API_ERROR,,,,API_ERROR,new_query
900840,Colchester School District,CT,41.57758365034905,-72.35511032584668,API_ERROR,,,,API_ERROR,new_query
900840,Colchester School District,CT,41.53449406235955,-72.37060539472694,API_ERROR,,,,API_ERROR,new_query
900840,Colchester School District,CT,41.598988,-72.34780624999999,API_ERROR,,,,API_ERROR,new_query
900840,Colchester School District,CT,41.55881214763181,-72.44521276713171,API_ERROR,,,,API_ERROR,new_query
4817880,East Chambers ISD,TX,29.797547210661534,-94.51183935266984,API_ERROR,,,,API_ERROR,new_query
4817880,East Chambers ISD,TX,29.60697261581087,-94.36367588725395,API_ERROR,,,,API_ERROR,new_query
4817880,East Chambers ISD,TX,29.762064418075866,-94.36414332273169,API_ERROR,,,,API_ERROR,new_query
4817880,East Chambers ISD,TX,29.875972674388237,-94.41184246024898,API_ERROR,,,,API_ERROR,new_query
4817880,East Chambers ISD,TX,29.689970859316624,-94.45866470512897,API_ERROR,,,,API_ERROR,new_query
4817880,East Chambers ISD,TX,29.889829299928206,-94.50746633336135,API_ERROR,,,,API_ERROR,new_query
4817880,East Chambers ISD,TX,29.772680081991506,-94.4397493277906,API_ERROR,,,,API_ERROR,new_query
4817880,East Chambers ISD,TX,29.69322121856066,-94.37642630501504,API_ERROR,,,,API_ERROR,new_query
4817880,East Chambers ISD,TX,29.82566622304915,-94.36930897108297,API_ERROR,,,,API_ERROR,new_query
4817880,East Chambers ISD,TX,29.63703469650573,-94.42329717165246,API_ERROR,,,,API_ERROR,new_query
4817880,East Chambers ISD,TX,29.847199409577126,-94.46527567929554,API_ERROR,,,,API_ERROR,new_query
4817880,East Chambers ISD,TX,29.738845585958924,-94.47770750168684,API_ERROR,,,,API_ERROR,new_query
4817880,East Chambers ISD,TX,29.727292087559423,-94.41898965220246,API_ERROR,,,,API_ERROR,new_query
4817880,East Chambers ISD,TX,29.831372755818823,-94.42245028130591,API_ERROR,,,,API_ERROR,new_query
4817880,East Chambers ISD,TX,29.847199409577126,-94.51665395418507,API_ERROR,,,,API_ERROR,new_query
4817880,East Chambers ISD,TX,29.648368503482747,-94.37559063392634,API_ERROR,,,,API_ERROR,new_query
4817880,East Chambers ISD,TX,29.88761542488201,-94.45397773572785,API_ERROR,,,,API_ERROR,new_query
4817880,East Chambers ISD,TX,29.67623704788563,-94.41389740440603,API_ERROR,,,,API_ERROR,new_query
4817880,East Chambers ISD,TX,29.777999317889293,-94.39847216089474,API_ERROR,,,,API_ERROR,new_query
4817880,East Chambers ISD,TX,29.783503659167234,-94.47784923659837,API_ERROR,,,,API_ERROR,new_query
4817880,East Chambers ISD,TX,29.653565,-94.45930181674032,API_ERROR,,,,API_ERROR,new_query
4817880,East Chambers ISD,TX,29.727326304019666,-94.36210214284567,API_ERROR,,,,API_ERROR,new_query
4817880,East Chambers ISD,TX,29.82030839155254,-94.48684346799456,API_ERROR,,,,API_ERROR,new_query
4817880,East Chambers ISD,TX,29.79403665217023,-94.36419319235041,API_ERROR,,,,API_ERROR,new_query
4817880,East Chambers ISD,TX,29.733224501782793,-94.44814958766571,API_ERROR,,,,API_ERROR,new_query
4817880,East Chambers ISD,TX,29.875693136525708,-94.48240177092539,API_ERROR,,,,API_ERROR,new_query
4817880,East Chambers ISD,TX,29.743795195265047,-94.39542632466011,API_ERROR,,,,API_ERROR,new_query
4817880,East Chambers ISD,TX,29.818705682628543,-94.44814958766571,API_ERROR,,,,API_ERROR,new_query
4817880,East Chambers ISD,TX,29.816767085748207,-94.39780791223136,API_ERROR,,,,API_ERROR,new_query
4817880,East Chambers ISD,TX,29.860102861126023,-94.43448614086797,API_ERROR,,,,API_ERROR,new_query
4817880,East Chambers ISD,TX,29.761368940158484,-94.46338804978923,API_ERROR,,,,API_ERROR,new_query
4817880,East Chambers ISD,TX,29.851629372479323,-94.40371529407864,API_ERROR,,,,API_ERROR,new_query
4817880,East Chambers ISD,TX,29.70473077483421,-94.43102349603586,API_ERROR,,,,API_ERROR,new_query
4817880,East Chambers ISD,TX,29.821513050354568,-94.51471249171581,API_ERROR,,,,API_ERROR,new_query
4817880,East Chambers ISD,TX,29.72159291356941,-94.38728759033846,API_ERROR,,,,API_ERROR,new_query
4817880,East Chambers ISD,TX,29.848088434994533,-94.372978986257,API_ERROR,,,,API_ERROR,new_query
4817880,East Chambers ISD,TX,29.76171822873138,-94.41389740440603,API_ERROR,,,,API_ERROR,new_query
4817880,East Chambers ISD,TX,29.796103545789073,-94.38622149987265,API_ERROR,,,,API_ERROR,new_query
4817880,East Chambers ISD,TX,29.85119731024337,-94.48657747472988,API_ERROR,,,,API_ERROR,new_query
4817880,East Chambers ISD,TX,29.789588890542863,-94.45321724241666,API_ERROR,,,,API_ERROR,new_query
4817880,East Chambers ISD,TX,29.661531336899333,-94.39815626541356,API_ERROR,,,,API_ERROR,new_query
4817880,East Chambers ISD,TX,29.700674158906917,-94.39654914287283,API_ERROR,,,,API_ERROR,new_query
4817880,East Chambers ISD,TX,29.67189770185277,-94.37538355144629,API_ERROR,,,,API_ERROR,new_query
4817880,East Chambers ISD,TX,29.869219001821964,-94.50965024406105,API_ERROR,,,,API_ERROR,new_query
4817880,East Chambers ISD,TX,29.626284107945033,-94.35671791319645,API_ERROR,,,,API_ERROR,new_query
4817880,East Chambers ISD,TX,29.812466963986733,-94.427959761697,API_ERROR,,,,API_ERROR,new_query
4817880,East Chambers ISD,TX,29.79021195567996,-94.41389740440603,API_ERROR,,,,API_ERROR,new_query
4817880,East Chambers ISD,TX,29.645732343090216,-94.44177645994321,API_ERROR,,,,API_ERROR,new_query
4817880,East Chambers ISD,TX,29.753991314167784,-94.43541118602806,API_ERROR,,,,API_ERROR,new_query
4817880,East Chambers ISD,TX,29.714410586445688,-94.45063751199297,API_ERROR,,,,API_ERROR,new_query
4817880,East Chambers ISD,TX,29.800669105412236,-94.49346201651565,API_ERROR,,,,API_ERROR,new_query
4817880,East Chambers ISD,TX,29.68666660329999,-94.43428865931524,API_ERROR,,,,API_ERROR,new_query
4817880,East Chambers ISD,TX,29.869754171146898,-94.45782087097027,API_ERROR,,,,API_ERROR,new_query
4817880,East Chambers ISD,TX,29.7105166333168,-94.36710859216225,API_ERROR,,,,API_ERROR,new_query
4817880,East Chambers ISD,TX,29.830217660147778,-94.46965958818451,API_ERROR,,,,API_ERROR,new_query
4817880,East Chambers ISD,TX,29.6309851914374,-94.37776956899116,API_ERROR,,,,API_ERROR,new_query
4817880,East Chambers ISD,TX,29.67623704788563,-94.44814958766571,API_ERROR,,,,API_ERROR,new_query
4817880,East Chambers ISD,TX,29.847199409577126,-94.44814958766571,API_ERROR,,,,API_ERROR,new_query
4817880,East Chambers ISD,TX,29.79021195567996,-94.43102349603586,API_ERROR,,,,API_ERROR,new_query
4817880,East Chambers ISD,TX,29.70473077483421,-94.41389740440603,API_ERROR,,,,API_ERROR,new_query
4817880,East Chambers ISD,TX,29.879591881241797,-94.39574475335368,API_ERROR,,,,API_ERROR,new_query
4817880,East Chambers ISD,TX,29.743687948084503,-94.41774870838296,API_ERROR,,,,API_ERROR,new_query
4817880,East Chambers ISD,TX,29.684351161870936,-94.39555278725052,API_ERROR,,,,API_ERROR,new_query
4817880,East Chambers ISD,TX,29.87883453257236,-94.44054638343165,API_ERROR,,,,API_ERROR,new_query
4817880,East Chambers ISD,TX,29.78083532835131,-94.37299954389366,API_ERROR,,,,API_ERROR,new_query
4817880,East Chambers ISD,TX,29.858561630078043,-94.41914057883608,API_ERROR,,,,API_ERROR,new_query
4817880,East Chambers ISD,TX,29.81116646911883,-94.38295675791801,API_ERROR,,,,API_ERROR,new_query
4817880,East Chambers ISD,TX,29.75537598299494,-94.37786764368485,API_ERROR,,,,API_ERROR,new_query
4817880,East Chambers ISD,TX,29.666136056391807,-94.42517858412657,API_ERROR,,,,API_ERROR,new_query
4817880,East Chambers ISD,TX,29.631958261248016,-94.43714682302924,API_ERROR,,,,API_ERROR,new_query
4817880,East Chambers ISD,TX,29.761542,-94.47775886255523,API_ERROR,,,,API_ERROR,new_query
4817880,East Chambers ISD,TX,29.647743320937046,-94.41389740440603,API_ERROR,,,,API_ERROR,new_query
4817880,East Chambers ISD,TX,29.878823636804015,-94.49607968427848,API_ERROR,,,,API_ERROR,new_query
4817880,East Chambers ISD,TX,29.709112831786626,-94.38097803888908,API_ERROR,,,,API_ERROR,new_query
4817880,East Chambers ISD,TX,29.76171822873138,-94.44814958766571,API_ERROR,,,,API_ERROR,new_query
4817880,East Chambers ISD,TX,29.860821999179226,-94.52056710082542,API_ERROR,,,,API_ERROR,new_query
4817880,East Chambers ISD,TX,29.704808999999997,-94.4605018167403,API_ERROR,,,,API_ERROR,new_query
4817880,East Chambers ISD,TX,29.866300933522297,-94.39925804511094,API_ERROR,,,,API_ERROR,new_query
4817880,East Chambers ISD,TX,29.85825757642028,-94.50147591291379,API_ERROR,,,,API_ERROR,new_query
4817880,East Chambers ISD,TX,29.803463504901888,-94.48010531642356,API_ERROR,,,,API_ERROR,new_query
4817880,East Chambers ISD,TX,29.733224501782793,-94.46527567929554,API_ERROR,,,,API_ERROR,new_query
4817880,East Chambers ISD,TX,29.735600796083055,-94.37294007696345,API_ERROR,,,,API_ERROR,new_query
4817880,East Chambers ISD,TX,29.829067083173587,-94.40332484956521,API_ERROR,,,,API_ERROR,new_query
4817880,East Chambers ISD,TX,29.733224501782793,-94.43102349603586,API_ERROR,,,,API_ERROR,new_query
4817880,East Chambers ISD,TX,29.847199409577126,-94.43102349603586,API_ERROR,,,,API_ERROR,new_query
4817880,East Chambers ISD,TX,29.84069587073859,-94.41326226543512,API_ERROR,,,,API_ERROR,new_query
4817880,East Chambers ISD,TX,29.74890386977695,-94.44754295268702,API_ERROR,,,,API_ERROR,new_query
4817880,East Chambers ISD,TX,29.818705682628543,-94.49952786255524,API_ERROR,,,,API_ERROR,new_query
4817880,East Chambers ISD,TX,29.7629079061909,-94.40147536927093,API_ERROR,,,,API_ERROR,new_query
4817880,East Chambers ISD,TX,29.818705682628543,-94.46527567929554,API_ERROR,,,,API_ERROR,new_query
4817880,East Chambers ISD,TX,29.79021195567996,-94.46527567929554,API_ERROR,,,,API_ERROR,new_query
4817880,East Chambers ISD,TX,29.859926737928497,-94.45104249326454,API_ERROR,,,,API_ERROR,new_query
4817880,East Chambers ISD,TX,29.72142873286047,-94.40890945303161,API_ERROR,,,,API_ERROR,new_query
4817880,East Chambers ISD,TX,29.77838462561583,-94.41004947058873,API_ERROR,,,,API_ERROR,new_query
4817880,East Chambers ISD,TX,29.8357215387912,-94.47972027095727,API_ERROR,,,,API_ERROR,new_query
4817880,East Chambers ISD,TX,29.77830115664944,-94.45146622705472,API_ERROR,,,,API_ERROR,new_query
4817880,East Chambers ISD,TX,29.70446742812487,-94.44519380951094,API_ERROR,,,,API_ERROR,new_query
4817880,East Chambers ISD,TX,29.781629223064908,-94.42375007306512,API_ERROR,,,,API_ERROR,new_query
4817880,East Chambers ISD,TX,29.847199409577126,-94.49952786255524,API_ERROR,,,,API_ERROR,new_query
4817880,East Chambers ISD,TX,29.6765455,-94.45918681674031,API_ERROR,,,,API_ERROR,new_query
4817880,East Chambers ISD,TX,29.655915400612013,-94.44603591635888,API_ERROR,,,,API_ERROR,new_query
4817880,East Chambers ISD,TX,29.715654822785833,-94.42959949313348,API_ERROR,,,,API_ERROR,new_query
4817880,East Chambers ISD,TX,29.647743320937046,-94.43102349603586,API_ERROR,,,,API_ERROR,new_query
4817880,East Chambers ISD,TX,29.67623704788563,-94.43102349603586,API_ERROR,,,,API_ERROR,new_query
4817880,East Chambers ISD,TX,29.751503426200703,-94.40280897789492,API_ERROR,,,,API_ERROR,new_query
4817880,East Chambers ISD,TX,29.8677482535125,-94.4418255220189,API_ERROR,,,,API_ERROR,new_query
4817880,East Chambers ISD,TX,29.868371614392085,-94.49639247764605,API_ERROR,,,,API_ERROR,new_query
4817880,East Chambers ISD,TX,29.63288895317151,-94.41389740440601,API_ERROR,,,,API_ERROR,new_query
4817880,East Chambers ISD,TX,29.884742156244823,-94.47765498316032,API_ERROR,,,,API_ERROR,new_query
4817880,East Chambers ISD,TX,29.875693136525708,-94.43102349603586,API_ERROR,,,,API_ERROR,new_query
4817880,East Chambers ISD,TX,29.875693136525708,-94.51665395418507,API_ERROR,,,,API_ERROR,new_query
4817880,East Chambers ISD,TX,29.875693136525708,-94.46527567929554,API_ERROR,,,,API_ERROR,new_query
4817880,East Chambers ISD,TX,29.67526425387907,-94.39823826120683,API_ERROR,,,,API_ERROR,new_query
4817880,East Chambers ISD,TX,29.756593690257453,-94.38722293649423,API_ERROR,,,,API_ERROR,new_query
4817880,East Chambers ISD,TX,29.830523997311456,-94.41234683261189,API_ERROR,,,,API_ERROR,new_query
4817880,East Chambers ISD,TX,29.76171822873138,-94.43102349603586,API_ERROR,,,,API_ERROR,new_query
4817880,East Chambers ISD,TX,29.77012275897145,-94.46238128758827,API_ERROR,,,,API_ERROR,new_query
4817880,East Chambers ISD,TX,29.781365782542075,-94.43838216490771,API_ERROR,,,,API_ERROR,new_query
4817880,East Chambers ISD,TX,29.840109437819734,-94.47046598838912,API_ERROR,,,,API_ERROR,new_query
4817880,East Chambers ISD,TX,29.776229166048864,-94.38986762980252,API_ERROR,,,,API_ERROR,new_query
4817880,East Chambers ISD,TX,29.8385097608067,-94.51749095798709,API_ERROR,,,,API_ERROR,new_query
4817880,East Chambers ISD,TX,29.766188738537874,-94.37165446565194,API_ERROR,,,,API_ERROR,new_query
4817880,East Chambers ISD,TX,29.834153542525314,-94.37018504421526,API_ERROR,,,,API_ERROR,new_query
4817880,East Chambers ISD,TX,29.770667493924428,-94.43148043202248,API_ERROR,,,,API_ERROR,new_query
4817880,East Chambers ISD,TX,29.840408943662048,-94.37646866822188,API_ERROR,,,,API_ERROR,new_query
4817880,East Chambers ISD,TX,29.867973303482476,-94.40945330614355,API_ERROR,,,,API_ERROR,new_query
4817880,East Chambers ISD,TX,29.731188281051992,-94.37999560767706,API_ERROR,,,,API_ERROR,new_query
4817880,East Chambers ISD,TX,29.856405690515075,-94.39697284929605,API_ERROR,,,,API_ERROR,new_query
4817880,East Chambers ISD,TX,29.875693136525708,-94.44814958766571,API_ERROR,,,,API_ERROR,new_query
4817880,East Chambers ISD,TX,29.796249642688164,-94.48658136685575,API_ERROR,,,,API_ERROR,new_query
4817880,East Chambers ISD,TX,29.753635298338224,-94.36992359771413,API_ERROR,,,,API_ERROR,new_query
4817880,East Chambers ISD,TX,29.84792973298107,-94.50857442015679,API_ERROR,,,,API_ERROR,new_query
4817880,East Chambers ISD,TX,29.840685332282565,-94.40517584110064,API_ERROR,,,,API_ERROR,new_query
4817880,East Chambers ISD,TX,29.71714757955343,-94.3627724326824,API_ERROR,,,,API_ERROR,new_query
4817880,East Chambers ISD,TX,29.733224501782793,-94.41389740440603,API_ERROR,,,,API_ERROR,new_query
4817880,East Chambers ISD,TX,29.812565024793386,-94.48713974328322,API_ERROR,,,,API_ERROR,new_query
4817880,East Chambers ISD,TX,29.70060328963975,-94.43875472632243,API_ERROR,,,,API_ERROR,new_query
4817880,East Chambers ISD,TX,29.82051139493651,-94.45806431922787,API_ERROR,,,,API_ERROR,new_query
4817880,East Chambers ISD,TX,29.760933034109723,-94.42118754109688,API_ERROR,,,,API_ERROR,new_query
4817880,East Chambers ISD,TX,29.867225979699416,-94.44905511747596,API_ERROR,,,,API_ERROR,new_query
4817880,East Chambers ISD,TX,29.876137189336415,-94.40475481167375,API_ERROR,,,,API_ERROR,new_query
4817880,East Chambers ISD,TX,29.7513668177119,-94.45414433080266,API_ERROR,,,,API_ERROR,new_query
4817880,East Chambers ISD,TX,29.64174969325745,-94.43471088657886,API_ERROR,,,,API_ERROR,new_query
4817880,East Chambers ISD,TX,29.818705682628543,-94.43102349603586,API_ERROR,,,,API_ERROR,new_query
4817880,East Chambers ISD,TX,29.682042272511826,-94.42738791183784,API_ERROR,,,,API_ERROR,new_query
4817880,East Chambers ISD,TX,29.797750522641525,-94.49952786255523,API_ERROR,,,,API_ERROR,new_query
4817880,East Chambers ISD,TX,29.698802566449974,-94.38018031995776,API_ERROR,,,,API_ERROR,new_query
4817880,East Chambers ISD,TX,29.77166622501724,-94.40056817192642,API_ERROR,,,,API_ERROR,new_query
4817880,East Chambers ISD,TX,29.86367506176417,-94.51302521091608,API_ERROR,,,,API_ERROR,new_query
4817880,East Chambers ISD,TX,29.69481803324225,-94.37021812284159,API_ERROR,,,,API_ERROR,new_query
624480,Mendocino Unified,CA,39.23379789655227,-123.77778411431709,API_ERROR,,,,API_ERROR,new_query
624480,Mendocino Unified,CA,39.250889997516296,-123.33238858851131,API_ERROR,,,,API_ERROR,new_query
624480,Mendocino Unified,CA,38.987269328057884,-123.55131621365025,API_ERROR,,,,API_ERROR,new_query
624480,Mendocino Unified,CA,39.39353976829933,-123.54883115791515,API_ERROR,,,,API_ERROR,new_query
624480,Mendocino Unified,CA,39.189267,-123.54696475941869,API_ERROR,,,,API_ERROR,new_query
624480,Mendocino Unified,CA,39.09966340105376,-123.69121170932209,API_ERROR,,,,API_ERROR,new_query
624480,Mendocino Unified,CA,39.37794112456787,-123.69446800430686,API_ERROR,,,,API_ERROR,new_query
624480,Mendocino Unified,CA,39.35326602246564,-123.81905091948026,API_ERROR,,,,API_ERROR,new_query
624480,Mendocino Unified,CA,39.261437199999996,-123.64906109693808,API_ERROR,,,,API_ERROR,new_query
624480,Mendocino Unified,CA,39.272197203320815,-123.45423395720115,API_ERROR,,,,API_ERROR,new_query
624480,Mendocino Unified,CA,39.090143509093444,-123.58354847457947,API_ERROR,,,,API_ERROR,new_query
624480,Mendocino Unified,CA,39.304908,-123.54696475941869,API_ERROR,,,,API_ERROR,new_query
624480,Mendocino Unified,CA,39.1744956,-123.64906109693808,API_ERROR,,,,API_ERROR,new_query
624480,Mendocino Unified,CA,39.34824043158523,-123.61662833794541,API_ERROR,,,,API_ERROR,new_query
624480,Mendocino Unified,CA,39.19694018266045,-123.4436874186874,API_ERROR,,,,API_ERROR,new_query
624480,Mendocino Unified,CA,39.304908,-123.7511574344575,API_ERROR,,,,API_ERROR,new_query
624480,Mendocino Unified,CA,39.212121123451766,-123.70669521341026,API_ERROR,,,,API_ERROR,new_query
624480,Mendocino Unified,CA,39.14720039956235,-123.73163203833103,API_ERROR,,,,API_ERROR,new_query
624480,Mendocino Unified,CA,39.21882487145918,-123.60369405596373,API_ERROR,,,,API_ERROR,new_query
624480,Mendocino Unified,CA,39.370810500000005,-123.76190375941867,API_ERROR,,,,API_ERROR,new_query
624480,Mendocino Unified,CA,39.25318573845978,-123.5054612282236,API_ERROR,,,,API_ERROR,new_query
624480,Mendocino Unified,CA,39.271624242327164,-123.5958787899421,API_ERROR,,,,API_ERROR,new_query
624480,Mendocino Unified,CA,39.40076590990756,-123.62465071216796,API_ERROR,,,,API_ERROR,new_query
624480,Mendocino Unified,CA,39.2515833348929,-123.38507199269984,API_ERROR,,,,API_ERROR,new_query
624480,Mendocino Unified,CA,39.18195112724947,-123.49622543877585,API_ERROR,,,,API_ERROR,new_query
624480,Mendocino Unified,CA,39.0436545,-123.56233017189928,API_ERROR,,,,API_ERROR,new_query
624480,Mendocino Unified,CA,39.304908,-123.8022056032172,API_ERROR,,,,API_ERROR,new_query
624480,Mendocino Unified,CA,39.304908,-123.70010926569779,API_ERROR,,,,API_ERROR,new_query
624480,Mendocino Unified,CA,39.12759523446396,-123.63151059842494,API_ERROR,,,,API_ERROR,new_query
624480,Mendocino Unified,CA,39.022492400000004,-123.51701678304285,API_ERROR,,,,API_ERROR,new_query
624480,Mendocino Unified,CA,39.23768556227732,-123.55101916081742,API_ERROR,,,,API_ERROR,new_query
624480,Mendocino Unified,CA,39.261437199999996,-123.70010926569779,API_ERROR,,,,API_ERROR,new_query
624480,Mendocino Unified,CA,39.304908,-123.64906109693808,API_ERROR,,,,API_ERROR,new_query
624480,Mendocino Unified,CA,39.3483788,-123.54696475941869,API_ERROR,,,,API_ERROR,new_query
624480,Mendocino Unified,CA,39.217966399999995,-123.64906109693808,API_ERROR,,,,API_ERROR,new_query
624480,Mendocino Unified,CA,39.18690410856186,-123.74896800124552,API_ERROR,,,,API_ERROR,new_query
624480,Mendocino Unified,CA,39.347876394695675,-123.66465858711553,API_ERROR,,,,API_ERROR,new_query
624480,Mendocino Unified,CA,39.31782847783941,-123.5904399090516,API_ERROR,,,,API_ERROR,new_query
624480,Mendocino Unified,CA,39.38212989480424,-123.59005760413794,API_ERROR,,,,API_ERROR,new_query
624480,Mendocino Unified,CA,39.261437199999996,-123.7511574344575,API_ERROR,,,,API_ERROR,new_query
624480,Mendocino Unified,CA,39.1744956,-123.70010926569779,API_ERROR,,,,API_ERROR,new_query
624480,Mendocino Unified,CA,39.404925686464246,-123.66765504512638,API_ERROR,,,,API_ERROR,new_query
624480,Mendocino Unified,CA,39.0900515,-123.6281482562791,API_ERROR,,,,API_ERROR,new_query
624480,Mendocino Unified,CA,39.347559295240025,-123.73236365430937,API_ERROR,,,,API_ERROR,new_query
624480,Mendocino Unified,CA,39.329175983869014,-123.51538325743674,API_ERROR,,,,API_ERROR,new_query
624480,Mendocino Unified,CA,39.243520192837444,-123.43094472249034,API_ERROR,,,,API_ERROR,new_query
624480,Mendocino Unified,CA,39.273462182483804,-123.41211397162621,API_ERROR,,,,API_ERROR,new_query
624480,Mendocino Unified,CA,39.216235100301006,-123.49178933135859,API_ERROR,,,,API_ERROR,new_query
624480,Mendocino Unified,CA,39.1310248,-123.59801292817838,API_ERROR,,,,API_ERROR,new_query
624480,Mendocino Unified,CA,39.1310248,-123.70010926569779,API_ERROR,,,,API_ERROR,new_query
624480,Mendocino Unified,CA,39.2689375450423,-123.35822162277694,API_ERROR,,,,API_ERROR,new_query
624480,Mendocino Unified,CA,39.217966399999995,-123.7511574344575,API_ERROR,,,,API_ERROR,new_query
624480,Mendocino Unified,CA,39.1887095,-123.59801292817838,API_ERROR,,,,API_ERROR,new_query
624480,Mendocino Unified,CA,39.27876233609503,-123.67379003811583,API_ERROR,,,,API_ERROR,new_query
624480,Mendocino Unified,CA,39.20583181541042,-123.57213108025975,API_ERROR,,,,API_ERROR,new_query
624480,Mendocino Unified,CA,39.3483788,-123.70010926569779,API_ERROR,,,,API_ERROR,new_query
624480,Mendocino Unified,CA,39.37112460732147,-123.79494246275267,API_ERROR,,,,API_ERROR,new_query
624480,Mendocino Unified,CA,39.247723464126075,-123.4761440478605,API_ERROR,,,,API_ERROR,new_query
624480,Mendocino Unified,CA,39.32793374836094,-123.7850559090302,API_ERROR,,,,API_ERROR,new_query
624480,Mendocino Unified,CA,39.319697530912954,-123.61937344773112,API_ERROR,,,,API_ERROR,new_query
624480,Mendocino Unified,CA,39.274252716778115,-123.52473272910937,API_ERROR,,,,API_ERROR,new_query
624480,Mendocino Unified,CA,39.01114014371755,-123.566833905069,API_ERROR,,,,API_ERROR,new_query
624480,Mendocino Unified,CA,39.34514961127266,-123.58476629250174,API_ERROR,,,,API_ERROR,new_query
624480,Mendocino Unified,CA,39.26137039554017,-123.78198011182354,API_ERROR,,,,API_ERROR,new_query
624480,Mendocino Unified,CA,39.32066721379816,-123.72535992082909,API_ERROR,,,,API_ERROR,new_query
624480,Mendocino Unified,CA,39.27402962615406,-123.7245515823605,API_ERROR,,,,API_ERROR,new_query
624480,Mendocino Unified,CA,39.28881421709209,-123.57460661101781,API_ERROR,,,,API_ERROR,new_query
624480,Mendocino Unified,CA,39.23751151771776,-123.62329073597043,API_ERROR,,,,API_ERROR,new_query
624480,Mendocino Unified,CA,39.27303115230671,-123.48786890814709,API_ERROR,,,,API_ERROR,new_query
624480,Mendocino Unified,CA,39.28283201454113,-123.63522510786069,API_ERROR,,,,API_ERROR,new_query
624480,Mendocino Unified,CA,39.01619612408452,-123.54186309900871,API_ERROR,,,,API_ERROR,new_query
624480,Mendocino Unified,CA,39.33870426239671,-123.64094984813728,API_ERROR,,,,API_ERROR,new_query
624480,Mendocino Unified,CA,39.145691583113155,-123.6489872475072,API_ERROR,,,,API_ERROR,new_query
624480,Mendocino Unified,CA,39.261437199999996,-123.54696475941869,API_ERROR,,,,API_ERROR,new_query
624480,Mendocino Unified,CA,38.9994515,-123.51925983751941,API_ERROR,,,,API_ERROR,new_query
624480,Mendocino Unified,CA,39.109853161756256,-123.60723688761745,API_ERROR,,,,API_ERROR,new_query
624480,Mendocino Unified,CA,39.22665341241934,-123.51228266166228,API_ERROR,,,,API_ERROR,new_query
624480,Mendocino Unified,CA,39.291240523342616,-123.60763919451071,API_ERROR,,,,API_ERROR,new_query
624480,Mendocino Unified,CA,39.20981652203482,-123.72980870943013,API_ERROR,,,,API_ERROR,new_query
624480,Mendocino Unified,CA,39.3918496,-123.64906109693808,API_ERROR,,,,API_ERROR,new_query
624480,Mendocino Unified,CA,39.183936491628984,-123.57319028697381,API_ERROR,,,,API_ERROR,new_query
624480,Mendocino Unified,CA,39.36972750205652,-123.54250361643116,API_ERROR,,,,API_ERROR,new_query
624480,Mendocino Unified,CA,39.26553030870475,-123.43365661565356,API_ERROR,,,,API_ERROR,new_query
624480,Mendocino Unified,CA,39.3083188819302,-123.77598523211988,API_ERROR,,,,API_ERROR,new_query
624480,Mendocino Unified,CA,39.197371410089914,-123.65500082834521,API_ERROR,,,,API_ERROR,new_query
624480,Mendocino Unified,CA,39.23904340179691,-123.75474866401996,API_ERROR,,,,API_ERROR,new_query
624480,Mendocino Unified,CA,39.32526108336858,-123.53620559034925,API_ERROR,,,,API_ERROR,new_query
624480,Mendocino Unified,CA,39.21561975883146,-123.66966938378008,API_ERROR,,,,API_ERROR,new_query
624480,Mendocino Unified,CA,39.332091116597645,-123.67726566981882,API_ERROR,,,,API_ERROR,new_query
624480,Mendocino Unified,CA,39.216795289815124,-123.44738771319004,API_ERROR,,,,API_ERROR,new_query
624480,Mendocino Unified,CA,39.217966399999995,-123.54696475941869,API_ERROR,,,,API_ERROR,new_query
624480,Mendocino Unified,CA,39.400277653664084,-123.53016442406464,API_ERROR,,,,API_ERROR,new_query
624480,Mendocino Unified,CA,39.24635967441342,-123.6618695780942,API_ERROR,,,,API_ERROR,new_query
624480,Mendocino Unified,CA,39.296926988610906,-123.52943220715649,API_ERROR,,,,API_ERROR,new_query
624480,Mendocino Unified,CA,39.20139286909483,-123.61243032836771,API_ERROR,,,,API_ERROR,new_query
624480,Mendocino Unified,CA,39.3732363903008,-123.81395271540997,API_ERROR,,,,API_ERROR,new_query
624480,Mendocino Unified,CA,39.0813245,-123.56670617189927,API_ERROR,,,,API_ERROR,new_query
624480,Mendocino Unified,CA,39.15611924521295,-123.7150004162197,API_ERROR,,,,API_ERROR,new_query
624480,Mendocino Unified,CA,39.3483788,-123.7511574344575,API_ERROR,,,,API_ERROR,new_query
624480,Mendocino Unified,CA,39.19363973363303,-123.51062489650283,API_ERROR,,,,API_ERROR,new_query
624480,Mendocino Unified,CA,39.29263162280948,-123.73748094353114,API_ERROR,,,,API_ERROR,new_query
624480,Mendocino Unified,CA,39.256090527062575,-123.60564406195682,API_ERROR,,,,API_ERROR,new_query
624480,Mendocino Unified,CA,39.24548062607319,-123.6400394487762,API_ERROR,,,,API_ERROR,new_query
624480,Mendocino Unified,CA,39.23163387707455,-123.53380086917323,API_ERROR,,,,API_ERROR,new_query
624480,Mendocino Unified,CA,39.39840090399092,-123.59799759500946,API_ERROR,,,,API_ERROR,new_query
624480,Mendocino Unified,CA,39.289403664917195,-123.71556573580504,API_ERROR,,,,API_ERROR,new_query
624480,Mendocino Unified,CA,39.3483788,-123.8022056032172,API_ERROR,,,,API_ERROR,new_query
624480,Mendocino Unified,CA,39.23437963901297,-123.59602958078108,API_ERROR,,,,API_ERROR,new_query
624480,Mendocino Unified,CA,38.98760516918089,-123.56855881208924,API_ERROR,,,,API_ERROR,new_query
624480,Mendocino Unified,CA,39.29389861374524,-123.66225984933288,API_ERROR,,,,API_ERROR,new_query
624480,Mendocino Unified,CA,39.10695781762982,-123.58050608272707,API_ERROR,,,,API_ERROR,new_query
624480,Mendocino Unified,CA,39.298820707929984,-123.62940642615692,API_ERROR,,,,API_ERROR,new_query
624480,Mendocino Unified,CA,39.31274080475242,-123.56136232964661,API_ERROR,,,,API_ERROR,new_query
624480,Mendocino Unified,CA,39.27117062746115,-123.47164431295906,API_ERROR,,,,API_ERROR,new_query
624480,Mendocino Unified,CA,39.13648526959539,-123.61853045750918,API_ERROR,,,,API_ERROR,new_query
624480,Mendocino Unified,CA,39.20059329347571,-123.49073725849811,API_ERROR,,,,API_ERROR,new_query
624480,Mendocino Unified,CA,39.390966500000005,-123.68621109065896,API_ERROR,,,,API_ERROR,new_query
624480,Mendocino Unified,CA,39.07789213637357,-123.6189603712618,API_ERROR,,,,API_ERROR,new_query
624480,Mendocino Unified,CA,38.99034423259796,-123.53653370913045,API_ERROR,,,,API_ERROR,new_query
624480,Mendocino Unified,CA,39.304908,-123.59801292817838,API_ERROR,,,,API_ERROR,new_query
624480,Mendocino Unified,CA,39.087554,-123.59801292817838,API_ERROR,,,,API_ERROR,new_query
624480,Mendocino Unified,CA,39.1310248,-123.64906109693808,API_ERROR,,,,API_ERROR,new_query
624480,Mendocino Unified,CA,39.272652567225954,-123.51036758047226,API_ERROR,,,,API_ERROR,new_query
624480,Mendocino Unified,CA,39.33406470051481,-123.61385963563036,API_ERROR,,,,API_ERROR,new_query
624480,Mendocino Unified,CA,39.35798608461172,-123.53435948174453,API_ERROR,,,,API_ERROR,new_query
624480,Mendocino Unified,CA,39.201208422475226,-123.55433890732701,API_ERROR,,,,API_ERROR,new_query
624480,Mendocino Unified,CA,39.000612399999994,-123.54696475941869,API_ERROR,,,,API_ERROR,new_query
624480,Mendocino Unified,CA,39.35951899173278,-123.67227318495046,API_ERROR,,,,API_ERROR,new_query
624480,Mendocino Unified,CA,39.18055747207744,-123.73676100646216,API_ERROR,,,,API_ERROR,new_query
624480,Mendocino Unified,CA,39.3483788,-123.59801292817838,API_ERROR,,,,API_ERROR,new_query
624480,Mendocino Unified,CA,39.31361763918365,-123.78835123755458,API_ERROR,,,,API_ERROR,new_query
624480,Mendocino Unified,CA,39.077266462677926,-123.58678656792775,API_ERROR,,,,API_ERROR,new_query
624480,Mendocino Unified,CA,39.32077802448011,-123.73859637834836,API_ERROR,,,,API_ERROR,new_query
624480,Mendocino Unified,CA,39.27709413800355,-123.42740772580419,API_ERROR,,,,API_ERROR,new_query
624480,Mendocino Unified,CA,39.0416075,-123.57528817189927,API_ERROR,,,,API_ERROR,new_query
624480,Mendocino Unified,CA,39.338029096119676,-123.53838174857182,API_ERROR,,,,API_ERROR,new_query
624480,Mendocino Unified,CA,39.34903452599801,-123.63314246962729,API_ERROR,,,,API_ERROR,new_query
624480,Mendocino Unified,CA,39.3483788,-123.64906109693808,API_ERROR,,,,API_ERROR,new_query
624480,Mendocino Unified,CA,39.1744956,-123.7511574344575,API_ERROR,,,,API_ERROR,new_query
624480,Mendocino Unified,CA,39.10720997296341,-123.70073560327317,API_ERROR,,,,API_ERROR,new_query
624480,Mendocino Unified,CA,39.10198469479902,-123.5981644021513,API_ERROR,,,,API_ERROR,new_query
624480,Mendocino Unified,CA,38.997530389708345,-123.56192552688,API_ERROR,,,,API_ERROR,new_query
624480,Mendocino Unified,CA,39.332441292104825,-123.72479205955155,API_ERROR,,,,API_ERROR,new_query
624480,Mendocino Unified,CA,39.27543453704587,-123.34877547047337,API_ERROR,,,,API_ERROR,new_query
624480,Mendocino Unified,CA,39.23213771331648,-123.74572934002654,API_ERROR,,,,API_ERROR,new_query
624480,Mendocino Unified,CA,39.35631580878393,-123.58658920779705,API_ERROR,,,,API_ERROR,new_query
624480,Mendocino Unified,CA,39.25200009411556,-123.42355347108648,API_ERROR,,,,API_ERROR,new_query
624480,Mendocino Unified,CA,39.00272,-123.57428717189927,API_ERROR,,,,API_ERROR,new_query
624480,Mendocino Unified,CA,39.20728454789547,-123.54442363598794,API_ERROR,,,,API_ERROR,new_query
624480,Mendocino Unified,CA,39.21660676167405,-123.71667358380478,API_ERROR,,,,API_ERROR,new_query
2011880,St Francis Comm Schools,KS,39.5899274,-102.02906574999999,API_ERROR,,,,API_ERROR,new_query
2011880,St Francis Comm Schools,KS,39.974418301067026,-101.59891176926642,API_ERROR,,,,API_ERROR,new_query
2011880,St Francis Comm Schools,KS,39.9814166,-102.02906574999999,API_ERROR,,,,API_ERROR,new_query
2011880,St Francis Comm Schools,KS,39.5994460216827,-101.6462726153754,API_ERROR,,,,API_ERROR,new_query
2011880,St Francis Comm Schools,KS,39.78943580175992,-101.84773463579312,API_ERROR,,,,API_ERROR,new_query
2011880,St Francis Comm Schools,KS,39.998790319126726,-101.81229093155068,API_ERROR,,,,API_ERROR,new_query
2011880,St Francis Comm Schools,KS,39.777117799881935,-102.04372377165254,API_ERROR,,,,API_ERROR,new_query
2011880,St Francis Comm Schools,KS,39.5899274,-101.84743974999999,API_ERROR,,,,API_ERROR,new_query
2011880,St Francis Comm Schools,KS,39.834725219450526,-101.68420279022907,API_ERROR,,,,API_ERROR,new_query
2011880,St Francis Comm Schools,KS,39.68219007556157,-101.74855085086038,API_ERROR,,,,API_ERROR,new_query
2011880,St Francis Comm Schools,KS,39.676925000000004,-101.93825274999999,API_ERROR,,,,API_ERROR,new_query
2011880,St Francis Comm Schools,KS,39.894419,-101.93825274999999,API_ERROR,,,,API_ERROR,new_query
2011880,St Francis Comm Schools,KS,39.88469616258698,-101.80430044313442,API_ERROR,,,,API_ERROR,new_query
2011880,St Francis Comm Schools,KS,39.936182993871405,-101.69089840255378,API_ERROR,,,,API_ERROR,new_query
2011880,St Francis Comm Schools,KS,39.58918716832695,-101.74358969001739,API_ERROR,,,,API_ERROR,new_query
2011880,St Francis Comm Schools,KS,39.769082052464405,-101.94907551268223,API_ERROR,,,,API_ERROR,new_query
2011880,St Francis Comm Schools,KS,39.679623739234444,-101.84320945249632,API_ERROR,,,,API_ERROR,new_query
2011880,St Francis Comm Schools,KS,39.716342516578486,-101.66816658739694,API_ERROR,,,,API_ERROR,new_query
2011880,St Francis Comm Schools,KS,39.676925000000004,-102.02906574999999,API_ERROR,,,,API_ERROR,new_query
2011880,St Francis Comm Schools,KS,39.894419,-102.02906574999999,API_ERROR,,,,API_ERROR,new_query
2011880,St Francis Comm Schools,KS,39.5899274,-101.93825274999999,API_ERROR,,,,API_ERROR,new_query
2011880,St Francis Comm Schools,KS,39.9814166,-101.93825274999999,API_ERROR,,,,API_ERROR,new_query
2011880,St Francis Comm Schools,KS,39.784769157273224,-101.75274393780734,API_ERROR,,,,API_ERROR,new_query
2011880,St Francis Comm Schools,KS,39.831968795207096,-101.98587574299188,API_ERROR,,,,API_ERROR,new_query
2011880,St Francis Comm Schools,KS,39.9379178,-101.84743974999999,API_ERROR,,,,API_ERROR,new_query
2011880,St Francis Comm Schools,KS,39.86327784795227,-101.74390613139651,API_ERROR,,,,API_ERROR,new_query
2011880,St Francis Comm Schools,KS,39.74188959215224,-101.88903810221737,API_ERROR,,,,API_ERROR,new_query
2011880,St Francis Comm Schools,KS,39.869412986236306,-101.88049138555841,API_ERROR,,,,API_ERROR,new_query
2011880,St Francis Comm Schools,KS,39.6334262,-101.98365924999999,API_ERROR,,,,API_ERROR,new_query
2011880,St Francis Comm Schools,KS,39.9379178,-101.98365924999999,API_ERROR,,,,API_ERROR,new_query
2011880,St Francis Comm Schools,KS,39.6334262,-101.89284624999999,API_ERROR,,,,API_ERROR,new_query
2011880,St Francis Comm Schools,KS,39.99705740170778,-101.75113252850824,API_ERROR,,,,API_ERROR,new_query
2011880,St Francis Comm Schools,KS,39.7204238,-101.98365924999999,API_ERROR,,,,API_ERROR,new_query
2011880,St Francis Comm Schools,KS,39.64664675779784,-101.79671729895358,API_ERROR,,,,API_ERROR,new_query
2011880,St Francis Comm Schools,KS,39.828369308000696,-101.92977518475082,API_ERROR,,,,API_ERROR,new_query
2011880,St Francis Comm Schools,KS,40.00029298055939,-101.64761946572472,API_ERROR,,,,API_ERROR,new_query
2011880,St Francis Comm Schools,KS,39.75100306222592,-101.79606604291409,API_ERROR,,,,API_ERROR,new_query
2011880,St Francis Comm Schools,KS,39.943489994762764,-101.90162382392778,API_ERROR,,,,API_ERROR,new_query
2011880,St Francis Comm Schools,KS,39.95712047532394,-101.78368952440725,API_ERROR,,,,API_ERROR,new_query
2011880,St Francis Comm Schools,KS,39.59347953631099,-101.69588238288729,API_ERROR,,,,API_ERROR,new_query
2011880,St Francis Comm Schools,KS,40.00032184721809,-101.98156649781426,API_ERROR,,,,API_ERROR,new_query
2011880,St Francis Comm Schools,KS,39.825778589950346,-101.81824260076328,API_ERROR,,,,API_ERROR,new_query
2011880,St Francis Comm Schools,KS,39.74644012662858,-101.72760490575244,API_ERROR,,,,API_ERROR,new_query
2011880,St Francis Comm Schools,KS,39.78950120943652,-101.99978914454559,API_ERROR,,,,API_ERROR,new_query
2011880,St Francis Comm Schools,KS,39.6334262,-102.02906574999999,API_ERROR,,,,API_ERROR,new_query
2011880,St Francis Comm Schools,KS,39.9379178,-102.02906574999999,API_ERROR,,,,API_ERROR,new_query
2011880,St Francis Comm Schools,KS,39.5899274,-101.98365924999999,API_ERROR,,,,API_ERROR,new_query
2011880,St Francis Comm Schools,KS,39.894419,-101.98365924999999,API_ERROR,,,,API_ERROR,new_query
2011880,St Francis Comm Schools,KS,39.6334262,-101.93825274999999,API_ERROR,,,,API_ERROR,new_query
2011880,St Francis Comm Schools,KS,39.5899274,-101.89284624999999,API_ERROR,,,,API_ERROR,new_query
2011880,St Francis Comm Schools,KS,39.676925000000004,-101.89284624999999,API_ERROR,,,,API_ERROR,new_query
2011880,St Francis Comm Schools,KS,39.6334262,-101.84743974999999,API_ERROR,,,,API_ERROR,new_query
2011880,St Francis Comm Schools,KS,39.7204238,-102.02906574999999,API_ERROR,,,,API_ERROR,new_query
2011880,St Francis Comm Schools,KS,39.850920200000004,-102.02906574999999,API_ERROR,,,,API_ERROR,new_query
2011880,St Francis Comm Schools,KS,39.676925000000004,-101.98365924999999,API_ERROR,,,,API_ERROR,new_query
2011880,St Francis Comm Schools,KS,39.7204238,-101.93825274999999,API_ERROR,,,,API_ERROR,new_query
2011880,St Francis Comm Schools,KS,39.8074214,-101.89284624999999,API_ERROR,,,,API_ERROR,new_query
2011880,St Francis Comm Schools,KS,39.74774812783507,-101.83995359725324,API_ERROR,,,,API_ERROR,new_query
2011880,St Francis Comm Schools,KS,39.82481677104794,-101.72774512629596,API_ERROR,,,,API_ERROR,new_query
2011880,St Francis Comm Schools,KS,39.894419,-101.84743974999999,API_ERROR,,,,API_ERROR,new_query
2011880,St Francis Comm Schools,KS,39.97752091557678,-101.85817298655898,API_ERROR,,,,API_ERROR,new_query
2011880,St Francis Comm Schools,KS,39.9346004500169,-101.73146960157753,API_ERROR,,,,API_ERROR,new_query
2011880,St Francis Comm Schools,KS,39.87162992658623,-101.70111236543147,API_ERROR,,,,API_ERROR,new_query
2011880,St Francis Comm Schools,KS,39.78472625974713,-101.71224411868745,API_ERROR,,,,API_ERROR,new_query
2011880,St Francis Comm Schools,KS,39.71295713267614,-101.80831913513178,API_ERROR,,,,API_ERROR,new_query
2011880,St Francis Comm Schools,KS,39.65973408999305,-101.71585258648078,API_ERROR,,,,API_ERROR,new_query
2011880,St Francis Comm Schools,KS,39.850920200000004,-101.84743974999999,API_ERROR,,,,API_ERROR,new_query
2011880,St Francis Comm Schools,KS,39.75219103713419,-102.00562725588513,API_ERROR,,,,API_ERROR,new_query
2011880,St Francis Comm Schools,KS,39.86011929111818,-101.96168320697946,API_ERROR,,,,API_ERROR,new_query
2011880,St Francis Comm Schools,KS,39.9379178,-101.93825274999999,API_ERROR,,,,API_ERROR,new_query
2011880,St Francis Comm Schools,KS,39.771517960221814,-101.91126271652341,API_ERROR,,,,API_ERROR,new_query
2011880,St Francis Comm Schools,KS,39.96521988372666,-101.63311383030609,API_ERROR,,,,API_ERROR,new_query
2011880,St Francis Comm Schools,KS,39.981943388119106,-101.89316557318496,API_ERROR,,,,API_ERROR,new_query
2011880,St Francis Comm Schools,KS,39.92194682559079,-101.8165945495036,API_ERROR,,,,API_ERROR,new_query
2011880,St Francis Comm Schools,KS,39.78257976498193,-101.81384954086336,API_ERROR,,,,API_ERROR,new_query
2011880,St Francis Comm Schools,KS,39.68067519967008,-101.79746060371397,API_ERROR,,,,API_ERROR,new_query
2011880,St Francis Comm Schools,KS,39.8074214,-102.02906574999999,API_ERROR,,,,API_ERROR,new_query
2011880,St Francis Comm Schools,KS,39.62179318351711,-101.73605569601865,API_ERROR,,,,API_ERROR,new_query
2011880,St Francis Comm Schools,KS,39.902370267146,-101.71064302866695,API_ERROR,,,,API_ERROR,new_query
2011880,St Francis Comm Schools,KS,39.86319829425449,-101.77550995281219,API_ERROR,,,,API_ERROR,new_query
2011880,St Francis Comm Schools,KS,39.61454821768912,-101.67439590680888,API_ERROR,,,,API_ERROR,new_query
2011880,St Francis Comm Schools,KS,39.89301466131635,-101.7473233412715,API_ERROR,,,,API_ERROR,new_query
2011880,St Francis Comm Schools,KS,39.71713155922511,-101.72932529253917,API_ERROR,,,,API_ERROR,new_query
2011880,St Francis Comm Schools,KS,39.91826992531596,-102.05013449482855,API_ERROR,,,,API_ERROR,new_query
2011880,St Francis Comm Schools,KS,39.86645145133833,-101.93136139451241,API_ERROR,,,,API_ERROR,new_query
2011880,St Francis Comm Schools,KS,39.952268345941256,-101.66715266185568,API_ERROR,,,,API_ERROR,new_query
2011880,St Francis Comm Schools,KS,39.89773953950972,-101.88335024113962,API_ERROR,,,,API_ERROR,new_query
2011880,St Francis Comm Schools,KS,39.654840447854525,-102.00232881169977,API_ERROR,,,,API_ERROR,new_query
2011880,St Francis Comm Schools,KS,39.7204238,-101.84743974999999,API_ERROR,,,,API_ERROR,new_query
2011880,St Francis Comm Schools,KS,39.79343828272321,-101.97187323383285,API_ERROR,,,,API_ERROR,new_query
2011880,St Francis Comm Schools,KS,39.65410186201711,-101.82841136090026,API_ERROR,,,,API_ERROR,new_query
2011880,St Francis Comm Schools,KS,39.78591187235227,-101.78597792031422,API_ERROR,,,,API_ERROR,new_query
2011880,St Francis Comm Schools,KS,39.997092997003584,-101.78438186600022,API_ERROR,,,,API_ERROR,new_query
2011880,St Francis Comm Schools,KS,39.96199355963879,-101.99713253332777,API_ERROR,,,,API_ERROR,new_query
2011880,St Francis Comm Schools,KS,39.61789630133675,-101.7087443913984,API_ERROR,,,,API_ERROR,new_query
2011880,St Francis Comm Schools,KS,39.94864741655892,-101.82136589869407,API_ERROR,,,,API_ERROR,new_query
2011880,St Francis Comm Schools,KS,39.72462732844861,-101.90993695069045,API_ERROR,,,,API_ERROR,new_query
2011880,St Francis Comm Schools,KS,39.65513405289934,-101.74997650912285,API_ERROR,,,,API_ERROR,new_query
2011880,St Francis Comm Schools,KS,39.65493012114682,-101.92207567153206,API_ERROR,,,,API_ERROR,new_query
2011880,St Francis Comm Schools,KS,39.95836089270349,-101.74056856364152,API_ERROR,,,,API_ERROR,new_query
2011880,St Francis Comm Schools,KS,39.74178776712845,-101.70290298534286,API_ERROR,,,,API_ERROR,new_query
2011880,St Francis Comm Schools,KS,39.7639226,-101.98365924999999,API_ERROR,,,,API_ERROR,new_query
2011880,St Francis Comm Schools,KS,39.571166513254795,-101.70628501912242,API_ERROR,,,,API_ERROR,new_query
2011880,St Francis Comm Schools,KS,39.77447819198273,-102.01897821382101,API_ERROR,,,,API_ERROR,new_query
2011880,St Francis Comm Schools,KS,39.57965253160486,-101.65975880922106,API_ERROR,,,,API_ERROR,new_query
2011880,St Francis Comm Schools,KS,39.6456919864436,-101.95830911694443,API_ERROR,,,,API_ERROR,new_query
2011880,St Francis Comm Schools,KS,39.569971379499655,-101.73064635606136,API_ERROR,,,,API_ERROR,new_query
2011880,St Francis Comm Schools,KS,39.59866691802237,-101.72148907435398,API_ERROR,,,,API_ERROR,new_query
2011880,St Francis Comm Schools,KS,39.71098120173705,-101.95899944277473,API_ERROR,,,,API_ERROR,new_query
2011880,St Francis Comm Schools,KS,39.8074214,-101.93825274999999,API_ERROR,,,,API_ERROR,new_query
2011880,St Francis Comm Schools,KS,39.714419577325714,-102.00518173960009,API_ERROR,,,,API_ERROR,new_query
2011880,St Francis Comm Schools,KS,39.850920200000004,-101.89284624999999,API_ERROR,,,,API_ERROR,new_query
2011880,St Francis Comm Schools,KS,39.62789851271836,-101.80825077314468,API_ERROR,,,,API_ERROR,new_query
2011880,St Francis Comm Schools,KS,39.871590228358706,-101.67916225374171,API_ERROR,,,,API_ERROR,new_query
2011880,St Francis Comm Schools,KS,39.6997626585698,-101.93175458558864,API_ERROR,,,,API_ERROR,new_query
2011880,St Francis Comm Schools,KS,39.68095309509224,-101.8190449281838,API_ERROR,,,,API_ERROR,new_query
2011880,St Francis Comm Schools,KS,39.614414232724734,-101.94671098782044,API_ERROR,,,,API_ERROR,new_query
2011880,St Francis Comm Schools,KS,39.95443506300638,-101.6028693040805,API_ERROR,,,,API_ERROR,new_query
2011880,St Francis Comm Schools,KS,39.65370599722441,-101.8932148324286,API_ERROR,,,,API_ERROR,new_query
2011880,St Francis Comm Schools,KS,39.97829297991911,-101.79144291758763,API_ERROR,,,,API_ERROR,new_query
2011880,St Francis Comm Schools,KS,39.929474051838866,-102.01097645458673,API_ERROR,,,,API_ERROR,new_query
2011880,St Francis Comm Schools,KS,39.77601882808328,-101.7348091093877,API_ERROR,,,,API_ERROR,new_query
2011880,St Francis Comm Schools,KS,39.7639226,-101.89284624999999,API_ERROR,,,,API_ERROR,new_query
2011880,St Francis Comm Schools,KS,39.74637626326506,-101.77676785099293,API_ERROR,,,,API_ERROR,new_query
2011880,St Francis Comm Schools,KS,39.8040998543818,-101.75719681626968,API_ERROR,,,,API_ERROR,new_query
2011880,St Francis Comm Schools,KS,39.662246108324474,-101.81048853620395,API_ERROR,,,,API_ERROR,new_query
2011880,St Francis Comm Schools,KS,39.69223761468192,-101.90487938826529,API_ERROR,,,,API_ERROR,new_query
2011880,St Francis Comm Schools,KS,39.789213311295434,-101.91872001020042,API_ERROR,,,,API_ERROR,new_query
2011880,St Francis Comm Schools,KS,39.602501352355,-101.87847527848012,API_ERROR,,,,API_ERROR,new_query
2011880,St Francis Comm Schools,KS,39.850920200000004,-101.98365924999999,API_ERROR,,,,API_ERROR,new_query
2011880,St Francis Comm Schools,KS,39.9814166,-101.98365924999999,API_ERROR,,,,API_ERROR,new_query
2011880,St Francis Comm Schools,KS,39.8527042565518,-101.75940194831462,API_ERROR,,,,API_ERROR,new_query
2011880,St Francis Comm Schools,KS,39.90607391197811,-101.86203145375347,API_ERROR,,,,API_ERROR,new_query
2011880,St Francis Comm Schools,KS,39.66267300391363,-101.96600522893505,API_ERROR,,,,API_ERROR,new_query
2011880,St Francis Comm Schools,KS,39.8074214,-101.98365924999999,API_ERROR,,,,API_ERROR,new_query
2011880,St Francis Comm Schools,KS,39.92195630133501,-101.94671418240658,API_ERROR,,,,API_ERROR,new_query
2011880,St Francis Comm Schools,KS,39.8074214,-101.84743974999999,API_ERROR,,,,API_ERROR,new_query
2011880,St Francis Comm Schools,KS,39.7639226,-101.84743974999999,API_ERROR,,,,API_ERROR,new_query
2011880,St Francis Comm Schools,KS,39.864933105170365,-101.83651489171764,API_ERROR,,,,API_ERROR,new_query
2011880,St Francis Comm Schools,KS,39.73441256443619,-101.99448710124915,API_ERROR,,,,API_ERROR,new_query
2011880,St Francis Comm Schools,KS,39.7204238,-101.89284624999999,API_ERROR,,,,API_ERROR,new_query
2011880,St Francis Comm Schools,KS,39.620637161459484,-101.92661756221074,API_ERROR,,,,API_ERROR,new_query
2011880,St Francis Comm Schools,KS,39.58435963750525,-101.90907223975148,API_ERROR,,,,API_ERROR,new_query
2011880,St Francis Comm Schools,KS,39.850920200000004,-101.93825274999999,API_ERROR,,,,API_ERROR,new_query
2011880,St Francis Comm Schools,KS,39.989750706522585,-101.76629237611321,API_ERROR,,,,API_ERROR,new_query
2011880,St Francis Comm Schools,KS,39.86653279014558,-101.86391997362196,API_ERROR,,,,API_ERROR,new_query
2011880,St Francis Comm Schools,KS,39.9824877424403,-101.81619327499432,API_ERROR,,,,API_ERROR,new_query
2011880,St Francis Comm Schools,KS,39.912957513800244,-102.0349188425411,API_ERROR,,,,API_ERROR,new_query
2011880,St Francis Comm Schools,KS,39.82477868249935,-101.71163555503138,API_ERROR,,,,API_ERROR,new_query
2011880,St Francis Comm Schools,KS,39.706038735409585,-101.97659577184328,API_ERROR,,,,API_ERROR,new_query
1603030,South Lemhi District,ID,44.667987499999995,-113.81042722792327,API_ERROR,,,,API_ERROR,new_query
1603030,South Lemhi District,ID,44.34160398733299,-112.81592152814726,API_ERROR,,,,API_ERROR,new_query
1603030,South Lemhi District,ID,44.78106296740088,-113.22109709171053,API_ERROR,,,,API_ERROR,new_query
1603030,South Lemhi District,ID,44.27437845,-113.29430305,API_ERROR,,,,API_ERROR,new_query
1603030,South Lemhi District,ID,45.052456500000005,-113.5807474,API_ERROR,,,,API_ERROR,new_query
1603030,South Lemhi District,ID,44.539443150000004,-113.50795285,API_ERROR,,,,API_ERROR,new_query
1603030,South Lemhi District,ID,44.5358406335127,-113.03959985937759,API_ERROR,,,,API_ERROR,new_query
1603030,South Lemhi District,ID,44.79978382373153,-113.49065755544238,API_ERROR,,,,API_ERROR,new_query
1603030,South Lemhi District,ID,44.900996793320076,-113.80324203670062,API_ERROR,,,,API_ERROR,new_query
1603030,South Lemhi District,ID,44.23911485252549,-113.0648565987685,API_ERROR,,,,API_ERROR,new_query
1603030,South Lemhi District,ID,44.549987546226475,-113.26307262066126,API_ERROR,,,,API_ERROR,new_query
1603030,South Lemhi District,ID,44.8978319057059,-113.63749016362426,API_ERROR,,,,API_ERROR,new_query
1603030,South Lemhi District,ID,44.69949049214264,-113.36332595459308,API_ERROR,,,,API_ERROR,new_query
1603030,South Lemhi District,ID,44.418315309966644,-113.36159781736035,API_ERROR,,,,API_ERROR,new_query
1603030,South Lemhi District,ID,44.659940650329595,-113.61089214004264,API_ERROR,,,,API_ERROR,new_query
1603030,South Lemhi District,ID,44.688025939296544,-113.09625810792934,API_ERROR,,,,API_ERROR,new_query
1603030,South Lemhi District,ID,44.363104037710414,-112.96863429814326,API_ERROR,,,,API_ERROR,new_query
1603030,South Lemhi District,ID,44.404743074896416,-113.11465045757892,API_ERROR,,,,API_ERROR,new_query
1603030,South Lemhi District,ID,44.97002324541367,-113.46109236088193,API_ERROR,,,,API_ERROR,new_query
1603030,South Lemhi District,ID,44.80450785,-113.72160265,API_ERROR,,,,API_ERROR,new_query
1603030,South Lemhi District,ID,44.423181346906034,-113.24130886022871,API_ERROR,,,,API_ERROR,new_query
1603030,South Lemhi District,ID,44.818748108775864,-113.35588416951323,API_ERROR,,,,API_ERROR,new_query
1603030,South Lemhi District,ID,44.24354746689678,-112.88299835256511,API_ERROR,,,,API_ERROR,new_query
1603030,South Lemhi District,ID,44.31232945573834,-113.1840421083036,API_ERROR,,,,API_ERROR,new_query
1603030,South Lemhi District,ID,44.50358437011726,-113.16054419716473,API_ERROR,,,,API_ERROR,new_query
1603030,South Lemhi District,ID,44.62779805,-113.18747815,API_ERROR,,,,API_ERROR,new_query
1603030,South Lemhi District,ID,44.539443150000004,-113.40112795,API_ERROR,,,,API_ERROR,new_query
1603030,South Lemhi District,ID,44.75958401746013,-113.6181253385478,API_ERROR,,,,API_ERROR,new_query
1603030,South Lemhi District,ID,44.80450785,-113.82842755,API_ERROR,,,,API_ERROR,new_query
1603030,South Lemhi District,ID,44.63419106963155,-113.48180783856446,API_ERROR,,,,API_ERROR,new_query
1603030,South Lemhi District,ID,44.892862750000006,-113.50795285,API_ERROR,,,,API_ERROR,new_query
1603030,South Lemhi District,ID,44.71615295,-113.72160265,API_ERROR,,,,API_ERROR,new_query
1603030,South Lemhi District,ID,44.977959999999996,-113.66852560000001,API_ERROR,,,,API_ERROR,new_query
1603030,South Lemhi District,ID,44.71615295,-113.50795285,API_ERROR,,,,API_ERROR,new_query
1603030,South Lemhi District,ID,44.46942755450782,-113.4484092825405,API_ERROR,,,,API_ERROR,new_query
1603030,South Lemhi District,ID,44.62779805,-113.29430305,API_ERROR,,,,API_ERROR,new_query
1603030,South Lemhi District,ID,44.566612,-113.58614215,API_ERROR,,,,API_ERROR,new_query
1603030,South Lemhi District,ID,44.892862750000006,-113.72160265,API_ERROR,,,,API_ERROR,new_query
1603030,South Lemhi District,ID,44.7568251591945,-113.29839449790597,API_ERROR,,,,API_ERROR,new_query
1603030,South Lemhi District,ID,44.62779805,-113.40112795,API_ERROR,,,,API_ERROR,new_query
1603030,South Lemhi District,ID,44.36273335,-113.29430305,API_ERROR,,,,API_ERROR,new_query
1603030,South Lemhi District,ID,44.28514506802975,-112.94686718753222,API_ERROR,,,,API_ERROR,new_query
1603030,South Lemhi District,ID,44.56263679277186,-113.11269414417008,API_ERROR,,,,API_ERROR,new_query
1603030,South Lemhi District,ID,44.98707623790548,-113.54370434201083,API_ERROR,,,,API_ERROR,new_query
1603030,South Lemhi District,ID,45.069572550000004,-113.50795285,API_ERROR,,,,API_ERROR,new_query
1603030,South Lemhi District,ID,44.430961470244284,-113.04591484513273,API_ERROR,,,,API_ERROR,new_query
1603030,South Lemhi District,ID,44.71615295,-113.18747815,API_ERROR,,,,API_ERROR,new_query
1603030,South Lemhi District,ID,44.50120831335487,-113.31734543439876,API_ERROR,,,,API_ERROR,new_query
1603030,South Lemhi District,ID,44.36017650902521,-112.88438642231426,API_ERROR,,,,API_ERROR,new_query
1603030,South Lemhi District,ID,44.696787951157454,-113.43415457290729,API_ERROR,,,,API_ERROR,new_query
1603030,South Lemhi District,ID,44.856832499999996,-113.44767594999999,API_ERROR,,,,API_ERROR,new_query
1603030,South Lemhi District,ID,44.295969454503634,-113.0236805475208,API_ERROR,,,,API_ERROR,new_query
1603030,South Lemhi District,ID,44.817555074005625,-113.65332026825351,API_ERROR,,,,API_ERROR,new_query
1603030,South Lemhi District,ID,44.65824983977772,-113.54447445821526,API_ERROR,,,,API_ERROR,new_query
1603030,South Lemhi District,ID,44.85817110181363,-113.56357587891958,API_ERROR,,,,API_ERROR,new_query
1603030,South Lemhi District,ID,44.76689401468158,-113.55548811021755,API_ERROR,,,,API_ERROR,new_query
1603030,South Lemhi District,ID,44.72978128526208,-113.7992885582639,API_ERROR,,,,API_ERROR,new_query
1603030,South Lemhi District,ID,45.03136,-113.4503427,API_ERROR,,,,API_ERROR,new_query
1603030,South Lemhi District,ID,44.93267367870918,-113.57326564585077,API_ERROR,,,,API_ERROR,new_query
1603030,South Lemhi District,ID,44.243199201786666,-112.99290805478721,API_ERROR,,,,API_ERROR,new_query
1603030,South Lemhi District,ID,44.26468450486004,-113.23601534763459,API_ERROR,,,,API_ERROR,new_query
1603030,South Lemhi District,ID,44.45108825,-113.18747815,API_ERROR,,,,API_ERROR,new_query
1603030,South Lemhi District,ID,44.761686700710534,-113.68215721266002,API_ERROR,,,,API_ERROR,new_query
1603030,South Lemhi District,ID,44.26622208650698,-113.14909735055012,API_ERROR,,,,API_ERROR,new_query
1603030,South Lemhi District,ID,44.575363802091246,-113.46269762495106,API_ERROR,,,,API_ERROR,new_query
1603030,South Lemhi District,ID,44.3406265327636,-113.24140190073886,API_ERROR,,,,API_ERROR,new_query
1603030,South Lemhi District,ID,44.78145689269842,-113.77378940491589,API_ERROR,,,,API_ERROR,new_query
1603030,South Lemhi District,ID,44.63333445480557,-113.0835507753818,API_ERROR,,,,API_ERROR,new_query
1603030,South Lemhi District,ID,44.46144071346274,-113.09289331381954,API_ERROR,,,,API_ERROR,new_query
1603030,South Lemhi District,ID,44.29727220544996,-112.86757019811196,API_ERROR,,,,API_ERROR,new_query
1603030,South Lemhi District,ID,44.45108825,-113.29430305,API_ERROR,,,,API_ERROR,new_query
1603030,South Lemhi District,ID,44.41789817307975,-112.96457873037038,API_ERROR,,,,API_ERROR,new_query
1603030,South Lemhi District,ID,44.6693995,-113.75622336494088,API_ERROR,,,,API_ERROR,new_query
1603030,South Lemhi District,ID,44.36273335,-113.08065325,API_ERROR,,,,API_ERROR,new_query
1603030,South Lemhi District,ID,44.981217650000005,-113.61477775,API_ERROR,,,,API_ERROR,new_query
1603030,South Lemhi District,ID,44.364996,-113.36504354166667,API_ERROR,,,,API_ERROR,new_query
1603030,South Lemhi District,ID,44.483978408096185,-113.03956467654947,API_ERROR,,,,API_ERROR,new_query
1603030,South Lemhi District,ID,44.55491468992658,-113.3517176901538,API_ERROR,,,,API_ERROR,new_query
1603030,South Lemhi District,ID,44.490270286575544,-113.52342035852861,API_ERROR,,,,API_ERROR,new_query
1603030,South Lemhi District,ID,44.48249574305574,-113.36505881260742,API_ERROR,,,,API_ERROR,new_query
1603030,South Lemhi District,ID,44.64355692196145,-113.35271688565396,API_ERROR,,,,API_ERROR,new_query
1603030,South Lemhi District,ID,44.36273335,-113.18747815,API_ERROR,,,,API_ERROR,new_query
1603030,South Lemhi District,ID,44.71476969390669,-113.59529594959189,API_ERROR,,,,API_ERROR,new_query
1603030,South Lemhi District,ID,44.61666331671073,-113.14046093079602,API_ERROR,,,,API_ERROR,new_query
1603030,South Lemhi District,ID,44.80450785,-113.29430305,API_ERROR,,,,API_ERROR,new_query
1603030,South Lemhi District,ID,44.45108825,-113.40112795,API_ERROR,,,,API_ERROR,new_query
1603030,South Lemhi District,ID,44.80450785,-113.40112795,API_ERROR,,,,API_ERROR,new_query
1603030,South Lemhi District,ID,44.68750601182827,-113.31770942243195,API_ERROR,,,,API_ERROR,new_query
1603030,South Lemhi District,ID,44.31114244863618,-113.1376662825701,API_ERROR,,,,API_ERROR,new_query
1603030,South Lemhi District,ID,44.7797929773581,-113.17535247851873,API_ERROR,,,,API_ERROR,new_query
1603030,South Lemhi District,ID,44.505568306365426,-113.47737930497225,API_ERROR,,,,API_ERROR,new_query
1603030,South Lemhi District,ID,44.539443150000004,-113.18747815,API_ERROR,,,,API_ERROR,new_query
1603030,South Lemhi District,ID,44.77533334815985,-113.3487682442572,API_ERROR,,,,API_ERROR,new_query
1603030,South Lemhi District,ID,44.68106994855523,-113.16106047297045,API_ERROR,,,,API_ERROR,new_query
1603030,South Lemhi District,ID,44.85528905524351,-113.67340398597615,API_ERROR,,,,API_ERROR,new_query
1603030,South Lemhi District,ID,44.533545536381716,-113.44236721776961,API_ERROR,,,,API_ERROR,new_query
1603030,South Lemhi District,ID,45.03557772217488,-113.61863826762402,API_ERROR,,,,API_ERROR,new_query
1603030,South Lemhi District,ID,44.80450785,-113.61477775,API_ERROR,,,,API_ERROR,new_query
1603030,South Lemhi District,ID,44.75971424871367,-113.82623464347341,API_ERROR,,,,API_ERROR,new_query
1603030,South Lemhi District,ID,44.71194180976754,-113.55595670041474,API_ERROR,,,,API_ERROR,new_query
1603030,South Lemhi District,ID,44.610228280612745,-113.25951677177606,API_ERROR,,,,API_ERROR,new_query
1603030,South Lemhi District,ID,44.33070441487886,-113.31610649171994,API_ERROR,,,,API_ERROR,new_query
1603030,South Lemhi District,ID,44.27437845,-113.08065325,API_ERROR,,,,API_ERROR,new_query
1603030,South Lemhi District,ID,44.511676309442215,-113.26069869300018,API_ERROR,,,,API_ERROR,new_query
1603030,South Lemhi District,ID,44.71615295,-113.40112795,API_ERROR,,,,API_ERROR,new_query
1603030,South Lemhi District,ID,44.99673486083191,-113.48839864982065,API_ERROR,,,,API_ERROR,new_query
1603030,South Lemhi District,ID,44.27437845,-113.18747815,API_ERROR,,,,API_ERROR,new_query
1603030,South Lemhi District,ID,44.63371953283561,-113.57261731132088,API_ERROR,,,,API_ERROR,new_query
1603030,South Lemhi District,ID,44.597502971241575,-113.42261449662908,API_ERROR,,,,API_ERROR,new_query
1603030,South Lemhi District,ID,45.02046477971347,-113.55995011541326,API_ERROR,,,,API_ERROR,new_query
1603030,South Lemhi District,ID,44.71615295,-113.29430305,API_ERROR,,,,API_ERROR,new_query
1603030,South Lemhi District,ID,44.46180347544059,-113.12970107261145,API_ERROR,,,,API_ERROR,new_query
1603030,South Lemhi District,ID,44.72641996823751,-113.62787068605637,API_ERROR,,,,API_ERROR,new_query
1603030,South Lemhi District,ID,44.52859646741142,-113.11836263004258,API_ERROR,,,,API_ERROR,new_query
1603030,South Lemhi District,ID,44.75256299818913,-113.26420943430543,API_ERROR,,,,API_ERROR,new_query
1603030,South Lemhi District,ID,44.8565038470922,-113.48203774003508,API_ERROR,,,,API_ERROR,new_query
1603030,South Lemhi District,ID,44.89848087187018,-113.57067770048232,API_ERROR,,,,API_ERROR,new_query
1603030,South Lemhi District,ID,44.79432472080625,-113.5363837503232,API_ERROR,,,,API_ERROR,new_query
1603030,South Lemhi District,ID,44.539443150000004,-113.29430305,API_ERROR,,,,API_ERROR,new_query
1603030,South Lemhi District,ID,44.37033264614797,-113.26246634808408,API_ERROR,,,,API_ERROR,new_query
1603030,South Lemhi District,ID,45.07107389015934,-113.54059536110856,API_ERROR,,,,API_ERROR,new_query
1603030,South Lemhi District,ID,44.74216907304896,-113.1680319511028,API_ERROR,,,,API_ERROR,new_query
1603030,South Lemhi District,ID,44.62779805,-113.61477775,API_ERROR,,,,API_ERROR,new_query
1603030,South Lemhi District,ID,44.44020039291971,-113.32465456711572,API_ERROR,,,,API_ERROR,new_query
1603030,South Lemhi District,ID,44.536978151733486,-113.32604341781702,API_ERROR,,,,API_ERROR,new_query
1603030,South Lemhi District,ID,44.4716535,-113.49856070000001,API_ERROR,,,,API_ERROR,new_query
1603030,South Lemhi District,ID,44.4928308162511,-113.12880369492225,API_ERROR,,,,API_ERROR,new_query
1603030,South Lemhi District,ID,44.40520124968174,-112.93629603836317,API_ERROR,,,,API_ERROR,new_query
1603030,South Lemhi District,ID,44.66722951130147,-113.07434495219088,API_ERROR,,,,API_ERROR,new_query
1603030,South Lemhi District,ID,44.75093534975311,-113.22062129197937,API_ERROR,,,,API_ERROR,new_query
1603030,South Lemhi District,ID,44.87824492380279,-113.61482239101242,API_ERROR,,,,API_ERROR,new_query
1603030,South Lemhi District,ID,44.49664424247828,-113.18954360935673,API_ERROR,,,,API_ERROR,new_query
1603030,South Lemhi District,ID,44.39108985517816,-113.35003374554363,API_ERROR,,,,API_ERROR,new_query
1603030,South Lemhi District,ID,44.34986990854234,-112.99454119649211,API_ERROR,,,,API_ERROR,new_query
1603030,South Lemhi District,ID,44.79073968480004,-113.3197737382726,API_ERROR,,,,API_ERROR,new_query
1603030,South Lemhi District,ID,44.738893978310806,-113.69835971319203,API_ERROR,,,,API_ERROR,new_query
1603030,South Lemhi District,ID,44.369082004802266,-112.81469059507585,API_ERROR,,,,API_ERROR,new_query
1603030,South Lemhi District,ID,44.60091453725989,-113.2886561892584,API_ERROR,,,,API_ERROR,new_query
1603030,South Lemhi District,ID,44.870833785241196,-113.69597744751772,API_ERROR,,,,API_ERROR,new_query
1603030,South Lemhi District,ID,44.62779805,-113.50795285,API_ERROR,,,,API_ERROR,new_query
1603030,South Lemhi District,ID,44.507892458200985,-113.05167287227232,API_ERROR,,,,API_ERROR,new_query
1603030,South Lemhi District,ID,44.738332367445025,-113.6690170326877,API_ERROR,,,,API_ERROR,new_query
1603030,South Lemhi District,ID,44.83044415848463,-113.83399742143453,API_ERROR,,,,API_ERROR,new_query
1603030,South Lemhi District,ID,44.572068267400624,-113.41611759691763,API_ERROR,,,,API_ERROR,new_query
1603030,South Lemhi District,ID,44.33340442327571,-113.19962888898327,API_ERROR,,,,API_ERROR,new_query
1603030,South Lemhi District,ID,44.564890826713466,-113.50357227544819,API_ERROR,,,,API_ERROR,new_query
1603030,South Lemhi District,ID,44.26727094509283,-112.87446979399579,API_ERROR,,,,API_ERROR,new_query
1603030,South Lemhi District,ID,44.35369371691707,-112.86015494177303,API_ERROR,,,,API_ERROR,new_query
1603030,South Lemhi District,ID,44.43713166080776,-113.09858852560838,API_ERROR,,,,API_ERROR,new_query
1603030,South Lemhi District,ID,44.981217650000005,-113.50795285,API_ERROR,,,,API_ERROR,new_query
5500990,Belleville School District,WI,42.89085235,-89.62133596084712,API_ERROR,,,,API_ERROR,new_query
5500990,Belleville School District,WI,42.78854787294843,-89.4537891542898,API_ERROR,,,,API_ERROR,new_query
5500990,Belleville School District,WI,42.923319182196174,-89.49919523246571,API_ERROR,,,,API_ERROR,new_query
5500990,Belleville School District,WI,42.804965472897706,-89.55429018098178,API_ERROR,,,,API_ERROR,new_query
5500990,Belleville School District,WI,42.86620162808057,-89.42914805991562,API_ERROR,,,,API_ERROR,new_query
5500990,Belleville School District,WI,42.85089407721441,-89.50322951858315,API_ERROR,,,,API_ERROR,new_query
5500990,Belleville School District,WI,42.92723507226759,-89.5672879,API_ERROR,,,,API_ERROR,new_query
5500990,Belleville School District,WI,42.864202802401735,-89.56086638639317,API_ERROR,,,,API_ERROR,new_query
5500990,Belleville School District,WI,42.80172765,-89.50351210000001,API_ERROR,,,,API_ERROR,new_query
5500990,Belleville School District,WI,42.933016450000004,-89.6098051,API_ERROR,,,,API_ERROR,new_query
5500990,Belleville School District,WI,42.831196928899935,-89.45751699663185,API_ERROR,,,,API_ERROR,new_query
5500990,Belleville School District,WI,42.897782064979836,-89.53509435806947,API_ERROR,,,,API_ERROR,new_query
5500990,Belleville School District,WI,42.856303,-89.59967915,API_ERROR,,,,API_ERROR,new_query
5500990,Belleville School District,WI,42.87748244696789,-89.46240335849244,API_ERROR,,,,API_ERROR,new_query
5500990,Belleville School District,WI,42.936122394115586,-89.53359787696695,API_ERROR,,,,API_ERROR,new_query
5500990,Belleville School District,WI,42.900194250000006,-89.5885465,API_ERROR,,,,API_ERROR,new_query
5500990,Belleville School District,WI,42.88575256361383,-89.5033847151215,API_ERROR,,,,API_ERROR,new_query
5500990,Belleville School District,WI,42.83606536273674,-89.54383378347136,API_ERROR,,,,API_ERROR,new_query
5500990,Belleville School District,WI,42.8210605,-89.5818851,API_ERROR,,,,API_ERROR,new_query
5500990,Belleville School District,WI,42.86737205,-89.5247707,API_ERROR,,,,API_ERROR,new_query
5500990,Belleville School District,WI,42.78531655,-89.5247707,API_ERROR,,,,API_ERROR,new_query
5500990,Belleville School District,WI,42.82487870875922,-89.51640138526646,API_ERROR,,,,API_ERROR,new_query
5500990,Belleville School District,WI,42.8174015872063,-89.47943911828847,API_ERROR,,,,API_ERROR,new_query
5500990,Belleville School District,WI,42.889629837518534,-89.56277690081072,API_ERROR,,,,API_ERROR,new_query
5500990,Belleville School District,WI,42.79412087065949,-89.48026391476273,API_ERROR,,,,API_ERROR,new_query
5500990,Belleville School District,WI,42.86809276100364,-89.48359135427307,API_ERROR,,,,API_ERROR,new_query
5500990,Belleville School District,WI,42.902192266957435,-89.48748153677471,API_ERROR,,,,API_ERROR,new_query
5500990,Belleville School District,WI,42.83989314353546,-89.56901110886068,API_ERROR,,,,API_ERROR,new_query
5500990,Belleville School District,WI,42.851258067580545,-89.46799654929538,API_ERROR,,,,API_ERROR,new_query
5500990,Belleville School District,WI,42.916605350000005,-89.5460293,API_ERROR,,,,API_ERROR,new_query
5500990,Belleville School District,WI,42.87898312374906,-89.5838671139502,API_ERROR,,,,API_ERROR,new_query
5500990,Belleville School District,WI,42.907092404474696,-89.63521655877607,API_ERROR,,,,API_ERROR,new_query
5500990,Belleville School District,WI,42.916605350000005,-89.5247707,API_ERROR,,,,API_ERROR,new_query
5500990,Belleville School District,WI,42.81130654261849,-89.53466143486175,API_ERROR,,,,API_ERROR,new_query
5500990,Belleville School District,WI,42.927080240187685,-89.59015957091351,API_ERROR,,,,API_ERROR,new_query
5500990,Belleville School District,WI,42.844877608612755,-89.52245441877372,API_ERROR,,,,API_ERROR,new_query
5500990,Belleville School District,WI,42.84134020051443,-89.48510966809478,API_ERROR,,,,API_ERROR,new_query
5500990,Belleville School District,WI,42.911110456779845,-89.60495301602953,API_ERROR,,,,API_ERROR,new_query
5500990,Belleville School District,WI,42.788948000000005,-89.54368507649868,API_ERROR,,,,API_ERROR,new_query
5500990,Belleville School District,WI,42.885203000000004,-89.6031959,API_ERROR,,,,API_ERROR,new_query
5500990,Belleville School District,WI,42.864227771128284,-89.4480046796937,API_ERROR,,,,API_ERROR,new_query
5500990,Belleville School District,WI,42.82378302453705,-89.55955179161657,API_ERROR,,,,API_ERROR,new_query
5500990,Belleville School District,WI,42.907850292014054,-89.56211986269174,API_ERROR,,,,API_ERROR,new_query
5500990,Belleville School District,WI,42.88378315,-89.5460293,API_ERROR,,,,API_ERROR,new_query
5500990,Belleville School District,WI,42.85329872927634,-89.54042452723985,API_ERROR,,,,API_ERROR,new_query
5500990,Belleville School District,WI,42.824497192499614,-89.44163711225357,API_ERROR,,,,API_ERROR,new_query
5500990,Belleville School District,WI,42.862045685780885,-89.58074201896997,API_ERROR,,,,API_ERROR,new_query
5500990,Belleville School District,WI,42.90091027228533,-89.51133143644208,API_ERROR,,,,API_ERROR,new_query
5500990,Belleville School District,WI,42.916839,-89.6213252,API_ERROR,,,,API_ERROR,new_query
5500990,Belleville School District,WI,42.88378315,-89.5247707,API_ERROR,,,,API_ERROR,new_query
5500990,Belleville School District,WI,42.804664,-89.57061326684487,API_ERROR,,,,API_ERROR,new_query
5500990,Belleville School District,WI,42.866651263770784,-89.50716549879027,API_ERROR,,,,API_ERROR,new_query
5500990,Belleville School District,WI,42.8422069188171,-89.58475744142098,API_ERROR,,,,API_ERROR,new_query
5500990,Belleville School District,WI,42.78030062391659,-89.4726569663754,API_ERROR,,,,API_ERROR,new_query
5500990,Belleville School District,WI,42.807031722242755,-89.51981488799238,API_ERROR,,,,API_ERROR,new_query
5500990,Belleville School District,WI,42.86737205,-89.5460293,API_ERROR,,,,API_ERROR,new_query
5500990,Belleville School District,WI,42.83168875378186,-89.47213786699017,API_ERROR,,,,API_ERROR,new_query
5500990,Belleville School District,WI,42.87157429876045,-89.59807923362263,API_ERROR,,,,API_ERROR,new_query
5500990,Belleville School District,WI,42.81813875,-89.50351210000001,API_ERROR,,,,API_ERROR,new_query
5500990,Belleville School District,WI,42.85020304652735,-89.4509853756177,API_ERROR,,,,API_ERROR,new_query
5500990,Belleville School District,WI,42.82636851633397,-89.53389495301852,API_ERROR,,,,API_ERROR,new_query
5500990,Belleville School District,WI,42.788036000000005,-89.51121395,API_ERROR,,,,API_ERROR,new_query
5500990,Belleville School District,WI,42.91814243711237,-89.57714303509101,API_ERROR,,,,API_ERROR,new_query
5500990,Belleville School District,WI,42.81813875,-89.5460293,API_ERROR,,,,API_ERROR,new_query
5500990,Belleville School District,WI,42.903895766257556,-89.61606552774523,API_ERROR,,,,API_ERROR,new_query
5500990,Belleville School District,WI,42.852813967339,-89.55415667009765,API_ERROR,,,,API_ERROR,new_query
5500990,Belleville School District,WI,42.79650618359403,-89.5312535911407,API_ERROR,,,,API_ERROR,new_query
5500990,Belleville School District,WI,42.933016450000004,-89.5460293,API_ERROR,,,,API_ERROR,new_query
5500990,Belleville School District,WI,42.87582082322019,-89.44266863927632,API_ERROR,,,,API_ERROR,new_query
5500990,Belleville School District,WI,42.83772483415167,-89.51205177107894,API_ERROR,,,,API_ERROR,new_query
5500990,Belleville School District,WI,42.82177704918964,-89.49109102360151,API_ERROR,,,,API_ERROR,new_query
5500990,Belleville School District,WI,42.861366495154535,-89.49606301707513,API_ERROR,,,,API_ERROR,new_query
5500990,Belleville School District,WI,42.85098578023626,-89.57423966263197,API_ERROR,,,,API_ERROR,new_query
5500990,Belleville School District,WI,42.87767414511389,-89.56459549379954,API_ERROR,,,,API_ERROR,new_query
5500990,Belleville School District,WI,42.900514294446836,-89.57161928045652,API_ERROR,,,,API_ERROR,new_query
5500990,Belleville School District,WI,42.895494328652845,-89.6337655421648,API_ERROR,,,,API_ERROR,new_query
5500990,Belleville School District,WI,42.830074540423595,-89.48335644426011,API_ERROR,,,,API_ERROR,new_query
5500990,Belleville School District,WI,42.859594904414244,-89.516662018938,API_ERROR,,,,API_ERROR,new_query
5500990,Belleville School District,WI,42.900194250000006,-89.5460293,API_ERROR,,,,API_ERROR,new_query
5500990,Belleville School District,WI,42.90983126174633,-89.53365346122852,API_ERROR,,,,API_ERROR,new_query
5500990,Belleville School District,WI,42.90611872291188,-89.49782087603849,API_ERROR,,,,API_ERROR,new_query
5500990,Belleville School District,WI,42.81813875,-89.5247707,API_ERROR,,,,API_ERROR,new_query
5500990,Belleville School District,WI,42.83958928539451,-89.46417438145109,API_ERROR,,,,API_ERROR,new_query
5500990,Belleville School District,WI,42.900194250000006,-89.5247707,API_ERROR,,,,API_ERROR,new_query
5500990,Belleville School District,WI,42.916605350000005,-89.5885465,API_ERROR,,,,API_ERROR,new_query
5500990,Belleville School District,WI,42.83454985,-89.5247707,API_ERROR,,,,API_ERROR,new_query
5500990,Belleville School District,WI,42.86924685742748,-89.57327635862443,API_ERROR,,,,API_ERROR,new_query
5500990,Belleville School District,WI,42.86096870562947,-89.47157466810573,API_ERROR,,,,API_ERROR,new_query
5500990,Belleville School District,WI,42.802120296180355,-89.4737290624133,API_ERROR,,,,API_ERROR,new_query
5500990,Belleville School District,WI,42.91778059860353,-89.50779205680479,API_ERROR,,,,API_ERROR,new_query
5500990,Belleville School District,WI,42.83115015,-89.58186315432019,API_ERROR,,,,API_ERROR,new_query
5500990,Belleville School District,WI,42.81254357133032,-89.49495051600448,API_ERROR,,,,API_ERROR,new_query
5500990,Belleville School District,WI,42.916605350000005,-89.5672879,API_ERROR,,,,API_ERROR,new_query
5500990,Belleville School District,WI,42.802255995383305,-89.54472736366935,API_ERROR,,,,API_ERROR,new_query
5500990,Belleville School District,WI,42.89209314568833,-89.5191540375749,API_ERROR,,,,API_ERROR,new_query
5500990,Belleville School District,WI,42.813840238315954,-89.51293316957083,API_ERROR,,,,API_ERROR,new_query
5500990,Belleville School District,WI,42.81813875,-89.5672879,API_ERROR,,,,API_ERROR,new_query
5500990,Belleville School District,WI,42.79403558617646,-89.52088994262125,API_ERROR,,,,API_ERROR,new_query
5500990,Belleville School District,WI,42.85096095,-89.5885465,API_ERROR,,,,API_ERROR,new_query
5500990,Belleville School District,WI,42.88147652584495,-89.45378024688188,API_ERROR,,,,API_ERROR,new_query
5500990,Belleville School District,WI,42.89088162506804,-89.59562115040134,API_ERROR,,,,API_ERROR,new_query
5500990,Belleville School District,WI,42.86737205,-89.5885465,API_ERROR,,,,API_ERROR,new_query
5500990,Belleville School District,WI,42.933016450000004,-89.5247707,API_ERROR,,,,API_ERROR,new_query
5500990,Belleville School District,WI,42.88298669945308,-89.5546853355961,API_ERROR,,,,API_ERROR,new_query
5500990,Belleville School District,WI,42.82987874132162,-89.44808359805516,API_ERROR,,,,API_ERROR,new_query
5500990,Belleville School District,WI,42.86889091742811,-89.49248656288441,API_ERROR,,,,API_ERROR,new_query
5500990,Belleville School District,WI,42.92500995,-89.6213908951425,API_ERROR,,,,API_ERROR,new_query
5500990,Belleville School District,WI,42.92274974384202,-89.51945468711237,API_ERROR,,,,API_ERROR,new_query
5500990,Belleville School District,WI,42.88451364199232,-89.59060526172101,API_ERROR,,,,API_ERROR,new_query
5500990,Belleville School District,WI,42.81524431386293,-89.55346750324914,API_ERROR,,,,API_ERROR,new_query
5500990,Belleville School District,WI,42.84357169809863,-89.50566060601163,API_ERROR,,,,API_ERROR,new_query
5500990,Belleville School District,WI,42.84296870878094,-89.59222452918554,API_ERROR,,,,API_ERROR,new_query
5500990,Belleville School District,WI,42.928774000000004,-89.58291788881778,API_ERROR,,,,API_ERROR,new_query
5500990,Belleville School District,WI,42.916605350000005,-89.6098051,API_ERROR,,,,API_ERROR,new_query
5500990,Belleville School District,WI,42.85598743468496,-89.4554571341764,API_ERROR,,,,API_ERROR,new_query
5500990,Belleville School District,WI,42.900194250000006,-89.6098051,API_ERROR,,,,API_ERROR,new_query
5500990,Belleville School District,WI,42.80172765,-89.5247707,API_ERROR,,,,API_ERROR,new_query
5500990,Belleville School District,WI,42.82577170341924,-89.46210935624671,API_ERROR,,,,API_ERROR,new_query
5500990,Belleville School District,WI,42.83141244693944,-89.50895399623307,API_ERROR,,,,API_ERROR,new_query
5500990,Belleville School District,WI,42.82768494912368,-89.5261259550975,API_ERROR,,,,API_ERROR,new_query
5500990,Belleville School District,WI,42.885630462640584,-89.58176395020966,API_ERROR,,,,API_ERROR,new_query
5500990,Belleville School District,WI,42.90881597992475,-89.52675855482028,API_ERROR,,,,API_ERROR,new_query
5500990,Belleville School District,WI,42.85096095,-89.5672879,API_ERROR,,,,API_ERROR,new_query
5500990,Belleville School District,WI,42.864949186689664,-89.53960172117836,API_ERROR,,,,API_ERROR,new_query
5500990,Belleville School District,WI,42.926389954031386,-89.54780227547924,API_ERROR,,,,API_ERROR,new_query
5500990,Belleville School District,WI,42.87073062385629,-89.56267609709424,API_ERROR,,,,API_ERROR,new_query
5500990,Belleville School District,WI,42.86683954440781,-89.4358422073894,API_ERROR,,,,API_ERROR,new_query
5500990,Belleville School District,WI,42.88378315,-89.5672879,API_ERROR,,,,API_ERROR,new_query
5500990,Belleville School District,WI,42.85096095,-89.5247707,API_ERROR,,,,API_ERROR,new_query
5500990,Belleville School District,WI,42.92973410147014,-89.59595825536219,API_ERROR,,,,API_ERROR,new_query
5500990,Belleville School District,WI,42.91487934440775,-89.50226831953118,API_ERROR,,,,API_ERROR,new_query
5500990,Belleville School District,WI,42.84951643656563,-89.53549504002525,API_ERROR,,,,API_ERROR,new_query
5500990,Belleville School District,WI,42.83825616450869,-89.56304112786522,API_ERROR,,,,API_ERROR,new_query
5500990,Belleville School District,WI,42.81166580899802,-89.55851533560691,API_ERROR,,,,API_ERROR,new_query
5500990,Belleville School District,WI,42.862230780251565,-89.48546663926597,API_ERROR,,,,API_ERROR,new_query
5500990,Belleville School District,WI,42.85096095,-89.5460293,API_ERROR,,,,API_ERROR,new_query
5500990,Belleville School District,WI,42.877357582855204,-89.59628393513307,API_ERROR,,,,API_ERROR,new_query
5500990,Belleville School District,WI,42.86992598489585,-89.57926353681307,API_ERROR,,,,API_ERROR,new_query
5500990,Belleville School District,WI,42.88074588101737,-89.50045143730608,API_ERROR,,,,API_ERROR,new_query
5500990,Belleville School District,WI,42.86117442946814,-89.5088699867963,API_ERROR,,,,API_ERROR,new_query
5500990,Belleville School District,WI,42.92270564674452,-89.57371185623944,API_ERROR,,,,API_ERROR,new_query
5500990,Belleville School District,WI,42.86737205,-89.5672879,API_ERROR,,,,API_ERROR,new_query
5500990,Belleville School District,WI,42.88893487192404,-89.55711586114963,API_ERROR,,,,API_ERROR,new_query
5500990,Belleville School District,WI,42.87350979793319,-89.48182812483729,API_ERROR,,,,API_ERROR,new_query
5500990,Belleville School District,WI,42.86758352861432,-89.55635915614212,API_ERROR,,,,API_ERROR,new_query
5500990,Belleville School District,WI,42.83454985,-89.5672879,API_ERROR,,,,API_ERROR,new_query
5500990,Belleville School District,WI,42.89009130986351,-89.52437676025052,API_ERROR,,,,API_ERROR,new_query
5500990,Belleville School District,WI,42.83941747498672,-89.52235956255419,API_ERROR,,,,API_ERROR,new_query
5500990,Belleville School District,WI,42.900194250000006,-89.6310637,API_ERROR,,,,API_ERROR,new_query
5500990,Belleville School District,WI,42.91478424560673,-89.56232133524979,API_ERROR,,,,API_ERROR,new_query
3414220,Roosevelt Borough Public School District,NJ,40.215922,-74.4864977,API_ERROR,,,,API_ERROR,new_query
3414220,Roosevelt Borough Public School District,NJ,40.21683807959853,-74.45607481163141,API_ERROR,,,,API_ERROR,new_query
3414220,Roosevelt Borough Public School District,NJ,40.23323033500333,-74.47218955665905,API_ERROR,,,,API_ERROR,new_query
3414220,Roosevelt Borough Public School District,NJ,40.208871550000005,-74.4708702,API_ERROR,,,,API_ERROR,new_query
3414220,Roosevelt Borough Public School District,NJ,40.231584350000006,-74.4847326,API_ERROR,,,,API_ERROR,new_query
3414220,Roosevelt Borough Public School District,NJ,40.22147867448273,-74.46821624243884,API_ERROR,,,,API_ERROR,new_query
3414220,Roosevelt Borough Public School District,NJ,40.222451450953024,-74.47845074594328,API_ERROR,,,,API_ERROR,new_query
3414220,Roosevelt Borough Public School District,NJ,40.213747450171205,-74.4783703871055,API_ERROR,,,,API_ERROR,new_query
3414220,Roosevelt Borough Public School District,NJ,40.21420597793778,-74.46395041563072,API_ERROR,,,,API_ERROR,new_query
3414220,Roosevelt Borough Public School District,NJ,40.227964107225844,-74.465868509203,API_ERROR,,,,API_ERROR,new_query
3414220,Roosevelt Borough Public School District,NJ,40.22939231976434,-74.47874538967206,API_ERROR,,,,API_ERROR,new_query
3414220,Roosevelt Borough Public School District,NJ,40.22082041396577,-74.46099210026435,API_ERROR,,,,API_ERROR,new_query
3414220,Roosevelt Borough Public School District,NJ,40.215146971182236,-74.4705611380231,API_ERROR,,,,API_ERROR,new_query
3414220,Roosevelt Borough Public School District,NJ,40.22705534824475,-74.47282403431224,API_ERROR,,,,API_ERROR,new_query
3414220,Roosevelt Borough Public School District,NJ,40.225551499999995,-74.4833309,API_ERROR,,,,API_ERROR,new_query
3414220,Roosevelt Borough Public School District,NJ,40.219608104019194,-74.48281097623187,API_ERROR,,,,API_ERROR,new_query
3414220,Roosevelt Borough Public School District,NJ,40.21990765941929,-74.47429651522107,API_ERROR,,,,API_ERROR,new_query
3414220,Roosevelt Borough Public School District,NJ,40.233936400533786,-74.47662823334262,API_ERROR,,,,API_ERROR,new_query
3414220,Roosevelt Borough Public School District,NJ,40.21171065,-74.4743358,API_ERROR,,,,API_ERROR,new_query
3414220,Roosevelt Borough Public School District,NJ,40.23442345,-74.481267,API_ERROR,,,,API_ERROR,new_query
3414220,Roosevelt Borough Public School District,NJ,40.23143276844704,-74.4682071329885,API_ERROR,,,,API_ERROR,new_query
3414220,Roosevelt Borough Public School District,NJ,40.230230539505214,-74.47489578835142,API_ERROR,,,,API_ERROR,new_query
3414220,Roosevelt Borough Public School District,NJ,40.225197537377696,-74.46955686593537,API_ERROR,,,,API_ERROR,new_query
3414220,Roosevelt Borough Public School District,NJ,40.21449342719563,-74.46025717724953,API_ERROR,,,,API_ERROR,new_query
3414220,Roosevelt Borough Public School District,NJ,40.217388850000006,-74.4778014,API_ERROR,,,,API_ERROR,new_query
3414220,Roosevelt Borough Public School District,NJ,40.223894088945144,-74.4655272802732,API_ERROR,,,,API_ERROR,new_query
3414220,Roosevelt Borough Public School District,NJ,40.22590615,-74.4778014,API_ERROR,,,,API_ERROR,new_query
3414220,Roosevelt Borough Public School District,NJ,40.223435150915854,-74.47254473929672,API_ERROR,,,,API_ERROR,new_query
3414220,Roosevelt Borough Public School District,NJ,40.208871550000005,-74.4674046,API_ERROR,,,,API_ERROR,new_query
3414220,Roosevelt Borough Public School District,NJ,40.211895917081534,-74.46922705230769,API_ERROR,,,,API_ERROR,new_query
3414220,Roosevelt Borough Public School District,NJ,40.21824674423341,-74.46321331919007,API_ERROR,,,,API_ERROR,new_query
3414220,Roosevelt Borough Public School District,NJ,40.21836006226719,-74.46963465977518,API_ERROR,,,,API_ERROR,new_query
3414220,Roosevelt Borough Public School District,NJ,40.22863671732529,-74.46988563328055,API_ERROR,,,,API_ERROR,new_query
3414220,Roosevelt Borough Public School District,NJ,40.21454975,-74.481267,API_ERROR,,,,API_ERROR,new_query
3414220,Roosevelt Borough Public School District,NJ,40.218913739014155,-74.48654653146204,API_ERROR,,,,API_ERROR,new_query
3414220,Roosevelt Borough Public School District,NJ,40.22023733852874,-74.46543199973992,API_ERROR,,,,API_ERROR,new_query
3414220,Roosevelt Borough Public School District,NJ,40.223067050000004,-74.481267,API_ERROR,,,,API_ERROR,new_query
3414220,Roosevelt Borough Public School District,NJ,40.21136892539801,-74.46348853908107,API_ERROR,,,,API_ERROR,new_query
3414220,Roosevelt Borough Public School District,NJ,40.219466893125684,-74.47996797982091,API_ERROR,,,,API_ERROR,new_query
3414220,Roosevelt Borough Public School District,NJ,40.21454975,-74.4743358,API_ERROR,,,,API_ERROR,new_query
3414220,Roosevelt Borough Public School District,NJ,40.23442345,-74.4847326,API_ERROR,,,,API_ERROR,new_query
3414220,Roosevelt Borough Public School District,NJ,40.231584350000006,-74.481267,API_ERROR,,,,API_ERROR,new_query
3414220,Roosevelt Borough Public School District,NJ,40.21466177971664,-74.46776800411949,API_ERROR,,,,API_ERROR,new_query
3414220,Roosevelt Borough Public School District,NJ,40.22874525,-74.481267,API_ERROR,,,,API_ERROR,new_query
3414220,Roosevelt Borough Public School District,NJ,40.217388850000006,-74.4743358,API_ERROR,,,,API_ERROR,new_query
3414220,Roosevelt Borough Public School District,NJ,40.23336018629921,-74.46972851848398,API_ERROR,,,,API_ERROR,new_query
3414220,Roosevelt Borough Public School District,NJ,40.23278156870214,-74.47912787523332,API_ERROR,,,,API_ERROR,new_query
3414220,Roosevelt Borough Public School District,NJ,40.217388850000006,-74.481267,API_ERROR,,,,API_ERROR,new_query
3414220,Roosevelt Borough Public School District,NJ,40.228122850000005,-74.48358294466678,API_ERROR,,,,API_ERROR,new_query
3414220,Roosevelt Borough Public School District,NJ,40.212030307130355,-74.47160195178631,API_ERROR,,,,API_ERROR,new_query
3414220,Roosevelt Borough Public School District,NJ,40.21685465738333,-74.4650963597836,API_ERROR,,,,API_ERROR,new_query
3414220,Roosevelt Borough Public School District,NJ,40.211736235315136,-74.47664648652834,API_ERROR,,,,API_ERROR,new_query
3414220,Roosevelt Borough Public School District,NJ,40.22022795,-74.4778014,API_ERROR,,,,API_ERROR,new_query
3414220,Roosevelt Borough Public School District,NJ,40.217388850000006,-74.4847326,API_ERROR,,,,API_ERROR,new_query
3414220,Roosevelt Borough Public School District,NJ,40.217388850000006,-74.4881982,API_ERROR,,,,API_ERROR,new_query
3414220,Roosevelt Borough Public School District,NJ,40.22022795,-74.4708702,API_ERROR,,,,API_ERROR,new_query
3414220,Roosevelt Borough Public School District,NJ,40.22584655554,-74.46661792060475,API_ERROR,,,,API_ERROR,new_query
3414220,Roosevelt Borough Public School District,NJ,40.21454975,-74.4847326,API_ERROR,,,,API_ERROR,new_query
3414220,Roosevelt Borough Public School District,NJ,40.23101737758268,-74.47206467688822,API_ERROR,,,,API_ERROR,new_query
3414220,Roosevelt Borough Public School District,NJ,40.209827000000004,-74.472854,API_ERROR,,,,API_ERROR,new_query
3414220,Roosevelt Borough Public School District,NJ,40.22811819517556,-74.47548744913836,API_ERROR,,,,API_ERROR,new_query
3414220,Roosevelt Borough Public School District,NJ,40.22293011946869,-74.47631040767655,API_ERROR,,,,API_ERROR,new_query
3414220,Roosevelt Borough Public School District,NJ,40.215168720260344,-74.47670639875447,API_ERROR,,,,API_ERROR,new_query
3414220,Roosevelt Borough Public School District,NJ,40.212438,-74.4801171,API_ERROR,,,,API_ERROR,new_query
3414220,Roosevelt Borough Public School District,NJ,40.21587318666038,-74.47930262156537,API_ERROR,,,,API_ERROR,new_query
3414220,Roosevelt Borough Public School District,NJ,40.22515336460931,-74.47979217050424,API_ERROR,,,,API_ERROR,new_query
3414220,Roosevelt Borough Public School District,NJ,40.22531352266119,-74.47578239979212,API_ERROR,,,,API_ERROR,new_query
3414220,Roosevelt Borough Public School District,NJ,40.22192382888429,-74.4744589632846,API_ERROR,,,,API_ERROR,new_query
3414220,Roosevelt Borough Public School District,NJ,40.217163760850035,-74.46154100657193,API_ERROR,,,,API_ERROR,new_query
3414220,Roosevelt Borough Public School District,NJ,40.223937841485416,-74.46749977214789,API_ERROR,,,,API_ERROR,new_query
3414220,Roosevelt Borough Public School District,NJ,40.21617580182954,-74.46328780432825,API_ERROR,,,,API_ERROR,new_query
3414220,Roosevelt Borough Public School District,NJ,40.22272964918035,-74.48305859999999,API_ERROR,,,,API_ERROR,new_query
3414220,Roosevelt Borough Public School District,NJ,40.213725985629374,-74.46191020014172,API_ERROR,,,,API_ERROR,new_query
3414220,Roosevelt Borough Public School District,NJ,40.2233987640677,-74.46945891485602,API_ERROR,,,,API_ERROR,new_query
3414220,Roosevelt Borough Public School District,NJ,40.227593375308295,-74.47842573598624,API_ERROR,,,,API_ERROR,new_query
3414220,Roosevelt Borough Public School District,NJ,40.231584350000006,-74.4778014,API_ERROR,,,,API_ERROR,new_query
3414220,Roosevelt Borough Public School District,NJ,40.219709284531895,-74.46811740392229,API_ERROR,,,,API_ERROR,new_query
3414220,Roosevelt Borough Public School District,NJ,40.233277527645,-74.4834825147466,API_ERROR,,,,API_ERROR,new_query
3414220,Roosevelt Borough Public School District,NJ,40.21656924894414,-74.47286402433826,API_ERROR,,,,API_ERROR,new_query
3414220,Roosevelt Borough Public School District,NJ,40.222504812962754,-74.46664114674398,API_ERROR,,,,API_ERROR,new_query
3414220,Roosevelt Borough Public School District,NJ,40.22590615,-74.481267,API_ERROR,,,,API_ERROR,new_query
3414220,Roosevelt Borough Public School District,NJ,40.21566774576837,-74.45916985081587,API_ERROR,,,,API_ERROR,new_query
3414220,Roosevelt Borough Public School District,NJ,40.217388850000006,-74.4708702,API_ERROR,,,,API_ERROR,new_query
3414220,Roosevelt Borough Public School District,NJ,40.22590615,-74.4743358,API_ERROR,,,,API_ERROR,new_query
3414220,Roosevelt Borough Public School District,NJ,40.209856766590896,-74.46861095942667,API_ERROR,,,,API_ERROR,new_query
3414220,Roosevelt Borough Public School District,NJ,40.229637515677034,-74.48323445620431,API_ERROR,,,,API_ERROR,new_query
3414220,Roosevelt Borough Public School District,NJ,40.21280627299232,-74.46067056346399,API_ERROR,,,,API_ERROR,new_query
3414220,Roosevelt Borough Public School District,NJ,40.22022795,-74.481267,API_ERROR,,,,API_ERROR,new_query
3414220,Roosevelt Borough Public School District,NJ,40.22847855690875,-74.4723438344442,API_ERROR,,,,API_ERROR,new_query
3414220,Roosevelt Borough Public School District,NJ,40.224419199097426,-74.47761624748262,API_ERROR,,,,API_ERROR,new_query
3414220,Roosevelt Borough Public School District,NJ,40.22590615,-74.4708702,API_ERROR,,,,API_ERROR,new_query
3414220,Roosevelt Borough Public School District,NJ,40.21986984886794,-74.46213970829068,API_ERROR,,,,API_ERROR,new_query
3414220,Roosevelt Borough Public School District,NJ,40.231584350000006,-74.4743358,API_ERROR,,,,API_ERROR,new_query
3414220,Roosevelt Borough Public School District,NJ,40.222017416545064,-74.47983930421601,API_ERROR,,,,API_ERROR,new_query
3414220,Roosevelt Borough Public School District,NJ,40.223067050000004,-74.4708702,API_ERROR,,,,API_ERROR,new_query
3414220,Roosevelt Borough Public School District,NJ,40.21796970785997,-74.47647343916549,API_ERROR,,,,API_ERROR,new_query
3414220,Roosevelt Borough Public School District,NJ,40.224146216124765,-74.48215340689912,API_ERROR,,,,API_ERROR,new_query
3414220,Roosevelt Borough Public School District,NJ,40.21573941885719,-74.46587383146013,API_ERROR,,,,API_ERROR,new_query
3414220,Roosevelt Borough Public School District,NJ,40.23334480565958,-74.48207922867851,API_ERROR,,,,API_ERROR,new_query
3414220,Roosevelt Borough Public School District,NJ,40.217048785288895,-74.46936285602509,API_ERROR,,,,API_ERROR,new_query
3414220,Roosevelt Borough Public School District,NJ,40.231584350000006,-74.4708702,API_ERROR,,,,API_ERROR,new_query
3414220,Roosevelt Borough Public School District,NJ,40.2178423834796,-74.48002670756073,API_ERROR,,,,API_ERROR,new_query
3414220,Roosevelt Borough Public School District,NJ,40.22856278533262,-74.47976871423582,API_ERROR,,,,API_ERROR,new_query
3414220,Roosevelt Borough Public School District,NJ,40.22874525,-74.4743358,API_ERROR,,,,API_ERROR,new_query
3414220,Roosevelt Borough Public School District,NJ,40.219851,-74.48409415,API_ERROR,,,,API_ERROR,new_query
3414220,Roosevelt Borough Public School District,NJ,40.220430110921676,-74.46705287406091,API_ERROR,,,,API_ERROR,new_query
3414220,Roosevelt Borough Public School District,NJ,40.20893714915528,-74.4695956428931,API_ERROR,,,,API_ERROR,new_query
3414220,Roosevelt Borough Public School District,NJ,40.212607763452866,-74.46370234800159,API_ERROR,,,,API_ERROR,new_query
3414220,Roosevelt Borough Public School District,NJ,40.229753940399526,-74.47042331678793,API_ERROR,,,,API_ERROR,new_query
3414220,Roosevelt Borough Public School District,NJ,40.23279360912369,-74.47709865529634,API_ERROR,,,,API_ERROR,new_query
3414220,Roosevelt Borough Public School District,NJ,40.21367758095161,-74.46708856974688,API_ERROR,,,,API_ERROR,new_query
3414220,Roosevelt Borough Public School District,NJ,40.222667758575795,-74.4681344638255,API_ERROR,,,,API_ERROR,new_query
3414220,Roosevelt Borough Public School District,NJ,40.21254693391418,-74.47022258651333,API_ERROR,,,,API_ERROR,new_query
3414220,Roosevelt Borough Public School District,NJ,40.22698681217979,-74.46686648613849,API_ERROR,,,,API_ERROR,new_query
3414220,Roosevelt Borough Public School District,NJ,40.21171065,-74.4778014,API_ERROR,,,,API_ERROR,new_query
3414220,Roosevelt Borough Public School District,NJ,40.223067050000004,-74.4743358,API_ERROR,,,,API_ERROR,new_query
3414220,Roosevelt Borough Public School District,NJ,40.22874525,-74.4778014,API_ERROR,,,,API_ERROR,new_query
3414220,Roosevelt Borough Public School District,NJ,40.22474871444577,-74.46829776319495,API_ERROR,,,,API_ERROR,new_query
3414220,Roosevelt Borough Public School District,NJ,40.21940316945009,-74.46617834324229,API_ERROR,,,,API_ERROR,new_query
3414220,Roosevelt Borough Public School District,NJ,40.2333745854014,-74.4756824258469,API_ERROR,,,,API_ERROR,new_query
3414220,Roosevelt Borough Public School District,NJ,40.21286971474985,-74.47912860837693,API_ERROR,,,,API_ERROR,new_query
3414220,Roosevelt Borough Public School District,NJ,40.22000100802265,-74.47903640347016,API_ERROR,,,,API_ERROR,new_query
3414220,Roosevelt Borough Public School District,NJ,40.2337565,-74.47768530000002,API_ERROR,,,,API_ERROR,new_query
3414220,Roosevelt Borough Public School District,NJ,40.22117540623951,-74.46494501563491,API_ERROR,,,,API_ERROR,new_query
3414220,Roosevelt Borough Public School District,NJ,40.221195810966016,-74.4692234635195,API_ERROR,,,,API_ERROR,new_query
3414220,Roosevelt Borough Public School District,NJ,40.22663872583405,-74.47188268255532,API_ERROR,,,,API_ERROR,new_query
3414220,Roosevelt Borough Public School District,NJ,40.20799356669169,-74.46794131646077,API_ERROR,,,,API_ERROR,new_query
3414220,Roosevelt Borough Public School District,NJ,40.21086386875361,-74.47377438548092,API_ERROR,,,,API_ERROR,new_query
3414220,Roosevelt Borough Public School District,NJ,40.213668624948816,-74.47736994978008,API_ERROR,,,,API_ERROR,new_query
3414220,Roosevelt Borough Public School District,NJ,40.217453436574395,-74.4857283498026,API_ERROR,,,,API_ERROR,new_query
3414220,Roosevelt Borough Public School District,NJ,40.21465360529417,-74.47334765556101,API_ERROR,,,,API_ERROR,new_query
3414220,Roosevelt Borough Public School District,NJ,40.22874525,-74.4708702,API_ERROR,,,,API_ERROR,new_query
3414220,Roosevelt Borough Public School District,NJ,40.21454975,-74.4778014,API_ERROR,,,,API_ERROR,new_query
3414220,Roosevelt Borough Public School District,NJ,40.231603624341375,-74.48028912348256,API_ERROR,,,,API_ERROR,new_query
3414220,Roosevelt Borough Public School District,NJ,40.229068044611616,-74.47553171597835,API_ERROR,,,,API_ERROR,new_query
3414220,Roosevelt Borough Public School District,NJ,40.21861803976737,-74.47716155195597,API_ERROR,,,,API_ERROR,new_query
3414220,Roosevelt Borough Public School District,NJ,40.218331519116,-74.4812043380199,API_ERROR,,,,API_ERROR,new_query
3414220,Roosevelt Borough Public School District,NJ,40.22081639100311,-74.46615862853037,API_ERROR,,,,API_ERROR,new_query
3414220,Roosevelt Borough Public School District,NJ,40.21199905699655,-74.47345364528343,API_ERROR,,,,API_ERROR,new_query
3414220,Roosevelt Borough Public School District,NJ,40.223067050000004,-74.4778014,API_ERROR,,,,API_ERROR,new_query
3414220,Roosevelt Borough Public School District,NJ,40.23245638132447,-74.47068713417565,API_ERROR,,,,API_ERROR,new_query
3414220,Roosevelt Borough Public School District,NJ,40.2227425408665,-74.47932971493209,API_ERROR,,,,API_ERROR,new_query
3414220,Roosevelt Borough Public School District,NJ,40.233251499999994,-74.47307025,API_ERROR,,,,API_ERROR,new_query
3414220,Roosevelt Borough Public School District,NJ,40.21257649847582,-74.47638285457593,API_ERROR,,,,API_ERROR,new_query
3414220,Roosevelt Borough Public School District,NJ,40.23235763705237,-74.47208228037661,API_ERROR,,,,API_ERROR,new_query
3414220,Roosevelt Borough Public School District,NJ,40.22064212637604,-74.46794590640198,API_ERROR,,,,API_ERROR,new_query
3414220,Roosevelt Borough Public School District,NJ,40.22345048626365,-74.48049815299879,API_ERROR,,,,API_ERROR,new_query
3414220,Roosevelt Borough Public School District,NJ,40.23019674390981,-74.47405405643282,API_ERROR,,,,API_ERROR,new_query
3414220,Roosevelt Borough Public School District,NJ,40.22797508273974,-74.47055244363054,API_ERROR,,,,API_ERROR,new_query
3414220,Roosevelt Borough Public School District,NJ,40.21898579723801,-74.47017220204567,API_ERROR,,,,API_ERROR,new_query
2800930,Carroll County School District,MS,33.32993475,-90.14839335,API_ERROR,,,,API_ERROR,new_query
2800930,Carroll County School District,MS,33.40174234352203,-89.64940506481967,API_ERROR,,,,API_ERROR,new_query
2800930,Carroll County School District,MS,33.668634833527044,-89.96122658815152,API_ERROR,,,,API_ERROR,new_query
2800930,Carroll County School District,MS,33.251622499999996,-89.87094535,API_ERROR,,,,API_ERROR,new_query
2800930,Carroll County School District,MS,33.46674043611398,-89.86070684899954,API_ERROR,,,,API_ERROR,new_query
2800930,Carroll County School District,MS,33.531412892878905,-90.09952192239719,API_ERROR,,,,API_ERROR,new_query
2800930,Carroll County School District,MS,33.64170867235291,-89.79985366823357,API_ERROR,,,,API_ERROR,new_query
2800930,Carroll County School District,MS,33.3671785129447,-89.99099788639998,API_ERROR,,,,API_ERROR,new_query
2800930,Carroll County School District,MS,33.6742935,-90.1231260003984,API_ERROR,,,,API_ERROR,new_query
2800930,Carroll County School District,MS,33.32497255125249,-89.76596743152146,API_ERROR,,,,API_ERROR,new_query
2800930,Carroll County School District,MS,33.54471407587365,-89.96323132849884,API_ERROR,,,,API_ERROR,new_query
2800930,Carroll County School District,MS,33.42251695,-90.09543405000001,API_ERROR,,,,API_ERROR,new_query
2800930,Carroll County School District,MS,33.360613110159754,-89.86437456627029,API_ERROR,,,,API_ERROR,new_query
2800930,Carroll County School District,MS,33.29854897072796,-89.65701328760457,API_ERROR,,,,API_ERROR,new_query
2800930,Carroll County School District,MS,33.60768135,-90.04247475,API_ERROR,,,,API_ERROR,new_query
2800930,Carroll County School District,MS,33.53816730542855,-89.79806047306278,API_ERROR,,,,API_ERROR,new_query
2800930,Carroll County School District,MS,33.597738268886054,-89.8851609148281,API_ERROR,,,,API_ERROR,new_query
2800930,Carroll County School District,MS,33.23460401143005,-89.76416101570499,API_ERROR,,,,API_ERROR,new_query
2800930,Carroll County School District,MS,33.2941270967633,-90.03305974120269,API_ERROR,,,,API_ERROR,new_query
2800930,Carroll County School District,MS,33.46919666110553,-90.02641964349401,API_ERROR,,,,API_ERROR,new_query
2800930,Carroll County School District,MS,33.42251695,-89.93655615,API_ERROR,,,,API_ERROR,new_query
2800930,Carroll County School District,MS,33.39954777490685,-89.78489696879396,API_ERROR,,,,API_ERROR,new_query
2800930,Carroll County School District,MS,33.27117634635271,-89.94390394121501,API_ERROR,,,,API_ERROR,new_query
2800930,Carroll County School District,MS,33.36170795567369,-90.06086725522165,API_ERROR,,,,API_ERROR,new_query
2800930,Carroll County School District,MS,33.605959999999996,-90.12505385,API_ERROR,,,,API_ERROR,new_query
2800930,Carroll County School District,MS,33.665678431212854,-89.87962772186539,API_ERROR,,,,API_ERROR,new_query
2800930,Carroll County School District,MS,33.35630288133856,-89.69961238956432,API_ERROR,,,,API_ERROR,new_query
2800930,Carroll County School District,MS,33.33694529127913,-89.92510973042594,API_ERROR,,,,API_ERROR,new_query
2800930,Carroll County School District,MS,33.53542219666502,-89.86696901443541,API_ERROR,,,,API_ERROR,new_query
2800930,Carroll County School District,MS,33.4829267142514,-89.93720450602842,API_ERROR,,,,API_ERROR,new_query
2800930,Carroll County School District,MS,33.612417783674765,-89.9478165681956,API_ERROR,,,,API_ERROR,new_query
2800930,Carroll County School District,MS,33.306385463922425,-89.86208011788024,API_ERROR,,,,API_ERROR,new_query
2800930,Carroll County School District,MS,33.480940983824915,-89.80845401408801,API_ERROR,,,,API_ERROR,new_query
2800930,Carroll County School District,MS,33.53287918685042,-90.01543532945477,API_ERROR,,,,API_ERROR,new_query
2800930,Carroll County School District,MS,33.42251695,-89.98951545,API_ERROR,,,,API_ERROR,new_query
2800930,Carroll County School District,MS,33.57845422105657,-89.8305529300093,API_ERROR,,,,API_ERROR,new_query
2800930,Carroll County School District,MS,33.42251695,-89.88359685,API_ERROR,,,,API_ERROR,new_query
2800930,Carroll County School District,MS,33.42251695,-90.04247475,API_ERROR,,,,API_ERROR,new_query
2800930,Carroll County School District,MS,33.241962858485195,-89.82272011893605,API_ERROR,,,,API_ERROR,new_query
2800930,Carroll County School District,MS,33.538280803352784,-89.91422655404679,API_ERROR,,,,API_ERROR,new_query
2800930,Carroll County School District,MS,33.34678401196479,-89.81914974646445,API_ERROR,,,,API_ERROR,new_query
2800930,Carroll County School District,MS,33.32993475,-90.09543405000001,API_ERROR,,,,API_ERROR,new_query
2800930,Carroll County School District,MS,33.577396208586244,-90.08800609724074,API_ERROR,,,,API_ERROR,new_query
2800930,Carroll County School District,MS,33.401947174490985,-89.70864454530273,API_ERROR,,,,API_ERROR,new_query
2800930,Carroll County School District,MS,33.642140558919955,-90.07353656560572,API_ERROR,,,,API_ERROR,new_query
2800930,Carroll County School District,MS,33.376225850000004,-90.14839335,API_ERROR,,,,API_ERROR,new_query
2800930,Carroll County School District,MS,33.46880805,-90.09543405000001,API_ERROR,,,,API_ERROR,new_query
2800930,Carroll County School District,MS,33.28288436306184,-89.74771001092115,API_ERROR,,,,API_ERROR,new_query
2800930,Carroll County School District,MS,33.28364365,-89.98951545,API_ERROR,,,,API_ERROR,new_query
2800930,Carroll County School District,MS,33.43591594223094,-89.8103674558843,API_ERROR,,,,API_ERROR,new_query
2800930,Carroll County School District,MS,33.295205144609376,-89.79872653196935,API_ERROR,,,,API_ERROR,new_query
2800930,Carroll County School District,MS,33.47088472930057,-89.97935728464206,API_ERROR,,,,API_ERROR,new_query
2800930,Carroll County School District,MS,33.60768135,-89.98951545,API_ERROR,,,,API_ERROR,new_query
2800930,Carroll County School District,MS,33.376225850000004,-89.93655615,API_ERROR,,,,API_ERROR,new_query
2800930,Carroll County School District,MS,33.57662018183245,-90.01563758172075,API_ERROR,,,,API_ERROR,new_query
2800930,Carroll County School District,MS,33.67267049688521,-90.00157095223945,API_ERROR,,,,API_ERROR,new_query
2800930,Carroll County School District,MS,33.33140981097597,-90.00631780337504,API_ERROR,,,,API_ERROR,new_query
2800930,Carroll County School District,MS,33.324808172351226,-89.72739394028626,API_ERROR,,,,API_ERROR,new_query
2800930,Carroll County School District,MS,33.4515385,-90.12977885000001,API_ERROR,,,,API_ERROR,new_query
2800930,Carroll County School District,MS,33.266019945416396,-89.9061399123971,API_ERROR,,,,API_ERROR,new_query
2800930,Carroll County School District,MS,33.526020372401376,-90.06207558941139,API_ERROR,,,,API_ERROR,new_query
2800930,Carroll County School District,MS,33.376225850000004,-90.09543405000001,API_ERROR,,,,API_ERROR,new_query
2800930,Carroll County School District,MS,33.63574781625828,-90.01355411748149,API_ERROR,,,,API_ERROR,new_query
2800930,Carroll County School District,MS,33.473369448739255,-89.89695919098945,API_ERROR,,,,API_ERROR,new_query
2800930,Carroll County School District,MS,33.32993475,-90.04247475,API_ERROR,,,,API_ERROR,new_query
2800930,Carroll County School District,MS,33.65024628501833,-89.9122560817568,API_ERROR,,,,API_ERROR,new_query
2800930,Carroll County School District,MS,33.36712777278253,-89.8997969723735,API_ERROR,,,,API_ERROR,new_query
2800930,Carroll County School District,MS,33.39475312213505,-89.96717089580716,API_ERROR,,,,API_ERROR,new_query
2800930,Carroll County School District,MS,33.510677572940395,-89.98766949496549,API_ERROR,,,,API_ERROR,new_query
2800930,Carroll County School District,MS,33.570974853898306,-89.9255976944742,API_ERROR,,,,API_ERROR,new_query
2800930,Carroll County School District,MS,33.305043999999995,-90.07148219999999,API_ERROR,,,,API_ERROR,new_query
2800930,Carroll County School District,MS,33.341125715838935,-89.96905294616228,API_ERROR,,,,API_ERROR,new_query
2800930,Carroll County School District,MS,33.57853199217982,-89.96555025365348,API_ERROR,,,,API_ERROR,new_query
2800930,Carroll County School District,MS,33.65397245,-90.04247475,API_ERROR,,,,API_ERROR,new_query
2800930,Carroll County School District,MS,33.51509915,-89.93655615,API_ERROR,,,,API_ERROR,new_query
2800930,Carroll County School District,MS,33.35698149170156,-89.76523799032852,API_ERROR,,,,API_ERROR,new_query
2800930,Carroll County School District,MS,33.383712336407655,-89.84234658799508,API_ERROR,,,,API_ERROR,new_query
2800930,Carroll County School District,MS,33.32993475,-89.88359685,API_ERROR,,,,API_ERROR,new_query
2800930,Carroll County School District,MS,33.405673173930225,-90.136684486426,API_ERROR,,,,API_ERROR,new_query
2800930,Carroll County School District,MS,33.56139025,-90.04247475,API_ERROR,,,,API_ERROR,new_query
2800930,Carroll County School District,MS,33.44823291926296,-89.9140932797027,API_ERROR,,,,API_ERROR,new_query
2800930,Carroll County School District,MS,33.3705433207662,-89.79297364148783,API_ERROR,,,,API_ERROR,new_query
2800930,Carroll County School District,MS,33.670108881051966,-89.8095809119355,API_ERROR,,,,API_ERROR,new_query
2800930,Carroll County School District,MS,33.60768135,-90.09543405000001,API_ERROR,,,,API_ERROR,new_query
2800930,Carroll County School District,MS,33.38241933855124,-90.01643446153967,API_ERROR,,,,API_ERROR,new_query
2800930,Carroll County School District,MS,33.56139025,-89.98951545,API_ERROR,,,,API_ERROR,new_query
2800930,Carroll County School District,MS,33.6580044845004,-89.85154800691801,API_ERROR,,,,API_ERROR,new_query
2800930,Carroll County School District,MS,33.28364365,-89.88359685,API_ERROR,,,,API_ERROR,new_query
2800930,Carroll County School District,MS,33.6411098672393,-89.96841086324113,API_ERROR,,,,API_ERROR,new_query
2800930,Carroll County School District,MS,33.33573973155573,-89.84518232742433,API_ERROR,,,,API_ERROR,new_query
2800930,Carroll County School District,MS,33.33115369567549,-89.79318792948754,API_ERROR,,,,API_ERROR,new_query
2800930,Carroll County School District,MS,33.50691704348993,-90.08697433703698,API_ERROR,,,,API_ERROR,new_query
2800930,Carroll County School District,MS,33.439721335884016,-89.85582149123402,API_ERROR,,,,API_ERROR,new_query
2800930,Carroll County School District,MS,33.22966843184501,-89.79109587017061,API_ERROR,,,,API_ERROR,new_query
2800930,Carroll County School District,MS,33.52467261448639,-89.82082955433701,API_ERROR,,,,API_ERROR,new_query
2800930,Carroll County School District,MS,33.56175378869003,-89.80962514502902,API_ERROR,,,,API_ERROR,new_query
2800930,Carroll County School District,MS,33.51509915,-89.88359685,API_ERROR,,,,API_ERROR,new_query
2800930,Carroll County School District,MS,33.44221698899877,-89.9727998548292,API_ERROR,,,,API_ERROR,new_query
2800930,Carroll County School District,MS,33.36091209700996,-90.12780909339524,API_ERROR,,,,API_ERROR,new_query
2800930,Carroll County School District,MS,33.39647262841735,-89.75979206844728,API_ERROR,,,,API_ERROR,new_query
2800930,Carroll County School District,MS,33.36859139746862,-89.96579124893482,API_ERROR,,,,API_ERROR,new_query
2800930,Carroll County School District,MS,33.62106419834192,-89.89411754337597,API_ERROR,,,,API_ERROR,new_query
2800930,Carroll County School District,MS,33.65397245,-90.09543405000001,API_ERROR,,,,API_ERROR,new_query
2800930,Carroll County School District,MS,33.316790797470425,-89.91095313010398,API_ERROR,,,,API_ERROR,new_query
2800930,Carroll County School District,MS,33.65397245,-89.93655615,API_ERROR,,,,API_ERROR,new_query
2800930,Carroll County School District,MS,33.612144762884704,-90.01473472963328,API_ERROR,,,,API_ERROR,new_query
2800930,Carroll County School District,MS,33.376225850000004,-90.04247475,API_ERROR,,,,API_ERROR,new_query
2800930,Carroll County School District,MS,33.51509915,-90.04247475,API_ERROR,,,,API_ERROR,new_query
2800930,Carroll County School District,MS,33.35234114216545,-90.09608860235085,API_ERROR,,,,API_ERROR,new_query
2800930,Carroll County School District,MS,33.65397245,-89.98951545,API_ERROR,,,,API_ERROR,new_query
2800930,Carroll County School District,MS,33.40568702842257,-90.11454239810902,API_ERROR,,,,API_ERROR,new_query
2800930,Carroll County School District,MS,33.38573461934188,-89.66453724462346,API_ERROR,,,,API_ERROR,new_query
2800930,Carroll County School District,MS,33.32856942484777,-90.11734342962663,API_ERROR,,,,API_ERROR,new_query
2800930,Carroll County School District,MS,33.443973516876994,-90.04135688993759,API_ERROR,,,,API_ERROR,new_query
2800930,Carroll County School District,MS,33.298631327816345,-89.76207102504748,API_ERROR,,,,API_ERROR,new_query
2800930,Carroll County School District,MS,33.45034235469401,-90.08497281865404,API_ERROR,,,,API_ERROR,new_query
2800930,Carroll County School District,MS,33.626482151432015,-90.10474890252785,API_ERROR,,,,API_ERROR,new_query
2800930,Carroll County School District,MS,33.56850945856932,-89.94724698178996,API_ERROR,,,,API_ERROR,new_query
2800930,Carroll County School District,MS,33.33745052075821,-89.74929822989725,API_ERROR,,,,API_ERROR,new_query
2800930,Carroll County School District,MS,33.361775985598314,-89.91957730320637,API_ERROR,,,,API_ERROR,new_query
2800930,Carroll County School District,MS,33.38020285423397,-89.77129741369727,API_ERROR,,,,API_ERROR,new_query
2800930,Carroll County School District,MS,33.376225850000004,-89.88359685,API_ERROR,,,,API_ERROR,new_query
2800930,Carroll County School District,MS,33.56139025,-90.09543405000001,API_ERROR,,,,API_ERROR,new_query
2800930,Carroll County School District,MS,33.35260176607064,-89.71682340576784,API_ERROR,,,,API_ERROR,new_query
2800930,Carroll County School District,MS,33.523895150616724,-89.90436003019938,API_ERROR,,,,API_ERROR,new_query
2800930,Carroll County School District,MS,33.45642791595168,-89.89286806371068,API_ERROR,,,,API_ERROR,new_query
2800930,Carroll County School District,MS,33.48009460384323,-89.91256951692384,API_ERROR,,,,API_ERROR,new_query
2800930,Carroll County School District,MS,33.32993475,-89.98951545,API_ERROR,,,,API_ERROR,new_query
2800930,Carroll County School District,MS,33.25802221991349,-89.82704535546111,API_ERROR,,,,API_ERROR,new_query
2800930,Carroll County School District,MS,33.523259044729656,-90.08424039482978,API_ERROR,,,,API_ERROR,new_query
2800930,Carroll County School District,MS,33.24175171977092,-89.80228594216382,API_ERROR,,,,API_ERROR,new_query
2800930,Carroll County School District,MS,33.38837399547611,-89.69939684890133,API_ERROR,,,,API_ERROR,new_query
2800930,Carroll County School District,MS,33.58084247723375,-89.81437025314099,API_ERROR,,,,API_ERROR,new_query
2800930,Carroll County School District,MS,33.420389,-90.12985505163564,API_ERROR,,,,API_ERROR,new_query
2800930,Carroll County School District,MS,33.31040749446482,-89.80416537038455,API_ERROR,,,,API_ERROR,new_query
2800930,Carroll County School District,MS,33.46880805,-90.04247475,API_ERROR,,,,API_ERROR,new_query
2800930,Carroll County School District,MS,33.59736857292036,-90.03017923355534,API_ERROR,,,,API_ERROR,new_query
2800930,Carroll County School District,MS,33.59214310578707,-90.0463903038476,API_ERROR,,,,API_ERROR,new_query
2800930,Carroll County School District,MS,33.26429535271135,-89.89051946800264,API_ERROR,,,,API_ERROR,new_query
2800930,Carroll County School District,MS,33.56643782662951,-90.02751727594955,API_ERROR,,,,API_ERROR,new_query
2800930,Carroll County School District,MS,33.49945731747478,-89.93645514620357,API_ERROR,,,,API_ERROR,new_query
2800930,Carroll County School District,MS,33.385437486518725,-89.95480789370774,API_ERROR,,,,API_ERROR,new_query
2800930,Carroll County School District,MS,33.639098768779874,-89.98632019109412,API_ERROR,,,,API_ERROR,new_query
2800930,Carroll County School District,MS,33.655627033387724,-89.86641230221603,API_ERROR,,,,API_ERROR,new_query
2800930,Carroll County School District,MS,33.359342150638824,-89.97740023599826,API_ERROR,,,,API_ERROR,new_query
2800930,Carroll County School District,MS,33.64575866703261,-89.89849453843132,API_ERROR,,,,API_ERROR,new_query
2800930,Carroll County School District,MS,33.28364365,-89.93655615,API_ERROR,,,,API_ERROR,new_query
2800930,Carroll County School District,MS,33.39418980290546,-90.12801320412318,API_ERROR,,,,API_ERROR,new_query
2800930,Carroll County School District,MS,33.54283336342911,-90.09089603298585,API_ERROR,,,,API_ERROR,new_query
2800930,Carroll County School District,MS,33.46880805,-89.93655615,API_ERROR,,,,API_ERROR,new_query
2707590,Carlton Public School District,MN,46.65336625,-92.71272185,API_ERROR,,,,API_ERROR,new_query
2707590,Carlton Public School District,MN,46.6383545,-92.29655018265063,API_ERROR,,,,API_ERROR,new_query
2707590,Carlton Public School District,MN,46.500713749999996,-92.49107035,API_ERROR,,,,API_ERROR,new_query
2707590,Carlton Public School District,MN,46.67812843658918,-92.52793124393995,API_ERROR,,,,API_ERROR,new_query
2707590,Carlton Public School District,MN,46.6429161747618,-92.41001826520323,API_ERROR,,,,API_ERROR,new_query
2707590,Carlton Public School District,MN,46.69698125,-92.62406125,API_ERROR,,,,API_ERROR,new_query
2707590,Carlton Public School District,MN,46.58542084078065,-92.54558236384459,API_ERROR,,,,API_ERROR,new_query
2707590,Carlton Public School District,MN,46.57621411156098,-92.46146549904287,API_ERROR,,,,API_ERROR,new_query
2707590,Carlton Public School District,MN,46.63880125,-92.57973095,API_ERROR,,,,API_ERROR,new_query
2707590,Carlton Public School District,MN,46.637511624874,-92.47355058314929,API_ERROR,,,,API_ERROR,new_query
2707590,Carlton Public School District,MN,46.64093734041119,-92.6461161705985,API_ERROR,,,,API_ERROR,new_query
2707590,Carlton Public School District,MN,46.70778863763909,-92.68834266755,API_ERROR,,,,API_ERROR,new_query
2707590,Carlton Public School District,MN,46.65336625,-92.35807945,API_ERROR,,,,API_ERROR,new_query
2707590,Carlton Public School District,MN,46.691845036919545,-92.42700617950226,API_ERROR,,,,API_ERROR,new_query
2707590,Carlton Public School District,MN,46.52252125,-92.44674005,API_ERROR,,,,API_ERROR,new_query
2707590,Carlton Public School District,MN,46.55562194691925,-92.50450267843566,API_ERROR,,,,API_ERROR,new_query
2707590,Carlton Public School District,MN,46.6298404257317,-92.51938985520546,API_ERROR,,,,API_ERROR,new_query
2707590,Carlton Public School District,MN,46.68502936056873,-92.57642334323248,API_ERROR,,,,API_ERROR,new_query
2707590,Carlton Public School District,MN,46.67517375,-92.66839155,API_ERROR,,,,API_ERROR,new_query
2707590,Carlton Public School District,MN,46.661312141107075,-92.61427287808182,API_ERROR,,,,API_ERROR,new_query
2707590,Carlton Public School District,MN,46.67517375,-92.49107035,API_ERROR,,,,API_ERROR,new_query
2707590,Carlton Public School District,MN,46.609751249999995,-92.44674005,API_ERROR,,,,API_ERROR,new_query
2707590,Carlton Public School District,MN,46.65356767703705,-92.44372549626476,API_ERROR,,,,API_ERROR,new_query
2707590,Carlton Public School District,MN,46.675570065839594,-92.3980909332404,API_ERROR,,,,API_ERROR,new_query
2707590,Carlton Public School District,MN,46.554784439016,-92.43633322239387,API_ERROR,,,,API_ERROR,new_query
2707590,Carlton Public School District,MN,46.609751249999995,-92.49107035,API_ERROR,,,,API_ERROR,new_query
2707590,Carlton Public School District,MN,46.535255658802434,-92.48052879322526,API_ERROR,,,,API_ERROR,new_query
2707590,Carlton Public School District,MN,46.680832462558506,-92.72775868382425,API_ERROR,,,,API_ERROR,new_query
2707590,Carlton Public School District,MN,46.65029320274194,-92.54152670555433,API_ERROR,,,,API_ERROR,new_query
2707590,Carlton Public School District,MN,46.492908054811416,-92.44829521473766,API_ERROR,,,,API_ERROR,new_query
2707590,Carlton Public School District,MN,46.652743922925666,-92.68423013670126,API_ERROR,,,,API_ERROR,new_query
2707590,Carlton Public School District,MN,46.58551958600643,-92.5187606039857,API_ERROR,,,,API_ERROR,new_query
2707590,Carlton Public School District,MN,46.609751249999995,-92.53540065,API_ERROR,,,,API_ERROR,new_query
2707590,Carlton Public School District,MN,46.66467735182236,-92.6387169214289,API_ERROR,,,,API_ERROR,new_query
2707590,Carlton Public School District,MN,46.64881230453603,-92.5041293862427,API_ERROR,,,,API_ERROR,new_query
2707590,Carlton Public School District,MN,46.65670091606774,-92.31192414144053,API_ERROR,,,,API_ERROR,new_query
2707590,Carlton Public School District,MN,46.52385109374818,-92.5015555592007,API_ERROR,,,,API_ERROR,new_query
2707590,Carlton Public School District,MN,46.67535502988099,-92.6922332384703,API_ERROR,,,,API_ERROR,new_query
2707590,Carlton Public School District,MN,46.64638007447447,-92.38644126489073,API_ERROR,,,,API_ERROR,new_query
2707590,Carlton Public School District,MN,46.641599723466186,-92.33775113026552,API_ERROR,,,,API_ERROR,new_query
2707590,Carlton Public School District,MN,46.66614334587862,-92.46942875403725,API_ERROR,,,,API_ERROR,new_query
2707590,Carlton Public School District,MN,46.58315373585445,-92.48351605914819,API_ERROR,,,,API_ERROR,new_query
2707590,Carlton Public School District,MN,46.550323,-92.52668275,API_ERROR,,,,API_ERROR,new_query
2707590,Carlton Public School District,MN,46.695049,-92.55647490000001,API_ERROR,,,,API_ERROR,new_query
2707590,Carlton Public School District,MN,46.62793740635737,-92.4339426388792,API_ERROR,,,,API_ERROR,new_query
2707590,Carlton Public School District,MN,46.63879575,-92.62406125000001,API_ERROR,,,,API_ERROR,new_query
2707590,Carlton Public School District,MN,46.69698125,-92.71272185,API_ERROR,,,,API_ERROR,new_query
2707590,Carlton Public School District,MN,46.67517375,-92.44674005,API_ERROR,,,,API_ERROR,new_query
2707590,Carlton Public School District,MN,46.69698125,-92.66839155,API_ERROR,,,,API_ERROR,new_query
2707590,Carlton Public School District,MN,46.677877482284764,-92.6002154096514,API_ERROR,,,,API_ERROR,new_query
2707590,Carlton Public School District,MN,46.669192499999994,-92.37772154999999,API_ERROR,,,,API_ERROR,new_query
2707590,Carlton Public School District,MN,46.66065688080592,-92.42361027354715,API_ERROR,,,,API_ERROR,new_query
2707590,Carlton Public School District,MN,46.53992001267238,-92.4587886194213,API_ERROR,,,,API_ERROR,new_query
2707590,Carlton Public School District,MN,46.67410332758431,-92.54858359743376,API_ERROR,,,,API_ERROR,new_query
2707590,Carlton Public School District,MN,46.658489063553475,-92.56033024106942,API_ERROR,,,,API_ERROR,new_query
2707590,Carlton Public School District,MN,46.6367256455732,-92.45332296239316,API_ERROR,,,,API_ERROR,new_query
2707590,Carlton Public School District,MN,46.64040405923098,-92.66538387098578,API_ERROR,,,,API_ERROR,new_query
2707590,Carlton Public School District,MN,46.5907863719383,-92.44918483737374,API_ERROR,,,,API_ERROR,new_query
2707590,Carlton Public School District,MN,46.56435612134935,-92.48431189282682,API_ERROR,,,,API_ERROR,new_query
2707590,Carlton Public School District,MN,46.69374735381295,-92.64253389284391,API_ERROR,,,,API_ERROR,new_query
2707590,Carlton Public School District,MN,46.648708928431866,-92.59564442183702,API_ERROR,,,,API_ERROR,new_query
2707590,Carlton Public School District,MN,46.70409700460817,-92.60684223813337,API_ERROR,,,,API_ERROR,new_query
2707590,Carlton Public School District,MN,46.573130630448475,-92.43328835201781,API_ERROR,,,,API_ERROR,new_query
2707590,Carlton Public School District,MN,46.631558749999996,-92.49107035,API_ERROR,,,,API_ERROR,new_query
2707590,Carlton Public School District,MN,46.67824436584561,-92.71014465010697,API_ERROR,,,,API_ERROR,new_query
2707590,Carlton Public School District,MN,46.67981228124919,-92.62497171999246,API_ERROR,,,,API_ERROR,new_query
2707590,Carlton Public School District,MN,46.657521968609494,-92.66576921048046,API_ERROR,,,,API_ERROR,new_query
2707590,Carlton Public School District,MN,46.66372022628904,-92.72755209325233,API_ERROR,,,,API_ERROR,new_query
2707590,Carlton Public School District,MN,46.69238462125122,-92.69651673958377,API_ERROR,,,,API_ERROR,new_query
2707590,Carlton Public School District,MN,46.66183948399086,-92.52854873118717,API_ERROR,,,,API_ERROR,new_query
2707590,Carlton Public School District,MN,46.635272829359245,-92.56385158485439,API_ERROR,,,,API_ERROR,new_query
2707590,Carlton Public School District,MN,46.631558749999996,-92.53540065,API_ERROR,,,,API_ERROR,new_query
2707590,Carlton Public School District,MN,46.569885,-92.5161769842716,API_ERROR,,,,API_ERROR,new_query
2707590,Carlton Public School District,MN,46.56613625,-92.44674005,API_ERROR,,,,API_ERROR,new_query
2707590,Carlton Public School District,MN,46.59986430709822,-92.46109226995586,API_ERROR,,,,API_ERROR,new_query
2707590,Carlton Public School District,MN,46.54197145545074,-92.49348248057703,API_ERROR,,,,API_ERROR,new_query
2707590,Carlton Public School District,MN,46.669390562693316,-92.50445245648822,API_ERROR,,,,API_ERROR,new_query
2707590,Carlton Public School District,MN,46.65336625,-92.57973095,API_ERROR,,,,API_ERROR,new_query
2707590,Carlton Public School District,MN,46.59673849044246,-92.55471627133501,API_ERROR,,,,API_ERROR,new_query
2707590,Carlton Public School District,MN,46.61216306490116,-92.47698989457118,API_ERROR,,,,API_ERROR,new_query
2707590,Carlton Public School District,MN,46.65336625,-92.49107035,API_ERROR,,,,API_ERROR,new_query
2707590,Carlton Public School District,MN,46.55108332947744,-92.48360145515876,API_ERROR,,,,API_ERROR,new_query
2707590,Carlton Public School District,MN,46.70643447171585,-92.70152985235733,API_ERROR,,,,API_ERROR,new_query
2707590,Carlton Public School District,MN,46.64158553616395,-92.55117433840948,API_ERROR,,,,API_ERROR,new_query
2707590,Carlton Public School District,MN,46.65336625,-92.40240975,API_ERROR,,,,API_ERROR,new_query
2707590,Carlton Public School District,MN,46.54432875,-92.44674005,API_ERROR,,,,API_ERROR,new_query
2707590,Carlton Public School District,MN,46.65336625,-92.62406125,API_ERROR,,,,API_ERROR,new_query
2707590,Carlton Public School District,MN,46.655159389415466,-92.46333569872935,API_ERROR,,,,API_ERROR,new_query
2707590,Carlton Public School District,MN,46.69698125,-92.57973095,API_ERROR,,,,API_ERROR,new_query
2707590,Carlton Public School District,MN,46.617243008905554,-92.52565921190208,API_ERROR,,,,API_ERROR,new_query
2707590,Carlton Public School District,MN,46.56944738603953,-92.50391031534959,API_ERROR,,,,API_ERROR,new_query
2707590,Carlton Public School District,MN,46.65448889648623,-92.51884985274339,API_ERROR,,,,API_ERROR,new_query
2707590,Carlton Public School District,MN,46.61334692790196,-92.50268633953893,API_ERROR,,,,API_ERROR,new_query
2707590,Carlton Public School District,MN,46.64982840844726,-92.63805063422521,API_ERROR,,,,API_ERROR,new_query
2707590,Carlton Public School District,MN,46.52278760318609,-92.45858143754408,API_ERROR,,,,API_ERROR,new_query
2707590,Carlton Public School District,MN,46.49869567873637,-92.45854594093876,API_ERROR,,,,API_ERROR,new_query
2707590,Carlton Public School District,MN,46.58155137617705,-92.47175705524333,API_ERROR,,,,API_ERROR,new_query
2707590,Carlton Public School District,MN,46.63205760267788,-92.5082160431519,API_ERROR,,,,API_ERROR,new_query
2707590,Carlton Public School District,MN,46.625915871896076,-92.48121119938754,API_ERROR,,,,API_ERROR,new_query
2707590,Carlton Public School District,MN,46.65319844533036,-92.60601344465309,API_ERROR,,,,API_ERROR,new_query
2707590,Carlton Public School District,MN,46.642418985692565,-92.44297191192246,API_ERROR,,,,API_ERROR,new_query
2707590,Carlton Public School District,MN,46.6599854037298,-92.54706993463935,API_ERROR,,,,API_ERROR,new_query
2707590,Carlton Public School District,MN,46.68739979293815,-92.66306849377547,API_ERROR,,,,API_ERROR,new_query
2707590,Carlton Public School District,MN,46.6813729700427,-92.6356682480669,API_ERROR,,,,API_ERROR,new_query
2707590,Carlton Public School District,MN,46.52252125,-92.49107035,API_ERROR,,,,API_ERROR,new_query
2707590,Carlton Public School District,MN,46.67517375,-92.57973095,API_ERROR,,,,API_ERROR,new_query
2707590,Carlton Public School District,MN,46.49467194928828,-92.48278681995811,API_ERROR,,,,API_ERROR,new_query
2707590,Carlton Public School District,MN,46.67453903192883,-92.68213639386484,API_ERROR,,,,API_ERROR,new_query
2707590,Carlton Public School District,MN,46.65871118562311,-92.67610819777049,API_ERROR,,,,API_ERROR,new_query
2707590,Carlton Public School District,MN,46.64091590079829,-92.48740903095451,API_ERROR,,,,API_ERROR,new_query
2707590,Carlton Public School District,MN,46.64760940313144,-92.67200598248841,API_ERROR,,,,API_ERROR,new_query
2707590,Carlton Public School District,MN,46.55969561505576,-92.49278812112797,API_ERROR,,,,API_ERROR,new_query
2707590,Carlton Public School District,MN,46.57562090737687,-92.45184457607968,API_ERROR,,,,API_ERROR,new_query
2707590,Carlton Public School District,MN,46.68890707126573,-92.62974078729584,API_ERROR,,,,API_ERROR,new_query
2707590,Carlton Public School District,MN,46.67073299444463,-92.61312164606473,API_ERROR,,,,API_ERROR,new_query
2707590,Carlton Public School District,MN,46.67284325786412,-92.53578986402556,API_ERROR,,,,API_ERROR,new_query
2707590,Carlton Public School District,MN,46.69842195896835,-92.61476086358178,API_ERROR,,,,API_ERROR,new_query
2707590,Carlton Public School District,MN,46.66961216646867,-92.66088975817804,API_ERROR,,,,API_ERROR,new_query
2707590,Carlton Public School District,MN,46.68719416455093,-92.71169161515752,API_ERROR,,,,API_ERROR,new_query
2707590,Carlton Public School District,MN,46.60080679783885,-92.53572781735691,API_ERROR,,,,API_ERROR,new_query
2707590,Carlton Public School District,MN,46.58794375,-92.49107035,API_ERROR,,,,API_ERROR,new_query
2707590,Carlton Public School District,MN,46.568001526575216,-92.47619587552559,API_ERROR,,,,API_ERROR,new_query
2707590,Carlton Public School District,MN,46.620058764101195,-92.53404677281422,API_ERROR,,,,API_ERROR,new_query
2707590,Carlton Public School District,MN,46.609396038253244,-92.45547197307465,API_ERROR,,,,API_ERROR,new_query
2707590,Carlton Public School District,MN,46.68479055677185,-92.59542517394587,API_ERROR,,,,API_ERROR,new_query
2707590,Carlton Public School District,MN,46.631558749999996,-92.44674005,API_ERROR,,,,API_ERROR,new_query
2707590,Carlton Public School District,MN,46.65013010572686,-92.39386638604275,API_ERROR,,,,API_ERROR,new_query
2707590,Carlton Public School District,MN,46.62976270293462,-92.45783425392676,API_ERROR,,,,API_ERROR,new_query
2707590,Carlton Public School District,MN,46.694323343858294,-92.70429750154179,API_ERROR,,,,API_ERROR,new_query
2707590,Carlton Public School District,MN,46.500713749999996,-92.44674005,API_ERROR,,,,API_ERROR,new_query
2707590,Carlton Public School District,MN,46.561983969985235,-92.51637313724133,API_ERROR,,,,API_ERROR,new_query
2707590,Carlton Public School District,MN,46.66769024679244,-92.55297001919664,API_ERROR,,,,API_ERROR,new_query
2707590,Carlton Public School District,MN,46.6386,-92.3448964,API_ERROR,,,,API_ERROR,new_query
2707590,Carlton Public School District,MN,46.6890615,-92.41980219999999,API_ERROR,,,,API_ERROR,new_query
2707590,Carlton Public School District,MN,46.6448122821217,-92.62825149993635,API_ERROR,,,,API_ERROR,new_query
2707590,Carlton Public School District,MN,46.6866729910537,-92.62240515600453,API_ERROR,,,,API_ERROR,new_query
2707590,Carlton Public School District,MN,46.59447633515237,-92.54782746080474,API_ERROR,,,,API_ERROR,new_query
2707590,Carlton Public School District,MN,46.61870998654519,-92.4978429640498,API_ERROR,,,,API_ERROR,new_query
2707590,Carlton Public School District,MN,46.54411983806703,-92.43957644870989,API_ERROR,,,,API_ERROR,new_query
2707590,Carlton Public School District,MN,46.52824797037393,-92.4800240951041,API_ERROR,,,,API_ERROR,new_query
2707590,Carlton Public School District,MN,46.65444553884088,-92.61330687693646,API_ERROR,,,,API_ERROR,new_query
2707590,Carlton Public School District,MN,46.65336625,-92.53540065,API_ERROR,,,,API_ERROR,new_query
2707590,Carlton Public School District,MN,46.627124261718656,-92.4962645038224,API_ERROR,,,,API_ERROR,new_query
2707590,Carlton Public School District,MN,46.67115162276601,-92.60117680565038,API_ERROR,,,,API_ERROR,new_query
2707590,Carlton Public School District,MN,46.56613625,-92.49107035,API_ERROR,,,,API_ERROR,new_query
2707590,Carlton Public School District,MN,46.65728362731652,-92.496397455959,API_ERROR,,,,API_ERROR,new_query
2707590,Carlton Public School District,MN,46.638155265836666,-92.4379811336591,API_ERROR,,,,API_ERROR,new_query
2707590,Carlton Public School District,MN,46.667924857682365,-92.49813147830199,API_ERROR,,,,API_ERROR,new_query
2707590,Carlton Public School District,MN,46.55287719774475,-92.49864821515153,API_ERROR,,,,API_ERROR,new_query
2707590,Carlton Public School District,MN,46.58458299918085,-92.44796746140196,API_ERROR,,,,API_ERROR,new_query
4216860,New Hope-Solebury SD,PA,40.3711165,-75.06722439999999,API_ERROR,,,,API_ERROR,new_query
4216860,New Hope-Solebury SD,PA,40.3329864342584,-74.93878893893977,API_ERROR,,,,API_ERROR,new_query
4216860,New Hope-Solebury SD,PA,40.40600744294631,-74.98925109067785,API_ERROR,,,,API_ERROR,new_query
4216860,New Hope-Solebury SD,PA,40.3340575,-75.00607425,API_ERROR,,,,API_ERROR,new_query
4216860,New Hope-Solebury SD,PA,40.40431375145549,-75.03465376898674,API_ERROR,,,,API_ERROR,new_query
4216860,New Hope-Solebury SD,PA,40.37286682936547,-74.95608815900536,API_ERROR,,,,API_ERROR,new_query
4216860,New Hope-Solebury SD,PA,40.370708911309656,-75.0186919409927,API_ERROR,,,,API_ERROR,new_query
4216860,New Hope-Solebury SD,PA,40.33488723654963,-74.97395322232393,API_ERROR,,,,API_ERROR,new_query
4216860,New Hope-Solebury SD,PA,40.36832263198606,-74.98846328671713,API_ERROR,,,,API_ERROR,new_query
4216860,New Hope-Solebury SD,PA,40.35292220296225,-75.03939502516867,API_ERROR,,,,API_ERROR,new_query
4216860,New Hope-Solebury SD,PA,40.3785023,-75.0421545,API_ERROR,,,,API_ERROR,new_query
4216860,New Hope-Solebury SD,PA,40.3967587,-75.01142209999999,API_ERROR,,,,API_ERROR,new_query
4216860,New Hope-Solebury SD,PA,40.3967587,-75.0575207,API_ERROR,,,,API_ERROR,new_query
4216860,New Hope-Solebury SD,PA,40.35078011551633,-74.95537117730427,API_ERROR,,,,API_ERROR,new_query
4216860,New Hope-Solebury SD,PA,40.38767196546666,-74.97857860501487,API_ERROR,,,,API_ERROR,new_query
4216860,New Hope-Solebury SD,PA,40.348894809302166,-75.018156691028,API_ERROR,,,,API_ERROR,new_query
4216860,New Hope-Solebury SD,PA,40.3511177,-74.9960559,API_ERROR,,,,API_ERROR,new_query
4216860,New Hope-Solebury SD,PA,40.355812409273945,-74.97552198122321,API_ERROR,,,,API_ERROR,new_query
4216860,New Hope-Solebury SD,PA,40.3876305,-75.02678829999999,API_ERROR,,,,API_ERROR,new_query
4216860,New Hope-Solebury SD,PA,40.3876305,-74.9960559,API_ERROR,,,,API_ERROR,new_query
4216860,New Hope-Solebury SD,PA,40.3252195,-74.99100615,API_ERROR,,,,API_ERROR,new_query
4216860,New Hope-Solebury SD,PA,40.3617235,-75.05218529999999,API_ERROR,,,,API_ERROR,new_query
4216860,New Hope-Solebury SD,PA,40.37202179918427,-75.00389267875273,API_ERROR,,,,API_ERROR,new_query
4216860,New Hope-Solebury SD,PA,40.33600177828399,-74.95275874251725,API_ERROR,,,,API_ERROR,new_query
4216860,New Hope-Solebury SD,PA,40.385237700000005,-75.06902583731727,API_ERROR,,,,API_ERROR,new_query
4216860,New Hope-Solebury SD,PA,40.37644027472427,-74.97034819487158,API_ERROR,,,,API_ERROR,new_query
4216860,New Hope-Solebury SD,PA,40.3602459,-75.02678829999999,API_ERROR,,,,API_ERROR,new_query
4216860,New Hope-Solebury SD,PA,40.3602459,-75.01142209999999,API_ERROR,,,,API_ERROR,new_query
4216860,New Hope-Solebury SD,PA,40.394564687390904,-75.04226955464063,API_ERROR,,,,API_ERROR,new_query
4216860,New Hope-Solebury SD,PA,40.323557309043586,-74.9692190383585,API_ERROR,,,,API_ERROR,new_query
4216860,New Hope-Solebury SD,PA,40.3785023,-75.0575207,API_ERROR,,,,API_ERROR,new_query
4216860,New Hope-Solebury SD,PA,40.409180117065226,-75.00094505239244,API_ERROR,,,,API_ERROR,new_query
4216860,New Hope-Solebury SD,PA,40.39672101477959,-74.97060030697585,API_ERROR,,,,API_ERROR,new_query
4216860,New Hope-Solebury SD,PA,40.345025227299274,-74.94515421694038,API_ERROR,,,,API_ERROR,new_query
4216860,New Hope-Solebury SD,PA,40.3205075490061,-74.98091411182688,API_ERROR,,,,API_ERROR,new_query
4216860,New Hope-Solebury SD,PA,40.32554085059967,-74.94914574074298,API_ERROR,,,,API_ERROR,new_query
4216860,New Hope-Solebury SD,PA,40.3416906265105,-74.96205599719733,API_ERROR,,,,API_ERROR,new_query
4216860,New Hope-Solebury SD,PA,40.347094730848816,-74.9812792657972,API_ERROR,,,,API_ERROR,new_query
4216860,New Hope-Solebury SD,PA,40.37752770896611,-74.99324829154436,API_ERROR,,,,API_ERROR,new_query
4216860,New Hope-Solebury SD,PA,40.37613872108889,-74.98171819711048,API_ERROR,,,,API_ERROR,new_query
4216860,New Hope-Solebury SD,PA,40.340917219936784,-74.99473567286051,API_ERROR,,,,API_ERROR,new_query
4216860,New Hope-Solebury SD,PA,40.34401320673599,-75.00705039077019,API_ERROR,,,,API_ERROR,new_query
4216860,New Hope-Solebury SD,PA,40.39685595248261,-75.02294480983574,API_ERROR,,,,API_ERROR,new_query
4216860,New Hope-Solebury SD,PA,40.3785023,-75.01142209999999,API_ERROR,,,,API_ERROR,new_query
4216860,New Hope-Solebury SD,PA,40.33225713147758,-74.98342814066716,API_ERROR,,,,API_ERROR,new_query
4216860,New Hope-Solebury SD,PA,40.372098972609614,-75.05015371229413,API_ERROR,,,,API_ERROR,new_query
4216860,New Hope-Solebury SD,PA,40.378683173653535,-75.03247090895792,API_ERROR,,,,API_ERROR,new_query
4216860,New Hope-Solebury SD,PA,40.40361748869651,-75.04568256334517,API_ERROR,,,,API_ERROR,new_query
4216860,New Hope-Solebury SD,PA,40.36070273266373,-74.99585985569973,API_ERROR,,,,API_ERROR,new_query
4216860,New Hope-Solebury SD,PA,40.39898681729332,-74.9827494857612,API_ERROR,,,,API_ERROR,new_query
4216860,New Hope-Solebury SD,PA,40.359910229160164,-74.9525556782492,API_ERROR,,,,API_ERROR,new_query
4216860,New Hope-Solebury SD,PA,40.36455108183599,-75.0352314062053,API_ERROR,,,,API_ERROR,new_query
4216860,New Hope-Solebury SD,PA,40.38076897844737,-74.96087900621382,API_ERROR,,,,API_ERROR,new_query
4216860,New Hope-Solebury SD,PA,40.3876305,-75.0575207,API_ERROR,,,,API_ERROR,new_query
4216860,New Hope-Solebury SD,PA,40.3876305,-75.01142209999999,API_ERROR,,,,API_ERROR,new_query
4216860,New Hope-Solebury SD,PA,40.4058869,-75.01142209999999,API_ERROR,,,,API_ERROR,new_query
4216860,New Hope-Solebury SD,PA,40.3967587,-74.9960559,API_ERROR,,,,API_ERROR,new_query
4216860,New Hope-Solebury SD,PA,40.3511177,-75.02678829999999,API_ERROR,,,,API_ERROR,new_query
4216860,New Hope-Solebury SD,PA,40.3613171609108,-74.98298168559249,API_ERROR,,,,API_ERROR,new_query
4216860,New Hope-Solebury SD,PA,40.39577835944637,-75.03275657352718,API_ERROR,,,,API_ERROR,new_query
4216860,New Hope-Solebury SD,PA,40.38160045112248,-75.02074460112274,API_ERROR,,,,API_ERROR,new_query
4216860,New Hope-Solebury SD,PA,40.378657744019485,-75.07434677247376,API_ERROR,,,,API_ERROR,new_query
4216860,New Hope-Solebury SD,PA,40.3693741,-75.0421545,API_ERROR,,,,API_ERROR,new_query
4216860,New Hope-Solebury SD,PA,40.332610885443856,-74.99498958877263,API_ERROR,,,,API_ERROR,new_query
4216860,New Hope-Solebury SD,PA,40.3693741,-75.02678829999999,API_ERROR,,,,API_ERROR,new_query
4216860,New Hope-Solebury SD,PA,40.3693741,-75.0575207,API_ERROR,,,,API_ERROR,new_query
4216860,New Hope-Solebury SD,PA,40.3602459,-75.0421545,API_ERROR,,,,API_ERROR,new_query
4216860,New Hope-Solebury SD,PA,40.36914980751089,-74.96286595666186,API_ERROR,,,,API_ERROR,new_query
4216860,New Hope-Solebury SD,PA,40.32743887665205,-74.9759137266538,API_ERROR,,,,API_ERROR,new_query
4216860,New Hope-Solebury SD,PA,40.3693741,-74.9960559,API_ERROR,,,,API_ERROR,new_query
4216860,New Hope-Solebury SD,PA,40.398822466484184,-75.00338226962933,API_ERROR,,,,API_ERROR,new_query
4216860,New Hope-Solebury SD,PA,40.36798526368697,-74.97950377684998,API_ERROR,,,,API_ERROR,new_query
4216860,New Hope-Solebury SD,PA,40.3693741,-75.01142209999999,API_ERROR,,,,API_ERROR,new_query
4216860,New Hope-Solebury SD,PA,40.35081753052359,-74.97018291182499,API_ERROR,,,,API_ERROR,new_query
4216860,New Hope-Solebury SD,PA,40.3547723658293,-74.96145988303985,API_ERROR,,,,API_ERROR,new_query
4216860,New Hope-Solebury SD,PA,40.397927613150976,-75.05038626174355,API_ERROR,,,,API_ERROR,new_query
4216860,New Hope-Solebury SD,PA,40.3511177,-75.01142209999999,API_ERROR,,,,API_ERROR,new_query
4216860,New Hope-Solebury SD,PA,40.38207132384576,-74.98782248494147,API_ERROR,,,,API_ERROR,new_query
4216860,New Hope-Solebury SD,PA,40.37982418787716,-75.04907251291971,API_ERROR,,,,API_ERROR,new_query
4216860,New Hope-Solebury SD,PA,40.391009056017126,-74.98476700478776,API_ERROR,,,,API_ERROR,new_query
4216860,New Hope-Solebury SD,PA,40.3876305,-75.0421545,API_ERROR,,,,API_ERROR,new_query
4216860,New Hope-Solebury SD,PA,40.361821937669745,-75.01815925851571,API_ERROR,,,,API_ERROR,new_query
4216860,New Hope-Solebury SD,PA,40.36630693947129,-74.95014996553515,API_ERROR,,,,API_ERROR,new_query
4216860,New Hope-Solebury SD,PA,40.36261857114626,-74.97529274765081,API_ERROR,,,,API_ERROR,new_query
4216860,New Hope-Solebury SD,PA,40.39236905729849,-75.00069270455396,API_ERROR,,,,API_ERROR,new_query
4216860,New Hope-Solebury SD,PA,40.343588999999994,-75.02157435,API_ERROR,,,,API_ERROR,new_query
4216860,New Hope-Solebury SD,PA,40.37887361858542,-75.06806058846838,API_ERROR,,,,API_ERROR,new_query
4216860,New Hope-Solebury SD,PA,40.38952012499266,-75.03285131861197,API_ERROR,,,,API_ERROR,new_query
4216860,New Hope-Solebury SD,PA,40.364447865808806,-74.95686152599548,API_ERROR,,,,API_ERROR,new_query
4216860,New Hope-Solebury SD,PA,40.380449138402675,-74.97513817707255,API_ERROR,,,,API_ERROR,new_query
4216860,New Hope-Solebury SD,PA,40.34132869318617,-74.95587813060486,API_ERROR,,,,API_ERROR,new_query
4216860,New Hope-Solebury SD,PA,40.4058869,-74.9960559,API_ERROR,,,,API_ERROR,new_query
4216860,New Hope-Solebury SD,PA,40.34720001710654,-74.96017513411508,API_ERROR,,,,API_ERROR,new_query
4216860,New Hope-Solebury SD,PA,40.40549257961836,-75.00566759614263,API_ERROR,,,,API_ERROR,new_query
4216860,New Hope-Solebury SD,PA,40.359171093399496,-75.03245116833254,API_ERROR,,,,API_ERROR,new_query
4216860,New Hope-Solebury SD,PA,40.3785023,-75.02678829999999,API_ERROR,,,,API_ERROR,new_query
4216860,New Hope-Solebury SD,PA,40.33436565000565,-74.96841276578594,API_ERROR,,,,API_ERROR,new_query
4216860,New Hope-Solebury SD,PA,40.34380552868581,-74.99938284657405,API_ERROR,,,,API_ERROR,new_query
4216860,New Hope-Solebury SD,PA,40.371333879077625,-74.96771721350686,API_ERROR,,,,API_ERROR,new_query
4216860,New Hope-Solebury SD,PA,40.38342033487566,-74.98272104799848,API_ERROR,,,,API_ERROR,new_query
4216860,New Hope-Solebury SD,PA,40.33062678597763,-74.94790042445437,API_ERROR,,,,API_ERROR,new_query
4216860,New Hope-Solebury SD,PA,40.377576039865225,-74.99841152938924,API_ERROR,,,,API_ERROR,new_query
4216860,New Hope-Solebury SD,PA,40.341989500000004,-74.9806897,API_ERROR,,,,API_ERROR,new_query
4216860,New Hope-Solebury SD,PA,40.402236393717295,-74.99239851203741,API_ERROR,,,,API_ERROR,new_query
4216860,New Hope-Solebury SD,PA,40.364521063384984,-75.0444672964514,API_ERROR,,,,API_ERROR,new_query
4216860,New Hope-Solebury SD,PA,40.341989500000004,-75.01142209999999,API_ERROR,,,,API_ERROR,new_query
4216860,New Hope-Solebury SD,PA,40.35101701849336,-74.97521854185871,API_ERROR,,,,API_ERROR,new_query
4216860,New Hope-Solebury SD,PA,40.37278422936396,-74.99261885982261,API_ERROR,,,,API_ERROR,new_query
4216860,New Hope-Solebury SD,PA,40.39512511003806,-74.97999654812716,API_ERROR,,,,API_ERROR,new_query
4216860,New Hope-Solebury SD,PA,40.399273556985044,-75.04206929092852,API_ERROR,,,,API_ERROR,new_query
4216860,New Hope-Solebury SD,PA,40.39242116697298,-74.99434293282651,API_ERROR,,,,API_ERROR,new_query
4216860,New Hope-Solebury SD,PA,40.373361016675155,-75.02445589510373,API_ERROR,,,,API_ERROR,new_query
4216860,New Hope-Solebury SD,PA,40.356946511435495,-75.04531997926698,API_ERROR,,,,API_ERROR,new_query
4216860,New Hope-Solebury SD,PA,40.4023939,-75.05070907487944,API_ERROR,,,,API_ERROR,new_query
4216860,New Hope-Solebury SD,PA,40.38321262653939,-74.99542989228604,API_ERROR,,,,API_ERROR,new_query
4216860,New Hope-Solebury SD,PA,40.39171142261641,-75.05930289540507,API_ERROR,,,,API_ERROR,new_query
4216860,New Hope-Solebury SD,PA,40.36684285429477,-74.98429053528902,API_ERROR,,,,API_ERROR,new_query
4216860,New Hope-Solebury SD,PA,40.38883456047525,-74.9918238653846,API_ERROR,,,,API_ERROR,new_query
4216860,New Hope-Solebury SD,PA,40.391962939124085,-75.01166667006984,API_ERROR,,,,API_ERROR,new_query
4216860,New Hope-Solebury SD,PA,40.376012609333635,-74.97460434929206,API_ERROR,,,,API_ERROR,new_query
4216860,New Hope-Solebury SD,PA,40.35605862843089,-75.01217784440865,API_ERROR,,,,API_ERROR,new_query
4216860,New Hope-Solebury SD,PA,40.385541085703814,-75.02226109673254,API_ERROR,,,,API_ERROR,new_query
4216860,New Hope-Solebury SD,PA,40.39018305644353,-75.02345515182144,API_ERROR,,,,API_ERROR,new_query
4216860,New Hope-Solebury SD,PA,40.4058869,-75.0421545,API_ERROR,,,,API_ERROR,new_query
4216860,New Hope-Solebury SD,PA,40.3511177,-74.9806897,API_ERROR,,,,API_ERROR,new_query
4216860,New Hope-Solebury SD,PA,40.3679422150189,-74.95385014158322,API_ERROR,,,,API_ERROR,new_query
4216860,New Hope-Solebury SD,PA,40.37645424086453,-74.96634445647274,API_ERROR,,,,API_ERROR,new_query
4216860,New Hope-Solebury SD,PA,40.3967587,-75.02678829999999,API_ERROR,,,,API_ERROR,new_query
4216860,New Hope-Solebury SD,PA,40.38009559434601,-74.96921173046896,API_ERROR,,,,API_ERROR,new_query
4216860,New Hope-Solebury SD,PA,40.37783384001916,-75.0208474357417,API_ERROR,,,,API_ERROR,new_query
4216860,New Hope-Solebury SD,PA,40.4037255,-75.03096272487562,API_ERROR,,,,API_ERROR,new_query
4216860,New Hope-Solebury SD,PA,40.37701144328888,-75.04557306896909,API_ERROR,,,,API_ERROR,new_query
4216860,New Hope-Solebury SD,PA,40.378256008152256,-75.03617489562863,API_ERROR,,,,API_ERROR,new_query
4216860,New Hope-Solebury SD,PA,40.3498394881067,-74.99941746840996,API_ERROR,,,,API_ERROR,new_query
4216860,New Hope-Solebury SD,PA,40.36174682830388,-75.00816770846968,API_ERROR,,,,API_ERROR,new_query
4216860,New Hope-Solebury SD,PA,40.35287983070924,-74.95259310670357,API_ERROR,,,,API_ERROR,new_query
4216860,New Hope-Solebury SD,PA,40.3672573039106,-75.0187958726701,API_ERROR,,,,API_ERROR,new_query
4216860,New Hope-Solebury SD,PA,40.36058882816967,-75.02335865614165,API_ERROR,,,,API_ERROR,new_query
4216860,New Hope-Solebury SD,PA,40.35843530565589,-75.03923116688631,API_ERROR,,,,API_ERROR,new_query
4216860,New Hope-Solebury SD,PA,40.38867510740638,-74.98179688949473,API_ERROR,,,,API_ERROR,new_query
4216860,New Hope-Solebury SD,PA,40.32758390409942,-74.97926003515799,API_ERROR,,,,API_ERROR,new_query
4216860,New Hope-Solebury SD,PA,40.323733100000005,-74.9806897,API_ERROR,,,,API_ERROR,new_query
4216860,New Hope-Solebury SD,PA,40.370248004899615,-75.04750774430019,API_ERROR,,,,API_ERROR,new_query
4216860,New Hope-Solebury SD,PA,40.40498691383327,-75.0145147340816,API_ERROR,,,,API_ERROR,new_query
4216860,New Hope-Solebury SD,PA,40.39443932561079,-75.00315499967618,API_ERROR,,,,API_ERROR,new_query
4216860,New Hope-Solebury SD,PA,40.34100707767705,-75.00611261972884,API_ERROR,,,,API_ERROR,new_query
4216860,New Hope-Solebury SD,PA,40.35611123384896,-74.95864961325194,API_ERROR,,,,API_ERROR,new_query
4216860,New Hope-Solebury SD,PA,40.339153362361664,-74.96043946236831,API_ERROR,,,,API_ERROR,new_query
4216860,New Hope-Solebury SD,PA,40.39283381812386,-75.03332588999542,API_ERROR,,,,API_ERROR,new_query
4216860,New Hope-Solebury SD,PA,40.336667136381244,-74.97636329281525,API_ERROR,,,,API_ERROR,new_query
5504620,Lac du Flambeau #1 School District,WI,45.905561199999994,-90.02958720000001,API_ERROR,,,,API_ERROR,new_query
5504620,Lac du Flambeau #1 School District,WI,46.04328833625152,-89.76342021646592,API_ERROR,,,,API_ERROR,new_query
5504620,Lac du Flambeau #1 School District,WI,45.905561199999994,-89.8571376,API_ERROR,,,,API_ERROR,new_query
5504620,Lac du Flambeau #1 School District,WI,46.0611748,-89.9146208,API_ERROR,,,,API_ERROR,new_query
5504620,Lac du Flambeau #1 School District,WI,45.9574324,-89.9433624,API_ERROR,,,,API_ERROR,new_query
5504620,Lac du Flambeau #1 School District,WI,45.948032641995354,-89.76595798411662,API_ERROR,,,,API_ERROR,new_query
5504620,Lac du Flambeau #1 School District,WI,45.995714558701025,-89.84173183896097,API_ERROR,,,,API_ERROR,new_query
5504620,Lac du Flambeau #1 School District,WI,45.9796573129047,-90.01056712937199,API_ERROR,,,,API_ERROR,new_query
5504620,Lac du Flambeau #1 School District,WI,46.06625928551086,-89.82031926403917,API_ERROR,,,,API_ERROR,new_query
5504620,Lac du Flambeau #1 School District,WI,45.905561199999994,-89.972104,API_ERROR,,,,API_ERROR,new_query
5504620,Lac du Flambeau #1 School District,WI,45.905561199999994,-89.9146208,API_ERROR,,,,API_ERROR,new_query
5504620,Lac du Flambeau #1 School District,WI,45.9574324,-89.8858792,API_ERROR,,,,API_ERROR,new_query
5504620,Lac du Flambeau #1 School District,WI,45.899577070704936,-89.7960424229631,API_ERROR,,,,API_ERROR,new_query
5504620,Lac du Flambeau #1 School District,WI,46.009303599999996,-89.9146208,API_ERROR,,,,API_ERROR,new_query
5504620,Lac du Flambeau #1 School District,WI,45.95442328390831,-89.81660573041391,API_ERROR,,,,API_ERROR,new_query
5504620,Lac du Flambeau #1 School District,WI,45.99590766174874,-89.77254311146132,API_ERROR,,,,API_ERROR,new_query
5504620,Lac du Flambeau #1 School District,WI,46.029613803325276,-89.86973444049481,API_ERROR,,,,API_ERROR,new_query
5504620,Lac du Flambeau #1 School District,WI,46.02517582830876,-89.80299036035834,API_ERROR,,,,API_ERROR,new_query
5504620,Lac du Flambeau #1 School District,WI,45.940141999999994,-90.0008456,API_ERROR,,,,API_ERROR,new_query
5504620,Lac du Flambeau #1 School District,WI,46.063740088158916,-89.88017622111371,API_ERROR,,,,API_ERROR,new_query
5504620,Lac du Flambeau #1 School District,WI,45.99101963168494,-89.8795035427175,API_ERROR,,,,API_ERROR,new_query
5504620,Lac du Flambeau #1 School District,WI,45.96011452073023,-89.8524319579918,API_ERROR,,,,API_ERROR,new_query
5504620,Lac du Flambeau #1 School District,WI,45.9228516,-89.9433624,API_ERROR,,,,API_ERROR,new_query
5504620,Lac du Flambeau #1 School District,WI,45.974722799999995,-89.972104,API_ERROR,,,,API_ERROR,new_query
5504620,Lac du Flambeau #1 School District,WI,45.940141999999994,-89.9146208,API_ERROR,,,,API_ERROR,new_query
5504620,Lac du Flambeau #1 School District,WI,45.974722799999995,-89.9146208,API_ERROR,,,,API_ERROR,new_query
5504620,Lac du Flambeau #1 School District,WI,45.9228516,-89.8858792,API_ERROR,,,,API_ERROR,new_query
5504620,Lac du Flambeau #1 School District,WI,45.98694789541805,-89.80448557774258,API_ERROR,,,,API_ERROR,new_query
5504620,Lac du Flambeau #1 School District,WI,45.93658332471632,-90.04114116868685,API_ERROR,,,,API_ERROR,new_query
5504620,Lac du Flambeau #1 School District,WI,45.92279117523144,-89.81973042105808,API_ERROR,,,,API_ERROR,new_query
5504620,Lac du Flambeau #1 School District,WI,46.045117027914,-89.84321294934394,API_ERROR,,,,API_ERROR,new_query
5504620,Lac du Flambeau #1 School District,WI,45.905561199999994,-90.0008456,API_ERROR,,,,API_ERROR,new_query
5504620,Lac du Flambeau #1 School District,WI,45.940141999999994,-89.972104,API_ERROR,,,,API_ERROR,new_query
5504620,Lac du Flambeau #1 School District,WI,45.96956399591923,-90.03714214161981,API_ERROR,,,,API_ERROR,new_query
5504620,Lac du Flambeau #1 School District,WI,45.94077270102815,-89.79098297796969,API_ERROR,,,,API_ERROR,new_query
5504620,Lac du Flambeau #1 School District,WI,46.03540660413436,-89.89481226359632,API_ERROR,,,,API_ERROR,new_query
5504620,Lac du Flambeau #1 School District,WI,45.935575945372456,-89.8644110655378,API_ERROR,,,,API_ERROR,new_query
5504620,Lac du Flambeau #1 School District,WI,45.96444677692134,-89.7859806196525,API_ERROR,,,,API_ERROR,new_query
5504620,Lac du Flambeau #1 School District,WI,46.02084855194533,-89.82660802283804,API_ERROR,,,,API_ERROR,new_query
5504620,Lac du Flambeau #1 School District,WI,46.0179973154604,-89.76409638256334,API_ERROR,,,,API_ERROR,new_query
5504620,Lac du Flambeau #1 School District,WI,45.919849498247615,-89.78360077141302,API_ERROR,,,,API_ERROR,new_query
5504620,Lac du Flambeau #1 School District,WI,46.0086910627045,-89.89296996133852,API_ERROR,,,,API_ERROR,new_query
5504620,Lac du Flambeau #1 School District,WI,46.04625741076864,-89.78450647375935,API_ERROR,,,,API_ERROR,new_query
5504620,Lac du Flambeau #1 School District,WI,46.0611748,-89.8571376,API_ERROR,,,,API_ERROR,new_query
5504620,Lac du Flambeau #1 School District,WI,46.0473643667762,-89.81080688799022,API_ERROR,,,,API_ERROR,new_query
5504620,Lac du Flambeau #1 School District,WI,45.923004738369464,-89.84598938543576,API_ERROR,,,,API_ERROR,new_query
5504620,Lac du Flambeau #1 School District,WI,46.009303599999996,-89.8571376,API_ERROR,,,,API_ERROR,new_query
5504620,Lac du Flambeau #1 School District,WI,45.90478767899281,-89.89499354038702,API_ERROR,,,,API_ERROR,new_query
5504620,Lac du Flambeau #1 School District,WI,45.96949171951429,-89.87064632088145,API_ERROR,,,,API_ERROR,new_query
5504620,Lac du Flambeau #1 School District,WI,45.95564547304765,-90.02373635568864,API_ERROR,,,,API_ERROR,new_query
5504620,Lac du Flambeau #1 School District,WI,46.0077185112899,-89.79503661175674,API_ERROR,,,,API_ERROR,new_query
5504620,Lac du Flambeau #1 School District,WI,45.981217704989845,-89.82944313048107,API_ERROR,,,,API_ERROR,new_query
5504620,Lac du Flambeau #1 School District,WI,45.99111950753238,-89.86134441194173,API_ERROR,,,,API_ERROR,new_query
5504620,Lac du Flambeau #1 School District,WI,45.992052510750284,-89.91879452039868,API_ERROR,,,,API_ERROR,new_query
5504620,Lac du Flambeau #1 School District,WI,45.90592297474596,-89.82511377863766,API_ERROR,,,,API_ERROR,new_query
5504620,Lac du Flambeau #1 School District,WI,45.91975293688998,-89.99069455877961,API_ERROR,,,,API_ERROR,new_query
5504620,Lac du Flambeau #1 School District,WI,45.9228516,-90.02958720000001,API_ERROR,,,,API_ERROR,new_query
5504620,Lac du Flambeau #1 School District,WI,45.9574324,-90.0008456,API_ERROR,,,,API_ERROR,new_query
5504620,Lac du Flambeau #1 School District,WI,45.905561199999994,-89.9433624,API_ERROR,,,,API_ERROR,new_query
5504620,Lac du Flambeau #1 School District,WI,46.026594,-89.9146208,API_ERROR,,,,API_ERROR,new_query
5504620,Lac du Flambeau #1 School District,WI,45.9228516,-89.972104,API_ERROR,,,,API_ERROR,new_query
5504620,Lac du Flambeau #1 School District,WI,45.9574324,-89.972104,API_ERROR,,,,API_ERROR,new_query
5504620,Lac du Flambeau #1 School District,WI,45.940141999999994,-89.9433624,API_ERROR,,,,API_ERROR,new_query
5504620,Lac du Flambeau #1 School District,WI,45.974722799999995,-89.9433624,API_ERROR,,,,API_ERROR,new_query
5504620,Lac du Flambeau #1 School District,WI,45.9228516,-89.9146208,API_ERROR,,,,API_ERROR,new_query
5504620,Lac du Flambeau #1 School District,WI,45.9574324,-89.9146208,API_ERROR,,,,API_ERROR,new_query
5504620,Lac du Flambeau #1 School District,WI,46.043884399999996,-89.9146208,API_ERROR,,,,API_ERROR,new_query
5504620,Lac du Flambeau #1 School District,WI,45.940141999999994,-89.8858792,API_ERROR,,,,API_ERROR,new_query
5504620,Lac du Flambeau #1 School District,WI,45.97383109564378,-89.98900300601669,API_ERROR,,,,API_ERROR,new_query
5504620,Lac du Flambeau #1 School District,WI,45.94945265266601,-89.83255882998095,API_ERROR,,,,API_ERROR,new_query
5504620,Lac du Flambeau #1 School District,WI,45.965683229923556,-89.83669526978132,API_ERROR,,,,API_ERROR,new_query
5504620,Lac du Flambeau #1 School District,WI,45.9798605848745,-89.76952124630326,API_ERROR,,,,API_ERROR,new_query
5504620,Lac du Flambeau #1 School District,WI,45.974722799999995,-89.8858792,API_ERROR,,,,API_ERROR,new_query
5504620,Lac du Flambeau #1 School District,WI,45.933500629182156,-89.92839622767536,API_ERROR,,,,API_ERROR,new_query
5504620,Lac du Flambeau #1 School District,WI,45.965903576371254,-89.95944800498383,API_ERROR,,,,API_ERROR,new_query
5504620,Lac du Flambeau #1 School District,WI,45.950830173176506,-89.92821551303062,API_ERROR,,,,API_ERROR,new_query
5504620,Lac du Flambeau #1 School District,WI,46.061935650609406,-89.89479622716522,API_ERROR,,,,API_ERROR,new_query
5504620,Lac du Flambeau #1 School District,WI,45.974722799999995,-89.8571376,API_ERROR,,,,API_ERROR,new_query
5504620,Lac du Flambeau #1 School District,WI,45.94953432863748,-89.98372019097118,API_ERROR,,,,API_ERROR,new_query
5504620,Lac du Flambeau #1 School District,WI,46.043884399999996,-89.8571376,API_ERROR,,,,API_ERROR,new_query
5504620,Lac du Flambeau #1 School District,WI,45.90833902816345,-89.80687136450405,API_ERROR,,,,API_ERROR,new_query
5504620,Lac du Flambeau #1 School District,WI,45.91706132270624,-90.04210821773364,API_ERROR,,,,API_ERROR,new_query
5504620,Lac du Flambeau #1 School District,WI,45.9796258504351,-89.79286911657321,API_ERROR,,,,API_ERROR,new_query
5504620,Lac du Flambeau #1 School District,WI,45.99496606813483,-89.82810844548332,API_ERROR,,,,API_ERROR,new_query
5504620,Lac du Flambeau #1 School District,WI,46.031512815334096,-89.81811586156516,API_ERROR,,,,API_ERROR,new_query
5504620,Lac du Flambeau #1 School District,WI,45.9735733267994,-89.80706534008223,API_ERROR,,,,API_ERROR,new_query
5504620,Lac du Flambeau #1 School District,WI,45.95168673145733,-89.78218410899298,API_ERROR,,,,API_ERROR,new_query
5504620,Lac du Flambeau #1 School District,WI,45.97138652396867,-89.93084218032875,API_ERROR,,,,API_ERROR,new_query
5504620,Lac du Flambeau #1 School District,WI,46.026594,-89.8571376,API_ERROR,,,,API_ERROR,new_query
5504620,Lac du Flambeau #1 School District,WI,45.93407614540072,-89.77999030531218,API_ERROR,,,,API_ERROR,new_query
5504620,Lac du Flambeau #1 School District,WI,45.9319198460193,-89.80003958081873,API_ERROR,,,,API_ERROR,new_query
5504620,Lac du Flambeau #1 School District,WI,45.95076598891108,-90.01149305196026,API_ERROR,,,,API_ERROR,new_query
5504620,Lac du Flambeau #1 School District,WI,46.026594,-89.8858792,API_ERROR,,,,API_ERROR,new_query
5504620,Lac du Flambeau #1 School District,WI,45.8978707398251,-90.01976811274253,API_ERROR,,,,API_ERROR,new_query
5504620,Lac du Flambeau #1 School District,WI,45.914682144717396,-90.02035352448613,API_ERROR,,,,API_ERROR,new_query
5504620,Lac du Flambeau #1 School District,WI,46.043884399999996,-89.8858792,API_ERROR,,,,API_ERROR,new_query
5504620,Lac du Flambeau #1 School District,WI,45.98368596479322,-89.84885737097996,API_ERROR,,,,API_ERROR,new_query
5504620,Lac du Flambeau #1 School District,WI,45.940141999999994,-90.02958720000001,API_ERROR,,,,API_ERROR,new_query
5504620,Lac du Flambeau #1 School District,WI,46.01997219301837,-89.89591619274137,API_ERROR,,,,API_ERROR,new_query
5504620,Lac du Flambeau #1 School District,WI,45.9686126084155,-90.01411979451193,API_ERROR,,,,API_ERROR,new_query
5504620,Lac du Flambeau #1 School District,WI,45.949693626857155,-89.9634955011677,API_ERROR,,,,API_ERROR,new_query
5504620,Lac du Flambeau #1 School District,WI,45.97483161552057,-89.78087300376717,API_ERROR,,,,API_ERROR,new_query
5504620,Lac du Flambeau #1 School District,WI,46.02913948522771,-89.76713939146292,API_ERROR,,,,API_ERROR,new_query
5504620,Lac du Flambeau #1 School District,WI,45.93697712344565,-89.98289849451443,API_ERROR,,,,API_ERROR,new_query
5504620,Lac du Flambeau #1 School District,WI,45.9228516,-89.8571376,API_ERROR,,,,API_ERROR,new_query
5504620,Lac du Flambeau #1 School District,WI,45.91620558234617,-89.82890431270083,API_ERROR,,,,API_ERROR,new_query
5504620,Lac du Flambeau #1 School District,WI,45.974722799999995,-90.0008456,API_ERROR,,,,API_ERROR,new_query
5504620,Lac du Flambeau #1 School District,WI,46.00790964256276,-89.86786678401116,API_ERROR,,,,API_ERROR,new_query
5504620,Lac du Flambeau #1 School District,WI,45.92277971923361,-89.92887109435674,API_ERROR,,,,API_ERROR,new_query
5504620,Lac du Flambeau #1 School District,WI,45.89950940780663,-89.98084727322987,API_ERROR,,,,API_ERROR,new_query
5504620,Lac du Flambeau #1 School District,WI,45.9228516,-90.0008456,API_ERROR,,,,API_ERROR,new_query
5504620,Lac du Flambeau #1 School District,WI,46.010050712703915,-89.8051628800953,API_ERROR,,,,API_ERROR,new_query
5504620,Lac du Flambeau #1 School District,WI,46.027498891393506,-89.90461596023182,API_ERROR,,,,API_ERROR,new_query
5504620,Lac du Flambeau #1 School District,WI,45.98163466471791,-89.96489950645726,API_ERROR,,,,API_ERROR,new_query
5504620,Lac du Flambeau #1 School District,WI,45.90025429066838,-89.81262197110699,API_ERROR,,,,API_ERROR,new_query
5504620,Lac du Flambeau #1 School District,WI,46.03175718766323,-89.7957243810237,API_ERROR,,,,API_ERROR,new_query
5504620,Lac du Flambeau #1 School District,WI,45.92734432343034,-89.98356956687832,API_ERROR,,,,API_ERROR,new_query
5504620,Lac du Flambeau #1 School District,WI,45.91245284299452,-89.78975767405059,API_ERROR,,,,API_ERROR,new_query
5504620,Lac du Flambeau #1 School District,WI,46.03747768607358,-89.7806309683376,API_ERROR,,,,API_ERROR,new_query
5504620,Lac du Flambeau #1 School District,WI,45.990810656074956,-89.88890801118174,API_ERROR,,,,API_ERROR,new_query
5504620,Lac du Flambeau #1 School District,WI,46.01641539202895,-89.7918236553197,API_ERROR,,,,API_ERROR,new_query
5504620,Lac du Flambeau #1 School District,WI,46.00014828445206,-89.8804260152292,API_ERROR,,,,API_ERROR,new_query
5504620,Lac du Flambeau #1 School District,WI,45.974722799999995,-90.02958720000001,API_ERROR,,,,API_ERROR,new_query
5504620,Lac du Flambeau #1 School District,WI,45.905561199999994,-89.8858792,API_ERROR,,,,API_ERROR,new_query
5504620,Lac du Flambeau #1 School District,WI,45.95454081383316,-89.75968526596102,API_ERROR,,,,API_ERROR,new_query
5504620,Lac du Flambeau #1 School District,WI,45.96486761554314,-90.02953087473296,API_ERROR,,,,API_ERROR,new_query
5504620,Lac du Flambeau #1 School District,WI,45.9606141538589,-89.82934050552322,API_ERROR,,,,API_ERROR,new_query
5504620,Lac du Flambeau #1 School District,WI,46.06207961655549,-89.81244733512968,API_ERROR,,,,API_ERROR,new_query
5504620,Lac du Flambeau #1 School District,WI,45.9458005047868,-89.9351939523962,API_ERROR,,,,API_ERROR,new_query
5504620,Lac du Flambeau #1 School District,WI,46.05775342141482,-89.90230567911182,API_ERROR,,,,API_ERROR,new_query
5504620,Lac du Flambeau #1 School District,WI,45.940141999999994,-89.8571376,API_ERROR,,,,API_ERROR,new_query
5504620,Lac du Flambeau #1 School District,WI,46.01939857885067,-89.919214505539,API_ERROR,,,,API_ERROR,new_query
5504620,Lac du Flambeau #1 School District,WI,45.935824114108435,-89.87287068293776,API_ERROR,,,,API_ERROR,new_query
5504620,Lac du Flambeau #1 School District,WI,45.98126296095783,-89.82101843153565,API_ERROR,,,,API_ERROR,new_query
5504620,Lac du Flambeau #1 School District,WI,45.97274129122599,-89.84094487666735,API_ERROR,,,,API_ERROR,new_query
5504620,Lac du Flambeau #1 School District,WI,46.02508489965963,-89.87790027056046,API_ERROR,,,,API_ERROR,new_query
5504620,Lac du Flambeau #1 School District,WI,46.00214833080378,-89.83160704751089,API_ERROR,,,,API_ERROR,new_query
5504620,Lac du Flambeau #1 School District,WI,45.984272000408794,-89.83682107706863,API_ERROR,,,,API_ERROR,new_query
5504620,Lac du Flambeau #1 School District,WI,45.98147219453159,-89.8102136982391,API_ERROR,,,,API_ERROR,new_query
5504620,Lac du Flambeau #1 School District,WI,46.04883971987224,-89.90843919498059,API_ERROR,,,,API_ERROR,new_query
5504620,Lac du Flambeau #1 School District,WI,46.03956285561935,-89.80969357946026,API_ERROR,,,,API_ERROR,new_query
5504620,Lac du Flambeau #1 School District,WI,45.92627933665443,-89.77889651468537,API_ERROR,,,,API_ERROR,new_query
5504620,Lac du Flambeau #1 School District,WI,45.9698216617267,-89.96612455411167,API_ERROR,,,,API_ERROR,new_query
5504620,Lac du Flambeau #1 School District,WI,45.9120046520904,-89.94745479840304,API_ERROR,,,,API_ERROR,new_query
5504620,Lac du Flambeau #1 School District,WI,45.99359904501195,-89.8541375163917,API_ERROR,,,,API_ERROR,new_query
5504620,Lac du Flambeau #1 School District,WI,45.99955329370683,-89.91973072695637,API_ERROR,,,,API_ERROR,new_query
5504620,Lac du Flambeau #1 School District,WI,45.976527698802755,-89.92184361022875,API_ERROR,,,,API_ERROR,new_query
5504620,Lac du Flambeau #1 School District,WI,45.958665805192574,-89.95814123521245,API_ERROR,,,,API_ERROR,new_query
5504620,Lac du Flambeau #1 School District,WI,46.009303599999996,-89.8858792,API_ERROR,,,,API_ERROR,new_query
5504620,Lac du Flambeau #1 School District,WI,45.97674785633522,-89.7990555657202,API_ERROR,,,,API_ERROR,new_query
631170,Plumas Unified,CA,39.906113500000004,-121.40523831303666,API_ERROR,,,,API_ERROR,new_query
631170,Plumas Unified,CA,39.75798718382921,-120.36122749531665,API_ERROR,,,,API_ERROR,new_query
631170,Plumas Unified,CA,40.276884273187434,-120.81167462140611,API_ERROR,,,,API_ERROR,new_query
631170,Plumas Unified,CA,40.444038475742715,-121.40506348458801,API_ERROR,,,,API_ERROR,new_query
631170,Plumas Unified,CA,39.79773588807393,-120.9263241210108,API_ERROR,,,,API_ERROR,new_query
631170,Plumas Unified,CA,40.0784838036512,-121.11374451876252,API_ERROR,,,,API_ERROR,new_query
631170,Plumas Unified,CA,39.958209277083505,-120.62806401716351,API_ERROR,,,,API_ERROR,new_query
631170,Plumas Unified,CA,40.40709245,-121.0870409,API_ERROR,,,,API_ERROR,new_query
631170,Plumas Unified,CA,39.72513165,-121.20442349999999,API_ERROR,,,,API_ERROR,new_query
631170,Plumas Unified,CA,39.70787023688252,-120.66385191879849,API_ERROR,,,,API_ERROR,new_query
631170,Plumas Unified,CA,40.21106494623564,-120.57537638747677,API_ERROR,,,,API_ERROR,new_query
631170,Plumas Unified,CA,40.149144500000006,-121.39253120000001,API_ERROR,,,,API_ERROR,new_query
631170,Plumas Unified,CA,40.05573253584857,-120.8552513568808,API_ERROR,,,,API_ERROR,new_query
631170,Plumas Unified,CA,39.62956926683975,-121.02802147332073,API_ERROR,,,,API_ERROR,new_query
631170,Plumas Unified,CA,40.28558059566789,-121.23315160057872,API_ERROR,,,,API_ERROR,new_query
631170,Plumas Unified,CA,39.89562185,-121.0870409,API_ERROR,,,,API_ERROR,new_query
631170,Plumas Unified,CA,40.21176,-120.98757405,API_ERROR,,,,API_ERROR,new_query
631170,Plumas Unified,CA,39.87384637679682,-120.4907342542913,API_ERROR,,,,API_ERROR,new_query
631170,Plumas Unified,CA,39.962401383545426,-121.2268929975925,API_ERROR,,,,API_ERROR,new_query
631170,Plumas Unified,CA,39.84238557538691,-120.72166820185811,API_ERROR,,,,API_ERROR,new_query
631170,Plumas Unified,CA,40.08093064595164,-120.71961298624176,API_ERROR,,,,API_ERROR,new_query
631170,Plumas Unified,CA,39.98086695,-120.96965829999999,API_ERROR,,,,API_ERROR,new_query
631170,Plumas Unified,CA,39.742599999999996,-120.80341523684211,API_ERROR,,,,API_ERROR,new_query
631170,Plumas Unified,CA,40.412731028770416,-121.24644622978056,API_ERROR,,,,API_ERROR,new_query
631170,Plumas Unified,CA,40.07833904548428,-120.58656358715908,API_ERROR,,,,API_ERROR,new_query
631170,Plumas Unified,CA,40.2586459816411,-121.11002346700822,API_ERROR,,,,API_ERROR,new_query
631170,Plumas Unified,CA,40.20475880858708,-120.70010901756346,API_ERROR,,,,API_ERROR,new_query
631170,Plumas Unified,CA,39.89562185,-120.8522757,API_ERROR,,,,API_ERROR,new_query
631170,Plumas Unified,CA,39.753638773846305,-120.50651050953323,API_ERROR,,,,API_ERROR,new_query
631170,Plumas Unified,CA,40.083736803149705,-121.29553407213923,API_ERROR,,,,API_ERROR,new_query
631170,Plumas Unified,CA,39.803804,-121.29040964999999,API_ERROR,,,,API_ERROR,new_query
631170,Plumas Unified,CA,40.1617111029036,-120.80750245671184,API_ERROR,,,,API_ERROR,new_query
631170,Plumas Unified,CA,40.15135715,-121.20442349999999,API_ERROR,,,,API_ERROR,new_query
631170,Plumas Unified,CA,39.72513165,-121.0870409,API_ERROR,,,,API_ERROR,new_query
631170,Plumas Unified,CA,40.0412255,-121.39042142096932,API_ERROR,,,,API_ERROR,new_query
631170,Plumas Unified,CA,39.82754782014658,-121.18702815734548,API_ERROR,,,,API_ERROR,new_query
631170,Plumas Unified,CA,40.36351998828044,-121.46874213837528,API_ERROR,,,,API_ERROR,new_query
631170,Plumas Unified,CA,40.23660225,-121.3218061,API_ERROR,,,,API_ERROR,new_query
631170,Plumas Unified,CA,40.373122787987114,-121.33107786848747,API_ERROR,,,,API_ERROR,new_query
631170,Plumas Unified,CA,39.98086695,-121.3218061,API_ERROR,,,,API_ERROR,new_query
631170,Plumas Unified,CA,39.87037570015621,-120.981565551315,API_ERROR,,,,API_ERROR,new_query
631170,Plumas Unified,CA,40.05266067946525,-121.21144238667685,API_ERROR,,,,API_ERROR,new_query
631170,Plumas Unified,CA,39.718075983433636,-120.96720806513,API_ERROR,,,,API_ERROR,new_query
631170,Plumas Unified,CA,40.04776179833302,-121.02558948194168,API_ERROR,,,,API_ERROR,new_query
631170,Plumas Unified,CA,39.99220617082847,-121.12363565090621,API_ERROR,,,,API_ERROR,new_query
631170,Plumas Unified,CA,39.791869573558046,-121.01714945675361,API_ERROR,,,,API_ERROR,new_query
631170,Plumas Unified,CA,39.77643108248134,-120.58823566051048,API_ERROR,,,,API_ERROR,new_query
631170,Plumas Unified,CA,39.649177678321024,-121.12463616116526,API_ERROR,,,,API_ERROR,new_query
631170,Plumas Unified,CA,39.89562185,-121.3218061,API_ERROR,,,,API_ERROR,new_query
631170,Plumas Unified,CA,40.13374757947349,-121.05210330280362,API_ERROR,,,,API_ERROR,new_query
631170,Plumas Unified,CA,40.30999762551243,-120.73610451501102,API_ERROR,,,,API_ERROR,new_query
631170,Plumas Unified,CA,40.13939241961722,-120.63908098698138,API_ERROR,,,,API_ERROR,new_query
631170,Plumas Unified,CA,40.117502951550705,-120.90391813688997,API_ERROR,,,,API_ERROR,new_query
631170,Plumas Unified,CA,40.27020880993812,-120.65835852899816,API_ERROR,,,,API_ERROR,new_query
631170,Plumas Unified,CA,39.921356080106214,-120.92336942840502,API_ERROR,,,,API_ERROR,new_query
631170,Plumas Unified,CA,39.81037675,-120.8522757,API_ERROR,,,,API_ERROR,new_query
631170,Plumas Unified,CA,39.9382715571038,-120.7004859551666,API_ERROR,,,,API_ERROR,new_query
631170,Plumas Unified,CA,39.98086695,-120.8522757,API_ERROR,,,,API_ERROR,new_query
631170,Plumas Unified,CA,39.840748555969576,-120.6484424356441,API_ERROR,,,,API_ERROR,new_query
631170,Plumas Unified,CA,39.81037675,-121.0870409,API_ERROR,,,,API_ERROR,new_query
631170,Plumas Unified,CA,40.15135715,-121.3218061,API_ERROR,,,,API_ERROR,new_query
631170,Plumas Unified,CA,39.89562185,-121.20442349999999,API_ERROR,,,,API_ERROR,new_query
631170,Plumas Unified,CA,40.32184735,-121.0870409,API_ERROR,,,,API_ERROR,new_query
631170,Plumas Unified,CA,40.142901837670756,-120.98618704635166,API_ERROR,,,,API_ERROR,new_query
631170,Plumas Unified,CA,40.03750361873942,-120.67178562891101,API_ERROR,,,,API_ERROR,new_query
631170,Plumas Unified,CA,40.348974774652774,-121.24971994145461,API_ERROR,,,,API_ERROR,new_query
631170,Plumas Unified,CA,40.17712034464322,-120.92636691637475,API_ERROR,,,,API_ERROR,new_query
631170,Plumas Unified,CA,40.39205503831807,-121.18722846070413,API_ERROR,,,,API_ERROR,new_query
631170,Plumas Unified,CA,39.827020415347455,-120.55134568838618,API_ERROR,,,,API_ERROR,new_query
631170,Plumas Unified,CA,39.80328928805922,-120.79334268508379,API_ERROR,,,,API_ERROR,new_query
631170,Plumas Unified,CA,40.01394117357007,-120.90132249604486,API_ERROR,,,,API_ERROR,new_query
631170,Plumas Unified,CA,40.06611205,-120.96965829999999,API_ERROR,,,,API_ERROR,new_query
631170,Plumas Unified,CA,39.982725,-121.39537870000001,API_ERROR,,,,API_ERROR,new_query
631170,Plumas Unified,CA,39.91381666081669,-121.02071081507698,API_ERROR,,,,API_ERROR,new_query
631170,Plumas Unified,CA,39.7329582992769,-120.45255118584204,API_ERROR,,,,API_ERROR,new_query
631170,Plumas Unified,CA,40.185007012155815,-120.86026501288376,API_ERROR,,,,API_ERROR,new_query
631170,Plumas Unified,CA,40.430188084265474,-121.32508853752692,API_ERROR,,,,API_ERROR,new_query
631170,Plumas Unified,CA,40.23660225,-121.20442349999999,API_ERROR,,,,API_ERROR,new_query
631170,Plumas Unified,CA,39.71164670329317,-120.60730634751789,API_ERROR,,,,API_ERROR,new_query
631170,Plumas Unified,CA,39.70165115684645,-121.14245038291536,API_ERROR,,,,API_ERROR,new_query
631170,Plumas Unified,CA,40.21497347945676,-120.79343696080029,API_ERROR,,,,API_ERROR,new_query
631170,Plumas Unified,CA,39.8338341994154,-120.45325290843863,API_ERROR,,,,API_ERROR,new_query
631170,Plumas Unified,CA,39.790602335085566,-120.73410208463993,API_ERROR,,,,API_ERROR,new_query
631170,Plumas Unified,CA,40.201964000000004,-121.38675795,API_ERROR,,,,API_ERROR,new_query
631170,Plumas Unified,CA,39.802643103831144,-121.2335714626582,API_ERROR,,,,API_ERROR,new_query
631170,Plumas Unified,CA,40.32184735,-121.3218061,API_ERROR,,,,API_ERROR,new_query
631170,Plumas Unified,CA,40.13645109529312,-120.69053837194969,API_ERROR,,,,API_ERROR,new_query
631170,Plumas Unified,CA,40.086578890927576,-120.81461897254516,API_ERROR,,,,API_ERROR,new_query
631170,Plumas Unified,CA,40.40709245,-121.43918869999999,API_ERROR,,,,API_ERROR,new_query
631170,Plumas Unified,CA,39.7609991,-121.26562721740638,API_ERROR,,,,API_ERROR,new_query
631170,Plumas Unified,CA,39.835385935918765,-121.04053616695121,API_ERROR,,,,API_ERROR,new_query
631170,Plumas Unified,CA,40.209385734711546,-121.03578839717001,API_ERROR,,,,API_ERROR,new_query
631170,Plumas Unified,CA,39.773662290832355,-120.96741933110032,API_ERROR,,,,API_ERROR,new_query
631170,Plumas Unified,CA,39.75501907571917,-120.6593965228484,API_ERROR,,,,API_ERROR,new_query
631170,Plumas Unified,CA,39.74515944593941,-121.0123541327108,API_ERROR,,,,API_ERROR,new_query
631170,Plumas Unified,CA,39.829865366027626,-121.1404277641181,API_ERROR,,,,API_ERROR,new_query
631170,Plumas Unified,CA,40.32184735,-121.20442349999999,API_ERROR,,,,API_ERROR,new_query
631170,Plumas Unified,CA,39.83235896210988,-120.95571557316931,API_ERROR,,,,API_ERROR,new_query
631170,Plumas Unified,CA,39.97010547482193,-121.01332768138751,API_ERROR,,,,API_ERROR,new_query
631170,Plumas Unified,CA,40.352061,-121.4266267,API_ERROR,,,,API_ERROR,new_query
631170,Plumas Unified,CA,39.75652068231027,-120.41707878541051,API_ERROR,,,,API_ERROR,new_query
631170,Plumas Unified,CA,40.28088293716778,-121.31043268601276,API_ERROR,,,,API_ERROR,new_query
631170,Plumas Unified,CA,39.807010740750805,-120.67298181521063,API_ERROR,,,,API_ERROR,new_query
631170,Plumas Unified,CA,40.03768591658907,-121.10538832518822,API_ERROR,,,,API_ERROR,new_query
631170,Plumas Unified,CA,40.24116238496481,-121.2808838472043,API_ERROR,,,,API_ERROR,new_query
631170,Plumas Unified,CA,39.790705550112705,-120.38599675568511,API_ERROR,,,,API_ERROR,new_query
631170,Plumas Unified,CA,39.89729805907309,-120.5241243478322,API_ERROR,,,,API_ERROR,new_query
631170,Plumas Unified,CA,39.6499836538186,-120.99298507977034,API_ERROR,,,,API_ERROR,new_query
631170,Plumas Unified,CA,39.85769223698222,-121.33277282678404,API_ERROR,,,,API_ERROR,new_query
631170,Plumas Unified,CA,40.15135715,-121.0870409,API_ERROR,,,,API_ERROR,new_query
631170,Plumas Unified,CA,39.63988655,-121.0870409,API_ERROR,,,,API_ERROR,new_query
631170,Plumas Unified,CA,39.94459375708821,-121.40208883650418,API_ERROR,,,,API_ERROR,new_query
631170,Plumas Unified,CA,39.93244449490892,-121.33248825426504,API_ERROR,,,,API_ERROR,new_query
631170,Plumas Unified,CA,39.98086695,-121.0870409,API_ERROR,,,,API_ERROR,new_query
631170,Plumas Unified,CA,40.189331240206165,-121.20367558079614,API_ERROR,,,,API_ERROR,new_query
631170,Plumas Unified,CA,39.85684690899253,-121.2111104438538,API_ERROR,,,,API_ERROR,new_query
631170,Plumas Unified,CA,39.858773049612424,-121.09437879200019,API_ERROR,,,,API_ERROR,new_query
631170,Plumas Unified,CA,40.11844178132448,-120.8664286990842,API_ERROR,,,,API_ERROR,new_query
631170,Plumas Unified,CA,39.790509372292796,-120.54360372468545,API_ERROR,,,,API_ERROR,new_query
631170,Plumas Unified,CA,39.992579248413165,-121.35702294114178,API_ERROR,,,,API_ERROR,new_query
631170,Plumas Unified,CA,40.0536747557924,-121.27459869832441,API_ERROR,,,,API_ERROR,new_query
631170,Plumas Unified,CA,39.76683216619429,-120.62339613511269,API_ERROR,,,,API_ERROR,new_query
631170,Plumas Unified,CA,40.33971797897749,-121.28402956288586,API_ERROR,,,,API_ERROR,new_query
631170,Plumas Unified,CA,39.75182031198454,-120.56272969578141,API_ERROR,,,,API_ERROR,new_query
631170,Plumas Unified,CA,39.6674465,-121.1543366,API_ERROR,,,,API_ERROR,new_query
631170,Plumas Unified,CA,40.15135715,-120.8522757,API_ERROR,,,,API_ERROR,new_query
631170,Plumas Unified,CA,40.11627434438964,-121.39832697648225,API_ERROR,,,,API_ERROR,new_query
631170,Plumas Unified,CA,39.92512257256811,-120.63148279968404,API_ERROR,,,,API_ERROR,new_query
631170,Plumas Unified,CA,40.23660225,-121.0870409,API_ERROR,,,,API_ERROR,new_query
631170,Plumas Unified,CA,40.06611205,-121.3218061,API_ERROR,,,,API_ERROR,new_query
631170,Plumas Unified,CA,40.37488949529356,-121.21187213108868,API_ERROR,,,,API_ERROR,new_query
631170,Plumas Unified,CA,40.015728293334,-120.65149855172108,API_ERROR,,,,API_ERROR,new_query
631170,Plumas Unified,CA,40.06611205,-121.0870409,API_ERROR,,,,API_ERROR,new_query
631170,Plumas Unified,CA,39.882629651134735,-121.06079012756996,API_ERROR,,,,API_ERROR,new_query
631170,Plumas Unified,CA,40.234898541255994,-121.12716264152299,API_ERROR,,,,API_ERROR,new_query
631170,Plumas Unified,CA,39.98086695,-121.20442349999999,API_ERROR,,,,API_ERROR,new_query
631170,Plumas Unified,CA,39.75435582095512,-120.9468776388436,API_ERROR,,,,API_ERROR,new_query
631170,Plumas Unified,CA,39.89562185,-120.96965829999999,API_ERROR,,,,API_ERROR,new_query
631170,Plumas Unified,CA,39.860770763334976,-120.44600531578313,API_ERROR,,,,API_ERROR,new_query
631170,Plumas Unified,CA,39.86510336807103,-120.7055805614702,API_ERROR,,,,API_ERROR,new_query
631170,Plumas Unified,CA,39.943495157722325,-120.67373606926289,API_ERROR,,,,API_ERROR,new_query
631170,Plumas Unified,CA,40.347447170825845,-121.31299141386242,API_ERROR,,,,API_ERROR,new_query
631170,Plumas Unified,CA,39.99059906230258,-120.91492196507495,API_ERROR,,,,API_ERROR,new_query
631170,Plumas Unified,CA,39.805514336332536,-120.9580304076,API_ERROR,,,,API_ERROR,new_query
631170,Plumas Unified,CA,39.9321941030061,-120.94662893952169,API_ERROR,,,,API_ERROR,new_query
631170,Plumas Unified,CA,39.747619386293735,-121.09925219901338,API_ERROR,,,,API_ERROR,new_query
631170,Plumas Unified,CA,40.31528970234703,-121.11153556633086,API_ERROR,,,,API_ERROR,new_query
631170,Plumas Unified,CA,40.11259471323908,-121.06437939384882,API_ERROR,,,,API_ERROR,new_query
631170,Plumas Unified,CA,39.81037675,-121.20442349999999,API_ERROR,,,,API_ERROR,new_query
631170,Plumas Unified,CA,40.40709245,-121.3218061,API_ERROR,,,,API_ERROR,new_query
2101230,Clay County,KY,37.1292715,-83.9282226,API_ERROR,,,,API_ERROR,new_query
2101230,Clay County,KY,37.23667826025427,-83.51001136296811,API_ERROR,,,,API_ERROR,new_query
2101230,Clay County,KY,36.977696097104435,-83.6665182009812,API_ERROR,,,,API_ERROR,new_query
2101230,Clay County,KY,37.3370691,-83.76056489999999,API_ERROR,,,,API_ERROR,new_query
2101230,Clay County,KY,37.163857180633954,-83.69055465071527,API_ERROR,,,,API_ERROR,new_query
2101230,Clay County,KY,37.0425665,-83.8070107,API_ERROR,,,,API_ERROR,new_query
2101230,Clay County,KY,37.07213692780255,-83.56648345321467,API_ERROR,,,,API_ERROR,new_query
2101230,Clay County,KY,37.30990377355286,-83.62553474062722,API_ERROR,,,,API_ERROR,new_query
2101230,Clay County,KY,37.27324936195086,-83.88099907072935,API_ERROR,,,,API_ERROR,new_query
2101230,Clay County,KY,36.95336488377598,-83.54088443586888,API_ERROR,,,,API_ERROR,new_query
2101230,Clay County,KY,37.1687819,-83.8070107,API_ERROR,,,,API_ERROR,new_query
2101230,Clay County,KY,37.2558353627259,-83.70911104216226,API_ERROR,,,,API_ERROR,new_query
2101230,Clay County,KY,37.215101414402675,-83.59744059807113,API_ERROR,,,,API_ERROR,new_query
2101230,Clay County,KY,37.08097323737918,-83.72874390737732,API_ERROR,,,,API_ERROR,new_query
2101230,Clay County,KY,37.24767513239274,-83.78968769162184,API_ERROR,,,,API_ERROR,new_query
2101230,Clay County,KY,37.21231950000001,-83.93210285,API_ERROR,,,,API_ERROR,new_query
2101230,Clay County,KY,37.062650000000005,-83.8821221614397,API_ERROR,,,,API_ERROR,new_query
2101230,Clay County,KY,37.12066343553664,-83.62803997009988,API_ERROR,,,,API_ERROR,new_query
2101230,Clay County,KY,37.046541725362324,-83.65105564700127,API_ERROR,,,,API_ERROR,new_query
2101230,Clay County,KY,37.3221415,-83.8336253,API_ERROR,,,,API_ERROR,new_query
2101230,Clay County,KY,37.00639074558925,-83.72434154544821,API_ERROR,,,,API_ERROR,new_query
2101230,Clay County,KY,37.19776038795496,-83.74539532610905,API_ERROR,,,,API_ERROR,new_query
2101230,Clay County,KY,37.2108537,-83.8534565,API_ERROR,,,,API_ERROR,new_query
2101230,Clay County,KY,37.126710100000004,-83.8534565,API_ERROR,,,,API_ERROR,new_query
2101230,Clay County,KY,37.10059954334065,-83.7958517798151,API_ERROR,,,,API_ERROR,new_query
2101230,Clay County,KY,37.35701257882238,-83.65808092511404,API_ERROR,,,,API_ERROR,new_query
2101230,Clay County,KY,36.96968806396774,-83.61180528962473,API_ERROR,,,,API_ERROR,new_query
2101230,Clay County,KY,37.00579491715551,-83.53518351194222,API_ERROR,,,,API_ERROR,new_query
2101230,Clay County,KY,37.02157545656739,-83.60526814724547,API_ERROR,,,,API_ERROR,new_query
2101230,Clay County,KY,37.23407422908111,-83.64485397565463,API_ERROR,,,,API_ERROR,new_query
2101230,Clay County,KY,37.32556930468824,-83.71130625127923,API_ERROR,,,,API_ERROR,new_query
2101230,Clay County,KY,37.1756077629754,-83.56599307595351,API_ERROR,,,,API_ERROR,new_query
2101230,Clay County,KY,37.1687819,-83.89990230000001,API_ERROR,,,,API_ERROR,new_query
2101230,Clay County,KY,37.19126845670956,-83.52210795091511,API_ERROR,,,,API_ERROR,new_query
2101230,Clay County,KY,37.0425665,-83.76056489999999,API_ERROR,,,,API_ERROR,new_query
2101230,Clay County,KY,37.29882117452192,-83.67050700835846,API_ERROR,,,,API_ERROR,new_query
2101230,Clay County,KY,37.173308583695814,-83.61704415985095,API_ERROR,,,,API_ERROR,new_query
2101230,Clay County,KY,37.13139516907357,-83.76370078672515,API_ERROR,,,,API_ERROR,new_query
2101230,Clay County,KY,37.126710100000004,-83.7141191,API_ERROR,,,,API_ERROR,new_query
2101230,Clay County,KY,37.20782765557027,-83.69157635783418,API_ERROR,,,,API_ERROR,new_query
2101230,Clay County,KY,37.1687819,-83.9463481,API_ERROR,,,,API_ERROR,new_query
2101230,Clay County,KY,37.2949973,-83.76056489999999,API_ERROR,,,,API_ERROR,new_query
2101230,Clay County,KY,37.1687819,-83.8534565,API_ERROR,,,,API_ERROR,new_query
2101230,Clay County,KY,37.0846383,-83.66767329999999,API_ERROR,,,,API_ERROR,new_query
2101230,Clay County,KY,37.2108537,-83.8070107,API_ERROR,,,,API_ERROR,new_query
2101230,Clay County,KY,37.126710100000004,-83.66767329999999,API_ERROR,,,,API_ERROR,new_query
2101230,Clay County,KY,37.2467185201922,-83.83624120326616,API_ERROR,,,,API_ERROR,new_query
2101230,Clay County,KY,37.0740895364352,-83.84440984005758,API_ERROR,,,,API_ERROR,new_query
2101230,Clay County,KY,37.2345162848057,-83.56347342377995,API_ERROR,,,,API_ERROR,new_query
2101230,Clay County,KY,37.222049912565765,-83.89075957913585,API_ERROR,,,,API_ERROR,new_query
2101230,Clay County,KY,37.07556840482445,-83.6256511072987,API_ERROR,,,,API_ERROR,new_query
2101230,Clay County,KY,37.288551696381845,-83.81469000814252,API_ERROR,,,,API_ERROR,new_query
2101230,Clay County,KY,37.263931517898364,-83.62183378466105,API_ERROR,,,,API_ERROR,new_query
2101230,Clay County,KY,37.0425665,-83.7141191,API_ERROR,,,,API_ERROR,new_query
2101230,Clay County,KY,37.25166213636863,-83.74605846866439,API_ERROR,,,,API_ERROR,new_query
2101230,Clay County,KY,37.035539401283245,-83.56463188391086,API_ERROR,,,,API_ERROR,new_query
2101230,Clay County,KY,37.0952732068486,-83.59197609679947,API_ERROR,,,,API_ERROR,new_query
2101230,Clay County,KY,37.260046924172606,-83.53479679316315,API_ERROR,,,,API_ERROR,new_query
2101230,Clay County,KY,36.982687140327904,-83.5601093987559,API_ERROR,,,,API_ERROR,new_query
2101230,Clay County,KY,37.2949973,-83.8534565,API_ERROR,,,,API_ERROR,new_query
2101230,Clay County,KY,37.17398469863498,-83.76893081020958,API_ERROR,,,,API_ERROR,new_query
2101230,Clay County,KY,37.245318,-83.93322985,API_ERROR,,,,API_ERROR,new_query
2101230,Clay County,KY,37.0846383,-83.76056489999999,API_ERROR,,,,API_ERROR,new_query
2101230,Clay County,KY,37.03165355978371,-83.68536254090849,API_ERROR,,,,API_ERROR,new_query
2101230,Clay County,KY,37.2949973,-83.7141191,API_ERROR,,,,API_ERROR,new_query
2101230,Clay County,KY,37.22718284735654,-83.7631345531809,API_ERROR,,,,API_ERROR,new_query
2101230,Clay County,KY,37.01910169970387,-83.64021125790592,API_ERROR,,,,API_ERROR,new_query
2101230,Clay County,KY,37.216119561795985,-83.53745975749497,API_ERROR,,,,API_ERROR,new_query
2101230,Clay County,KY,37.31994538763516,-83.78384142045267,API_ERROR,,,,API_ERROR,new_query
2101230,Clay County,KY,37.20584347753897,-83.63938537628975,API_ERROR,,,,API_ERROR,new_query
2101230,Clay County,KY,37.126710100000004,-83.89990230000001,API_ERROR,,,,API_ERROR,new_query
2101230,Clay County,KY,37.126710100000004,-83.8070107,API_ERROR,,,,API_ERROR,new_query
2101230,Clay County,KY,37.23488689644613,-83.68405420705356,API_ERROR,,,,API_ERROR,new_query
2101230,Clay County,KY,37.06052772048847,-83.6819649202222,API_ERROR,,,,API_ERROR,new_query
2101230,Clay County,KY,37.2529255,-83.89990230000001,API_ERROR,,,,API_ERROR,new_query
2101230,Clay County,KY,37.09955330989992,-83.70828908820654,API_ERROR,,,,API_ERROR,new_query
2101230,Clay County,KY,37.06964177981145,-83.8061548265827,API_ERROR,,,,API_ERROR,new_query
2101230,Clay County,KY,37.19496064359015,-83.83185207259642,API_ERROR,,,,API_ERROR,new_query
2101230,Clay County,KY,37.274737977896166,-83.64636530802245,API_ERROR,,,,API_ERROR,new_query
2101230,Clay County,KY,37.0184425,-83.77158482653061,API_ERROR,,,,API_ERROR,new_query
2101230,Clay County,KY,36.96429961369391,-83.57914645847502,API_ERROR,,,,API_ERROR,new_query
2101230,Clay County,KY,37.2691307272576,-83.68628527724192,API_ERROR,,,,API_ERROR,new_query
2101230,Clay County,KY,37.199532021890306,-83.77319808211585,API_ERROR,,,,API_ERROR,new_query
2101230,Clay County,KY,37.236390163564714,-83.72632070058937,API_ERROR,,,,API_ERROR,new_query
2101230,Clay County,KY,37.1687819,-83.7141191,API_ERROR,,,,API_ERROR,new_query
2101230,Clay County,KY,37.198593966189335,-83.57178429019515,API_ERROR,,,,API_ERROR,new_query
2101230,Clay County,KY,37.089856784918545,-83.82729022667077,API_ERROR,,,,API_ERROR,new_query
2101230,Clay County,KY,37.32110422704357,-83.8070107,API_ERROR,,,,API_ERROR,new_query
2101230,Clay County,KY,37.245524593523534,-83.6079435906623,API_ERROR,,,,API_ERROR,new_query
2101230,Clay County,KY,37.224484693357034,-83.83069812596825,API_ERROR,,,,API_ERROR,new_query
2101230,Clay County,KY,37.000494700000004,-83.66767329999999,API_ERROR,,,,API_ERROR,new_query
2101230,Clay County,KY,37.2108537,-83.7141191,API_ERROR,,,,API_ERROR,new_query
2101230,Clay County,KY,37.15931147375102,-83.92579492485383,API_ERROR,,,,API_ERROR,new_query
2101230,Clay County,KY,37.0519575,-83.84391522773646,API_ERROR,,,,API_ERROR,new_query
2101230,Clay County,KY,37.18451709509997,-83.69929925529489,API_ERROR,,,,API_ERROR,new_query
2101230,Clay County,KY,37.27527596752121,-83.72250274490322,API_ERROR,,,,API_ERROR,new_query
2101230,Clay County,KY,37.0967418535845,-83.62842143563752,API_ERROR,,,,API_ERROR,new_query
2101230,Clay County,KY,37.29587662524099,-83.64692830999256,API_ERROR,,,,API_ERROR,new_query
2101230,Clay County,KY,37.05456947805093,-83.62557831904898,API_ERROR,,,,API_ERROR,new_query
2101230,Clay County,KY,37.291650561295086,-83.61538849540159,API_ERROR,,,,API_ERROR,new_query
2101230,Clay County,KY,37.274845817568654,-83.84808381368174,API_ERROR,,,,API_ERROR,new_query
2101230,Clay County,KY,37.25371353026114,-83.80961549243267,API_ERROR,,,,API_ERROR,new_query
2101230,Clay County,KY,37.23055496390596,-83.8596934367649,API_ERROR,,,,API_ERROR,new_query
2101230,Clay County,KY,37.115519168188776,-83.78212327539363,API_ERROR,,,,API_ERROR,new_query
2101230,Clay County,KY,37.05527481794637,-83.82268789921416,API_ERROR,,,,API_ERROR,new_query
2101230,Clay County,KY,36.98214698193011,-83.62767413972904,API_ERROR,,,,API_ERROR,new_query
2101230,Clay County,KY,37.14651477447954,-83.70026162119728,API_ERROR,,,,API_ERROR,new_query
2101230,Clay County,KY,37.31525338756784,-83.76462833121742,API_ERROR,,,,API_ERROR,new_query
2101230,Clay County,KY,37.05926449961007,-83.77102750075586,API_ERROR,,,,API_ERROR,new_query
2101230,Clay County,KY,37.28341004591017,-83.79582398880277,API_ERROR,,,,API_ERROR,new_query
2101230,Clay County,KY,37.17685721968565,-83.82476300908196,API_ERROR,,,,API_ERROR,new_query
2101230,Clay County,KY,37.23448847526366,-83.53113947303453,API_ERROR,,,,API_ERROR,new_query
2101230,Clay County,KY,37.25658063852828,-83.51579162880682,API_ERROR,,,,API_ERROR,new_query
2101230,Clay County,KY,37.03898632142799,-83.7329565605093,API_ERROR,,,,API_ERROR,new_query
2101230,Clay County,KY,36.963942863906254,-83.55882943699375,API_ERROR,,,,API_ERROR,new_query
2101230,Clay County,KY,37.2529255,-83.8534565,API_ERROR,,,,API_ERROR,new_query
2101230,Clay County,KY,36.9711335,-83.64944645,API_ERROR,,,,API_ERROR,new_query
2101230,Clay County,KY,37.122919339858925,-83.65022891424721,API_ERROR,,,,API_ERROR,new_query
2101230,Clay County,KY,37.05627948582048,-83.57448809810177,API_ERROR,,,,API_ERROR,new_query
2101230,Clay County,KY,37.03195498538514,-83.66089433664057,API_ERROR,,,,API_ERROR,new_query
2101230,Clay County,KY,37.290698,-83.87935795,API_ERROR,,,,API_ERROR,new_query
2101230,Clay County,KY,37.07040681116368,-83.86144699182819,API_ERROR,,,,API_ERROR,new_query
2101230,Clay County,KY,37.18845478686236,-83.5858439643339,API_ERROR,,,,API_ERROR,new_query
2101230,Clay County,KY,37.238265989600166,-83.88576104317782,API_ERROR,,,,API_ERROR,new_query
2101230,Clay County,KY,36.96518781988809,-83.62823965220096,API_ERROR,,,,API_ERROR,new_query
2101230,Clay County,KY,37.132239971986905,-83.7831868648397,API_ERROR,,,,API_ERROR,new_query
2101230,Clay County,KY,36.9837388154525,-83.54352423487562,API_ERROR,,,,API_ERROR,new_query
2101230,Clay County,KY,37.01913333261081,-83.73488837840773,API_ERROR,,,,API_ERROR,new_query
2101230,Clay County,KY,37.2108537,-83.76056489999999,API_ERROR,,,,API_ERROR,new_query
2101230,Clay County,KY,37.11907044404097,-83.61170447350399,API_ERROR,,,,API_ERROR,new_query
2101230,Clay County,KY,37.22081122422842,-83.91810738423268,API_ERROR,,,,API_ERROR,new_query
2101230,Clay County,KY,37.18140646424467,-83.84361212694644,API_ERROR,,,,API_ERROR,new_query
2101230,Clay County,KY,37.21193798620071,-83.73802512656601,API_ERROR,,,,API_ERROR,new_query
2101230,Clay County,KY,37.04849366868671,-83.7463714335068,API_ERROR,,,,API_ERROR,new_query
2101230,Clay County,KY,37.11848580227291,-83.72700608161074,API_ERROR,,,,API_ERROR,new_query
2101230,Clay County,KY,37.0846383,-83.7141191,API_ERROR,,,,API_ERROR,new_query
2101230,Clay County,KY,37.0846383,-83.8070107,API_ERROR,,,,API_ERROR,new_query
2101230,Clay County,KY,37.25397161991346,-83.76080172148843,API_ERROR,,,,API_ERROR,new_query
2101230,Clay County,KY,37.22745011900828,-83.60535729804529,API_ERROR,,,,API_ERROR,new_query
2101230,Clay County,KY,37.2108537,-83.89990230000001,API_ERROR,,,,API_ERROR,new_query
2101230,Clay County,KY,36.96931261360074,-83.54306693236796,API_ERROR,,,,API_ERROR,new_query
2101230,Clay County,KY,37.09262661335836,-83.74859679531215,API_ERROR,,,,API_ERROR,new_query
2101230,Clay County,KY,37.335720709499334,-83.72094416390898,API_ERROR,,,,API_ERROR,new_query
2101230,Clay County,KY,37.0846383,-83.8534565,API_ERROR,,,,API_ERROR,new_query
2101230,Clay County,KY,37.1647841998774,-83.62794461442675,API_ERROR,,,,API_ERROR,new_query
2101230,Clay County,KY,37.255433711276865,-83.6871375501265,API_ERROR,,,,API_ERROR,new_query
2101230,Clay County,KY,37.23643496284174,-83.63145316787813,API_ERROR,,,,API_ERROR,new_query
2101230,Clay County,KY,36.995927921779206,-83.55812661646645,API_ERROR,,,,API_ERROR,new_query
2101230,Clay County,KY,37.14206555582352,-83.92787013852929,API_ERROR,,,,API_ERROR,new_query
2101230,Clay County,KY,37.0425665,-83.66767329999999,API_ERROR,,,,API_ERROR,new_query
1907410,Clarke Community School District,IA,40.8614575,-93.89368755000001,API_ERROR,,,,API_ERROR,new_query
1907410,Clarke Community School District,IA,41.158685152454574,-93.58468236009563,API_ERROR,,,,API_ERROR,new_query
1907410,Clarke Community School District,IA,41.12103274177557,-93.86079537592614,API_ERROR,,,,API_ERROR,new_query
1907410,Clarke Community School District,IA,40.95366017719316,-93.67188730354164,API_ERROR,,,,API_ERROR,new_query
1907410,Clarke Community School District,IA,40.9848305,-93.83121075,API_ERROR,,,,API_ERROR,new_query
1907410,Clarke Community School District,IA,41.089055849128314,-93.70063975736679,API_ERROR,,,,API_ERROR,new_query
1907410,Clarke Community School District,IA,40.87234745271582,-93.76314045212487,API_ERROR,,,,API_ERROR,new_query
1907410,Clarke Community School District,IA,41.02389491850734,-93.57357850208716,API_ERROR,,,,API_ERROR,new_query
1907410,Clarke Community School District,IA,40.95600566520118,-93.7550288183339,API_ERROR,,,,API_ERROR,new_query
1907410,Clarke Community School District,IA,41.10179635915663,-93.78366805236753,API_ERROR,,,,API_ERROR,new_query
1907410,Clarke Community School District,IA,40.90390273764073,-93.83390813895664,API_ERROR,,,,API_ERROR,new_query
1907410,Clarke Community School District,IA,41.0838994592947,-93.6276926696995,API_ERROR,,,,API_ERROR,new_query
1907410,Clarke Community School District,IA,41.049268500000004,-93.86843765,API_ERROR,,,,API_ERROR,new_query
1907410,Clarke Community School District,IA,41.14884903511515,-93.65547847702739,API_ERROR,,,,API_ERROR,new_query
1907410,Clarke Community School District,IA,41.0170495,-93.71953005,API_ERROR,,,,API_ERROR,new_query
1907410,Clarke Community School District,IA,40.95949745487717,-93.59452188089675,API_ERROR,,,,API_ERROR,new_query
1907410,Clarke Community School District,IA,40.9444505,-93.88764255000001,API_ERROR,,,,API_ERROR,new_query
1907410,Clarke Community School District,IA,40.845122594001936,-93.82038584391125,API_ERROR,,,,API_ERROR,new_query
1907410,Clarke Community School District,IA,41.10098261770248,-93.56775530047183,API_ERROR,,,,API_ERROR,new_query
1907410,Clarke Community School District,IA,41.025065988138294,-93.63883893432069,API_ERROR,,,,API_ERROR,new_query
1907410,Clarke Community School District,IA,40.89546314250817,-93.70803240552091,API_ERROR,,,,API_ERROR,new_query
1907410,Clarke Community School District,IA,41.0423937665563,-93.78499980148388,API_ERROR,,,,API_ERROR,new_query
1907410,Clarke Community School District,IA,41.15733906851531,-93.8044933065474,API_ERROR,,,,API_ERROR,new_query
1907410,Clarke Community School District,IA,41.131496,-93.74423492971603,API_ERROR,,,,API_ERROR,new_query
1907410,Clarke Community School District,IA,41.0814875,-93.83121075,API_ERROR,,,,API_ERROR,new_query
1907410,Clarke Community School District,IA,41.06013606208101,-93.73392711329203,API_ERROR,,,,API_ERROR,new_query
1907410,Clarke Community School District,IA,40.98944585521595,-93.78358939800462,API_ERROR,,,,API_ERROR,new_query
1907410,Clarke Community School District,IA,40.9203925,-93.79398385,API_ERROR,,,,API_ERROR,new_query
1907410,Clarke Community School District,IA,40.975167722177936,-93.63608502073033,API_ERROR,,,,API_ERROR,new_query
1907410,Clarke Community School District,IA,40.91077448704872,-93.75086011005247,API_ERROR,,,,API_ERROR,new_query
1907410,Clarke Community School District,IA,41.026139909154885,-93.67808100014635,API_ERROR,,,,API_ERROR,new_query
1907410,Clarke Community School District,IA,41.07193247266421,-93.66562047513885,API_ERROR,,,,API_ERROR,new_query
1907410,Clarke Community School District,IA,41.02284402707926,-93.83888438717469,API_ERROR,,,,API_ERROR,new_query
1907410,Clarke Community School District,IA,40.99761533514495,-93.86729772104461,API_ERROR,,,,API_ERROR,new_query
1907410,Clarke Community School District,IA,40.9802698385741,-93.56328468738177,API_ERROR,,,,API_ERROR,new_query
1907410,Clarke Community School District,IA,41.0170495,-93.75675695,API_ERROR,,,,API_ERROR,new_query
1907410,Clarke Community School District,IA,40.8881735,-93.86843765,API_ERROR,,,,API_ERROR,new_query
1907410,Clarke Community School District,IA,40.96514104718251,-93.72046362121567,API_ERROR,,,,API_ERROR,new_query
1907410,Clarke Community School District,IA,40.95329448878697,-93.84712573550196,API_ERROR,,,,API_ERROR,new_query
1907410,Clarke Community School District,IA,41.00237066073402,-93.61178748453527,API_ERROR,,,,API_ERROR,new_query
1907410,Clarke Community School District,IA,41.066381888131765,-93.57325709080725,API_ERROR,,,,API_ERROR,new_query
1907410,Clarke Community School District,IA,40.871158871417194,-93.79707248687518,API_ERROR,,,,API_ERROR,new_query
1907410,Clarke Community School District,IA,40.90652923837857,-93.67605505560272,API_ERROR,,,,API_ERROR,new_query
1907410,Clarke Community School District,IA,41.130144,-93.824243239725,API_ERROR,,,,API_ERROR,new_query
1907410,Clarke Community School District,IA,41.05558318350276,-93.69840198428636,API_ERROR,,,,API_ERROR,new_query
1907410,Clarke Community School District,IA,41.12039024294445,-93.71136624982671,API_ERROR,,,,API_ERROR,new_query
1907410,Clarke Community School District,IA,40.976462965056506,-93.89491780807099,API_ERROR,,,,API_ERROR,new_query
1907410,Clarke Community School District,IA,40.952611499999996,-93.79398385,API_ERROR,,,,API_ERROR,new_query
1907410,Clarke Community School District,IA,41.07770991915277,-93.75983140678487,API_ERROR,,,,API_ERROR,new_query
1907410,Clarke Community School District,IA,41.102815362105446,-93.66706549988035,API_ERROR,,,,API_ERROR,new_query
1907410,Clarke Community School District,IA,41.070636762409805,-93.80346961211173,API_ERROR,,,,API_ERROR,new_query
1907410,Clarke Community School District,IA,40.8881735,-93.90566455,API_ERROR,,,,API_ERROR,new_query
1907410,Clarke Community School District,IA,41.00583915513073,-93.80752342242711,API_ERROR,,,,API_ERROR,new_query
1907410,Clarke Community School District,IA,41.003759574640895,-93.65807572199624,API_ERROR,,,,API_ERROR,new_query
1907410,Clarke Community School District,IA,41.05326342346069,-93.83405665888313,API_ERROR,,,,API_ERROR,new_query
1907410,Clarke Community School District,IA,40.866479403312496,-93.73613615735516,API_ERROR,,,,API_ERROR,new_query
1907410,Clarke Community School District,IA,40.9203925,-93.71953005,API_ERROR,,,,API_ERROR,new_query
1907410,Clarke Community School District,IA,41.07165707773398,-93.60019570868444,API_ERROR,,,,API_ERROR,new_query
1907410,Clarke Community School District,IA,40.9848305,-93.75675695,API_ERROR,,,,API_ERROR,new_query
1907410,Clarke Community School District,IA,41.13280739133611,-93.79459171234012,API_ERROR,,,,API_ERROR,new_query
1907410,Clarke Community School District,IA,40.99035417043497,-93.71296472184295,API_ERROR,,,,API_ERROR,new_query
1907410,Clarke Community School District,IA,41.13582734378917,-93.63262598810257,API_ERROR,,,,API_ERROR,new_query
1907410,Clarke Community School District,IA,41.081858499999996,-93.85720885,API_ERROR,,,,API_ERROR,new_query
1907410,Clarke Community School District,IA,41.049268500000004,-93.75675695,API_ERROR,,,,API_ERROR,new_query
1907410,Clarke Community School District,IA,41.10604564196913,-93.83714173733993,API_ERROR,,,,API_ERROR,new_query
1907410,Clarke Community School District,IA,41.022234120416286,-93.86982946773519,API_ERROR,,,,API_ERROR,new_query
1907410,Clarke Community School District,IA,40.920308436767215,-93.89085688592961,API_ERROR,,,,API_ERROR,new_query
1907410,Clarke Community School District,IA,41.13540336777885,-93.5788024046859,API_ERROR,,,,API_ERROR,new_query
1907410,Clarke Community School District,IA,40.96682578138959,-93.86695277254562,API_ERROR,,,,API_ERROR,new_query
1907410,Clarke Community School District,IA,40.92735489750087,-93.83183316590488,API_ERROR,,,,API_ERROR,new_query
1907410,Clarke Community School District,IA,41.05054009589714,-93.59362527960963,API_ERROR,,,,API_ERROR,new_query
1907410,Clarke Community School District,IA,40.886163508922536,-93.74618123148208,API_ERROR,,,,API_ERROR,new_query
1907410,Clarke Community School District,IA,40.972916668410164,-93.61157593820056,API_ERROR,,,,API_ERROR,new_query
1907410,Clarke Community School District,IA,40.97003649540833,-93.6860805923414,API_ERROR,,,,API_ERROR,new_query
1907410,Clarke Community School District,IA,41.06217491075202,-93.6196722200634,API_ERROR,,,,API_ERROR,new_query
1907410,Clarke Community School District,IA,40.86671091223161,-93.86843765,API_ERROR,,,,API_ERROR,new_query
1907410,Clarke Community School District,IA,41.02773913040977,-93.61754411388588,API_ERROR,,,,API_ERROR,new_query
1907410,Clarke Community School District,IA,40.91599449325454,-93.7702231061485,API_ERROR,,,,API_ERROR,new_query
1907410,Clarke Community School District,IA,41.02635087714161,-93.69721584114683,API_ERROR,,,,API_ERROR,new_query
1907410,Clarke Community School District,IA,41.042881252125476,-93.57203570728407,API_ERROR,,,,API_ERROR,new_query
1907410,Clarke Community School District,IA,41.0594390556118,-93.67977084086897,API_ERROR,,,,API_ERROR,new_query
1907410,Clarke Community School District,IA,41.16038667450158,-93.64061278767946,API_ERROR,,,,API_ERROR,new_query
1907410,Clarke Community School District,IA,41.025107582080516,-93.79232133878754,API_ERROR,,,,API_ERROR,new_query
1907410,Clarke Community School District,IA,40.981565387224805,-93.6536435381815,API_ERROR,,,,API_ERROR,new_query
1907410,Clarke Community School District,IA,40.90843294546411,-93.80800731209527,API_ERROR,,,,API_ERROR,new_query
1907410,Clarke Community School District,IA,41.05287124474045,-93.71652791440783,API_ERROR,,,,API_ERROR,new_query
1907410,Clarke Community School District,IA,41.05418625186408,-93.66109757104886,API_ERROR,,,,API_ERROR,new_query
1907410,Clarke Community School District,IA,40.94886246030326,-93.86834452346223,API_ERROR,,,,API_ERROR,new_query
1907410,Clarke Community School District,IA,40.871814555819675,-93.91271906713611,API_ERROR,,,,API_ERROR,new_query
1907410,Clarke Community School District,IA,41.113856,-93.7442635,API_ERROR,,,,API_ERROR,new_query
1907410,Clarke Community School District,IA,40.966935744190586,-93.80409982309538,API_ERROR,,,,API_ERROR,new_query
1907410,Clarke Community School District,IA,41.1098473006856,-93.58271265823065,API_ERROR,,,,API_ERROR,new_query
1907410,Clarke Community School District,IA,40.98369594010481,-93.72901589178518,API_ERROR,,,,API_ERROR,new_query
1907410,Clarke Community School District,IA,40.8881735,-93.79398385,API_ERROR,,,,API_ERROR,new_query
1907410,Clarke Community School District,IA,41.03764111192001,-93.88031618465988,API_ERROR,,,,API_ERROR,new_query
1907410,Clarke Community School District,IA,40.8881735,-93.83121075,API_ERROR,,,,API_ERROR,new_query
1907410,Clarke Community School District,IA,40.952611499999996,-93.83121075,API_ERROR,,,,API_ERROR,new_query
1907410,Clarke Community School District,IA,41.1137065,-93.79398385,API_ERROR,,,,API_ERROR,new_query
1907410,Clarke Community School District,IA,40.855954499999996,-93.79398385,API_ERROR,,,,API_ERROR,new_query
1907410,Clarke Community School District,IA,40.985778036682476,-93.79856001779322,API_ERROR,,,,API_ERROR,new_query
1907410,Clarke Community School District,IA,40.855954499999996,-93.83121075,API_ERROR,,,,API_ERROR,new_query
1907410,Clarke Community School District,IA,40.927318,-93.87784405,API_ERROR,,,,API_ERROR,new_query
1907410,Clarke Community School District,IA,40.87491218910228,-93.88065657445938,API_ERROR,,,,API_ERROR,new_query
1907410,Clarke Community School District,IA,41.0814875,-93.79398385,API_ERROR,,,,API_ERROR,new_query
1907410,Clarke Community School District,IA,41.11506461973617,-93.5655472324599,API_ERROR,,,,API_ERROR,new_query
1907410,Clarke Community School District,IA,41.09235046333741,-93.67663116165335,API_ERROR,,,,API_ERROR,new_query
1907410,Clarke Community School District,IA,40.9671196214841,-93.76364250325913,API_ERROR,,,,API_ERROR,new_query
1907410,Clarke Community School District,IA,41.07513212481152,-93.70259132552854,API_ERROR,,,,API_ERROR,new_query
1907410,Clarke Community School District,IA,41.107705846836105,-93.68002631339452,API_ERROR,,,,API_ERROR,new_query
1907410,Clarke Community School District,IA,41.06239502147037,-93.86419032048508,API_ERROR,,,,API_ERROR,new_query
1907410,Clarke Community School District,IA,40.8881735,-93.71953005,API_ERROR,,,,API_ERROR,new_query
1907410,Clarke Community School District,IA,40.866575821199575,-93.78435797770905,API_ERROR,,,,API_ERROR,new_query
1907410,Clarke Community School District,IA,40.98810141076924,-93.64197056443051,API_ERROR,,,,API_ERROR,new_query
1907410,Clarke Community School District,IA,40.98020114306377,-93.62372376155685,API_ERROR,,,,API_ERROR,new_query
1907410,Clarke Community School District,IA,41.018901486995276,-93.60778211029825,API_ERROR,,,,API_ERROR,new_query
1907410,Clarke Community School District,IA,41.145925500000004,-93.79398385,API_ERROR,,,,API_ERROR,new_query
1907410,Clarke Community School District,IA,41.0923051937214,-93.83841291744616,API_ERROR,,,,API_ERROR,new_query
1907410,Clarke Community School District,IA,40.9848305,-93.86843765,API_ERROR,,,,API_ERROR,new_query
1907410,Clarke Community School District,IA,40.952611499999996,-93.71953005,API_ERROR,,,,API_ERROR,new_query
1907410,Clarke Community School District,IA,41.14740317319113,-93.63633035897634,API_ERROR,,,,API_ERROR,new_query
1907410,Clarke Community School District,IA,40.881932783702354,-93.77047305182833,API_ERROR,,,,API_ERROR,new_query
1907410,Clarke Community School District,IA,41.10429238182574,-93.84884950560699,API_ERROR,,,,API_ERROR,new_query
1907410,Clarke Community School District,IA,40.99911169317234,-93.8172427415977,API_ERROR,,,,API_ERROR,new_query
1907410,Clarke Community School District,IA,41.08225818329007,-93.61607524382211,API_ERROR,,,,API_ERROR,new_query
1907410,Clarke Community School District,IA,40.99838903130855,-93.79069069809049,API_ERROR,,,,API_ERROR,new_query
1907410,Clarke Community School District,IA,40.924783494367254,-93.78349226535406,API_ERROR,,,,API_ERROR,new_query
1907410,Clarke Community School District,IA,41.15095227052371,-93.66664806182115,API_ERROR,,,,API_ERROR,new_query
1907410,Clarke Community School District,IA,40.97983957232591,-93.77754061794957,API_ERROR,,,,API_ERROR,new_query
1907410,Clarke Community School District,IA,41.049268500000004,-93.79398385,API_ERROR,,,,API_ERROR,new_query
1907410,Clarke Community School District,IA,40.9203925,-93.75675695,API_ERROR,,,,API_ERROR,new_query
1907410,Clarke Community School District,IA,41.15860921621864,-93.59592483745855,API_ERROR,,,,API_ERROR,new_query
1907410,Clarke Community School District,IA,41.10126819211335,-93.82701593829036,API_ERROR,,,,API_ERROR,new_query
1907410,Clarke Community School District,IA,41.081073077991476,-93.69311521047925,API_ERROR,,,,API_ERROR,new_query
1907410,Clarke Community School District,IA,40.8881735,-93.75675695,API_ERROR,,,,API_ERROR,new_query
1907410,Clarke Community School District,IA,40.88010780078164,-93.86147528962925,API_ERROR,,,,API_ERROR,new_query
1907410,Clarke Community School District,IA,41.1137065,-93.86843765,API_ERROR,,,,API_ERROR,new_query
1907410,Clarke Community School District,IA,40.977226282341995,-93.83845677161631,API_ERROR,,,,API_ERROR,new_query
1907410,Clarke Community School District,IA,41.141171237459695,-93.66216817109165,API_ERROR,,,,API_ERROR,new_query
1907410,Clarke Community School District,IA,40.98292220601287,-93.61233314066027,API_ERROR,,,,API_ERROR,new_query
1907410,Clarke Community School District,IA,40.87685970702582,-93.7424633389037,API_ERROR,,,,API_ERROR,new_query
1907410,Clarke Community School District,IA,41.12427950000125,-93.7997447393844,API_ERROR,,,,API_ERROR,new_query
1907410,Clarke Community School District,IA,40.91196116395482,-93.77911029292905,API_ERROR,,,,API_ERROR,new_query
1907410,Clarke Community School District,IA,41.1137065,-93.83121075,API_ERROR,,,,API_ERROR,new_query
1907410,Clarke Community School District,IA,41.0170495,-93.83121075,API_ERROR,,,,API_ERROR,new_query
1907410,Clarke Community School District,IA,40.944748835363434,-93.85967629896295,API_ERROR,,,,API_ERROR,new_query
1907410,Clarke Community School District,IA,40.97679662090151,-93.86373680376417,API_ERROR,,,,API_ERROR,new_query
1907410,Clarke Community School District,IA,40.97537867790377,-93.73279243096391,API_ERROR,,,,API_ERROR,new_query
1907410,Clarke Community School District,IA,41.061408783531576,-93.87319144541404,API_ERROR,,,,API_ERROR,new_query
1907410,Clarke Community School District,IA,41.15279179758733,-93.64523088489752,API_ERROR,,,,API_ERROR,new_query
1907410,Clarke Community School District,IA,40.87559640472078,-93.75497727542144,API_ERROR,,,,API_ERROR,new_query
